{
	"format_version" : "1.17.30",
	"animation_controllers" : {
	"controller.animation.cy_opila_bird_s": {
		"initial_state": "default",
		"states": {
		  "default": {
			"transitions": [
			  {
				"fall_huggy": "query.vertical_speed <= -15"
		}
			],
			"blend_transition": 0.4    
		  },
		  "fall_huggy": {
	"variables": {
	"walk": {
					"input": "query.modified_move_speed",
					"remap_curve": {
						"0.0": 0.0,
						"0.27": 1.0
					}
				},
				"idle": {
					"input": "query.modified_move_speed",
					"remap_curve": {
						"0.27": 0.0,
						"0.0": 1.0
					}
				}
			},
		"animations": [
			{"idle_huggy": "variable.idle"},
			"fall"
		],
		"transitions": [{
				"default": "query.vertical_speed > -15"
		}
		],
		"blend_transition": 1.0   
	}
		}
	  },
	"controller.animation.cy_opila_bird_s": {
	"initial_state": "default",
	"states": {
		"default": {
		"variables": {
				"walk": {
					"input": "query.modified_move_speed",
					"remap_curve": {
						"0.0": 0.0,
						"0.27": 1.0
					}
				},
				"idle": {
					"input": "query.modified_move_speed",
					"remap_curve": {
						"0.27": 0.0,
						"0.0": 1.0
					}
				}
			},
		"animations": [
				{"idle" : "variable.idle"},
				{"walk" : "variable.walk"},
				{"sprint" : "variable.walk"}
			],
		"transitions": [{
							"attack": "variable.attack_time > 0 && query.is_stunned"
						 },
						{
								"jumpscare": "query.has_rider && !query.is_stunned"
							}
		],
		"blend_transition": 0.2
	  },
	  "attack": {
	"variables": {
	"walk": {
					"input": "query.modified_move_speed",
					"remap_curve": {
						"0.0": 0.0,
						"0.27": 1.0
					}
				},
				"idle": {
					"input": "query.modified_move_speed",
					"remap_curve": {
						"0.27": 0.0,
						"0.0": 1.0
					}
				}
			},
		"animations": [
			"attack",
			{"idle" : "variable.idle"},
			{"walk" : "variable.walk"},
			{"sprint" : "variable.walk"} 
		],
		"transitions": [{
				"default": "variable.attack_time <= 0"
		}
		],
		"blend_transition": 0.2   
	},
	  "jumpscare": {
	"variables": {
				"idle": {
					"input": "query.modified_move_speed",
					"remap_curve": {
						"0.27": 0.0,
						"0.0": 1.0
					}
				}
			},
		"animations": [
			"jumpscare",
			{"idle" : "variable.idle"}
			],
		"transitions": [{
							"default": "!query.has_rider"
						 }
		],
		"blend_transition": 0.2
	  }

                  }
                }
			}
		}