{
	"format_version" : "1.17.30",
	"animation_controllers" : {
	"controller.animation.cy_tamataki_chamataki": {
	"initial_state": "default",
	"states": {
		"default": {
		"variables": {
				"walk": {
					"input": "query.modified_move_speed",
					"remap_curve": {
						"0.0": 0.0,
						"0.27": 1.0
					}
				},
				"idle": {
					"input": "query.modified_move_speed",
					"remap_curve": {
						"0.27": 0.0,
						"0.0": 1.0
					}
				}
			},
		"animations": [
				{"idle" : "variable.idle"},
				{"walk" : "variable.walk"}
			],
		"transitions": [{
							"attack": "variable.attack_time > 0 && query.is_stunned"
						 },
						{
							"climb": "query.is_wall_climbing"
						 },
						{
								"jumpscare": "query.has_rider && !query.is_stunned"
							}
		],
		"blend_transition": 0.2
	  },
	  "attack": {
	"variables": {
				"idle": {
					"input": "query.modified_move_speed",
					"remap_curve": {
						"0.27": 0.0,
						"0.0": 1.0
					}
				}
			},
		"animations": [
			"attack",
			{"idle" : "variable.idle"}
		],
		"transitions": [{
				"default": "query.all_animations_finished"
		}
		],
		"blend_transition": 0.2   
	},
	"climb": {
	"variables": {
				"idle": {
					"input": "query.modified_move_speed",
					"remap_curve": {
						"0.27": 0.0,
						"0.0": 1.0
					}
				}
			},
		"animations": [
			"climb",
			{"idle" : "variable.idle"}
		],
		"transitions": [{
				"default": "!query.is_wall_climbing"
		}
		],
		"blend_transition": 0.2   
	},
	  "jumpscare": {
	"variables": {
				"idle": {
					"input": "query.modified_move_speed",
					"remap_curve": {
						"0.27": 0.0,
						"0.0": 1.0
					}
				}
			},
		"animations": [
			"jumpscare",
			{"idle" : "variable.idle"}
			],
		"transitions": [{
							"default": "!query.has_rider"
						 }
		],
		"blend_transition": 0.2
	  }

                  }
                }
			}
		}