{"entity_sounds":{"entities":{"tb:blue":{"events":{"ambient":"mob.blue.ambient","angry":"mob.blue.angry","attack":{"pitch":1,"sound":"mob.jumpscare","volume":50},"step":{"pitch":1,"sound":"mob.blue.step","volume":10}},"pitch":[1],"volume":50},"tb:green":{"events":{"attack":{"pitch":1,"sound":"mob.jumpscare","volume":50},"step":{"pitch":1,"sound":"mob.green.step","volume":10}},"pitch":[1],"volume":50},"tb:orange":{"events":{"angry":"mob.orange.angry","attack":{"pitch":1,"sound":"mob.jumpscare","volume":50}},"pitch":[1],"volume":50},"tb:purple":{"events":{"attack":{"pitch":1,"sound":"mob.jumpscare","volume":50}},"pitch":[1],"volume":50},"tb:purple_vent":{"events":{"attack":{"pitch":1,"sound":"mob.jumpscare","volume":50}},"pitch":[1],"volume":50},"tb:pink":{"events":{"attack":{"pitch":1,"sound":"mob.jumpscare","volume":50}},"pitch":[1],"volume":50},"tb:yellow":{"events":{"attack":{"pitch":1,"sound":"mob.jumpscare","volume":50}},"pitch":[1],"volume":50}}}}