{
  "format_version": "1.10.0",
  "minecraft:client_entity": {
    "description": {
      "identifier": "cy:nabnaleena",
      "textures": {
        "default": "textures/entity/pamobile/cy_nabnaleena"
      },
      "materials": {
        "default": "skeleton"
      },
      "geometry": {
        "default": "geometry.cy_nabnaleena"
      },
      "render_controllers": [
        "controller.render.default"
      ],
      "spawn_egg": {
        "texture": "cy:nabnaleena",
        "texture_index": 0
      },
      "animations": {
        "walk": "animation.cy_nabnab_s.walk",
        "look_at_target": "animation.common.look_at_target",
        "attack": "animation.cy_nabnab_s.attack", 
        "idle": "animation.cy_banban_s.stationary",
        "jumpscare": "animation.cy_nabnab_s.jumpscare", 
        "climb": "animation.cy_nabnab_s.climb",
        "controller.animation.cy_nabnab_s" : "controller.animation.cy_nabnab_s"
      },
      "scripts": {
        "animate": [
          "controller.animation.cy_nabnab_s",
          "look_at_target"
        ]
      }
    }
  }
}