{
  "format_version": "1.10.0",
  "minecraft:client_entity": {
    "description": {
      "identifier": "cy:queen_bouncelia",
      "textures": {
        "default": "textures/entity/pamobile/cy_queen_bouncelia"
      },
      "materials": {
        "default": "skeleton"
      },
      "geometry": {
        "default": "geometry.cy_queen_bouncelia"
      },
      "render_controllers": [
        "controller.render.default"
      ],
      "spawn_egg": {
        "texture": "cy:queen_bouncelia",
        "texture_index": 0
      },
      "animations": {
        "move": "animation.cy_queen_bouncelia.move",
        "look_at_target": "animation.common.look_at_target",
        "attack": "animation.cy_queen_bouncelia.attack", 
        "genea": "animation.cy_queen_bouncelia.stationary",
        "jumpscare": "animation.cy_queen_bouncelia.jumpscare", 
        "controller.animation.cy_jumbo_josh_s" : "controller.animation.cy_queen_bouncelia"
      },
      "scripts": {
        "animate": [
          "controller.animation.cy_queen_bouncelia",
          "look_at_target"
        ]
      }
    }
  }
}