{
  "format_version": "1.10.0",
  "minecraft:client_entity": {
    "description": {
      "identifier": "cy:tarta_bird",
      "textures": {
        "default": "textures/entity/pamobile/cy_tarta_bird"
      },
      "materials": {
        "default": "skeleton"
      },
      "geometry": {
        "default": "geometry.cy_tarta_bird"
      },
      "render_controllers": [
        "controller.render.default"
      ],
      "spawn_egg": {
        "texture": "cy:tarta_bird",
        "texture_index": 0
      },
      "animations": {
        "walk": "animation.cy_opila_bird_s.walk",
        "look_at_target": "animation.common.look_at_target",
        "attack": "animation.cy_opila_bird_s.attack", 
        "idle": "animation.cy_opila_bird_s.stationary",
        "jumpscare": "animation.cy_opila_bird_s.jumpscare", 
        "controller.animation.cy_opila_bird_s" : "controller.animation.cy_opila_bird_s"
      },
      "scripts": {
        "animate": [
          "controller.animation.cy_opila_bird_s",
          "look_at_target"
        ]
      }
    }
  }
}