{
  "format_version": "1.10.0",
  "minecraft:client_entity": {
    "description": {
      "identifier": "cy:tamataki_chamataki",
      "textures": {
        "default": "textures/entity/pamobile/cy_tamataki_chamataki"
      },
      "materials": {
        "default": "skeleton"
      },
      "geometry": {
        "default": "geometry.cy_tamataki_chamataki"
      },
      "render_controllers": [
        "controller.render.default"
      ],
      "spawn_egg": {
        "texture": "cy:tamataki_chamataki",
        "texture_index": 0
      },
      "animations": {
        "walk": "animation.cy_tamataki_chamataki.walk",
        "look_at_target": "animation.common.look_at_target",
        "attack": "animation.cy_tamataki_chamataki.attack", 
        "idle": "animation.cy_tamataki_chamataki.stationary",
        "jumpscare": "animation.cy_tamataki_chamataki.jumpscare", 
        "climb": "animation.cy_tamataki_chamataki.climb",
        "controller.animation.cy_tamataki_chamataki" : "controller.animation.cy_tamataki_chamataki"
      },
      "scripts": {
        "animate": [
          "controller.animation.cy_tamataki_chamataki",
          "look_at_target"
        ]
      }
    }
  }
}