{
  "mob.os_banbaleena.attack": {
    "category": " neutral",
    "sounds": [
      "sounds/mob/os_banbaleena/attack"
    ]
  },
  "mob.os_tarta_bird.attack": {
    "category": " neutral",
    "sounds": [
      "sounds/mob/os_tarta_bird/attack"
    ]
  },
  "mob.os_opila_bird.attack": {
    "category": " neutral",
    "sounds": [
      "sounds/mob/os_opila_bird/attack"
    ]
  },
  "mob.os_evil_banban.attack": {
    "category": " neutral",
    "sounds": [
      "sounds/mob/os_evil_banban/attack"
    ]
  }
}