{
  "format_version": "1.8.0",
  "minecraft:entity": {
    "description": {
      "identifier": "os:banban",
      "is_spawnable": true,
      "is_summonable": true,
      "is_experimental": false
    },
    "components": {
      "minecraft:is_hidden_when_invisible": {},
      "minecraft:nameable": {},
      "minecraft:type_family": {
        "family": [
          "monster",
          "mob",
          "gob"
        ]
      },
      "minecraft:collision_box": {
        "width": 0.6,
        "height": 2.3
      },
      "minecraft:movement.basic": {},
      "minecraft:navigation.walk": {
        "avoid_damage_blocks": true,
        "is_amphibious": true,
        "can_pass_doors": true,
        "can_break_doors": true,
        "can_open_doors": false,
        "can_open_iron_doors": false,
        "can_walk": true
      },
      "minecraft:movement": {
        "value": 0.3
      },
      "minecraft:scale": {
        "value": 1
      },
      "minecraft:jump.static": {},
      "minecraft:can_climb": {},
      "minecraft:attack": {
        "damage": 100
      },
      "minecraft:health": {
        "value": 500,
        "max": 500
      },
      "minecraft:follow_range": {
        "value": 30,
        "max": 30
      },
      "minecraft:leashable": {
        "soft_distance": 4,
        "hard_distance": 6,
        "max_distance": 10,
        "can_be_stolen": true
      },
      "minecraft:loot": {
        "table": "loot_tables/entities/null.json"
      },
      "minecraft:behavior.melee_attack": {
        "priority": 3,
        "track_target": true,
        "speed_multiplier": 1.25
      },
      "minecraft:behavior.random_stroll": {
        "priority": 7,
        "speed_multiplier": 1
      },
      "minecraft:behavior.look_at_player": {
        "priority": 8,
        "look_distance": 6,
        "probability": 0.02
      },
      "minecraft:behavior.random_look_around": {
        "priority": 9
      },
      "minecraft:behavior.hurt_by_target": {
        "priority": 1
      },
      "minecraft:knockback_resistance": {
        "value": 0.8
      },
      "minecraft:physics": {},
      "minecraft:pushable": {
        "is_pushable": true,
        "is_pushable_by_piston": true
      },
      "minecraft:combat_regeneration": {
        "regeneration_duration": 15,
        "apply_to_self": true,
        "apply_to_family": false
      }
    }
  }
}