{
  "format_version": "1.8.0",
  "minecraft:entity": {
    "description": {
      "identifier": "os:tc",
      "is_spawnable": true,
      "is_summonable": true,
      "is_experimental": false
    },
    "component_groups": {
      "minecraft:melee": {
        "minecraft:variant": {
          "value": 1
        },
        "minecraft:attack": {
          "damage": 9999
        },
        "minecraft:movement": {
          "value": 0.2
        },
        "minecraft:behavior.nearest_attackable_target": {
          "priority": 2,
          "must_see": true,
          "reselect_targets": true,
          "within_radius": 25,
          "must_see_forget_duration": 17,
          "entity_types": [
            {
              "filters": {
                "any_of": [
                  {
                    "test": "is_family",
                    "subject": "other",
                    "value": "illager"
                  },
                  {
                    "test": "is_family",
                    "subject": "other",
                    "value": "snowgolem"
                  },
                  {
                    "test": "is_family",
                    "subject": "other",
                    "value": "irongolem"
                  }
                ]
              },
              "max_dist": 35
            },
            {
              "filters": {
                "any_of": [
                  {
                    "test": "is_family",
                    "subject": "other",
                    "value": "villager"
                  },
                  {
                    "test": "is_family",
                    "subject": "other",
                    "value": "wandering_trader"
                  },
                  {
                    "test": "is_family",
                    "subject": "other",
                    "value": "player"
                  }
                ]
              },
              "max_dist": 25,
              "must_see": false
            }
          ]
        },
        "minecraft:behavior.melee_attack": {
          "priority": 3,
          "track_target": true,
          "speed_multiplier": 1.25,
          "on_attack": {
            "event": "minecraft:jumpscare_active",
            "filters": {
              "all_of": [
                {
                  "operator": "equals",
                  "subject": "target",
                  "test": "is_family",
                  "value": "player"
                },
                {
                  "operator": "not",
                  "subject": "self",
                  "test": "has_component",
                  "value": "minecraft:is_sheared"
                }
              ]
            },
            "target": "self"
          }
        }
      },
      "minecraft:range": {
        "minecraft:variant": {
          "value": 2
        },
        "minecraft:behavior.ranged_attack": {
          "priority": 1,
          "attack_radius": 40,
          "charge_shoot_trigger": 1,
          "charge_charged_trigger": 0.5
        },
        "minecraft:shooter": {
          "type": "Snowball",
          "def": "minecraft:snowball"
        }
      }
    },
    "components": {
      "minecraft:is_hidden_when_invisible": {},
      "minecraft:nameable": {},
      "minecraft:type_family": {
        "family": [
          "monster",
          "mob",
          "gob",
          "tamataki_chamataki"
        ]
      },
      "minecraft:collision_box": {
        "width": 0.8,
        "height": 2.7
      },
      "minecraft:movement.basic": {},
      "minecraft:navigation.walk": {
        "avoid_damage_blocks": true,
        "can_walk": true
      },
      "minecraft:movement": {
        "value": 0.2
      },
      "minecraft:scale": {
        "value": 1
      },
      "minecraft:jump.static": {},
      "minecraft:can_climb": {},
      "minecraft:attack": {
        "damage": 15
      },
      "minecraft:health": {
        "value": 50000,
        "max": 50000
      },
      "minecraft:follow_range": {
        "value": 30,
        "max": 30
      },
      "minecraft:leashable": {
        "soft_distance": 4,
        "hard_distance": 6,
        "max_distance": 10,
        "can_be_stolen": true
      },
      "minecraft:loot": {
        "table": "loot_tables/entities/null.json"
      },
      "minecraft:behavior.nearest_attackable_target": {
        "priority": 2,
        "must_see": true,
        "reselect_targets": true,
        "within_radius": 25,
        "must_see_forget_duration": 17,
        "entity_types": [
          {
            "filters": {
              "any_of": [
                {
                  "test": "is_family",
                  "subject": "other",
                  "value": "illager"
                },
                {
                  "test": "is_family",
                  "subject": "other",
                  "value": "snowgolem"
                },
                {
                  "test": "is_family",
                  "subject": "other",
                  "value": "irongolem"
                }
              ]
            },
            "max_dist": 35
          },
          {
            "filters": {
              "any_of": [
                {
                  "test": "is_family",
                  "subject": "other",
                  "value": "villager"
                },
                {
                  "test": "is_family",
                  "subject": "other",
                  "value": "wandering_trader"
                },
                {
                  "test": "is_family",
                  "subject": "other",
                  "value": "player"
                }
              ]
            },
            "max_dist": 25,
            "must_see": false
          }
        ]
      },
      "minecraft:behavior.melee_attack": {
        "priority": 3,
        "track_target": true,
        "speed_multiplier": 1.25,
        "on_attack": {
          "event": "minecraft:jumpscare_active",
          "filters": {
            "all_of": [
              {
                "operator": "equals",
                "subject": "target",
                "test": "is_family",
                "value": "player"
              },
              {
                "operator": "not",
                "subject": "self",
                "test": "has_component",
                "value": "minecraft:is_sheared"
              }
            ]
          },
          "target": "self"
        }
      },
      "minecraft:behavior.random_stroll": {
        "priority": 7,
        "speed_multiplier": 1
      },
      "minecraft:behavior.look_at_player": {
        "priority": 8,
        "look_distance": 6,
        "probability": 0.02
      },
      "minecraft:behavior.random_look_around": {
        "priority": 9
      },
      "minecraft:behavior.hurt_by_target": {
        "priority": 1,
        "alert_same_type": true,
        "entity_types": {
          "filters": {
            "any_of": [
              {
                "test": "is_family",
                "subject": "other",
                "operator": "!\u003d",
                "value": "sherif_toadster"
              }
            ]
          },
          "max_dist": 64
        }
      },
      "minecraft:knockback_resistance": {
        "value": 0.8
      },
      "minecraft:physics": {},
      "minecraft:pushable": {
        "is_pushable": true,
        "is_pushable_by_piston": true
      },
      "minecraft:combat_regeneration": {
        "regeneration_duration": 15,
        "apply_to_self": true,
        "apply_to_family": false
      },
      "minecraft:target_nearby_sensor": {
        "inside_range": 2,
        "outside_range": 6,
        "on_inside_range": {
          "event": "minecraft:stop_shoot",
          "target": "self"
        },
        "on_outside_range": {
          "event": "minecraft:shoot",
          "target": "self"
        }
      }
    },
    "events": {
      "minecraft:entity_spawned": {},
      "minecraft:stop_shoot": {
        "remove": {
          "component_groups": [
            "minecraft:range"
          ]
        },
        "add": {
          "component_groups": [
            "minecraft:melee"
          ]
        }
      },
      "minecraft:shoot": {
        "add": {
          "component_groups": [
            "minecraft:range"
          ]
        }
      }
    }
  }
}