{"resource_pack_name":"vanilla","texture_name":"atlas.items","texture_data":{"yg:slow_seline":{"textures":"textures/items/yg_slow_seline"},"yg:zophius":{"textures":"textures/items/yg_zophius"},"yg:nab_nab":{"textures":"textures/items/yg_nab_nab"},"yg:stinger_flynn":{"textures":"textures/items/yg_stinger_flynn"},"yg:jumbo_josh":{"textures":"textures/items/yg_jumbo_josh"},"yg:captain_fiddels":{"textures":"textures/items/yg_captain_fiddels"},"yg:banban":{"textures":"textures/items/yg_banban"},"yg:banbaleena":{"textures":"textures/items/yg_banbaleena"},"yg:drone":{"textures":"textures/items/yg_drone"},"yg:opila_bird":{"textures":"textures/items/yg_opila_bird"},"yg:drone_track":{"textures":"textures/items/yg_drone_track"},"yg:yurie_gazo":{"textures":"textures/items/yg_yurie_gazo"},"yg:remote":{"textures":"textures/items/yg_remote"},"yg:miniopila":{"textures":"textures/items/yg_miniopila"},"yg:sherif_toadster":{"textures":"textures/items/yg_sherif_toadster"}}}