{
	"format_version": "1.12.0",
	"minecraft:geometry": [
		{
			"description": {
				"identifier": "geometry.slow_seline",
				"texture_width": 260,
				"texture_height": 260,
				"visible_bounds_width": 11,
				"visible_bounds_height": 8.5,
				"visible_bounds_offset": [0, 3.75, 0]
			},
			"bones": [
				{
					"name": "slow_seline",
					"pivot": [0, 64, -42]
				},
				{
					"name": "part1",
					"parent": "slow_seline",
					"pivot": [0, 64, -42]
				},
				{
					"name": "pescoso2",
					"parent": "part1",
					"pivot": [0, 6, -39.5],
					"cubes": [
						{"origin": [-10, 5, -42], "size": [20, 22, 5], "uv": [0, 0]},
						{"origin": [-9, 5, -44], "size": [18, 22, 9], "uv": [0, 0]},
						{"origin": [-8, 5, -46], "size": [16, 22, 13], "uv": [0, 0]},
						{"origin": [-6, 5, -47], "size": [12, 22, 15], "uv": [0, 0]},
						{"origin": [-4, 5, -48], "size": [8, 22, 17], "uv": [0, 0]}
					]
				},
				{
					"name": "pescoso3",
					"parent": "pescoso2",
					"pivot": [0, 26.5, -39.5],
					"cubes": [
						{"origin": [-4, 26, -47], "size": [8, 15, 15], "uv": [0, 0]},
						{"origin": [-6, 26, -46], "size": [12, 15, 13], "uv": [0, 0]},
						{"origin": [-7, 26, -45], "size": [14, 15, 11], "uv": [0, 0]},
						{"origin": [-8, 26, -44], "size": [16, 15, 9], "uv": [0, 0]},
						{"origin": [-9, 26, -42], "size": [18, 15, 5], "uv": [0, 0]}
					]
				},
				{
					"name": "pesciso2",
					"parent": "pescoso3",
					"pivot": [0, 40, -39.5],
					"cubes": [
						{"origin": [-8, 40, -42], "size": [16, 12, 5], "uv": [0, 0]},
						{"origin": [-7, 40, -44], "size": [14, 12, 9], "uv": [0, 0]},
						{"origin": [-6, 40, -45], "size": [12, 12, 11], "uv": [0, 0]},
						{"origin": [-4, 40, -46], "size": [8, 12, 13], "uv": [0, 0]}
					]
				},
				{
					"name": "pescoso4",
					"parent": "pesciso2",
					"pivot": [0, 51.5, -39.5],
					"cubes": [
						{"origin": [-7, 51, -42], "size": [14, 9, 5], "uv": [0, 0]},
						{"origin": [-6, 51, -44], "size": [12, 9, 9], "uv": [0, 0]},
						{"origin": [-4, 51, -45], "size": [8, 9, 11], "uv": [0, 0]}
					]
				},
				{
					"name": "pescoso5",
					"parent": "pescoso4",
					"pivot": [0, 59.875, -39.125],
					"cubes": [
						{"origin": [-5, 59, -43], "size": [10, 7, 7], "uv": [0, 0]},
						{"origin": [-4, 59, -44], "size": [8, 5, 9], "uv": [0, 0]},
						{"origin": [-4, 62, -41], "size": [8, 5, 6], "uv": [0, 0]},
						{"origin": [-6, 59, -42], "size": [12, 8, 5], "uv": [0, 0]}
					]
				},
				{
					"name": "ad",
					"parent": "pescoso5",
					"pivot": [0, 64, -42]
				},
				{
					"name": "mask",
					"parent": "ad",
					"pivot": [0, 64, -42],
					"cubes": [
						{"origin": [-7, 64, -43], "size": [14, 2, 4], "uv": [0, 0]},
						{"origin": [7, 65, -43], "size": [4, 2, 4], "uv": [0, 0]},
						{"origin": [-11, 65, -43], "size": [4, 2, 4], "uv": [0, 0]},
						{"origin": [11, 66, -43], "size": [3, 2, 4], "uv": [0, 0]},
						{"origin": [-14, 66, -43], "size": [3, 2, 4], "uv": [0, 0]},
						{"origin": [14, 67, -43], "size": [2, 2, 4], "uv": [0, 0]},
						{"origin": [-16, 67, -43], "size": [2, 2, 4], "uv": [0, 0]},
						{"origin": [-19, 69, -43], "size": [2, 2, 4], "uv": [0, 0]},
						{"origin": [-18, 68, -43], "size": [2, 2, 4], "uv": [0, 0]},
						{"origin": [16, 68, -43], "size": [2, 2, 4], "uv": [0, 0]},
						{"origin": [17, 69, -43], "size": [2, 2, 4], "uv": [0, 0]},
						{"origin": [-21, 73, -43], "size": [2, 2, 4], "uv": [0, 0]},
						{"origin": [-21, 78, -43], "size": [2, 2, 4], "uv": [0, 0]},
						{"origin": [19, 78, -43], "size": [2, 2, 4], "uv": [0, 0]},
						{"origin": [16, 79, -43], "size": [3, 2, 4], "uv": [0, 0]},
						{"origin": [16, 78, -45], "size": [3, 2, 4], "uv": [0, 0]},
						{"origin": [-19, 78, -45], "size": [3, 2, 4], "uv": [0, 0]},
						{"origin": [-19, 79, -43], "size": [3, 2, 4], "uv": [0, 0]},
						{"origin": [-19, 79, -43], "size": [3, 2, 4], "uv": [0, 0]},
						{"origin": [-16, 80, -43], "size": [5, 2, 4], "uv": [0, 0]},
						{"origin": [11, 80, -43], "size": [5, 2, 4], "uv": [0, 0]},
						{"origin": [11, 79, -45], "size": [5, 2, 4], "uv": [0, 0]},
						{"origin": [-16, 79, -45], "size": [5, 2, 4], "uv": [0, 0]},
						{"origin": [11, 77, -47], "size": [5, 1, 4], "uv": [0, 0]},
						{"origin": [-16, 77, -47], "size": [5, 1, 4], "uv": [0, 0]},
						{"origin": [11, 78, -46], "size": [5, 2, 4], "uv": [0, 0]},
						{"origin": [-16, 78, -46], "size": [5, 2, 4], "uv": [0, 0]},
						{"origin": [-11, 81, -43], "size": [22, 2, 4], "uv": [0, 0]},
						{"origin": [-11, 66, -41], "size": [22, 16, 4], "uv": [0, 0]},
						{"origin": [-16, 68, -41], "size": [32, 13, 4], "uv": [0, 0]},
						{"origin": [-19, 70, -41], "size": [38, 10, 4], "uv": [0, 0]},
						{"origin": [-21, 74, -41], "size": [42, 4, 4], "uv": [0, 0]},
						{"origin": [-11, 67, -39], "size": [22, 14, 3], "uv": [0, 0]},
						{"origin": [-16, 69, -39], "size": [32, 11, 3], "uv": [0, 0]},
						{"origin": [-11, 80, -45], "size": [22, 2, 4], "uv": [0, 0]},
						{"origin": [-11, 79, -46], "size": [22, 2, 4], "uv": [0, 0]},
						{"origin": [-11, 78, -47], "size": [22, 2, 4], "uv": [0, 0]},
						{"origin": [-13, 78, -47], "size": [26, 1, 4], "uv": [0, 0]},
						{"origin": [-11, 76, -48], "size": [22, 2, 4], "uv": [0, 0]},
						{"origin": [-10, 76, -48], "size": [20, 3, 4], "uv": [0, 0]},
						{"origin": [-9, 76, -49], "size": [18, 1, 4], "uv": [0, 0]},
						{"origin": [9, 74, -49], "size": [2, 2, 4], "uv": [198, 24]},
						{"origin": [-11, 74, -49], "size": [1, 2, 4], "uv": [198, 24]},
						{"origin": [-11, 72, -48], "size": [1, 2, 4], "uv": [198, 24]},
						{"origin": [-11, 68, -46], "size": [1, 2, 4], "uv": [198, 24]},
						{"origin": [-11, 67, -44], "size": [1, 2, 4], "uv": [198, 24]},
						{"origin": [-11, 70, -47], "size": [1, 2, 4], "uv": [198, 24]},
						{"origin": [16, 76, -47], "size": [2, 2, 4], "uv": [198, 24]},
						{"origin": [18, 75, -45], "size": [2, 3, 4], "uv": [198, 24]},
						{"origin": [-20, 75, -45], "size": [2, 3, 4], "uv": [198, 24]},
						{"origin": [18, 73, -44], "size": [1, 2, 3], "uv": [198, 24]},
						{"origin": [-19, 73, -44], "size": [1, 2, 3], "uv": [198, 24]},
						{"origin": [16, 74, -47], "size": [2, 4, 4], "uv": [198, 24]},
						{"origin": [-18, 74, -47], "size": [2, 4, 4], "uv": [198, 24]},
						{"origin": [16, 73, -46], "size": [2, 2, 4], "uv": [198, 24]},
						{"origin": [16, 72, -46], "size": [2, 2, 4], "uv": [198, 24]},
						{"origin": [-18, 72, -46], "size": [2, 2, 4], "uv": [198, 24]},
						{"origin": [15, 70, -45], "size": [2, 2, 4], "uv": [198, 24]},
						{"origin": [16, 71, -45], "size": [2, 2, 4], "uv": [198, 24]},
						{"origin": [-18, 71, -45], "size": [2, 2, 4], "uv": [198, 24]},
						{"origin": [-17, 70, -45], "size": [2, 2, 4], "uv": [198, 24]},
						{"origin": [11, 75, -49], "size": [5, 2, 4], "uv": [198, 24]},
						{"origin": [-16, 75, -49], "size": [5, 2, 4], "uv": [198, 24]},
						{"origin": [-16, 73, -48], "size": [5, 2, 4], "uv": [198, 24]},
						{"origin": [-16, 71, -47], "size": [5, 2, 4], "uv": [198, 24]},
						{"origin": [-14, 69, -46], "size": [3, 2, 4], "uv": [198, 24]},
						{"origin": [-16, 70, -46], "size": [5, 1, 4], "uv": [198, 24]},
						{"origin": [-16, 69, -45], "size": [5, 2, 4], "uv": [198, 24]},
						{"origin": [-14, 68, -45], "size": [3, 2, 4], "uv": [198, 24]},
						{"origin": [11, 73, -48], "size": [5, 2, 4], "uv": [198, 24]},
						{"origin": [11, 71, -47], "size": [5, 2, 4], "uv": [198, 24]},
						{"origin": [11, 69, -46], "size": [3, 2, 4], "uv": [198, 24]},
						{"origin": [14, 70, -46], "size": [2, 2, 4], "uv": [198, 24]},
						{"origin": [14, 69, -45], "size": [2, 2, 4], "uv": [198, 24]},
						{"origin": [11, 68, -45], "size": [3, 2, 4], "uv": [198, 24]},
						{"origin": [9, 72, -48], "size": [2, 2, 4], "uv": [198, 24]},
						{"origin": [9, 70, -47], "size": [2, 2, 4], "uv": [198, 24]},
						{"origin": [9, 68, -46], "size": [2, 2, 4], "uv": [198, 24]},
						{"origin": [9, 67, -44], "size": [2, 2, 4], "uv": [198, 24]},
						{"origin": [-2, 72, -47], "size": [3, 4, 4], "uv": [52, 205]},
						{"origin": [-6, 71, -47], "size": [3, 5, 4], "uv": [52, 205]},
						{"origin": [6, 71, -47], "size": [3, 5, 4], "uv": [52, 205]},
						{"origin": [-10, 71, -47], "size": [3, 5, 4], "uv": [52, 205]},
						{"origin": [-3, 71, -47], "size": [9, 1, 4], "uv": [183, 217]},
						{"origin": [-7, 71, -47], "size": [1, 5, 4], "uv": [183, 217]},
						{"origin": [-3, 72, -47], "size": [1, 4, 4], "uv": [183, 217]},
						{"origin": [1, 72, -47], "size": [1, 4, 4], "uv": [183, 217]},
						{"origin": [5, 72, -47], "size": [1, 4, 4], "uv": [183, 217]},
						{"origin": [2, 72, -47], "size": [3, 4, 4], "uv": [52, 205]},
						{"origin": [2, 65, -43], "size": [3, 7, 4], "pivot": [3.5, 66.5, -43], "rotation": [27.5, 0, 0], "uv": [52, 205]},
						{"origin": [-2, 65, -43], "size": [3, 7, 4], "pivot": [3.5, 66.5, -43], "rotation": [27.5, 0, 0], "uv": [52, 205]},
						{"origin": [-6, 65, -43], "size": [3, 6, 4], "pivot": [3.5, 66.5, -43], "rotation": [27.5, 0, 0], "uv": [52, 205]},
						{"origin": [-10, 65, -43], "size": [3, 6, 4], "pivot": [3.5, 66.5, -43], "rotation": [27.5, 0, 0], "uv": [52, 205]},
						{"origin": [6, 65, -43], "size": [3, 6, 4], "pivot": [3.5, 66.5, -43], "rotation": [27.5, 0, 0], "uv": [52, 205]},
						{"origin": [-7, 65, -43], "size": [1, 7, 4], "pivot": [3.5, 66.5, -43], "rotation": [27.5, 0, 0], "uv": [198, 229]},
						{"origin": [1, 65, -43], "size": [1, 7, 4], "pivot": [3.5, 66.5, -43], "rotation": [27.5, 0, 0], "uv": [198, 229]},
						{"origin": [5, 65, -43], "size": [1, 7, 4], "pivot": [3.5, 66.5, -43], "rotation": [27.5, 0, 0], "uv": [198, 229]},
						{"origin": [-3, 65, -43], "size": [1, 7, 4], "pivot": [3.5, 66.5, -43], "rotation": [27.5, 0, 0], "uv": [198, 229]},
						{"origin": [-10, 71, -44], "size": [8, 1, 4], "pivot": [3.5, 66.5, -43], "rotation": [27.5, 0, 0], "uv": [198, 229]},
						{"origin": [5, 71, -44], "size": [4, 1, 4], "pivot": [3.5, 66.5, -43], "rotation": [27.5, 0, 0], "uv": [198, 229]},
						{"origin": [19, 73, -43], "size": [2, 2, 4], "uv": [0, 0]},
						{"origin": [20, 75, -43], "size": [2, 3, 4], "uv": [0, 0]},
						{"origin": [-22, 75, -43], "size": [2, 3, 4], "uv": [0, 0]},
						{"origin": [18, 71, -43], "size": [2, 2, 4], "uv": [0, 0]},
						{"origin": [-20, 71, -43], "size": [2, 2, 4], "uv": [0, 0]}
					]
				},
				{
					"name": "antena",
					"parent": "ad",
					"pivot": [11, 82, -42],
					"cubes": [
						{"origin": [10, 81, -43], "size": [2, 4, 2], "uv": [0, 0]}
					]
				},
				{
					"name": "antena2",
					"parent": "antena",
					"pivot": [11, 85, -42],
					"cubes": [
						{"origin": [10, 84, -43], "size": [2, 4, 2], "uv": [0, 0]}
					]
				},
				{
					"name": "antena3",
					"parent": "antena2",
					"pivot": [11, 88, -42],
					"cubes": [
						{"origin": [10, 87, -43], "size": [2, 4, 2], "uv": [0, 0]}
					]
				},
				{
					"name": "antena4",
					"parent": "antena3",
					"pivot": [11, 91, -42],
					"cubes": [
						{"origin": [10, 90, -43], "size": [2, 4, 2], "uv": [0, 0]}
					]
				},
				{
					"name": "antena5",
					"parent": "antena4",
					"pivot": [11, 94, -42],
					"cubes": [
						{"origin": [10, 93, -43], "size": [2, 4, 2], "uv": [0, 0]}
					]
				},
				{
					"name": "antena6",
					"parent": "antena5",
					"pivot": [11, 97, -42],
					"cubes": [
						{"origin": [10, 96, -43], "size": [2, 4, 2], "uv": [0, 0]}
					]
				},
				{
					"name": "antena7",
					"parent": "antena6",
					"pivot": [11, 100, -42],
					"cubes": [
						{"origin": [10, 99, -43], "size": [2, 4, 2], "uv": [0, 0]}
					]
				},
				{
					"name": "antena8",
					"parent": "antena7",
					"pivot": [11, 103, -42],
					"cubes": [
						{"origin": [10, 102, -43], "size": [2, 4, 2], "uv": [0, 0]}
					]
				},
				{
					"name": "eye",
					"parent": "antena8",
					"pivot": [11, 103, -42],
					"cubes": [
						{"origin": [9, 106, -44], "size": [4, 9, 4], "uv": [49, 222]},
						{"origin": [9, 107, -45], "size": [4, 7, 6], "uv": [49, 222]},
						{"origin": [8, 108, -45], "size": [6, 5, 6], "uv": [49, 222]},
						{"origin": [9, 108, -44], "size": [4, 5, 6], "uv": [49, 222]},
						{"origin": [10, 108, -47], "size": [2, 5, 7], "uv": [186, 226]},
						{"origin": [11, 111, -47], "size": [4, 3, 7], "pivot": [11, 112.5, -43], "rotation": [0, 0, 90], "uv": [186, 226]},
						{"origin": [10, 109, -44], "size": [6, 7, 4], "pivot": [11, 112.5, -43], "rotation": [0, 0, 90], "uv": [56, 242]},
						{"origin": [9, 110, -44], "size": [8, 5, 4], "pivot": [11, 112.5, -43], "rotation": [0, 0, 90], "uv": [56, 242]},
						{"origin": [7, 109, -45], "size": [8, 3, 6], "pivot": [11, 110.5, -42], "rotation": [-90, 0, 90], "uv": [56, 242]},
						{"origin": [7, 109, -45], "size": [8, 3, 6], "pivot": [11, 110.5, -42], "rotation": [-90, 0, 180], "uv": [56, 242]},
						{"origin": [10, 110, -45], "size": [6, 5, 6], "pivot": [11, 112.5, -43], "rotation": [0, 0, 90], "uv": [56, 242]},
						{"origin": [11, 109, -45], "size": [4, 7, 6], "pivot": [11, 112.5, -43], "rotation": [0, 0, 90], "uv": [56, 242]},
						{"origin": [9, 111, -45], "size": [8, 3, 6], "pivot": [11, 112.5, -43], "rotation": [0, 0, 90], "uv": [56, 242]},
						{"origin": [8, 107, -44], "size": [6, 7, 4], "pivot": [11, 110.5, -42], "rotation": [-90, 0, 90], "uv": [56, 242]},
						{"origin": [8, 107, -44], "size": [6, 7, 4], "pivot": [11, 110.5, -42], "rotation": [-90, 0, 180], "uv": [56, 242]},
						{"origin": [9, 109, -47], "size": [4, 3, 7], "uv": [186, 226]},
						{"origin": [8, 107, -44], "size": [6, 7, 4], "uv": [49, 222]},
						{"origin": [7, 108, -44], "size": [8, 5, 4], "uv": [49, 222]}
					]
				},
				{
					"name": "antena9",
					"parent": "ad",
					"pivot": [-11, 82, -42],
					"cubes": [
						{"origin": [-12, 81, -43], "size": [2, 4, 2], "uv": [0, 0]}
					]
				},
				{
					"name": "antena10",
					"parent": "antena9",
					"pivot": [-11, 85, -42],
					"cubes": [
						{"origin": [-12, 84, -43], "size": [2, 4, 2], "uv": [0, 0]}
					]
				},
				{
					"name": "antena11",
					"parent": "antena10",
					"pivot": [-11, 88, -42],
					"cubes": [
						{"origin": [-12, 87, -43], "size": [2, 4, 2], "uv": [0, 0]}
					]
				},
				{
					"name": "antena12",
					"parent": "antena11",
					"pivot": [-11, 91, -42],
					"cubes": [
						{"origin": [-12, 90, -43], "size": [2, 4, 2], "uv": [0, 0]}
					]
				},
				{
					"name": "antena13",
					"parent": "antena12",
					"pivot": [-11, 94, -42],
					"cubes": [
						{"origin": [-12, 93, -43], "size": [2, 4, 2], "uv": [0, 0]}
					]
				},
				{
					"name": "antena14",
					"parent": "antena13",
					"pivot": [-11, 97, -42],
					"cubes": [
						{"origin": [-12, 96, -43], "size": [2, 4, 2], "uv": [0, 0]}
					]
				},
				{
					"name": "antena15",
					"parent": "antena14",
					"pivot": [-11, 100, -42],
					"cubes": [
						{"origin": [-12, 99, -43], "size": [2, 4, 2], "uv": [0, 0]}
					]
				},
				{
					"name": "antena16",
					"parent": "antena15",
					"pivot": [-11, 103, -42],
					"cubes": [
						{"origin": [-12, 102, -43], "size": [2, 4, 2], "uv": [0, 0]}
					]
				},
				{
					"name": "eye2",
					"parent": "antena16",
					"pivot": [-11, 103, -42],
					"cubes": [
						{"origin": [-13, 106, -44], "size": [4, 9, 4], "uv": [49, 222]},
						{"origin": [-13, 107, -45], "size": [4, 7, 6], "uv": [49, 222]},
						{"origin": [-14, 108, -45], "size": [6, 5, 6], "uv": [49, 222]},
						{"origin": [-13, 108, -44], "size": [4, 5, 6], "uv": [49, 222]},
						{"origin": [-12, 108, -47], "size": [2, 5, 7], "uv": [186, 226]},
						{"origin": [-11, 111, -47], "size": [4, 3, 7], "pivot": [-11, 112.5, -43], "rotation": [0, 0, 90], "uv": [186, 226]},
						{"origin": [-12, 109, -44], "size": [6, 7, 4], "pivot": [-11, 112.5, -43], "rotation": [0, 0, 90], "uv": [56, 242]},
						{"origin": [-13, 110, -44], "size": [8, 5, 4], "pivot": [-11, 112.5, -43], "rotation": [0, 0, 90], "uv": [56, 242]},
						{"origin": [-15, 109, -45], "size": [8, 3, 6], "pivot": [-11, 110.5, -42], "rotation": [-90, 0, 90], "uv": [56, 242]},
						{"origin": [-15, 109, -45], "size": [8, 3, 6], "pivot": [-11, 110.5, -42], "rotation": [-90, 0, 180], "uv": [56, 242]},
						{"origin": [-12, 110, -45], "size": [6, 5, 6], "pivot": [-11, 112.5, -43], "rotation": [0, 0, 90], "uv": [56, 242]},
						{"origin": [-11, 109, -45], "size": [4, 7, 6], "pivot": [-11, 112.5, -43], "rotation": [0, 0, 90], "uv": [56, 242]},
						{"origin": [-13, 111, -45], "size": [8, 3, 6], "pivot": [-11, 112.5, -43], "rotation": [0, 0, 90], "uv": [56, 242]},
						{"origin": [-14, 107, -44], "size": [6, 7, 4], "pivot": [-11, 110.5, -42], "rotation": [-90, 0, 90], "uv": [56, 242]},
						{"origin": [-14, 107, -44], "size": [6, 7, 4], "pivot": [-11, 110.5, -42], "rotation": [-90, 0, 180], "uv": [56, 242]},
						{"origin": [-13, 109, -47], "size": [4, 3, 7], "uv": [186, 226]},
						{"origin": [-14, 107, -44], "size": [6, 7, 4], "uv": [49, 222]},
						{"origin": [-15, 108, -44], "size": [8, 5, 4], "uv": [49, 222]}
					]
				},
				{
					"name": "corpo",
					"parent": "part1",
					"pivot": [0, 8, -38.5],
					"rotation": [90, 0, 0],
					"cubes": [
						{"origin": [-10, -28, -41], "size": [20, 37, 5], "uv": [0, 0]},
						{"origin": [-9, -28, -43], "size": [18, 44, 9], "uv": [0, 0]},
						{"origin": [-8, -28, -45], "size": [16, 43, 13], "uv": [0, 0]},
						{"origin": [-6, -28, -46], "size": [12, 41, 15], "uv": [0, 0]},
						{"origin": [-4, -28, -47], "size": [8, 37, 17], "uv": [0, 0]}
					]
				},
				{
					"name": "casca",
					"parent": "part1",
					"pivot": [0, 28, -22],
					"cubes": [
						{"origin": [-1, 5, -8], "size": [2, 2, 29], "inflate": 4, "uv": [174, 8]},
						{"origin": [-1, 64, 20], "size": [2, 2, 4], "inflate": 4, "uv": [174, 8]},
						{"origin": [-1, 5, -23], "size": [2, 2, 11], "inflate": 4, "pivot": [0, 6, -11], "rotation": [-55, 0, 0], "uv": [174, 8]},
						{"origin": [-1, 16.6703, -30.58156], "size": [2, 2, 8], "inflate": 4, "pivot": [0, 18, -19], "rotation": [-80, 0, 0], "uv": [174, 8]},
						{"origin": [-1, 31.03519, -33.46215], "size": [2, 2, 10], "inflate": 4, "pivot": [0, 33, -21], "rotation": [-110, 0, 0], "uv": [174, 8]},
						{"origin": [-1, 45.52042, -32.08368], "size": [2, 2, 13], "inflate": 4, "pivot": [0, 47.37719, -15.88209], "rotation": [-137.5, 0, 0], "uv": [174, 8]},
						{"origin": [-1, 61.05963, -19.04081], "size": [2, 2, 13], "inflate": 4, "pivot": [0, 61.37719, -2.88209], "rotation": [-167.5, 0, 0], "uv": [174, 8]}
					]
				},
				{
					"name": "casca2",
					"parent": "casca",
					"pivot": [0, 37.92005, 12.52333],
					"rotation": [0, 180, 0],
					"cubes": [
						{"origin": [-1, 5, -26], "size": [2, 2, 34], "inflate": 4, "uv": [174, 8]},
						{"origin": [-1, 5, -41], "size": [2, 2, 11], "inflate": 4, "pivot": [0, 6, -29], "rotation": [-55, 0, 0], "uv": [174, 8]},
						{"origin": [-1, 16.6703, -48.58156], "size": [2, 2, 8], "inflate": 4, "pivot": [0, 18, -37], "rotation": [-80, 0, 0], "uv": [174, 8]},
						{"origin": [-1, 31.03519, -51.46215], "size": [2, 2, 10], "inflate": 4, "pivot": [0, 33, -39], "rotation": [-110, 0, 0], "uv": [174, 8]},
						{"origin": [-1, 45.52042, -50.08368], "size": [2, 2, 13], "inflate": 4, "pivot": [0, 47.37719, -33.88209], "rotation": [-137.5, 0, 0], "uv": [174, 8]},
						{"origin": [-1, 61.05963, -37.04081], "size": [2, 2, 13], "inflate": 4, "pivot": [0, 61.37719, -20.88209], "rotation": [-167.5, 0, 0], "uv": [174, 8]}
					]
				},
				{
					"name": "casca3",
					"parent": "casca",
					"pivot": [-6, 8.81326, 20.7429],
					"rotation": [0, 0, -5],
					"cubes": [
						{"origin": [-11, 1, -10], "size": [8, 6, 31], "inflate": 4, "uv": [174, 8]},
						{"origin": [-11, 64, 18], "size": [8, 6, 6], "inflate": 4, "uv": [174, 8]},
						{"origin": [-11, 1, -25], "size": [8, 6, 13], "inflate": 4, "pivot": [-7, 6, -11], "rotation": [-55, 0, 0], "uv": [174, 8]},
						{"origin": [-11, 12.6703, -32.58156], "size": [8, 6, 10], "inflate": 4, "pivot": [-7, 18, -19], "rotation": [-80, 0, 0], "uv": [174, 8]},
						{"origin": [-11, 27.03519, -35.46215], "size": [8, 6, 12], "inflate": 4, "pivot": [-7, 33, -21], "rotation": [-110, 0, 0], "uv": [174, 8]},
						{"origin": [-11, 41.52042, -34.08368], "size": [8, 6, 15], "inflate": 4, "pivot": [-7, 47.37719, -15.88209], "rotation": [-137.5, 0, 0], "uv": [174, 8]},
						{"origin": [-11, 57.05963, -21.04081], "size": [8, 6, 15], "inflate": 4, "pivot": [-7, 61.37719, -2.88209], "rotation": [-167.5, 0, 0], "uv": [174, 8]}
					]
				},
				{
					"name": "casca4",
					"parent": "casca3",
					"pivot": [-7, 37.92005, 12.52333],
					"rotation": [0, 180, 0],
					"cubes": [
						{"origin": [-11, 1, -28], "size": [8, 6, 36], "inflate": 4, "uv": [174, 8]},
						{"origin": [-11, 1, -43], "size": [8, 6, 13], "inflate": 4, "pivot": [-7, 6, -29], "rotation": [-55, 0, 0], "uv": [174, 8]},
						{"origin": [-11, 12.6703, -50.58156], "size": [8, 6, 10], "inflate": 4, "pivot": [-7, 18, -37], "rotation": [-80, 0, 0], "uv": [174, 8]},
						{"origin": [-11, 27.03519, -53.46215], "size": [8, 6, 12], "inflate": 4, "pivot": [-7, 33, -39], "rotation": [-110, 0, 0], "uv": [174, 8]},
						{"origin": [-11, 41.52042, -52.08368], "size": [8, 6, 15], "inflate": 4, "pivot": [-7, 47.37719, -33.88209], "rotation": [-137.5, 0, 0], "uv": [174, 8]},
						{"origin": [-11, 57.05963, -39.04081], "size": [8, 6, 15], "inflate": 4, "pivot": [-7, 61.37719, -20.88209], "rotation": [-167.5, 0, 0], "uv": [174, 8]}
					]
				},
				{
					"name": "casca5",
					"parent": "casca",
					"pivot": [8, 8.81326, 20.7429],
					"rotation": [0, 0, 5],
					"cubes": [
						{"origin": [3, 1, -10], "size": [8, 6, 31], "inflate": 4, "uv": [174, 8]},
						{"origin": [-6, 12, -15], "size": [9, 40, 72], "inflate": 4, "uv": [98, 7]},
						{"origin": [-5, 12, -15], "size": [9, 40, 72], "inflate": 4, "uv": [98, 7]},
						{"origin": [-6, 52, 1], "size": [9, 8, 40], "inflate": 4, "uv": [162, 0]},
						{"origin": [3, 64, 18], "size": [8, 6, 6], "inflate": 4, "uv": [174, 8]},
						{"origin": [3, 1, -25], "size": [8, 6, 13], "inflate": 4, "pivot": [7, 6, -11], "rotation": [-55, 0, 0], "uv": [174, 8]},
						{"origin": [3, 12.6703, -32.58156], "size": [8, 6, 10], "inflate": 4, "pivot": [7, 18, -19], "rotation": [-80, 0, 0], "uv": [174, 8]},
						{"origin": [3, 27.03519, -35.46215], "size": [8, 6, 12], "inflate": 4, "pivot": [7, 33, -21], "rotation": [-110, 0, 0], "uv": [174, 8]},
						{"origin": [3, 41.52042, -34.08368], "size": [8, 6, 15], "inflate": 4, "pivot": [7, 47.37719, -15.88209], "rotation": [-137.5, 0, 0], "uv": [174, 8]},
						{"origin": [3, 57.05963, -21.04081], "size": [8, 6, 15], "inflate": 4, "pivot": [7, 61.37719, -2.88209], "rotation": [-167.5, 0, 0], "uv": [174, 8]}
					]
				},
				{
					"name": "casca6",
					"parent": "casca5",
					"pivot": [7, 37.92005, 12.52333],
					"rotation": [0, 180, 0],
					"cubes": [
						{"origin": [3, 1, -28], "size": [8, 6, 36], "inflate": 4, "uv": [174, 8]},
						{"origin": [3, 1, -43], "size": [8, 6, 13], "inflate": 4, "pivot": [7, 6, -29], "rotation": [-55, 0, 0], "uv": [174, 8]},
						{"origin": [3, 12.6703, -50.58156], "size": [8, 6, 10], "inflate": 4, "pivot": [7, 18, -37], "rotation": [-80, 0, 0], "uv": [174, 8]},
						{"origin": [3, 27.03519, -53.46215], "size": [8, 6, 12], "inflate": 4, "pivot": [7, 33, -39], "rotation": [-110, 0, 0], "uv": [174, 8]},
						{"origin": [3, 41.52042, -52.08368], "size": [8, 6, 15], "inflate": 4, "pivot": [7, 47.37719, -33.88209], "rotation": [-137.5, 0, 0], "uv": [174, 8]},
						{"origin": [3, 57.05963, -39.04081], "size": [8, 6, 15], "inflate": 4, "pivot": [7, 61.37719, -20.88209], "rotation": [-167.5, 0, 0], "uv": [174, 8]}
					]
				}
			]
		}
	]
}