{"format_version":"1.10.0","animation_controllers":{"controller.animation.rainbow_friends_jumpscare":{"states":{"default":{"transitions":[{"angry":"query.has_target ? (query.target -> q.has_any_family('monster'))"},{"angry1":"query.has_target ? (query.target -> q.has_any_family('mob'))"},{"angry2":"query.has_target ? (query.target -> q.has_any_family('player'))"},{"angry3":"query.has_target ? (query.target -> q.has_any_family('rainbowfriend'))"},{"angry4":"query.has_target ? (query.target -> q.has_any_family('gobs'))"}]},"angry":{"transitions":[{"default":"!query.has_target"}],"on_entry":["@s minecraft:attack_active"]},"angry1":{"transitions":[{"default":"!query.has_target"}],"on_entry":["@s minecraft:attack_active"]},"angry2":{"transitions":[{"default":"!query.has_target"}],"on_entry":["@s minecraft:attack_unactive"]},"angry3":{"transitions":[{"default":"!query.has_target"}],"on_entry":["@s minecraft:attack_active","@s minecraft:healthy"]},"angry4":{"transitions":[{"default":"!query.has_target"}],"on_entry":["@s minecraft:attack_active"]}}},"controller.animation.blue_seen":{"states":{"default":{"transitions":[{"seen":"query.has_target ? (query.target -> q.has_any_family('player'))"}]},"seen":{"transitions":[{"default":"!query.has_target"}],"on_entry":["playsound mob.yg_blue.seen @a"]}}},"controller.animation.orange_seen":{"states":{"default":{"transitions":[{"seen":"query.has_target ? (query.target -> q.has_any_family('player'))"}]},"seen":{"transitions":[{"default":"!query.has_target"}],"on_entry":["playsound mob.yg_orange.seen @a"]}}},"controller.animation.green_seen":{"states":{"default":{"transitions":[{"seen":"query.has_target ? (query.target -> q.has_any_family('player'))"}]},"seen":{"transitions":[{"default":"!query.has_target"}],"on_entry":["playsound mob.yg_green.seen @a"]}}}}}