{
  "format_version": "1.12.0",
  "minecraft:geometry": [
    {
      "description": {
        "identifier": "geometry.mr_silent_steve",
        "texture_width": 128,
        "texture_height": 128,
        "visible_bounds_width": 5,
        "visible_bounds_height": 3.5,
        "visible_bounds_offset": [
          0,
          1.25,
          0
        ]
      },
      "bones": [
        {
          "name": "Tail",
          "pivot": [
            0,
            3,
            0
          ],
          "cubes": [
            {
              "origin": [
                -3.9,
                0.1,
                -1.0
              ],
              "size": [
                7.8,
                6.8,
                11.0
              ],
              "uv": [
                69,
                61
              ],
              "inflate": 0
            }
          ]
        },
        {
          "name": "bone3",
          "pivot": [
            0,
            3,
            9
          ],
          "cubes": [
            {
              "origin": [
                -3.3,
                0.0,
                8.0
              ],
              "size": [
                6.6,
                6.3,
                11.0
              ],
              "uv": [
                38,
                72
              ],
              "inflate": 0
            }
          ],
          "parent": "Tail"
        },
        {
          "name": "bone4",
          "pivot": [
            0,
            2,
            18
          ],
          "cubes": [
            {
              "origin": [
                -2.8,
                0.0,
                17.0
              ],
              "size": [
                5.6,
                5.5,
                14.0
              ],
              "uv": [
                56,
                0
              ],
              "inflate": 0
            }
          ],
          "parent": "bone3"
        },
        {
          "name": "Root"
        },
        {
          "name": "Body",
          "pivot": [
            0,
            3,
            0
          ],
          "cubes": [
            {
              "origin": [
                -4.0,
                -0.15851,
                -11.76956
              ],
              "size": [
                8.0,
                8.0,
                12.0
              ],
              "uv": [
                0,
                48
              ],
              "inflate": 0
            }
          ],
          "parent": "Root",
          "rotation": [
            -22.5,
            0,
            0
          ]
        },
        {
          "name": "bone",
          "pivot": [
            0,
            2.84149,
            -9.76956
          ],
          "cubes": [
            {
              "origin": [
                -3.9,
                -1.05851,
                -20.76956
              ],
              "size": [
                7.8,
                7.8,
                12.0
              ],
              "uv": [
                0,
                68
              ],
              "inflate": 0
            }
          ],
          "parent": "Body",
          "rotation": [
            -55,
            0,
            0
          ]
        },
        {
          "name": "bone2",
          "pivot": [
            0,
            2.84149,
            -20.76956
          ],
          "cubes": [
            {
              "origin": [
                -3.5,
                -0.65851,
                -32.76956
              ],
              "size": [
                7.0,
                7.0,
                13.0
              ],
              "uv": [
                43,
                35
              ],
              "inflate": 0
            }
          ],
          "parent": "bone",
          "rotation": [
            27.5,
            0,
            0
          ]
        },
        {
          "name": "bone13",
          "pivot": [
            3,
            -1.15851,
            -28.76956
          ],
          "cubes": [
            {
              "origin": [
                2.0,
                2.84149,
                -40.76956
              ],
              "size": [
                16.0,
                0.0,
                24.0
              ],
              "uv": [
                0,
                24
              ],
              "inflate": 0
            }
          ],
          "parent": "bone2",
          "rotation": [
            -20,
            -2.5,
            5
          ]
        },
        {
          "name": "bone14",
          "pivot": [
            -3,
            -1.15851,
            -28.76956
          ],
          "cubes": [
            {
              "origin": [
                -18.0,
                2.84149,
                -40.76956
              ],
              "size": [
                16.0,
                0.0,
                24.0
              ],
              "uv": [
                0,
                0
              ],
              "inflate": 0
            }
          ],
          "parent": "bone2",
          "rotation": [
            -20,
            2.5,
            -5
          ]
        },
        {
          "name": "Head",
          "pivot": [
            0,
            4,
            -32
          ],
          "cubes": [
            {
              "origin": [
                -4.0,
                3.0,
                -43.0
              ],
              "size": [
                8.0,
                5.0,
                12.0
              ],
              "uv": [
                40,
                55
              ],
              "inflate": 0
            },
            {
              "origin": [
                -3.9,
                2.6,
                -42.9
              ],
              "size": [
                7.8,
                1.0,
                2.0
              ],
              "uv": [
                0,
                15
              ],
              "inflate": 0
            }
          ],
          "parent": "bone2",
          "rotation": [
            57.5,
            0,
            0
          ]
        },
        {
          "name": "bone11",
          "pivot": [
            -4,
            7,
            -37
          ],
          "cubes": [
            {
              "origin": [
                -5.3,
                5.7,
                -39.0
              ],
              "size": [
                2.6,
                2.6,
                2.0
              ],
              "uv": [
                0,
                4
              ],
              "inflate": 0
            },
            {
              "origin": [
                -5.0,
                6.0,
                -39.1
              ],
              "size": [
                2.0,
                2.0,
                0.0
              ],
              "uv": [
                0,
                10
              ],
              "inflate": 0
            }
          ],
          "parent": "Head",
          "rotation": [
            0,
            55,
            0
          ]
        },
        {
          "name": "bone8",
          "pivot": [
            0,
            8,
            -35
          ],
          "cubes": [
            {
              "origin": [
                -1.0,
                6.0,
                -21.0
              ],
              "size": [
                2.0,
                0.0,
                9.0
              ],
              "pivot": [
                0.0,
                -29.0,
                -33.0
              ],
              "rotation": [
                22.5,
                0.0,
                0.0
              ],
              "uv": [
                0,
                0
              ],
              "inflate": 0
            }
          ],
          "parent": "Head"
        },
        {
          "name": "bone6",
          "pivot": [
            0,
            3,
            -36
          ],
          "cubes": [
            {
              "origin": [
                -2.0,
                2.0,
                -45.0
              ],
              "size": [
                4.0,
                1.0,
                10.0
              ],
              "uv": [
                70,
                32
              ],
              "inflate": 0
            }
          ],
          "parent": "Head",
          "rotation": [
            5,
            0,
            0
          ]
        },
        {
          "name": "bone7",
          "pivot": [
            0,
            3,
            -45
          ],
          "cubes": [
            {
              "origin": [
                -1.8,
                2.0,
                -50.0
              ],
              "size": [
                3.6,
                1.0,
                5.0
              ],
              "uv": [
                0,
                9
              ],
              "inflate": 0
            }
          ],
          "parent": "bone6",
          "rotation": [
            62.5,
            0,
            0
          ]
        },
        {
          "name": "bone5",
          "pivot": [
            0,
            3,
            -36
          ],
          "cubes": [
            {
              "origin": [
                -4.0,
                1.0,
                -43.0
              ],
              "size": [
                8.0,
                2.0,
                11.0
              ],
              "uv": [
                56,
                19
              ],
              "inflate": 0
            }
          ],
          "parent": "Head",
          "rotation": [
            10,
            0,
            0
          ]
        },
        {
          "name": "bone9",
          "pivot": [
            3,
            8,
            -33
          ],
          "cubes": [
            {
              "origin": [
                2.23259,
                6.87933,
                -24.95899
              ],
              "size": [
                2.0,
                0.0,
                7.0
              ],
              "pivot": [
                3.23259,
                -29.12067,
                -32.95899
              ],
              "rotation": [
                15.0,
                0.0,
                0.0
              ],
              "uv": [
                6,
                7
              ],
              "inflate": 0
            }
          ],
          "parent": "Head",
          "rotation": [
            0,
            10,
            5
          ]
        },
        {
          "name": "bone10",
          "pivot": [
            -3,
            8,
            -33
          ],
          "cubes": [
            {
              "origin": [
                -4.23259,
                6.87933,
                -24.95899
              ],
              "size": [
                2.0,
                0.0,
                7.0
              ],
              "pivot": [
                -3.23259,
                -29.12067,
                -32.95899
              ],
              "rotation": [
                15.0,
                0.0,
                0.0
              ],
              "uv": [
                6,
                0
              ],
              "inflate": 0
            }
          ],
          "parent": "Head",
          "rotation": [
            0,
            -10,
            -5
          ]
        },
        {
          "name": "bone12",
          "pivot": [
            4,
            7,
            -37
          ],
          "cubes": [
            {
              "origin": [
                2.7,
                5.7,
                -39.0
              ],
              "size": [
                2.6,
                2.6,
                2.0
              ],
              "uv": [
                0,
                0
              ],
              "inflate": 0
            },
            {
              "origin": [
                3.0,
                6.0,
                -39.1
              ],
              "size": [
                2.0,
                2.0,
                0.0
              ],
              "uv": [
                0,
                8
              ],
              "inflate": 0
            }
          ],
          "parent": "Head",
          "rotation": [
            0,
            -55,
            0
          ]
        }
      ]
    }
  ]
}