{
  "format_version": "1.12.0",
  "minecraft:geometry": [
    {
      "description": {
        "identifier": "geometry.mr_stinger_and_ban",
        "texture_width": 188,
        "texture_height": 180,
        "visible_bounds_width": 6,
        "visible_bounds_height": 3.5,
        "visible_bounds_offset": [
          0,
          1.25,
          0
        ]
      },
      "bones": [
        {
          "name": "Root"
        },
        {
          "name": "Body",
          "pivot": [
            0,
            20,
            0
          ],
          "cubes": [
            {
              "origin": [
                -9.0,
                20.0,
                -9.0
              ],
              "size": [
                18.0,
                11.0,
                18.0
              ],
              "uv": [
                0,
                0
              ],
              "inflate": 0
            },
            {
              "origin": [
                -8.4,
                25.0,
                -8.4
              ],
              "size": [
                16.8,
                14.0,
                16.8
              ],
              "uv": [
                0,
                29
              ],
              "inflate": 0
            },
            {
              "origin": [
                -3.5,
                16.0,
                -11.0
              ],
              "size": [
                7.0,
                4.0,
                2.0
              ],
              "pivot": [
                0.0,
                20.0,
                0.0
              ],
              "rotation": [
                0.0,
                45.0,
                0.0
              ],
              "uv": [
                80,
                79
              ],
              "inflate": 0
            },
            {
              "origin": [
                9.0,
                16.0,
                -3.5
              ],
              "size": [
                2.0,
                4.0,
                7.0
              ],
              "pivot": [
                0.0,
                20.0,
                0.0
              ],
              "rotation": [
                0.0,
                45.0,
                0.0
              ],
              "uv": [
                76,
                54
              ],
              "inflate": 0
            },
            {
              "origin": [
                -11.0,
                16.0,
                -3.5
              ],
              "size": [
                2.0,
                4.0,
                7.0
              ],
              "pivot": [
                0.0,
                20.0,
                0.0
              ],
              "rotation": [
                0.0,
                45.0,
                0.0
              ],
              "uv": [
                76,
                41
              ],
              "inflate": 0
            },
            {
              "origin": [
                -3.5,
                16.0,
                9.0
              ],
              "size": [
                7.0,
                4.0,
                2.0
              ],
              "pivot": [
                0.0,
                20.0,
                0.0
              ],
              "rotation": [
                0.0,
                45.0,
                0.0
              ],
              "uv": [
                80,
                73
              ],
              "inflate": 0
            },
            {
              "origin": [
                -3.4,
                31.0,
                -8.0
              ],
              "size": [
                6.8,
                6.0,
                2.0
              ],
              "uv": [
                16,
                98
              ],
              "inflate": 0
            }
          ],
          "parent": "Root"
        },
        {
          "name": "bone4",
          "pivot": [
            0,
            34,
            -4
          ],
          "cubes": [
            {
              "origin": [
                -3.0,
                31.0,
                -8.0
              ],
              "size": [
                6.0,
                6.0,
                4.0
              ],
              "uv": [
                48,
                29
              ],
              "inflate": 0
            },
            {
              "origin": [
                -1.8,
                32.2,
                -8.1
              ],
              "size": [
                3.6,
                3.6,
                0.0
              ],
              "uv": [
                2,
                122
              ],
              "inflate": 0
            }
          ],
          "parent": "Body"
        },
        {
          "name": "bone3",
          "pivot": [
            0,
            35,
            -3
          ],
          "cubes": [
            {
              "origin": [
                -3.9,
                31.8,
                -3.2
              ],
              "size": [
                7.8,
                6.4,
                0.0
              ],
              "uv": [
                75,
                99
              ],
              "inflate": 0
            }
          ],
          "parent": "Body"
        },
        {
          "name": "RightLeg",
          "pivot": [
            -6,
            20,
            -6
          ],
          "cubes": [
            {
              "origin": [
                -8.51303,
                12.32453,
                -8.48209
              ],
              "size": [
                4.0,
                9.0,
                4.0
              ],
              "uv": [
                76,
                26
              ],
              "inflate": 0
            }
          ],
          "parent": "Root",
          "rotation": [
            -20,
            0,
            20
          ]
        },
        {
          "name": "bone",
          "pivot": [
            -6,
            11,
            -6
          ],
          "cubes": [
            {
              "origin": [
                -7.96047,
                2.79564,
                -9.27098
              ],
              "size": [
                4.0,
                9.0,
                4.0
              ],
              "uv": [
                64,
                74
              ],
              "inflate": 0
            }
          ],
          "parent": "RightLeg",
          "rotation": [
            -30,
            50,
            0
          ]
        },
        {
          "name": "bone2",
          "pivot": [
            -6,
            2,
            -6
          ],
          "cubes": [
            {
              "origin": [
                -7.96047,
                -5.90252,
                -9.02175
              ],
              "size": [
                4.0,
                9.0,
                4.0
              ],
              "uv": [
                48,
                72
              ],
              "inflate": 0
            }
          ],
          "parent": "bone",
          "rotation": [
            15,
            0,
            0
          ]
        },
        {
          "name": "RightLeg2",
          "pivot": [
            -6,
            20,
            0
          ],
          "cubes": [
            {
              "origin": [
                -9.10592,
                12.01339,
                -2.0
              ],
              "size": [
                4.0,
                9.0,
                4.0
              ],
              "uv": [
                32,
                72
              ],
              "inflate": 0
            }
          ],
          "parent": "Root",
          "rotation": [
            0,
            0,
            47.5
          ]
        },
        {
          "name": "bone6",
          "pivot": [
            -6,
            11,
            0
          ],
          "cubes": [
            {
              "origin": [
                -9.43058,
                1.54894,
                -2.0
              ],
              "size": [
                4.0,
                9.0,
                4.0
              ],
              "uv": [
                16,
                72
              ],
              "inflate": 0
            }
          ],
          "parent": "RightLeg2",
          "rotation": [
            0,
            0,
            60
          ]
        },
        {
          "name": "bone7",
          "pivot": [
            -6,
            2,
            0
          ],
          "cubes": [
            {
              "origin": [
                -9.49036,
                -6.8302,
                -2.0
              ],
              "size": [
                4.0,
                9.0,
                4.0
              ],
              "uv": [
                72,
                13
              ],
              "inflate": 0
            }
          ],
          "parent": "bone6",
          "rotation": [
            0,
            0,
            -24
          ]
        },
        {
          "name": "bone5",
          "pivot": [
            59,
            -14,
            0
          ],
          "parent": "bone7",
          "rotation": [
            0,
            90,
            -82.5
          ]
        },
        {
          "name": "Root2",
          "pivot": [
            59,
            39,
            0
          ],
          "parent": "bone5"
        },
        {
          "name": "Body2",
          "pivot": [
            59,
            50,
            0
          ],
          "cubes": [
            {
              "origin": [
                55.0,
                50.0,
                -3.0
              ],
              "size": [
                8.0,
                11.0,
                6.0
              ],
              "uv": [
                34,
                127
              ],
              "inflate": 0
            }
          ],
          "parent": "Root2"
        },
        {
          "name": "RightArm",
          "pivot": [
            55,
            61,
            0
          ],
          "cubes": [
            {
              "origin": [
                53.0,
                54.0,
                -2.0
              ],
              "size": [
                3.0,
                7.0,
                4.0
              ],
              "uv": [
                70,
                127
              ],
              "inflate": 0
            }
          ],
          "parent": "Body2",
          "rotation": [
            0,
            0,
            5
          ]
        },
        {
          "name": "bone16",
          "pivot": [
            54.5,
            54,
            0
          ],
          "cubes": [
            {
              "origin": [
                52.7,
                48.0,
                -2.3
              ],
              "size": [
                3.6,
                6.0,
                4.6
              ],
              "uv": [
                34,
                169
              ],
              "inflate": 0
            }
          ],
          "parent": "RightArm"
        },
        {
          "name": "bone17",
          "pivot": [
            54.5,
            48,
            0
          ],
          "cubes": [
            {
              "origin": [
                53.0,
                45.0,
                -1.7
              ],
              "size": [
                3.0,
                3.0,
                3.4
              ],
              "uv": [
                70,
                138
              ],
              "inflate": 0
            }
          ],
          "parent": "bone16"
        },
        {
          "name": "LeftArm",
          "pivot": [
            63,
            61,
            0
          ],
          "cubes": [
            {
              "origin": [
                62.0,
                54.0,
                -2.0
              ],
              "size": [
                3.0,
                7.0,
                4.0
              ],
              "uv": [
                66,
                160
              ],
              "inflate": 0
            }
          ],
          "parent": "Body2",
          "rotation": [
            0,
            0,
            -5
          ]
        },
        {
          "name": "bone18",
          "pivot": [
            63.5,
            54,
            0
          ],
          "cubes": [
            {
              "origin": [
                61.7,
                48.0,
                -2.3
              ],
              "size": [
                3.6,
                6.0,
                4.6
              ],
              "uv": [
                70,
                146
              ],
              "inflate": 0
            }
          ],
          "parent": "LeftArm"
        },
        {
          "name": "bone19",
          "pivot": [
            63.5,
            48,
            0
          ],
          "cubes": [
            {
              "origin": [
                62.0,
                45.0,
                -1.7
              ],
              "size": [
                3.0,
                3.0,
                3.4
              ],
              "uv": [
                56,
                127
              ],
              "inflate": 0
            }
          ],
          "parent": "bone18"
        },
        {
          "name": "Head",
          "pivot": [
            59,
            61,
            0
          ],
          "cubes": [
            {
              "origin": [
                55.5,
                61.0,
                -3.5
              ],
              "size": [
                7.0,
                7.0,
                7.0
              ],
              "uv": [
                34,
                144
              ],
              "inflate": 0
            }
          ],
          "parent": "Body2"
        },
        {
          "name": "bone20",
          "pivot": [
            59,
            39,
            0
          ],
          "cubes": [
            {
              "origin": [
                55.6,
                67.0,
                -1.4
              ],
              "size": [
                2.8,
                2.0,
                2.8
              ],
              "uv": [
                80,
                146
              ],
              "inflate": 0
            },
            {
              "origin": [
                59.6,
                67.0,
                -1.4
              ],
              "size": [
                2.8,
                2.0,
                2.8
              ],
              "uv": [
                80,
                142
              ],
              "inflate": 0
            },
            {
              "origin": [
                55.5,
                69.0,
                -1.5
              ],
              "size": [
                3.0,
                1.0,
                3.0
              ],
              "uv": [
                76,
                157
              ],
              "inflate": 0
            },
            {
              "origin": [
                59.5,
                69.0,
                -1.5
              ],
              "size": [
                3.0,
                1.0,
                3.0
              ],
              "uv": [
                55,
                146
              ],
              "inflate": 0
            },
            {
              "origin": [
                55.7,
                69.7,
                -1.3
              ],
              "size": [
                2.6,
                2.0,
                2.6
              ],
              "uv": [
                80,
                127
              ],
              "inflate": 0
            },
            {
              "origin": [
                55.7,
                72.9,
                -1.3
              ],
              "size": [
                2.6,
                2.0,
                2.6
              ],
              "uv": [
                62,
                133
              ],
              "inflate": 0
            },
            {
              "origin": [
                59.7,
                69.7,
                -1.3
              ],
              "size": [
                2.6,
                2.0,
                2.6
              ],
              "uv": [
                68,
                171
              ],
              "inflate": 0
            },
            {
              "origin": [
                59.7,
                72.9,
                -1.3
              ],
              "size": [
                2.6,
                2.0,
                2.6
              ],
              "uv": [
                46,
                158
              ],
              "inflate": 0
            },
            {
              "origin": [
                60.0,
                70.7,
                -1.0
              ],
              "size": [
                2.0,
                2.0,
                2.0
              ],
              "uv": [
                60,
                171
              ],
              "inflate": 0
            },
            {
              "origin": [
                56.0,
                70.7,
                -1.0
              ],
              "size": [
                2.0,
                2.0,
                2.0
              ],
              "uv": [
                62,
                160
              ],
              "inflate": 0
            },
            {
              "origin": [
                56.5,
                72.0,
                0.0
              ],
              "size": [
                1.0,
                3.0,
                0.0
              ],
              "uv": [
                36,
                144
              ],
              "inflate": 0
            },
            {
              "origin": [
                60.5,
                72.0,
                0.0
              ],
              "size": [
                1.0,
                3.0,
                0.0
              ],
              "uv": [
                34,
                144
              ],
              "inflate": 0
            }
          ],
          "parent": "Head"
        },
        {
          "name": "bone21",
          "pivot": [
            57.7,
            61,
            -3
          ],
          "cubes": [
            {
              "origin": [
                56.4,
                59.0,
                -3.7
              ],
              "size": [
                2.0,
                3.0,
                1.0
              ],
              "uv": [
                34,
                127
              ],
              "inflate": 0
            }
          ],
          "parent": "Head",
          "rotation": [
            -5.06981,
            0.26535,
            9.60781
          ]
        },
        {
          "name": "bone22",
          "pivot": [
            57,
            65,
            -3
          ],
          "cubes": [
            {
              "origin": [
                56.0,
                63.9,
                -4.0
              ],
              "size": [
                2.2,
                2.2,
                2.0
              ],
              "uv": [
                82,
                136
              ],
              "inflate": 0
            },
            {
              "origin": [
                56.2,
                64.1,
                -4.1
              ],
              "size": [
                1.8,
                1.8,
                0.0
              ],
              "uv": [
                36,
                131
              ],
              "inflate": 0
            }
          ],
          "parent": "Head"
        },
        {
          "name": "bone23",
          "pivot": [
            61,
            65,
            -3
          ],
          "cubes": [
            {
              "origin": [
                59.8,
                63.9,
                -4.0
              ],
              "size": [
                2.2,
                2.2,
                2.0
              ],
              "uv": [
                80,
                161
              ],
              "inflate": 0
            },
            {
              "origin": [
                60.0,
                64.1,
                -4.1
              ],
              "size": [
                1.8,
                1.8,
                0.0
              ],
              "uv": [
                34,
                131
              ],
              "inflate": 0
            }
          ],
          "parent": "Head"
        },
        {
          "name": "LeftLeg4",
          "pivot": [
            61,
            50,
            0
          ],
          "cubes": [
            {
              "origin": [
                59.2,
                46.0,
                -1.8
              ],
              "size": [
                3.6,
                6.0,
                3.6
              ],
              "uv": [
                77,
                168
              ],
              "inflate": 0
            }
          ],
          "parent": "Root2",
          "rotation": [
            0,
            -2.5,
            -2.5
          ]
        },
        {
          "name": "bone24",
          "pivot": [
            61,
            46,
            0
          ],
          "cubes": [
            {
              "origin": [
                59.0,
                39.0,
                -2.0
              ],
              "size": [
                4.0,
                7.0,
                4.0
              ],
              "uv": [
                34,
                158
              ],
              "inflate": 0
            }
          ],
          "parent": "LeftLeg4"
        },
        {
          "name": "bone25",
          "pivot": [
            61,
            41,
            0
          ],
          "cubes": [
            {
              "origin": [
                58.7,
                39.0,
                -4.4
              ],
              "size": [
                4.6,
                2.5,
                7.0
              ],
              "uv": [
                55,
                137
              ],
              "inflate": 0
            }
          ],
          "parent": "bone24",
          "rotation": [
            0,
            0,
            2.5
          ]
        },
        {
          "name": "RightLeg4",
          "pivot": [
            57,
            50,
            0
          ],
          "cubes": [
            {
              "origin": [
                55.2,
                46.0,
                -1.8
              ],
              "size": [
                3.6,
                6.0,
                3.6
              ],
              "uv": [
                48,
                171
              ],
              "inflate": 0
            }
          ],
          "parent": "Root2",
          "rotation": [
            0,
            2.5,
            2.5
          ]
        },
        {
          "name": "bone26",
          "pivot": [
            57,
            46,
            0
          ],
          "cubes": [
            {
              "origin": [
                55.0,
                39.0,
                -2.0
              ],
              "size": [
                4.0,
                7.0,
                4.0
              ],
              "uv": [
                50,
                160
              ],
              "inflate": 0
            }
          ],
          "parent": "RightLeg4"
        },
        {
          "name": "bone27",
          "pivot": [
            57,
            41,
            0
          ],
          "cubes": [
            {
              "origin": [
                54.7,
                39.0,
                -4.4
              ],
              "size": [
                4.6,
                2.5,
                7.0
              ],
              "uv": [
                55,
                151
              ],
              "inflate": 0
            }
          ],
          "parent": "bone26",
          "rotation": [
            0,
            0,
            -2.5
          ]
        },
        {
          "name": "RightLeg3",
          "pivot": [
            -6,
            20,
            6
          ],
          "cubes": [
            {
              "origin": [
                -8.51303,
                12.32453,
                4.48209
              ],
              "size": [
                4.0,
                9.0,
                4.0
              ],
              "uv": [
                0,
                72
              ],
              "inflate": 0
            }
          ],
          "parent": "Root",
          "rotation": [
            20,
            0,
            20
          ]
        },
        {
          "name": "bone8",
          "pivot": [
            -6,
            11,
            6
          ],
          "cubes": [
            {
              "origin": [
                -7.96047,
                2.79564,
                5.27098
              ],
              "size": [
                4.0,
                9.0,
                4.0
              ],
              "uv": [
                70,
                0
              ],
              "inflate": 0
            }
          ],
          "parent": "RightLeg3",
          "rotation": [
            30,
            -50,
            0
          ]
        },
        {
          "name": "bone9",
          "pivot": [
            -6,
            2,
            6
          ],
          "cubes": [
            {
              "origin": [
                -7.96047,
                -5.90252,
                5.02175
              ],
              "size": [
                4.0,
                9.0,
                4.0
              ],
              "uv": [
                64,
                61
              ],
              "inflate": 0
            }
          ],
          "parent": "bone8",
          "rotation": [
            -15,
            0,
            0
          ]
        },
        {
          "name": "LeftLeg",
          "pivot": [
            6,
            20,
            -6
          ],
          "cubes": [
            {
              "origin": [
                4.51303,
                12.32453,
                -8.48209
              ],
              "size": [
                4.0,
                9.0,
                4.0
              ],
              "uv": [
                64,
                48
              ],
              "inflate": 0
            }
          ],
          "parent": "Root",
          "rotation": [
            -20,
            0,
            -20
          ]
        },
        {
          "name": "bone10",
          "pivot": [
            6,
            11,
            -6
          ],
          "cubes": [
            {
              "origin": [
                3.96047,
                2.79564,
                -9.27098
              ],
              "size": [
                4.0,
                9.0,
                4.0
              ],
              "uv": [
                64,
                35
              ],
              "inflate": 0
            }
          ],
          "parent": "LeftLeg",
          "rotation": [
            -30,
            -50,
            0
          ]
        },
        {
          "name": "bone11",
          "pivot": [
            6,
            2,
            -6
          ],
          "cubes": [
            {
              "origin": [
                3.96047,
                -5.90252,
                -9.02175
              ],
              "size": [
                4.0,
                9.0,
                4.0
              ],
              "uv": [
                48,
                59
              ],
              "inflate": 0
            }
          ],
          "parent": "bone10",
          "rotation": [
            15,
            0,
            0
          ]
        },
        {
          "name": "LeftLeg2",
          "pivot": [
            6,
            20,
            0
          ],
          "cubes": [
            {
              "origin": [
                5.10592,
                12.01339,
                -2.0
              ],
              "size": [
                4.0,
                9.0,
                4.0
              ],
              "uv": [
                32,
                59
              ],
              "inflate": 0
            }
          ],
          "parent": "Root",
          "rotation": [
            0,
            0,
            -47.5
          ]
        },
        {
          "name": "bone12",
          "pivot": [
            6,
            11,
            0
          ],
          "cubes": [
            {
              "origin": [
                5.43058,
                1.54894,
                -2.0
              ],
              "size": [
                4.0,
                9.0,
                4.0
              ],
              "uv": [
                16,
                59
              ],
              "inflate": 0
            }
          ],
          "parent": "LeftLeg2",
          "rotation": [
            0,
            0,
            -60
          ]
        },
        {
          "name": "bone13",
          "pivot": [
            6,
            2,
            0
          ],
          "cubes": [
            {
              "origin": [
                5.48717,
                -6.80421,
                -2.0
              ],
              "size": [
                4.0,
                9.0,
                4.0
              ],
              "uv": [
                0,
                59
              ],
              "inflate": 0
            }
          ],
          "parent": "bone12",
          "rotation": [
            0,
            0,
            25
          ]
        },
        {
          "name": "LeftLeg3",
          "pivot": [
            6,
            20,
            6
          ],
          "cubes": [
            {
              "origin": [
                4.51303,
                12.32453,
                4.48209
              ],
              "size": [
                4.0,
                9.0,
                4.0
              ],
              "uv": [
                54,
                0
              ],
              "inflate": 0
            }
          ],
          "parent": "Root",
          "rotation": [
            20,
            0,
            -20
          ]
        },
        {
          "name": "bone14",
          "pivot": [
            6,
            11,
            6
          ],
          "cubes": [
            {
              "origin": [
                3.96047,
                2.79564,
                5.27098
              ],
              "size": [
                4.0,
                9.0,
                4.0
              ],
              "uv": [
                0,
                29
              ],
              "inflate": 0
            }
          ],
          "parent": "LeftLeg3",
          "rotation": [
            30,
            50,
            0
          ]
        },
        {
          "name": "bone15",
          "pivot": [
            6,
            2,
            6
          ],
          "cubes": [
            {
              "origin": [
                3.96047,
                -5.90252,
                5.02175
              ],
              "size": [
                4.0,
                9.0,
                4.0
              ],
              "uv": [
                0,
                0
              ],
              "inflate": 0
            }
          ],
          "parent": "bone14",
          "rotation": [
            -15,
            0,
            0
          ]
        }
      ]
    }
  ]
}