{"format_version":"1.10.0","minecraft:client_entity":{"description":{"identifier":"goba:jumbo_josh","materials":{"default":"entity_emissive_alpha"},"textures":{"default":"textures/entity/GartenOfBanban/jumbo_josh/jumbo_josh"},"geometry":{"default":"geometry.jumbo_josh"},"animations":{"4":"animation.jumbo_josh.4","idle":"animation.jumbo_josh.idle","walk":"animation.jumbo_josh.walk","attack":"animation.jumbo_josh.attack","special_attack":"animation.jumbo_josh.special_attack","death":"animation.jumbo_josh.death","look_at_target":"animation.common.look_at_target"},"scripts":{"animate":["4",{"idle":"!query.is_moving && !query.is_saddled"},{"walk":"query.is_moving && !query.is_saddled"},{"attack":"query.is_delayed_attacking && query.is_sheared"},{"special_attack":"query.is_illager_captain"},{"death":"query.is_saddled"},{"look_at_target":"!query.is_saddled"}]},"render_controllers":["controller.render.default"],"spawn_egg":{"texture":"jumbo_josh"}}}}