{
  "format_version": "1.8.0",
  "animations": {
    "animation.pa_peppernam.baby_transform": {
      "loop": true,
      "bones": {
        "head": {
          "position": [
            0.0,
            4.0,
            4.0
          ],
          "scale": 2.0
        }
      }
    },
    "animation.pig.setup": {
      "loop": true,
      "bones": {
        "body": {
          "rotation": [
            "-this",
            0.0,
            0.0
          ]
        }
      }
    },
    "animation.pig.setup.v1.0": {
      "loop": true,
      "bones": {
        "body": {
          "rotation": [
            "90.0 - this",
            0.0,
            0.0
          ]
        }
      }
    },
    "animation.Pepperman.setup": {
      "animation_length": 1.75,
      "bones": {
        "Root": {
          "rotation": {
            "0.25": [
              0,
              185,
              0
            ],
            "0.5": [
              0,
              357.5,
              0
            ]
          },
          "scale": {
            "1.0": [
              1,
              1,
              1
            ],
            "1.125": [
              1,
              1.1,
              1
            ],
            "1.25": [
              1,
              1,
              1
            ],
            "1.5417": [
              1,
              1.1,
              1
            ],
            "1.5833": [
              1,
              1,
              1
            ]
          }
        },
        "bone10": {
          "position": {
            "0.75": [
              0,
              0,
              0
            ],
            "1.0": [
              0,
              -2,
              0
            ],
            "1.125": [
              0,
              0,
              0
            ],
            "1.25": [
              0,
              -3,
              0
            ],
            "1.375": [
              0,
              -1,
              0
            ],
            "1.5": [
              0,
              -2,
              0
            ],
            "1.5833": [
              0,
              -1,
              0
            ]
          }
        },
        "bone2": {
          "rotation": {
            "0.25": [
              0,
              0,
              -17.5
            ],
            "0.75": [
              0,
              0,
              -17.5
            ],
            "1.0": [
              -60.60058,
              19.84302,
              -6.67223
            ]
          }
        },
        "bone5": {
          "rotation": {
            "0.25": [
              0,
              0,
              25
            ],
            "0.75": [
              0,
              0,
              25
            ]
          }
        },
        "bone": {
          "rotation": {
            "0.25": [
              -75,
              0,
              0
            ],
            "0.75": [
              -75,
              0,
              0
            ],
            "0.8333": [
              -44.56145,
              -7.05302,
              -7.10708
            ]
          }
        },
        "bone3": {
          "rotation": {
            "0.25": [
              40,
              0,
              0
            ],
            "1.0": [
              -3.96713,
              -14.47751,
              -74.49591
            ]
          }
        },
        "bone4": {
          "rotation": {
            "0.25": [
              5,
              0,
              0
            ],
            "0.75": [
              5,
              0,
              0
            ]
          },
          "scale": {
            "0.5": [
              1,
              1,
              0.9
            ],
            "0.8333": [
              1,
              1,
              0.2
            ]
          }
        },
        "bone11": {
          "scale": {
            "0.5": [
              1,
              0.4,
              1
            ],
            "0.75": [
              1,
              0.4,
              1
            ],
            "1.0": [
              1,
              1,
              1
            ]
          }
        },
        "bone12": {
          "rotation": [
            0,
            0,
            0
          ],
          "scale": {
            "0.5": [
              1,
              1,
              5.7
            ],
            "0.75": [
              1,
              1,
              5.7
            ],
            "1.0": [
              1,
              1,
              1
            ]
          }
        }
      }
    },
    "animation.Pepperman.walk": {
      "loop": true,
      "animation_length": 0.5,
      "bones": {
        "Root": {
          "rotation": {
            "0.0": [
              0,
              0,
              0
            ],
            "0.25": [
              2.5,
              0,
              0
            ],
            "0.5": [
              0,
              0,
              0
            ]
          }
        },
        "bone2": {
          "rotation": {
            "0.0": [
              -103.72206,
              71.82124,
              -15.45201
            ],
            "0.25": [
              -93.72206,
              71.82124,
              -15.45201
            ],
            "0.5": [
              -103.72206,
              71.82124,
              -15.45201
            ]
          },
          "position": [
            0,
            -5,
            -7
          ],
          "scale": [
            1.8,
            1.2,
            2.5
          ]
        },
        "bone": {
          "rotation": {
            "0.0": [
              45,
              0,
              0
            ],
            "0.25": [
              67.5,
              0,
              0
            ],
            "0.5": [
              45,
              0,
              0
            ]
          }
        },
        "bone3": {
          "rotation": [
            -49.11421,
            26.66839,
            -27.40216
          ]
        },
        "bone8": {
          "rotation": {
            "0.0": [
              -35,
              0,
              0
            ],
            "0.25": [
              50,
              0,
              0
            ],
            "0.5": [
              -35,
              0,
              0
            ]
          }
        },
        "bone9": {
          "rotation": {
            "0.0": [
              -27.5,
              0,
              0
            ],
            "0.2917": [
              -2.5,
              0,
              0
            ],
            "0.5": [
              -27.5,
              0,
              0
            ]
          }
        },
        "bone6": {
          "rotation": {
            "0.0": [
              55,
              0,
              0
            ],
            "0.25": [
              -35,
              0,
              0
            ],
            "0.5": [
              55,
              0,
              0
            ]
          }
        },
        "bone7": {
          "rotation": {
            "0.0": [
              15,
              0,
              0
            ],
            "0.2917": [
              -25,
              0,
              0
            ],
            "0.5": [
              15,
              0,
              0
            ]
          }
        },
        "bone11": {
          "scale": [
            1,
            0.8,
            1
          ]
        },
        "bone12": {
          "scale": [
            1,
            0.8,
            1
          ]
        }
      }
    }
  }
}