{
  "format_version": "1.8.0",
  "animations": {
    "animation.pa_spider.default_leg_pose": {
      "loop": true,
      "bones": {
        "leg0": {
          "rotation": [
            0,
            "45.0 - this",
            "-45.0 - this"
          ]
        },
        "leg1": {
          "rotation": [
            0,
            "-45.0 - this",
            "45.0 - this"
          ]
        },
        "leg2": {
          "rotation": [
            0,
            "22.5 - this",
            "-33.3 - this"
          ]
        },
        "leg3": {
          "rotation": [
            0,
            "-22.5 - this",
            "33.3 - this"
          ]
        },
        "leg4": {
          "rotation": [
            0,
            "-22.5 - this",
            "-33.3 - this"
          ]
        },
        "leg5": {
          "rotation": [
            0,
            "22.5 - this",
            "33.3 - this"
          ]
        },
        "leg6": {
          "rotation": [
            0,
            "-45.0 - this",
            "-45.0 - this"
          ]
        },
        "leg7": {
          "rotation": [
            0,
            "45.0 - this",
            "45.0 - this"
          ]
        }
      }
    },
    "animation.pa_spider.look_at_target": {
      "loop": true,
      "bones": {
        "head": {
          "rotation": [
            "query.target_x_rotation",
            "query.target_y_rotation",
            0
          ]
        }
      }
    },
    "animation.spider.walk": {
      "anim_time_update": "query.modified_distance_moved",
      "loop": true,
      "bones": {
        "leg0": {
          "rotation": [
            0,
            "-math.abs(math.cos(query.anim_time * 76.34 + 90 * 0) * 22.92)",
            "math.abs(math.sin(query.anim_time * 38.17 + 90 * 0) * 22.92)"
          ]
        },
        "leg1": {
          "rotation": [
            0,
            "math.abs(math.cos(query.anim_time * 76.34 + 90 * 0) * 22.92)",
            "-math.abs(math.sin(query.anim_time * 38.17 + 90 * 0) * 22.92)"
          ]
        },
        "leg2": {
          "rotation": [
            0,
            "-math.abs(math.cos(query.anim_time * 76.34 + 90 * 1) * 22.92)",
            "math.abs(math.sin(query.anim_time * 38.17 + 90 * 1) * 22.92)"
          ]
        },
        "leg3": {
          "rotation": [
            0,
            "math.abs(math.cos(query.anim_time * 76.34 + 90 * 1) * 22.92)",
            "-math.abs(math.sin(query.anim_time * 38.17 + 90 * 1) * 22.92)"
          ]
        },
        "leg4": {
          "rotation": [
            0,
            "-math.abs(math.cos(query.anim_time * 76.34 + 90 * 2) * 22.92)",
            "math.abs(math.sin(query.anim_time * 38.17 + 90 * 2) * 22.92)"
          ]
        },
        "leg5": {
          "rotation": [
            0,
            "math.abs(math.cos(query.anim_time * 76.34 + 90 * 2) * 22.92)",
            "-math.abs(math.sin(query.anim_time * 38.17 + 90 * 2) * 22.92)"
          ]
        },
        "leg6": {
          "rotation": [
            0,
            "-math.abs(math.cos(query.anim_time * 76.34 + 90 * 3) * 22.92)",
            "math.abs(math.sin(query.anim_time * 38.17 + 90 * 3) * 22.92)"
          ]
        },
        "leg7": {
          "rotation": [
            0,
            "math.abs(math.cos(query.anim_time * 76.34 + 90 * 3) * 22.92)",
            "-math.abs(math.sin(query.anim_time * 38.17 + 90 * 3) * 22.92)"
          ]
        }
      }
    },
    "animation.pa_spider.walk_1": {
      "loop": true,
      "animation_length": 0.5,
      "bones": {
        "Head": {
          "position": {
            "0.0": [
              0,
              0,
              0
            ],
            "0.25": [
              0,
              -3,
              0
            ],
            "0.5": [
              0,
              0,
              0
            ]
          },
          "scale": {
            "0.0": [
              1,
              1,
              1
            ],
            "0.25": [
              1,
              0.9,
              1
            ],
            "0.5": [
              1,
              1,
              1
            ]
          }
        },
        "RightArm": {
          "rotation": {
            "0.0": [
              -72.5,
              0,
              0
            ],
            "0.25": [
              67.5,
              0,
              0
            ],
            "0.5": [
              -72.5,
              0,
              0
            ]
          }
        },
        "bone7": {
          "rotation": {
            "0.0": [
              -65,
              0,
              0
            ],
            "0.5": [
              -65,
              0,
              0
            ]
          }
        },
        "bone10": {
          "rotation": {
            "0.0": [
              0,
              0,
              -50
            ],
            "0.5": [
              0,
              0,
              -50
            ]
          }
        },
        "LeftArm": {
          "rotation": {
            "0.0": [
              50.92812,
              28.31077,
              -21.18372
            ],
            "0.25": [
              -44.07188,
              28.31077,
              -21.18372
            ],
            "0.5": [
              50.92812,
              28.31077,
              -21.18372
            ]
          }
        },
        "bone9": {
          "rotation": {
            "0.0": [
              -36.96194,
              -1.04151,
              13.11579
            ],
            "0.5": [
              -36.96194,
              -1.04151,
              13.11579
            ]
          }
        },
        "bone8": {
          "rotation": {
            "0.0": [
              2.35309,
              67.71014,
              30.23443
            ],
            "0.5": [
              2.35309,
              67.71014,
              30.23443
            ]
          }
        },
        "bone11": {
          "rotation": {
            "0.0": [
              27.5,
              0,
              0
            ],
            "0.25": [
              -37.5,
              0,
              0
            ],
            "0.5": [
              27.5,
              0,
              0
            ]
          }
        },
        "bone13": {
          "rotation": {
            "0.0": [
              -40,
              0,
              0
            ],
            "0.25": [
              40,
              0,
              0
            ],
            "0.5": [
              -40,
              0,
              0
            ]
          }
        },
        "Body": {
          "scale": {
            "0.0": [
              1,
              1,
              1
            ],
            "0.25": [
              1,
              0.7,
              1
            ],
            "0.5": [
              1,
              1,
              1
            ]
          }
        },
        "bone15": {
          "rotation": {
            "0.0": [
              80,
              0,
              0
            ],
            "0.25": [
              52.5,
              0,
              0
            ],
            "0.5": [
              80,
              0,
              0
            ]
          }
        }
      }
    }
  }
}