{
  "format_version": "1.8.0",
  "animations": {
    "animation.pizza_vig_phase2.baby_transform": {
      "loop": true,
      "bones": {
        "head": {
          "position": [
            0.0,
            4.0,
            4.0
          ],
          "scale": 2.0
        }
      }
    },
    "animation.pig.setup": {
      "loop": true,
      "bones": {
        "body": {
          "rotation": [
            "-this",
            0.0,
            0.0
          ]
        }
      }
    },
    "animation.pig.setup.v1.0": {
      "loop": true,
      "bones": {
        "body": {
          "rotation": [
            "90.0 - this",
            0.0,
            0.0
          ]
        }
      }
    },
    "animation.Vig.setup": {
      "animation_length": 1,
      "bones": {
        "Root": {
          "rotation": {
            "0.25": [
              0,
              182.5,
              0
            ],
            "0.5": [
              0,
              2.5,
              0
            ]
          }
        },
        "bone3": {
          "position": {
            "0.5": [
              0,
              0,
              0
            ],
            "0.75": [
              0,
              0,
              1
            ],
            "1.0": [
              0,
              0,
              0
            ]
          }
        },
        "bone4": {
          "rotation": {
            "0.25": [
              65,
              0,
              0
            ],
            "0.75": [
              0,
              0,
              0
            ]
          },
          "position": {
            "0.75": [
              0,
              0,
              -9
            ],
            "1.0": [
              0,
              0,
              1
            ]
          }
        },
        "bone5": {
          "position": {
            "0.5": [
              0,
              -4,
              0
            ],
            "1.0": [
              0,
              -2,
              0
            ]
          },
          "scale": {
            "0.5": [
              1,
              0.5,
              0.4
            ],
            "1.0": [
              1,
              1.5,
              1.2
            ]
          }
        }
      }
    },
    "animation.Vig.move": {
      "loop": true,
      "animation_length": 0.5,
      "bones": {
        "Root": {
          "scale": {
            "0.0": [
              1,
              1,
              1
            ],
            "0.25": [
              1,
              1,
              1.5
            ],
            "0.5": [
              1,
              1,
              1
            ]
          }
        },
        "bone4": {
          "rotation": [
            107.5,
            0,
            0
          ],
          "position": [
            0,
            2,
            7
          ]
        }
      }
    }
  }
}