{
  "format_version": "1.8.0",
  "animations": {
    "animation.pt_fake.default_leg_pose": {
      "loop": true,
      "bones": {
        "leg0": {
          "rotation": [
            0,
            "45.0 - this",
            "-45.0 - this"
          ]
        },
        "leg1": {
          "rotation": [
            0,
            "-45.0 - this",
            "45.0 - this"
          ]
        },
        "leg2": {
          "rotation": [
            0,
            "22.5 - this",
            "-33.3 - this"
          ]
        },
        "leg3": {
          "rotation": [
            0,
            "-22.5 - this",
            "33.3 - this"
          ]
        },
        "leg4": {
          "rotation": [
            0,
            "-22.5 - this",
            "-33.3 - this"
          ]
        },
        "leg5": {
          "rotation": [
            0,
            "22.5 - this",
            "33.3 - this"
          ]
        },
        "leg6": {
          "rotation": [
            0,
            "-45.0 - this",
            "-45.0 - this"
          ]
        },
        "leg7": {
          "rotation": [
            0,
            "45.0 - this",
            "45.0 - this"
          ]
        }
      }
    },
    "animation.pt_fake.look_at_target": {
      "loop": true,
      "bones": {
        "head": {
          "rotation": [
            "query.target_x_rotation",
            "query.target_y_rotation",
            0
          ]
        }
      }
    },
    "animation.spider.walk": {
      "anim_time_update": "query.modified_distance_moved",
      "loop": true,
      "bones": {
        "leg0": {
          "rotation": [
            0,
            "-math.abs(math.cos(query.anim_time * 76.34 + 90 * 0) * 22.92)",
            "math.abs(math.sin(query.anim_time * 38.17 + 90 * 0) * 22.92)"
          ]
        },
        "leg1": {
          "rotation": [
            0,
            "math.abs(math.cos(query.anim_time * 76.34 + 90 * 0) * 22.92)",
            "-math.abs(math.sin(query.anim_time * 38.17 + 90 * 0) * 22.92)"
          ]
        },
        "leg2": {
          "rotation": [
            0,
            "-math.abs(math.cos(query.anim_time * 76.34 + 90 * 1) * 22.92)",
            "math.abs(math.sin(query.anim_time * 38.17 + 90 * 1) * 22.92)"
          ]
        },
        "leg3": {
          "rotation": [
            0,
            "math.abs(math.cos(query.anim_time * 76.34 + 90 * 1) * 22.92)",
            "-math.abs(math.sin(query.anim_time * 38.17 + 90 * 1) * 22.92)"
          ]
        },
        "leg4": {
          "rotation": [
            0,
            "-math.abs(math.cos(query.anim_time * 76.34 + 90 * 2) * 22.92)",
            "math.abs(math.sin(query.anim_time * 38.17 + 90 * 2) * 22.92)"
          ]
        },
        "leg5": {
          "rotation": [
            0,
            "math.abs(math.cos(query.anim_time * 76.34 + 90 * 2) * 22.92)",
            "-math.abs(math.sin(query.anim_time * 38.17 + 90 * 2) * 22.92)"
          ]
        },
        "leg6": {
          "rotation": [
            0,
            "-math.abs(math.cos(query.anim_time * 76.34 + 90 * 3) * 22.92)",
            "math.abs(math.sin(query.anim_time * 38.17 + 90 * 3) * 22.92)"
          ]
        },
        "leg7": {
          "rotation": [
            0,
            "math.abs(math.cos(query.anim_time * 76.34 + 90 * 3) * 22.92)",
            "-math.abs(math.sin(query.anim_time * 38.17 + 90 * 3) * 22.92)"
          ]
        }
      }
    },
    "animation.pt_fake.walk_1": {
      "loop": true,
      "animation_length": 0.5,
      "bones": {
        "bone4": {
          "rotation": {
            "0.0": [
              -20,
              0,
              0
            ],
            "0.25": [
              17.5,
              0,
              0
            ],
            "0.5": [
              -20,
              0,
              0
            ]
          },
          "position": {
            "0.0": [
              0,
              2,
              1
            ],
            "0.25": [
              0,
              2,
              -1
            ],
            "0.5": [
              0,
              2,
              1
            ]
          }
        },
        "bone15": {
          "position": [
            0,
            2,
            1
          ],
          "scale": {
            "0.0": [
              1,
              0,
              1
            ],
            "0.5": [
              1,
              0,
              1
            ]
          }
        },
        "Hat": {
          "rotation": {
            "0.0": [
              -55,
              0,
              0
            ],
            "0.2917": [
              37.5,
              0,
              0
            ],
            "0.5": [
              -55,
              0,
              0
            ]
          }
        },
        "RightArm": {
          "rotation": {
            "0.0": [
              87.35849,
              -45.81538,
              33.68594
            ],
            "0.25": [
              -24.55706,
              -15.24776,
              53.32539
            ],
            "0.5": [
              87.35849,
              -45.81538,
              33.68594
            ]
          }
        },
        "bone10": {
          "rotation": {
            "0.0": [
              0,
              37.5,
              0
            ],
            "0.5": [
              0,
              37.5,
              0
            ]
          }
        },
        "LeftArm": {
          "rotation": {
            "0.0": [
              45,
              0,
              -52.5
            ],
            "0.25": [
              115,
              0,
              -52.5
            ],
            "0.5": [
              45,
              0,
              -52.5
            ]
          }
        },
        "RightLeg": {
          "rotation": {
            "0.0": [
              32.5,
              0,
              0
            ],
            "0.25": [
              -27.5,
              0,
              0
            ],
            "0.5": [
              32.5,
              0,
              0
            ]
          }
        },
        "bone11": {
          "rotation": {
            "0.0": [
              40,
              0,
              0
            ],
            "0.2917": [
              7.5,
              0,
              0
            ],
            "0.5": [
              40,
              0,
              0
            ]
          }
        },
        "LeftLeg": {
          "rotation": {
            "0.0": [
              -30,
              0,
              0
            ],
            "0.25": [
              20,
              0,
              0
            ],
            "0.5": [
              -30,
              0,
              0
            ]
          }
        },
        "bone13": {
          "rotation": {
            "0.0": [
              47.5,
              0,
              0
            ],
            "0.2917": [
              85,
              0,
              0
            ],
            "0.5": [
              47.5,
              0,
              0
            ]
          }
        },
        "Body": {
          "rotation": {
            "0.0": [
              0,
              0,
              0
            ],
            "0.25": [
              2.5,
              0,
              0
            ],
            "0.5": [
              0,
              0,
              0
            ]
          }
        }
      }
    }
  }
}