{
  "format_version": "1.8.0",
  "animations": {
    "animation.iron_golem.attack": {
      "loop": true,
      "bones": {
        "arm0": {
          "rotation": [
            "-114 + ((1.5 * math.abs(math.mod(variable.attack_animation_tick - query.frame_alpha, 10) - 5) - 2.5) / 5) * 57.3",
            0,
            0
          ]
        },
        "arm1": {
          "rotation": [
            "-114 + ((1.5 * math.abs(math.mod(variable.attack_animation_tick - query.frame_alpha, 10) - 5) - 2.5) / 5) * 57.3",
            0,
            0
          ]
        }
      }
    },
    "animation.pt_peppino_can_attack.flower": {
      "loop": true,
      "bones": {
        "arm0": {
          "rotation": [
            "-45.8 + ((0.25 * math.abs(math.mod(variable.offer_flower_tick, 70) - 35) - 17.5) / 35)",
            0,
            0
          ]
        }
      }
    },
    "animation.pt_peppino_can_attack.move": {
      "loop": true,
      "bones": {
        "arm0": {
          "rotation": [
            "-variable.modified_tcos0 * 2.0",
            0,
            0
          ]
        },
        "arm1": {
          "rotation": [
            "variable.modified_tcos0 * 2.0",
            0,
            0
          ]
        }
      }
    },
    "animation.iron_golem.move_to_target": {
      "loop": true,
      "bones": {
        "arm0": {
          "rotation": [
            "((math.abs(math.mod(query.modified_distance_moved, 13) - 6.5) - 3.25) / 2.25) * 30.0",
            0,
            0
          ]
        },
        "arm1": {
          "rotation": [
            "((math.abs(math.mod(query.modified_distance_moved, 13) - 6.5) - 3.25) / 2.25) * -30.0",
            0,
            0
          ]
        }
      }
    },
    "animation.pt_peppino_can_attack.walk": {
      "loop": true,
      "bones": {
        "body": {
          "rotation": [
            0,
            0,
            "variable.modified_tcos0 / 1.5"
          ]
        },
        "head": {
          "rotation": [
            0,
            0,
            "variable.modified_tcos0 / 1.5"
          ]
        },
        "leg0": {
          "rotation": [
            "variable.modified_tcos0 * 6.0",
            0,
            0
          ]
        },
        "leg1": {
          "rotation": [
            "-variable.modified_tcos0 * 6.0",
            0,
            0
          ]
        }
      }
    },
    "animation.pt_peppino_can_attack.walk_to_target": {
      "loop": true,
      "bones": {
        "body": {
          "rotation": [
            0,
            0,
            "2.0 * (math.abs(math.mod(query.modified_distance_moved + 6, 13.0) - 6.5) - 3.25)"
          ]
        },
        "head": {
          "rotation": [
            0,
            0,
            "2.0 * (math.abs(math.mod(query.modified_distance_moved + 6, 13.0) - 6.5) - 3.25)"
          ]
        },
        "leg0": {
          "rotation": [
            "(math.cos(query.modified_distance_moved * 38.17) * 40.0)",
            0,
            0
          ]
        },
        "leg1": {
          "rotation": [
            "(math.cos(query.modified_distance_moved * 38.17 + 180) * 40.0)",
            0,
            0
          ]
        }
      }
    },
    "animation.pt_peppino_can_attack.move_1": {
      "loop": true,
      "animation_length": 0.5,
      "bones": {
        "Head": {
          "scale": {
            "0.0": [
              1,
              0.9,
              1
            ],
            "0.25": [
              1,
              1,
              1
            ],
            "0.5": [
              1,
              0.9,
              1
            ]
          }
        },
        "bone4": {
          "position": {
            "0.0": [
              0,
              1,
              0
            ],
            "0.25": [
              0,
              0,
              0
            ],
            "0.5": [
              0,
              1,
              0
            ]
          }
        },
        "RightArm": {
          "rotation": {
            "0.0": [
              37.96655,
              2.31363,
              37.54429
            ],
            "0.25": [
              10.46655,
              2.31363,
              37.54429
            ],
            "0.5": [
              37.96655,
              2.31363,
              37.54429
            ]
          }
        },
        "bone7": {
          "rotation": {
            "0.0": [
              0,
              0,
              20
            ],
            "0.25": [
              0,
              27.5,
              20
            ],
            "0.5": [
              0,
              0,
              20
            ]
          }
        },
        "bone10": {
          "rotation": {
            "0.0": [
              79.90459,
              25.71543,
              67.69002
            ],
            "0.25": [
              33.93372,
              43.70712,
              -21.25161
            ],
            "0.5": [
              79.90459,
              25.71543,
              67.69002
            ]
          }
        },
        "LeftArm": {
          "rotation": {
            "0.0": [
              4.59535,
              -21.90333,
              -13.64494
            ],
            "0.25": [
              79.6982,
              18.90915,
              -21.77692
            ],
            "0.5": [
              4.59535,
              -21.90333,
              -13.64494
            ]
          }
        },
        "bone9": {
          "rotation": {
            "0.0": [
              0,
              0,
              -47.5
            ],
            "0.25": [
              0,
              0,
              -22.5
            ],
            "0.5": [
              0,
              0,
              -47.5
            ]
          }
        },
        "bone8": {
          "rotation": {
            "0.0": [
              -35,
              -82.5,
              0
            ],
            "0.25": [
              -24.5552,
              -82.99365,
              -5.57354
            ],
            "0.5": [
              -35,
              -82.5,
              0
            ]
          }
        },
        "RightLeg": {
          "rotation": {
            "0.0": [
              20,
              0,
              0
            ],
            "0.25": [
              -45,
              0,
              0
            ],
            "0.5": [
              20,
              0,
              0
            ]
          }
        },
        "bone11": {
          "rotation": {
            "0.0": [
              32.5,
              0,
              0
            ],
            "0.25": [
              5,
              0,
              0
            ],
            "0.5": [
              32.5,
              0,
              0
            ]
          }
        },
        "bone12": {
          "rotation": {
            "0.0": [
              27.5,
              0,
              0
            ],
            "0.25": [
              -15,
              0,
              0
            ],
            "0.5": [
              27.5,
              0,
              0
            ]
          }
        },
        "LeftLeg": {
          "rotation": {
            "0.0": [
              -35,
              0,
              0
            ],
            "0.25": [
              35,
              0,
              0
            ],
            "0.5": [
              -35,
              0,
              0
            ]
          }
        },
        "bone13": {
          "rotation": {
            "0.0": [
              2.5,
              0,
              0
            ],
            "0.25": [
              32.5,
              0,
              0
            ],
            "0.5": [
              2.5,
              0,
              0
            ]
          }
        },
        "bone14": {
          "rotation": {
            "0.0": [
              5,
              0,
              0
            ],
            "0.25": [
              27.5,
              0,
              0
            ],
            "0.5": [
              5,
              0,
              0
            ]
          }
        },
        "Body": {
          "rotation": {
            "0.0": [
              -5,
              0,
              0
            ],
            "0.2083": [
              -13.21,
              0,
              0
            ],
            "0.5": [
              0,
              0,
              0
            ]
          }
        }
      }
    },
    "animation.pizza_peppino.bob": {
      "loop": true,
      "animation_length": 0.5,
      "bones": {
        "bone4": {
          "rotation": {
            "0.0": [
              0,
              0,
              0
            ],
            "0.125": [
              -1.38249,
              1.1671,
              -9.84947
            ],
            "0.2917": [
              -1.09713,
              1.43864,
              2.65083
            ],
            "0.5": [
              0,
              0,
              0
            ]
          },
          "position": {
            "0.0": [
              0,
              2,
              0
            ],
            "0.25": [
              0,
              4,
              0
            ],
            "0.5": [
              0,
              2,
              0
            ]
          },
          "scale": 1
        },
        "bone2": {
          "rotation": [
            0,
            0,
            -12.5
          ],
          "position": [
            0,
            4,
            0
          ]
        },
        "bone": {
          "rotation": [
            0,
            0,
            15
          ],
          "position": [
            0,
            4,
            0
          ]
        },
        "Hat": {
          "position": {
            "0.0": [
              0,
              0,
              0
            ],
            "0.375": [
              0,
              5,
              0
            ],
            "0.5": [
              0,
              1,
              0
            ]
          }
        },
        "RightArm": {
          "rotation": [
            -125.38583,
            7.06579,
            -24.16635
          ]
        },
        "bone7": {
          "rotation": [
            0,
            0,
            30
          ]
        },
        "bone10": {
          "rotation": [
            63.74618,
            27.79687,
            43.39482
          ]
        },
        "LeftArm": {
          "rotation": [
            -139.21748,
            -8.92265,
            40.58687
          ]
        },
        "bone8": {
          "rotation": [
            155,
            -80,
            -180
          ]
        },
        "RightLeg": {
          "rotation": [
            0,
            25,
            0
          ]
        },
        "LeftLeg": {
          "rotation": [
            0,
            -25,
            0
          ]
        }
      }
    },
    "animation.pizza_peppino.walk": {
      "loop": true,
      "animation_length": 0.16667,
      "bones": {
        "Head": {
          "position": {
            "0.0": [
              0,
              -3,
              -8
            ],
            "0.0833": [
              0,
              -6,
              -12
            ],
            "0.1667": [
              0,
              -3,
              -8
            ]
          }
        },
        "bone4": {
          "position": [
            0,
            1,
            0
          ]
        },
        "bone2": {
          "rotation": [
            0,
            0,
            -40
          ],
          "position": [
            0,
            -1,
            0
          ]
        },
        "bone": {
          "rotation": [
            0,
            0,
            40
          ],
          "position": [
            -1,
            -1,
            0
          ]
        },
        "Hat": {
          "rotation": [
            -77.5,
            0,
            0
          ]
        },
        "RightArm": {
          "rotation": {
            "0.0": [
              179.09534,
              -69.69867,
              -47.75236
            ],
            "0.0833": [
              159.83424,
              -55.9751,
              -25.65366
            ],
            "0.1667": [
              179.09534,
              -69.69867,
              -47.75236
            ]
          }
        },
        "bone10": {
          "rotation": [
            -51.72286,
            36.45687,
            19.72346
          ]
        },
        "LeftArm": {
          "rotation": {
            "0.0": [
              107.12101,
              38.84546,
              -18.38317
            ],
            "0.0833": [
              96.55464,
              55.7301,
              -33.45195
            ],
            "0.1667": [
              107.12101,
              38.84546,
              -18.38317
            ]
          }
        },
        "RightLeg": {
          "rotation": {
            "0.0": [
              -57.5,
              0,
              0
            ],
            "0.0833": [
              17.5,
              0,
              0
            ],
            "0.1667": [
              -57.5,
              0,
              0
            ]
          }
        },
        "bone11": {
          "rotation": [
            35,
            0,
            0
          ]
        },
        "bone12": {
          "rotation": [
            42.5,
            0,
            0
          ]
        },
        "LeftLeg": {
          "rotation": {
            "0.0": [
              10,
              0,
              0
            ],
            "0.0833": [
              -92.5,
              0,
              0
            ],
            "0.1667": [
              10,
              0,
              0
            ]
          }
        },
        "bone13": {
          "rotation": {
            "0.0": [
              57.0716,
              1.18438,
              0.76734
            ],
            "0.0833": [
              25,
              0,
              0
            ],
            "0.1667": [
              55,
              0,
              0
            ]
          },
          "position": [
            0,
            0,
            1
          ]
        },
        "bone14": {
          "rotation": [
            180,
            0,
            0
          ]
        },
        "Body": {
          "rotation": {
            "0.0": [
              22.5,
              0,
              0
            ],
            "0.0833": [
              42.5,
              0,
              0
            ],
            "0.1667": [
              22.5,
              0,
              0
            ]
          }
        },
        "bone3": {
          "rotation": {
            "0.0417": [
              0,
              0,
              40
            ],
            "0.0833": [
              0,
              0,
              92.5
            ],
            "0.125": [
              0,
              0,
              135
            ],
            "0.1667": [
              0,
              0,
              180
            ]
          },
          "position": [
            0,
            0,
            -22
          ],
          "scale": [
            3.9,
            4,
            4.2
          ]
        }
      }
    },
    "animation.pt_peppino_can_attack.attack_3": {
      "animation_length": 0.70833,
      "bones": {
        "bone4": {
          "position": {
            "0.0": [
              0,
              0,
              0
            ],
            "0.125": [
              0,
              -1,
              0
            ],
            "0.25": [
              0,
              4,
              0
            ]
          }
        },
        "bone2": {
          "rotation": {
            "0.0": [
              0,
              0,
              0
            ],
            "0.25": [
              0,
              0,
              -52.5
            ]
          }
        },
        "bone": {
          "rotation": {
            "0.0": [
              0,
              0,
              0
            ],
            "0.25": [
              0,
              0,
              37.5
            ]
          }
        },
        "RightArm": {
          "rotation": {
            "0.0": [
              0,
              0,
              0
            ],
            "0.125": [
              102.21484,
              59.99846,
              160.37353
            ],
            "0.25": [
              -36.34053,
              25.1758,
              12.10746
            ]
          },
          "scale": {
            "0.0": [
              1,
              1,
              1
            ],
            "0.25": [
              1.7,
              2.1,
              2.1
            ]
          }
        },
        "bone10": {
          "rotation": [
            19.52546,
            35.63104,
            31.32977
          ],
          "scale": 1
        },
        "LeftArm": {
          "rotation": {
            "0.0": [
              0,
              0,
              0
            ],
            "0.125": [
              22.89171,
              -49.05877,
              -61.62655
            ],
            "0.25": [
              78.82497,
              -40.28519,
              -78.86798
            ]
          }
        },
        "Body": {
          "rotation": {
            "0.0": [
              0,
              -2.5,
              0
            ],
            "0.125": [
              0,
              25,
              0
            ],
            "0.25": [
              0,
              -25,
              0
            ]
          }
        }
      }
    }
  }
}