{
  "format_version": "1.8.0",
  "animations": {
    "animation.pt_pizza_face.default_leg_pose": {
      "loop": true,
      "bones": {
        "leg0": {
          "rotation": [
            0,
            "45.0 - this",
            "-45.0 - this"
          ]
        },
        "leg1": {
          "rotation": [
            0,
            "-45.0 - this",
            "45.0 - this"
          ]
        },
        "leg2": {
          "rotation": [
            0,
            "22.5 - this",
            "-33.3 - this"
          ]
        },
        "leg3": {
          "rotation": [
            0,
            "-22.5 - this",
            "33.3 - this"
          ]
        },
        "leg4": {
          "rotation": [
            0,
            "-22.5 - this",
            "-33.3 - this"
          ]
        },
        "leg5": {
          "rotation": [
            0,
            "22.5 - this",
            "33.3 - this"
          ]
        },
        "leg6": {
          "rotation": [
            0,
            "-45.0 - this",
            "-45.0 - this"
          ]
        },
        "leg7": {
          "rotation": [
            0,
            "45.0 - this",
            "45.0 - this"
          ]
        }
      }
    },
    "animation.pt_pizza_face.look_at_target": {
      "loop": true,
      "bones": {
        "head": {
          "rotation": [
            "query.target_x_rotation",
            "query.target_y_rotation",
            0
          ]
        }
      }
    },
    "animation.spider.walk": {
      "anim_time_update": "query.modified_distance_moved",
      "loop": true,
      "bones": {
        "leg0": {
          "rotation": [
            0,
            "-math.abs(math.cos(query.anim_time * 76.34 + 90 * 0) * 22.92)",
            "math.abs(math.sin(query.anim_time * 38.17 + 90 * 0) * 22.92)"
          ]
        },
        "leg1": {
          "rotation": [
            0,
            "math.abs(math.cos(query.anim_time * 76.34 + 90 * 0) * 22.92)",
            "-math.abs(math.sin(query.anim_time * 38.17 + 90 * 0) * 22.92)"
          ]
        },
        "leg2": {
          "rotation": [
            0,
            "-math.abs(math.cos(query.anim_time * 76.34 + 90 * 1) * 22.92)",
            "math.abs(math.sin(query.anim_time * 38.17 + 90 * 1) * 22.92)"
          ]
        },
        "leg3": {
          "rotation": [
            0,
            "math.abs(math.cos(query.anim_time * 76.34 + 90 * 1) * 22.92)",
            "-math.abs(math.sin(query.anim_time * 38.17 + 90 * 1) * 22.92)"
          ]
        },
        "leg4": {
          "rotation": [
            0,
            "-math.abs(math.cos(query.anim_time * 76.34 + 90 * 2) * 22.92)",
            "math.abs(math.sin(query.anim_time * 38.17 + 90 * 2) * 22.92)"
          ]
        },
        "leg5": {
          "rotation": [
            0,
            "math.abs(math.cos(query.anim_time * 76.34 + 90 * 2) * 22.92)",
            "-math.abs(math.sin(query.anim_time * 38.17 + 90 * 2) * 22.92)"
          ]
        },
        "leg6": {
          "rotation": [
            0,
            "-math.abs(math.cos(query.anim_time * 76.34 + 90 * 3) * 22.92)",
            "math.abs(math.sin(query.anim_time * 38.17 + 90 * 3) * 22.92)"
          ]
        },
        "leg7": {
          "rotation": [
            0,
            "math.abs(math.cos(query.anim_time * 76.34 + 90 * 3) * 22.92)",
            "-math.abs(math.sin(query.anim_time * 38.17 + 90 * 3) * 22.92)"
          ]
        }
      }
    },
    "animation.Pizza face.walk": {
      "loop": true,
      "animation_length": 1,
      "bones": {
        "Body": {
          "rotation": {
            "0.0": [
              10,
              0,
              0
            ],
            "0.5": [
              9.91615,
              1.29876,
              -7.38733
            ],
            "0.75": [
              9.79102,
              -1.93735,
              11.08381
            ],
            "1.0": [
              10,
              0,
              0
            ]
          }
        },
        "bone": {
          "position": {
            "0.0": [
              0,
              0,
              0
            ],
            "0.5": [
              0,
              -2,
              0
            ],
            "1.0": [
              0,
              0,
              0
            ]
          },
          "scale": {
            "0.0": [
              1,
              1,
              1
            ],
            "0.5": [
              0.8,
              0.7,
              1
            ],
            "1.0": [
              1,
              1,
              1
            ]
          }
        },
        "bone2": {
          "position": {
            "0.0": [
              0,
              0,
              0
            ],
            "0.5": [
              0,
              1,
              0
            ],
            "1.0": [
              0,
              0,
              0
            ]
          },
          "scale": {
            "0.0": [
              1,
              1,
              1
            ],
            "0.5": [
              1.3,
              1.4,
              1
            ],
            "1.0": [
              1,
              1,
              1
            ]
          }
        },
        "bone4": {
          "scale": {
            "0.0": [
              1,
              1,
              1
            ],
            "0.5": [
              0.7,
              0.6,
              1
            ],
            "1.0": [
              1,
              1,
              1
            ]
          }
        },
        "bone3": {
          "scale": {
            "0.0": [
              1,
              1,
              1
            ],
            "0.5": [
              1.8,
              1.6,
              1
            ],
            "1.0": [
              1,
              1,
              1
            ]
          }
        },
        "bone5": {
          "scale": {
            "0.0": [
              1,
              1,
              1
            ],
            "0.5": [
              1,
              0.8,
              1
            ],
            "1.0": [
              1,
              1,
              1
            ]
          }
        },
        "bone6": {
          "rotation": {
            "0.0": [
              0,
              0,
              0
            ],
            "0.5": [
              0,
              0,
              -5
            ],
            "1.0": [
              0,
              0,
              0
            ]
          }
        }
      }
    }
  }
}