{
  "xl:unpopularkids": {
    "textures": "xl_unpopularkids",
    "sound": "normal"
  },
  "xl:popularkid": {
    "textures": "xl_popularkid",
    "sound": "normal"
  },
  "xl:meankids": {
    "textures": "xl_meankids",
    "sound": "normal"
  },
  "xl:kidschair1": {
    "textures": "xl_kidschair1",
    "sound": "normal"
  },
  "xl:kidschair3": {
    "textures": "xl_kidschair3",
    "sound": "normal"
  },
  "xl:kidschair2": {
    "textures": "xl_kidschair2",
    "sound": "normal"
  },
  "xl:officechair": {
    "textures": "xl_officechair",
    "sound": "normal"
  },
  "format_version": [
    1,
    1,
    0
  ]
}