{
  "format_version": "1.12.0",
  "minecraft:geometry": [
    {
      "description": {
        "identifier": "geometry.h_para_speaker_man",
        "texture_width": 64,
        "texture_height": 64,
        "visible_bounds_width": 3,
        "visible_bounds_height": 3.5,
        "visible_bounds_offset": [
          0,
          1.25,
          0
        ]
      },
      "bones": [
        {
          "name": "Body",
          "pivot": [
            0,
            24,
            0
          ],
          "cubes": [
            {
              "origin": [
                -5,
                12,
                -3
              ],
              "size": [
                10,
                12,
                5
              ],
              "uv": [
                0,
                18
              ]
            }
          ]
        },
        {
          "name": "RightArm",
          "parent": "Body",
          "pivot": [
            -5,
            24,
            0
          ],
          "cubes": [
            {
              "origin": [
                -10,
                12,
                -3
              ],
              "size": [
                5,
                12,
                5
              ],
              "uv": [
                0,
                35
              ]
            }
          ]
        },
        {
          "name": "LeftArm",
          "parent": "Body",
          "pivot": [
            5,
            24,
            0
          ],
          "cubes": [
            {
              "origin": [
                5,
                12,
                -3
              ],
              "size": [
                5,
                12,
                5
              ],
              "uv": [
                25,
                34
              ]
            }
          ]
        },
        {
          "name": "RightLeg",
          "parent": "Body",
          "pivot": [
            -2.9,
            12,
            0
          ],
          "rotation": [
            0,
            0,
            7.5
          ],
          "cubes": [
            {
              "origin": [
                -4.9,
                0,
                -3
              ],
              "size": [
                5,
                12,
                5
              ],
              "uv": [
                30,
                17
              ]
            }
          ]
        },
        {
          "name": "LeftLeg",
          "parent": "Body",
          "pivot": [
            2.9,
            12,
            0
          ],
          "rotation": [
            0,
            0,
            -7.5
          ],
          "cubes": [
            {
              "origin": [
                -0.1,
                0,
                -3
              ],
              "size": [
                5,
                12,
                5
              ],
              "uv": [
                30,
                0
              ]
            }
          ]
        },
        {
          "name": "Head",
          "parent": "Body",
          "pivot": [
            0,
            24,
            0
          ],
          "cubes": [
            {
              "origin": [
                -1.5,
                24,
                -2
              ],
              "size": [
                3,
                3,
                3
              ],
              "uv": [
                45,
                34
              ]
            },
            {
              "origin": [
                -2.9,
                27,
                -3
              ],
              "size": [
                6,
                10,
                5
              ],
              "uv": [
                42,
                49
              ]
            }
          ]
        }
      ]
    }
  ]
}