{
  "format_version": "1.12.0",
  "minecraft:geometry": [
    {
      "description": {
        "identifier": "geometry.h_titan_camera_man",
        "texture_width": 128,
        "texture_height": 128,
        "visible_bounds_width": 3,
        "visible_bounds_height": 3.5,
        "visible_bounds_offset": [
          0,
          1.25,
          0
        ]
      },
      "bones": [
        {
          "name": "Body",
          "pivot": [
            0,
            1,
            0
          ],
          "cubes": [
            {
              "origin": [
                -5,
                23,
                -4
              ],
              "size": [
                10,
                7,
                7
              ],
              "uv": [
                0,
                0
              ]
            },
            {
              "origin": [
                -2,
                24,
                -5
              ],
              "size": [
                4,
                4,
                1
              ],
              "uv": [
                15,
                14
              ]
            },
            {
              "origin": [
                -4,
                18,
                -3
              ],
              "size": [
                8,
                5,
                5
              ],
              "uv": [
                34,
                0
              ]
            },
            {
              "origin": [
                6.1,
                34,
                -7
              ],
              "size": [
                4,
                4,
                9
              ],
              "pivot": [
                0,
                30,
                0
              ],
              "rotation": [
                0,
                0,
                22.5
              ],
              "uv": [
                0,
                115
              ]
            },
            {
              "origin": [
                -10.9,
                33,
                -7
              ],
              "size": [
                4,
                4,
                9
              ],
              "pivot": [
                0,
                30,
                0
              ],
              "rotation": [
                0,
                0,
                -20
              ],
              "uv": [
                0,
                115
              ]
            },
            {
              "origin": [
                6.1,
                34,
                -10
              ],
              "size": [
                4,
                4,
                3
              ],
              "pivot": [
                0,
                30,
                0
              ],
              "rotation": [
                0,
                0,
                22.5
              ],
              "uv": [
                114,
                0
              ]
            },
            {
              "origin": [
                -10.9,
                33,
                -10
              ],
              "size": [
                4,
                4,
                3
              ],
              "pivot": [
                0,
                30,
                0
              ],
              "rotation": [
                0,
                0,
                -20
              ],
              "uv": [
                114,
                0
              ]
            },
            {
              "origin": [
                -3,
                19,
                2
              ],
              "size": [
                5,
                10,
                3
              ],
              "uv": [
                16,
                62
              ]
            },
            {
              "origin": [
                1,
                17,
                2
              ],
              "size": [
                4,
                14,
                4
              ],
              "uv": [
                0,
                57
              ]
            },
            {
              "origin": [
                -6,
                17,
                2
              ],
              "size": [
                4,
                14,
                4
              ],
              "uv": [
                55,
                25
              ]
            }
          ]
        },
        {
          "name": "RightArm",
          "parent": "Body",
          "pivot": [
            -5,
            30,
            0
          ],
          "cubes": [
            {
              "origin": [
                -10,
                14,
                -3
              ],
              "size": [
                5,
                16,
                5
              ],
              "uv": [
                0,
                36
              ]
            }
          ]
        },
        {
          "name": "RightLeg",
          "parent": "Body",
          "pivot": [
            -2.9,
            18,
            0
          ],
          "rotation": [
            0,
            0,
            7.5
          ],
          "cubes": [
            {
              "origin": [
                -4.9,
                1,
                -3
              ],
              "size": [
                5,
                17,
                5
              ],
              "uv": [
                20,
                14
              ]
            }
          ]
        },
        {
          "name": "LeftLeg",
          "parent": "Body",
          "pivot": [
            2.9,
            18,
            0
          ],
          "rotation": [
            0,
            0,
            -7.5
          ],
          "cubes": [
            {
              "origin": [
                -0.1,
                1,
                -3
              ],
              "size": [
                5,
                17,
                5
              ],
              "uv": [
                0,
                14
              ]
            }
          ]
        },
        {
          "name": "Head",
          "parent": "Body",
          "pivot": [
            0,
            28,
            0
          ],
          "cubes": [
            {
              "origin": [
                -1.4,
                30,
                -2
              ],
              "size": [
                3,
                3,
                3
              ],
              "uv": [
                20,
                36
              ]
            },
            {
              "origin": [
                -1.4,
                33,
                -11
              ],
              "size": [
                3,
                4,
                3
              ],
              "uv": [
                76,
                101
              ]
            },
            {
              "origin": [
                -2.4,
                33,
                -8
              ],
              "size": [
                5,
                5,
                8
              ],
              "uv": [
                65,
                72
              ]
            },
            {
              "origin": [
                -3.4,
                34,
                -4
              ],
              "size": [
                2,
                3,
                5
              ],
              "pivot": [
                0,
                4,
                0
              ],
              "rotation": [
                0,
                0,
                10
              ],
              "uv": [
                41,
                26
              ]
            },
            {
              "origin": [
                0.6,
                34,
                -4
              ],
              "size": [
                2,
                3,
                5
              ],
              "pivot": [
                0,
                4,
                0
              ],
              "rotation": [
                0,
                0,
                -7.5
              ],
              "uv": [
                38,
                38
              ]
            },
            {
              "origin": [
                -3.4,
                38,
                -11
              ],
              "size": [
                7,
                2,
                11
              ],
              "uv": [
                92,
                115
              ]
            },
            {
              "origin": [
                -1.4,
                33,
                -1
              ],
              "size": [
                3,
                2,
                2
              ],
              "uv": [
                27,
                0
              ]
            }
          ]
        },
        {
          "name": "RightArm2",
          "parent": "Body",
          "pivot": [
            6,
            30,
            0
          ],
          "cubes": [
            {
              "origin": [
                5,
                14,
                -3
              ],
              "size": [
                5,
                16,
                5
              ],
              "uv": [
                0,
                36
              ]
            }
          ]
        }
      ]
    }
  ]
}