{
  "format_version": "1.12.0",
  "minecraft:geometry": [
    {
      "description": {
        "identifier": "geometry.sk_head_toilet",
        "texture_width": 128,
        "texture_height": 128,
        "visible_bounds_width": 4,
        "visible_bounds_height": 3.5,
        "visible_bounds_offset": [
          0,
          1.25,
          0
        ]
      },
      "bones": [
        {
          "name": "bone",
          "pivot": [
            0,
            0,
            0
          ],
          "cubes": [
            {
              "origin": [
                -6,
                0,
                -6
              ],
              "size": [
                12,
                2,
                12
              ],
              "uv": [
                0,
                0
              ]
            },
            {
              "origin": [
                -5,
                2,
                -5
              ],
              "size": [
                10,
                3,
                10
              ],
              "uv": [
                30,
                23
              ]
            },
            {
              "origin": [
                -4,
                5,
                -4
              ],
              "size": [
                8,
                2,
                8
              ],
              "uv": [
                36,
                0
              ]
            },
            {
              "origin": [
                -4,
                7,
                -6
              ],
              "size": [
                8,
                7,
                12
              ],
              "uv": [
                0,
                14
              ]
            },
            {
              "origin": [
                -3,
                8,
                -7
              ],
              "size": [
                6,
                6,
                1
              ],
              "uv": [
                58,
                43
              ]
            },
            {
              "origin": [
                -2,
                9,
                -8
              ],
              "size": [
                4,
                5,
                1
              ],
              "uv": [
                0,
                0
              ]
            },
            {
              "origin": [
                -5,
                8,
                -5
              ],
              "size": [
                1,
                6,
                10
              ],
              "uv": [
                0,
                51
              ]
            },
            {
              "origin": [
                4,
                8,
                -5
              ],
              "size": [
                1,
                6,
                10
              ],
              "uv": [
                46,
                43
              ]
            },
            {
              "origin": [
                5,
                9,
                -3
              ],
              "size": [
                1,
                5,
                6
              ],
              "uv": [
                36,
                53
              ]
            },
            {
              "origin": [
                -3,
                8,
                6
              ],
              "size": [
                6,
                6,
                1
              ],
              "uv": [
                56,
                36
              ]
            },
            {
              "origin": [
                -6,
                9,
                -3
              ],
              "size": [
                1,
                5,
                6
              ],
              "uv": [
                22,
                51
              ]
            }
          ]
        },
        {
          "name": "bone2",
          "parent": "bone",
          "pivot": [
            0,
            14,
            6
          ],
          "cubes": [
            {
              "origin": [
                -5,
                14,
                5
              ],
              "size": [
                10,
                15,
                2
              ],
              "uv": [
                32,
                36
              ]
            },
            {
              "origin": [
                -6,
                15,
                5
              ],
              "size": [
                1,
                12,
                2
              ],
              "uv": [
                28,
                62
              ],
              "mirror": true
            },
            {
              "origin": [
                5,
                15,
                5
              ],
              "size": [
                1,
                12,
                2
              ],
              "uv": [
                22,
                62
              ]
            },
            {
              "origin": [
                6,
                18,
                5
              ],
              "size": [
                1,
                6,
                2
              ],
              "uv": [
                6,
                14
              ]
            },
            {
              "origin": [
                -7,
                18,
                5
              ],
              "size": [
                1,
                6,
                2
              ],
              "uv": [
                0,
                14
              ]
            }
          ]
        },
        {
          "name": "Head",
          "parent": "bone",
          "pivot": [
            0,
            20,
            0
          ],
          "rotation": [
            0,
            40,
            0
          ],
          "cubes": [
            {
              "origin": [
                -4.05944,
                25.91392,
                -5.04987
              ],
              "size": [
                3,
                3,
                1
              ],
              "pivot": [
                -0.05944,
                13.91392,
                -0.04987
              ],
              "rotation": [
                0,
                -40,
                0
              ],
              "uv": [
                0,
                22
              ]
            },
            {
              "origin": [
                0.94056,
                25.91392,
                -5.04987
              ],
              "size": [
                3,
                3,
                1
              ],
              "pivot": [
                -0.05944,
                13.91392,
                -0.04987
              ],
              "rotation": [
                0,
                -40,
                0
              ],
              "uv": [
                0,
                6
              ]
            },
            {
              "origin": [
                -4.05944,
                19.91392,
                -4.04987
              ],
              "size": [
                8,
                10,
                8
              ],
              "pivot": [
                -0.05944,
                13.91392,
                -0.04987
              ],
              "rotation": [
                0,
                -40,
                0
              ],
              "uv": [
                0,
                33
              ]
            },
            {
              "origin": [
                -4,
                30,
                0
              ],
              "size": [
                8,
                3,
                0
              ],
              "pivot": [
                0,
                20,
                0
              ],
              "rotation": [
                0,
                -40,
                0
              ],
              "uv": [
                112,
                125
              ]
            }
          ]
        },
        {
          "name": "bone3",
          "parent": "Head",
          "pivot": [
            2.94056,
            22.91392,
            -3.04987
          ],
          "cubes": [
            {
              "origin": [
                -4.05944,
                20.91392,
                -5.04987
              ],
              "size": [
                8,
                2,
                1
              ],
              "pivot": [
                -0.05944,
                13.91392,
                -0.04987
              ],
              "rotation": [
                0,
                -40,
                0
              ],
              "uv": [
                50,
                20
              ]
            },
            {
              "origin": [
                -5.05944,
                22.91392,
                -5.04987
              ],
              "size": [
                10,
                2,
                1
              ],
              "pivot": [
                -0.05944,
                13.91392,
                -0.04987
              ],
              "rotation": [
                0,
                -40,
                0
              ],
              "uv": [
                28,
                20
              ]
            },
            {
              "origin": [
                -3.05944,
                19.91392,
                -5.04987
              ],
              "size": [
                6,
                1,
                1
              ],
              "pivot": [
                -0.05944,
                13.91392,
                -0.04987
              ],
              "rotation": [
                0,
                -40,
                0
              ],
              "uv": [
                28,
                14
              ]
            }
          ]
        },
        {
          "name": "bone4",
          "parent": "Head",
          "pivot": [
            0,
            14,
            0
          ],
          "rotation": [
            0,
            -40,
            0
          ],
          "cubes": [
            {
              "origin": [
                -2,
                14,
                -2
              ],
              "size": [
                4,
                6,
                4
              ],
              "uv": [
                44,
                10
              ]
            }
          ]
        },
        {
          "name": "Head2",
          "parent": "bone",
          "pivot": [
            -3,
            14,
            0
          ],
          "rotation": [
            9.73952,
            33.82584,
            -37.0045
          ],
          "cubes": [
            {
              "origin": [
                -7.71309,
                25.50914,
                -4.53391
              ],
              "size": [
                3,
                3,
                1
              ],
              "pivot": [
                -3.71309,
                13.50914,
                0.46609
              ],
              "rotation": [
                0,
                -40,
                0
              ],
              "uv": [
                0,
                22
              ]
            },
            {
              "origin": [
                -2.71309,
                25.50914,
                -4.53391
              ],
              "size": [
                3,
                3,
                1
              ],
              "pivot": [
                -3.71309,
                13.50914,
                0.46609
              ],
              "rotation": [
                0,
                -40,
                0
              ],
              "uv": [
                0,
                6
              ]
            },
            {
              "origin": [
                -7.71309,
                19.50914,
                -3.53391
              ],
              "size": [
                8,
                10,
                8
              ],
              "pivot": [
                -3.71309,
                13.50914,
                0.46609
              ],
              "rotation": [
                0,
                -40,
                0
              ],
              "uv": [
                0,
                33
              ]
            }
          ]
        },
        {
          "name": "bone5",
          "parent": "Head2",
          "pivot": [
            -0.71309,
            22.50914,
            -2.53391
          ],
          "cubes": [
            {
              "origin": [
                -7.71309,
                20.50914,
                -4.53391
              ],
              "size": [
                8,
                2,
                1
              ],
              "pivot": [
                -3.71309,
                13.50914,
                0.46609
              ],
              "rotation": [
                0,
                -40,
                0
              ],
              "uv": [
                50,
                20
              ]
            },
            {
              "origin": [
                -8.71309,
                22.50914,
                -4.53391
              ],
              "size": [
                10,
                2,
                1
              ],
              "pivot": [
                -3.71309,
                13.50914,
                0.46609
              ],
              "rotation": [
                0,
                -40,
                0
              ],
              "uv": [
                28,
                20
              ]
            },
            {
              "origin": [
                -6.71309,
                19.50914,
                -4.53391
              ],
              "size": [
                6,
                1,
                1
              ],
              "pivot": [
                -3.71309,
                13.50914,
                0.46609
              ],
              "rotation": [
                0,
                -40,
                0
              ],
              "uv": [
                28,
                14
              ]
            }
          ]
        },
        {
          "name": "bone6",
          "parent": "Head2",
          "pivot": [
            -3.65366,
            13.59522,
            0.51596
          ],
          "rotation": [
            0,
            -40,
            0
          ],
          "cubes": [
            {
              "origin": [
                -5.65366,
                13.59522,
                -1.48404
              ],
              "size": [
                4,
                6,
                4
              ],
              "uv": [
                44,
                10
              ]
            }
          ]
        },
        {
          "name": "Head3",
          "parent": "bone",
          "pivot": [
            7,
            17,
            0
          ],
          "rotation": [
            0.36606,
            42.704,
            64.13578
          ],
          "cubes": [
            {
              "origin": [
                2.94056,
                22.91392,
                -5.04987
              ],
              "size": [
                3,
                3,
                1
              ],
              "pivot": [
                6.94056,
                10.91392,
                -0.04987
              ],
              "rotation": [
                0,
                -40,
                0
              ],
              "uv": [
                0,
                22
              ]
            },
            {
              "origin": [
                7.94056,
                22.91392,
                -5.04987
              ],
              "size": [
                3,
                3,
                1
              ],
              "pivot": [
                6.94056,
                10.91392,
                -0.04987
              ],
              "rotation": [
                0,
                -40,
                0
              ],
              "uv": [
                0,
                6
              ]
            },
            {
              "origin": [
                2.94056,
                16.91392,
                -4.04987
              ],
              "size": [
                8,
                10,
                8
              ],
              "pivot": [
                6.94056,
                10.91392,
                -0.04987
              ],
              "rotation": [
                0,
                -40,
                0
              ],
              "uv": [
                0,
                33
              ]
            }
          ]
        },
        {
          "name": "bone7",
          "parent": "Head3",
          "pivot": [
            9.94056,
            19.91392,
            -3.04987
          ],
          "cubes": [
            {
              "origin": [
                2.94056,
                17.91392,
                -5.04987
              ],
              "size": [
                8,
                2,
                1
              ],
              "pivot": [
                6.94056,
                10.91392,
                -0.04987
              ],
              "rotation": [
                0,
                -40,
                0
              ],
              "uv": [
                50,
                20
              ]
            },
            {
              "origin": [
                1.94056,
                19.91392,
                -5.04987
              ],
              "size": [
                10,
                2,
                1
              ],
              "pivot": [
                6.94056,
                10.91392,
                -0.04987
              ],
              "rotation": [
                0,
                -40,
                0
              ],
              "uv": [
                28,
                20
              ]
            },
            {
              "origin": [
                3.94056,
                16.91392,
                -5.04987
              ],
              "size": [
                6,
                1,
                1
              ],
              "pivot": [
                6.94056,
                10.91392,
                -0.04987
              ],
              "rotation": [
                0,
                -40,
                0
              ],
              "uv": [
                28,
                14
              ]
            }
          ]
        },
        {
          "name": "bone8",
          "parent": "Head3",
          "pivot": [
            7,
            11,
            0
          ],
          "rotation": [
            0,
            -40,
            0
          ],
          "cubes": [
            {
              "origin": [
                5,
                11,
                -2
              ],
              "size": [
                4,
                6,
                4
              ],
              "uv": [
                44,
                10
              ]
            }
          ]
        }
      ]
    }
  ]
}