{
  "format_version": "1.12.0",
  "minecraft:geometry": [
    {
      "description": {
        "identifier": "geometry.sk_skibidi_man",
        "texture_width": 128,
        "texture_height": 128,
        "visible_bounds_width": 3,
        "visible_bounds_height": 4.5,
        "visible_bounds_offset": [
          0,
          1.75,
          0
        ]
      },
      "bones": [
        {
          "name": "bone",
          "pivot": [
            0,
            12,
            0
          ],
          "cubes": [
            {
              "origin": [
                -6,
                12,
                -6
              ],
              "size": [
                12,
                2,
                12
              ],
              "uv": [
                0,
                0
              ]
            },
            {
              "origin": [
                -5,
                14,
                -5
              ],
              "size": [
                10,
                3,
                10
              ],
              "uv": [
                30,
                23
              ]
            },
            {
              "origin": [
                -4,
                17,
                -4
              ],
              "size": [
                8,
                2,
                8
              ],
              "uv": [
                36,
                0
              ]
            },
            {
              "origin": [
                -4,
                19,
                -6
              ],
              "size": [
                8,
                7,
                12
              ],
              "uv": [
                0,
                14
              ]
            },
            {
              "origin": [
                -3,
                20,
                -7
              ],
              "size": [
                6,
                6,
                1
              ],
              "uv": [
                58,
                43
              ]
            },
            {
              "origin": [
                -2,
                21,
                -8
              ],
              "size": [
                4,
                5,
                1
              ],
              "uv": [
                0,
                0
              ]
            },
            {
              "origin": [
                -5,
                20,
                -5
              ],
              "size": [
                1,
                6,
                10
              ],
              "uv": [
                0,
                51
              ]
            },
            {
              "origin": [
                4,
                20,
                -5
              ],
              "size": [
                1,
                6,
                10
              ],
              "uv": [
                46,
                43
              ]
            },
            {
              "origin": [
                5,
                21,
                -3
              ],
              "size": [
                1,
                5,
                6
              ],
              "uv": [
                36,
                53
              ]
            },
            {
              "origin": [
                -3,
                20,
                6
              ],
              "size": [
                6,
                6,
                1
              ],
              "uv": [
                56,
                36
              ]
            },
            {
              "origin": [
                -6,
                21,
                -3
              ],
              "size": [
                1,
                5,
                6
              ],
              "uv": [
                22,
                51
              ]
            }
          ]
        },
        {
          "name": "bone2",
          "parent": "bone",
          "pivot": [
            0,
            26,
            6
          ],
          "cubes": [
            {
              "origin": [
                -5,
                26,
                5
              ],
              "size": [
                10,
                15,
                2
              ],
              "uv": [
                32,
                36
              ]
            },
            {
              "origin": [
                -6,
                27,
                5
              ],
              "size": [
                1,
                12,
                2
              ],
              "uv": [
                28,
                62
              ],
              "mirror": true
            },
            {
              "origin": [
                5,
                27,
                5
              ],
              "size": [
                1,
                12,
                2
              ],
              "uv": [
                22,
                62
              ]
            },
            {
              "origin": [
                6,
                30,
                5
              ],
              "size": [
                1,
                6,
                2
              ],
              "uv": [
                6,
                14
              ]
            },
            {
              "origin": [
                -7,
                30,
                5
              ],
              "size": [
                1,
                6,
                2
              ],
              "uv": [
                0,
                14
              ]
            }
          ]
        },
        {
          "name": "Head",
          "parent": "bone",
          "pivot": [
            0,
            26,
            0
          ],
          "rotation": [
            0,
            40,
            0
          ],
          "cubes": [
            {
              "origin": [
                -4.05944,
                37.91392,
                -5.04987
              ],
              "size": [
                3,
                3,
                1
              ],
              "pivot": [
                -0.05944,
                25.91392,
                -0.04987
              ],
              "rotation": [
                0,
                -40,
                0
              ],
              "uv": [
                0,
                22
              ]
            },
            {
              "origin": [
                0.94056,
                37.91392,
                -5.04987
              ],
              "size": [
                3,
                3,
                1
              ],
              "pivot": [
                -0.05944,
                25.91392,
                -0.04987
              ],
              "rotation": [
                0,
                -40,
                0
              ],
              "uv": [
                0,
                6
              ]
            },
            {
              "origin": [
                -4.05944,
                31.91392,
                -4.04987
              ],
              "size": [
                8,
                10,
                8
              ],
              "pivot": [
                -0.05944,
                25.91392,
                -0.04987
              ],
              "rotation": [
                0,
                -40,
                0
              ],
              "uv": [
                0,
                33
              ]
            }
          ]
        },
        {
          "name": "bone3",
          "parent": "Head",
          "pivot": [
            2.94056,
            34.91392,
            -3.04987
          ],
          "cubes": [
            {
              "origin": [
                -4.05944,
                32.91392,
                -5.04987
              ],
              "size": [
                8,
                2,
                1
              ],
              "pivot": [
                -0.05944,
                25.91392,
                -0.04987
              ],
              "rotation": [
                0,
                -40,
                0
              ],
              "uv": [
                50,
                20
              ]
            },
            {
              "origin": [
                -5.05944,
                34.91392,
                -5.04987
              ],
              "size": [
                10,
                2,
                1
              ],
              "pivot": [
                -0.05944,
                25.91392,
                -0.04987
              ],
              "rotation": [
                0,
                -40,
                0
              ],
              "uv": [
                28,
                20
              ]
            },
            {
              "origin": [
                -3.05944,
                31.91392,
                -5.04987
              ],
              "size": [
                6,
                1,
                1
              ],
              "pivot": [
                -0.05944,
                25.91392,
                -0.04987
              ],
              "rotation": [
                0,
                -40,
                0
              ],
              "uv": [
                28,
                14
              ]
            }
          ]
        },
        {
          "name": "bone4",
          "parent": "Head",
          "pivot": [
            0,
            26,
            0
          ],
          "rotation": [
            0,
            -40,
            0
          ],
          "cubes": [
            {
              "origin": [
                -2,
                26,
                -2
              ],
              "size": [
                4,
                6,
                4
              ],
              "uv": [
                44,
                10
              ]
            }
          ]
        },
        {
          "name": "Leg2",
          "parent": "bone",
          "pivot": [
            4,
            12,
            0
          ],
          "rotation": [
            0,
            0,
            -12.5
          ],
          "cubes": [
            {
              "origin": [
                1,
                0,
                -2
              ],
              "size": [
                5,
                12,
                5
              ],
              "uv": [
                108,
                111
              ]
            }
          ]
        },
        {
          "name": "Leg3",
          "parent": "bone",
          "pivot": [
            -4,
            12,
            0
          ],
          "rotation": [
            0,
            0,
            10
          ],
          "cubes": [
            {
              "origin": [
                -6,
                0,
                -2
              ],
              "size": [
                5,
                12,
                5
              ],
              "uv": [
                108,
                111
              ]
            }
          ]
        },
        {
          "name": "Arm",
          "parent": "bone",
          "pivot": [
            -6,
            26,
            0
          ],
          "cubes": [
            {
              "origin": [
                -11,
                10,
                -3
              ],
              "size": [
                5,
                16,
                5
              ],
              "uv": [
                108,
                0
              ]
            }
          ]
        },
        {
          "name": "Arm2",
          "parent": "bone",
          "pivot": [
            6,
            26,
            0
          ],
          "cubes": [
            {
              "origin": [
                6,
                10,
                -3
              ],
              "size": [
                5,
                16,
                5
              ],
              "uv": [
                108,
                0
              ]
            }
          ]
        }
      ]
    }
  ]
}