{
  "format_version": "1.12.0",
  "minecraft:geometry": [
    {
      "description": {
        "identifier": "geometry.sk_skibidi_spidar",
        "texture_width": 128,
        "texture_height": 128,
        "visible_bounds_width": 4,
        "visible_bounds_height": 4,
        "visible_bounds_offset": [
          0,
          1,
          0
        ]
      },
      "bones": [
        {
          "name": "bone",
          "pivot": [
            0,
            10,
            0
          ],
          "cubes": [
            {
              "origin": [
                -4,
                9.5,
                -6
              ],
              "size": [
                8,
                7,
                12
              ],
              "uv": [
                0,
                14
              ]
            },
            {
              "origin": [
                -3,
                10.5,
                -7
              ],
              "size": [
                6,
                6,
                1
              ],
              "uv": [
                58,
                43
              ]
            },
            {
              "origin": [
                -2,
                11.5,
                -8
              ],
              "size": [
                4,
                5,
                1
              ],
              "uv": [
                0,
                0
              ]
            },
            {
              "origin": [
                -5,
                10.5,
                -5
              ],
              "size": [
                1,
                6,
                10
              ],
              "uv": [
                0,
                51
              ]
            },
            {
              "origin": [
                4,
                10.5,
                -5
              ],
              "size": [
                1,
                6,
                10
              ],
              "uv": [
                46,
                43
              ]
            },
            {
              "origin": [
                5,
                11.5,
                -3
              ],
              "size": [
                1,
                5,
                6
              ],
              "uv": [
                36,
                53
              ]
            },
            {
              "origin": [
                -3,
                10.5,
                6
              ],
              "size": [
                6,
                6,
                1
              ],
              "uv": [
                56,
                36
              ]
            },
            {
              "origin": [
                -6,
                11.5,
                -3
              ],
              "size": [
                1,
                5,
                6
              ],
              "uv": [
                22,
                51
              ]
            },
            {
              "origin": [
                -3,
                7,
                -3
              ],
              "size": [
                6,
                4,
                6
              ],
              "pivot": [
                0,
                10,
                0
              ],
              "rotation": [
                25,
                0,
                0
              ],
              "uv": [
                104,
                0
              ]
            },
            {
              "origin": [
                -2,
                4,
                -3
              ],
              "size": [
                4,
                4,
                4
              ],
              "pivot": [
                0,
                10,
                0
              ],
              "rotation": [
                45,
                0,
                0
              ],
              "uv": [
                61,
                120
              ]
            }
          ]
        },
        {
          "name": "bone2",
          "parent": "bone",
          "pivot": [
            0,
            16,
            6
          ],
          "cubes": [
            {
              "origin": [
                -5,
                16.5,
                5
              ],
              "size": [
                10,
                15,
                2
              ],
              "uv": [
                32,
                36
              ]
            },
            {
              "origin": [
                -6,
                17.5,
                5
              ],
              "size": [
                1,
                12,
                2
              ],
              "uv": [
                28,
                62
              ],
              "mirror": true
            },
            {
              "origin": [
                5,
                17.5,
                5
              ],
              "size": [
                1,
                12,
                2
              ],
              "uv": [
                22,
                62
              ]
            },
            {
              "origin": [
                6,
                20.5,
                5
              ],
              "size": [
                1,
                6,
                2
              ],
              "uv": [
                6,
                14
              ]
            },
            {
              "origin": [
                -7,
                20.5,
                5
              ],
              "size": [
                1,
                6,
                2
              ],
              "uv": [
                0,
                14
              ]
            }
          ]
        },
        {
          "name": "Head",
          "parent": "bone",
          "pivot": [
            0,
            16,
            0
          ],
          "rotation": [
            0,
            40,
            0
          ],
          "cubes": [
            {
              "origin": [
                -4.05944,
                28.41392,
                -5.04987
              ],
              "size": [
                3,
                3,
                1
              ],
              "pivot": [
                -0.05944,
                23.91392,
                -0.04987
              ],
              "rotation": [
                0,
                -40,
                0
              ],
              "uv": [
                0,
                22
              ]
            },
            {
              "origin": [
                0.94056,
                28.41392,
                -5.04987
              ],
              "size": [
                3,
                3,
                1
              ],
              "pivot": [
                -0.05944,
                23.91392,
                -0.04987
              ],
              "rotation": [
                0,
                -40,
                0
              ],
              "uv": [
                0,
                6
              ]
            },
            {
              "origin": [
                -4.05944,
                22.41392,
                -4.04987
              ],
              "size": [
                8,
                10,
                8
              ],
              "pivot": [
                -0.05944,
                23.91392,
                -0.04987
              ],
              "rotation": [
                0,
                -40,
                0
              ],
              "uv": [
                0,
                33
              ]
            }
          ]
        },
        {
          "name": "bone3",
          "parent": "Head",
          "pivot": [
            2.94056,
            24.91392,
            -3.04987
          ],
          "cubes": [
            {
              "origin": [
                -4.05944,
                23.41392,
                -5.04987
              ],
              "size": [
                8,
                2,
                1
              ],
              "pivot": [
                -0.05944,
                23.91392,
                -0.04987
              ],
              "rotation": [
                0,
                -40,
                0
              ],
              "uv": [
                50,
                20
              ]
            },
            {
              "origin": [
                -5.05944,
                25.41392,
                -5.04987
              ],
              "size": [
                10,
                2,
                1
              ],
              "pivot": [
                -0.05944,
                23.91392,
                -0.04987
              ],
              "rotation": [
                0,
                -40,
                0
              ],
              "uv": [
                28,
                20
              ]
            },
            {
              "origin": [
                -3.05944,
                22.41392,
                -5.04987
              ],
              "size": [
                6,
                1,
                1
              ],
              "pivot": [
                -0.05944,
                23.91392,
                -0.04987
              ],
              "rotation": [
                0,
                -40,
                0
              ],
              "uv": [
                28,
                14
              ]
            }
          ]
        },
        {
          "name": "bone4",
          "parent": "Head",
          "pivot": [
            0,
            24,
            0
          ],
          "rotation": [
            0,
            -40,
            0
          ],
          "cubes": [
            {
              "origin": [
                -2,
                16.5,
                -2
              ],
              "size": [
                4,
                6,
                4
              ],
              "uv": [
                44,
                10
              ]
            }
          ]
        },
        {
          "name": "Leg",
          "parent": "bone",
          "pivot": [
            -6,
            13,
            -4
          ],
          "rotation": [
            0,
            0,
            -35
          ],
          "cubes": [
            {
              "origin": [
                -13.72073,
                10.54254,
                -5
              ],
              "size": [
                8,
                3,
                3
              ],
              "uv": [
                106,
                122
              ]
            }
          ]
        },
        {
          "name": "bone5",
          "parent": "Leg",
          "pivot": [
            -13.72073,
            10.54254,
            -4
          ],
          "rotation": [
            0,
            0,
            -35
          ],
          "cubes": [
            {
              "origin": [
                -20.72073,
                10.54254,
                -5
              ],
              "size": [
                8,
                3,
                3
              ],
              "uv": [
                0,
                122
              ]
            }
          ]
        },
        {
          "name": "Leg2",
          "parent": "bone",
          "pivot": [
            -5,
            13,
            3
          ],
          "rotation": [
            0,
            0,
            -35
          ],
          "cubes": [
            {
              "origin": [
                -13.53988,
                11.11612,
                2
              ],
              "size": [
                8,
                3,
                3
              ],
              "uv": [
                106,
                122
              ]
            }
          ]
        },
        {
          "name": "bone6",
          "parent": "Leg2",
          "pivot": [
            -13.53988,
            11.11612,
            3
          ],
          "rotation": [
            0,
            0,
            -35
          ],
          "cubes": [
            {
              "origin": [
                -20.53988,
                11.11612,
                2
              ],
              "size": [
                8,
                3,
                3
              ],
              "uv": [
                0,
                122
              ]
            }
          ]
        },
        {
          "name": "Leg3",
          "parent": "bone",
          "pivot": [
            5,
            13,
            4
          ],
          "rotation": [
            180,
            0,
            -142.5
          ],
          "cubes": [
            {
              "origin": [
                -3.61964,
                11.2287,
                3
              ],
              "size": [
                8,
                3,
                3
              ],
              "uv": [
                106,
                122
              ]
            }
          ]
        },
        {
          "name": "bone7",
          "parent": "Leg3",
          "pivot": [
            -3.61964,
            12.2287,
            4
          ],
          "rotation": [
            0,
            0,
            -35
          ],
          "cubes": [
            {
              "origin": [
                -11.19321,
                11.40955,
                3
              ],
              "size": [
                8,
                3,
                3
              ],
              "uv": [
                0,
                122
              ]
            }
          ]
        },
        {
          "name": "Leg4",
          "parent": "bone",
          "pivot": [
            5,
            12,
            -3
          ],
          "rotation": [
            180,
            0,
            -142.5
          ],
          "cubes": [
            {
              "origin": [
                -3.01088,
                11.02205,
                -4
              ],
              "size": [
                8,
                3,
                3
              ],
              "uv": [
                106,
                122
              ]
            }
          ]
        },
        {
          "name": "bone8",
          "parent": "Leg4",
          "pivot": [
            -3.01088,
            12.02205,
            -3
          ],
          "rotation": [
            0,
            0,
            -35
          ],
          "cubes": [
            {
              "origin": [
                -10.58445,
                11.2029,
                -4
              ],
              "size": [
                8,
                3,
                3
              ],
              "uv": [
                0,
                122
              ]
            }
          ]
        }
      ]
    }
  ]
}