{
	"file_path": "C:\\Users\\Usuario\\AppData\\Local\\Packages\\Microsoft.MinecraftUWP_8wekyb3d8bbwe\\LocalState\\games\\com.mojang\\development_behavior_packs\\Mineral Finder v1_2 BP\\functions\\tick.json",
	"file_type": "function_tick",
	"format_version": 1,
	"file_uuid": "fc7cb6e3_ba50_4dba_b2a4_a7867ea393f0",
	"file_version": 5,
	"cache_content": {
		"children": [
			{
				"open": {
					"values": [
						"fpeso",
						"ftp",
						"faspirar"
					]
				},
				"key": "values",
				"is_minified": true,
				"children": [
					"fpeso",
					"ftp",
					"faspirar"
				]
			}
		]
	}
}