{
    "format_version": "1.10.0",
    "animation_controllers": {
		"controller.animation.dead": {
            "states": {
                "default": {
                    "transitions": [{
                            "dead": "!query.is_alive && !query.is_illager_captain"
                        }
                    ],
                    "on_entry": [
						"@s tb"
                    ]
                },
                "dead": {
                    "transitions": [{
                            "default": "!query.is_alive && !query.is_illager_captain"
                        }
                    ],
                    "on_entry": [
                        "@s minecraft:event_spawn_dead",
						"/stopsound @a mob.jumpscare"
                    ]
                }
            }
        }
    }
}