{
	"format_version": "1.10.0",
	"animation_controllers": {
	  "controller.animation.jumpscare_green": {
		"initial_state": "default",
		"states": {
		  "default": {
			"transitions": [
			  {
				"attack": "variable.attack_time > 0 && !query.is_stunned"
			  },
			{
				"chase": "query.has_target"
			  },
			  {
				"add": "query.has_rider && !query.is_stunned"
			  }
			], 
			"on_entry": [
				"/stopsound @a mob.green.angry"
			 ]
		  },
		"chase": {
			"transitions": [
			  {
				"default": "!query.has_target"
			  }, 
			{
				"attack": "variable.attack_time > 0 && !query.is_stunned"
			  }, 
			{
				"add": "query.has_rider && !query.is_stunned"
			  }
			],
			"animations": [
				"chase"
			 ]
		  },
		  "attack": {
			"transitions": [
			  {
				"default": "1.0"
			  }
			],
			"on_entry": [
                "/function jumpscare_green", 
				"/tag @s add green"
			 ]
		  },
		  "add": {
			"transitions": [
			  {
				"default": "1.0"
			  }
			],
			"on_entry": [
				"/scoreboard objectives add green dummy",
				"/effect @e[r=2,type=!tb:green] blindness 1 1 true",  
				"/scoreboard players add @e[r=3,type=!tb:green] green 1",
				"/execute @e[scores={green=6..1000}] ~ ~ ~event entity @e[type=tb:green,r=5] tb:jumpscare_stop",
				"/execute @e[scores={green=6..1000}] ~ ~ ~tag @e[type=tb:green,r=5] remove green",
				"/kill @e[scores={green=6..1000}]",
				"/stopsound @a[r=25] mob.green.angry",
				"/scoreboard players set @a[scores={green=6..1000}] green 0"
			 ]
		  }
		}
	  }
  }
}