{
	"format_version": "1.10.0",
	"animation_controllers": {
	  "controller.animation.jumpscare_purple": {
		"initial_state": "default",
		"states": {
		  "default": {
			"transitions": [
			  {
				"attack": "variable.attack_time > 0 && !query.is_stunned"
			  },
			{
				"chase": "query.has_target"
			  },
			  {
				"add": "query.has_rider && !query.is_stunned"
			  }
			], 
			"on_entry": [
				"/stopsound @a mob.orange.angry"
			 ]
		  },
		"chase": {
			"transitions": [
			  {
				"default": "!query.has_target"
			  }, 
			{
				"attack": "variable.attack_time > 0 && !query.is_stunned"
			  }, 
			{
				"add": "query.has_rider && !query.is_stunned"
			  }
			],
			"animations": [
				"chase"
			 ]
		  },
		  "attack": {
			"transitions": [
			  {
				"default": "1.0"
			  }
			],
			"on_entry": [
                "/function jumpscare_purple", 
				"/tag @s add purple"
			 ]
		  },
		  "add": {
			"transitions": [
			  {
				"default": "1.0"
			  }
			],
			"on_entry": [
				"/scoreboard objectives add purple dummy",
				"/effect @e[r=2,type=!tb:purple] blindness 1 1 true",  
				"/scoreboard players add @e[r=3,type=!tb:purple] purple 1",
				"/execute @e[scores={purple=6..1000}] ~ ~ ~event entity @e[type=tb:purple,r=5] tb:jumpscare_stop",
				"/execute @e[scores={purple=6..1000}] ~ ~ ~tag @e[type=tb:purple,r=5] remove purple",
				"/kill @e[scores={purple=6..1000}]",
				"/stopsound @a[r=25] mob.blue.angry",
				"/scoreboard players set @a[scores={purple=6..1000}] purple 0"
			 ]
		  }
		}
	  }
  }
}