{"resource_pack_name":"vanilla","texture_data":{"yg:battery":{"textures":"textures/items/yg_battery"},"yg:black":{"textures":"textures/items/spawn_eggs/yg_black_spawn_egg"},"yg:blocks":{"textures":"textures/items/yg_blocks"},"yg:blue":{"textures":"textures/items/spawn_eggs/yg_blue_spawn_egg"},"yg:blue_cut_out":{"textures":"textures/items/yg_blue_cut_out"},"yg:brown":{"textures":"textures/items/spawn_eggs/yg_brown_spawn_egg"},"yg:food_pack":{"textures":"textures/items/yg_food_pack"},"yg:fuse":{"textures":"textures/items/yg_fuse"},"yg:green":{"textures":"textures/items/spawn_eggs/yg_green_spawn_egg"},"yg:indigo":{"textures":"textures/items/spawn_eggs/yg_indigo_spawn_egg"},"yg:lime":{"textures":"textures/items/spawn_eggs/yg_lime_spawn_egg"},"yg:orange":{"textures":"textures/items/spawn_eggs/yg_orange_spawn_egg"},"yg:pink":{"textures":"textures/items/spawn_eggs/yg_pink_spawn_egg"},"yg:purple":{"textures":"textures/items/spawn_eggs/yg_purple_spawn_egg"},"yg:rainbow_fragment":{"textures":"textures/items/yg_rainbow_fragment"},"yg:red":{"textures":"textures/items/spawn_eggs/yg_red_spawn_egg"},"yg:teal":{"textures":"textures/items/spawn_eggs/yg_teal_spawn_egg"},"yg:white":{"textures":"textures/items/spawn_eggs/yg_white_spawn_egg"},"yg:yellow":{"textures":"textures/items/spawn_eggs/yg_yellow_spawn_egg"},"yg_box":{"textures":"textures/items/yg_box"}},"texture_name":"atlas.items"}