{
  "format_version": "1.16.100",
  "minecraft:item": {
    "description": {
      "identifier": "mr:mini",
      "category": "Equipment"
    },
    "components": {
      "minecraft:display_name": {
        "value": "mini"
      },
      "minecraft:creative_category": {
        "parent": "itemGroup.name.tools"
      },
      "minecraft:stacked_by_data": true,
      "minecraft:cooldown": {
        "category": "reload",
        "duration": 0.1
      },
      "minecraft:food": {
        "can_always_eat": true
      },
      "minecraft:allow_off_hand": false,
      "minecraft:hand_equipped": true,
      "minecraft:use_animation": "bow",
      "minecraft:use_duration": 999999.0,
      "minecraft:max_stack_size": 1,
      "minecraft:icon": {
        "texture": "mr_mini"
      },
      "minecraft:render_offsets": {
        "main_hand": {
          "third_person": {
            "scale": [
              0.1,
              0.1,
              0.1
            ]
          },
          "first_person": {
            "scale": [
              0.037999999999977205,
              0.037999999999977205,
              0.037999999999977205
            ]
          }
        },
        "off_hand": {
          "third_person": {
            "scale": [
              0.1,
              0.1,
              0.1
            ]
          },
          "first_person": {
            "scale": [
              0.037999999999977205,
              0.037999999999977205,
              0.037999999999977205
            ]
          }
        }
      }
    }
  }
}