{
	"format_version": "1.10.0",
	"minecraft:client_entity": {
		"description": {
			"identifier": "mr:cyan",
			"materials": {
				"default": "entity_alphatest"
			},
			"textures": {
				"default": "textures/entity/pamobile/mr_cyan"
			},
			"geometry": {
				"default": "geometry.mr_cyan"
			},
			"render_controllers": [
				"controller.render.blue"
			],
			"animations": {
				"look_at_target": "animation.mr_blue.look_at_target",
				"no_target": "animation.blue.setup",
				"target": "animation.blue.setup",
				"blue_controls": "controller.animation.blue",
				"jumpscare": "animation.cyan.jumpscare",
				"walk": "animation.cyan.move",
				"attack": "animation.cyan.jumpscare",
				"idle": "animation.cyan.general"
			},
			"scripts": {
				"animate": [
					"blue_controls",
					{
						"no_target": "!query.has_target"
					},
					{
						"target": "query.has_target"
					},
					"look_at_target"
				]
			},
			"spawn_egg": {
				"texture": "mr:cyan",
				"texture_index": 0
			}
		}
	}
}