{
	"format_version": "1.10.0",
	"minecraft:client_entity": {
		"description": {
			"identifier": "mr:green",
			"materials": {
				"default": "entity_alphatest"
			},
			"textures": {
				"default": "textures/entity/pamobile/mr_green"
			},
			"geometry": {
				"default": "geometry.mr_green"
			},
			"render_controllers": [
				"controller.render.green"
			],
			"animations": {
				"no_target": "animation.green.setup",
				"target": "animation.green.grab",
				"green_controls": "controller.animation.green",
				"jumpscare": "animation.green.jumpscare",
				"walk": "animation.green.move",
				"attack": "animation.green.jumpscare",
				"idle": "animation.green.general"
			},
			"scripts": {
				"animate": [
					"green_controls",
					{
						"no_target": "!query.has_target"
					},
					{
						"target": "query.has_target"
					}
				]
			},
			"spawn_egg": {
				"texture": "mr:green",
				"texture_index": 0
			}
		}
	}
}