{
  "format_version": "1.8.0",
  "minecraft:client_entity": {
    "description": {
      "identifier": "mr:lookies",
      "min_engine_version": "1.8.0",
      "materials": {
        "default": "villager"
      },
      "textures": {
        "farmer": "textures/entity/pamobile/mr_lookies_Villager/farmer.png",
        "librarian": "textures/entity/pamobile/mr_lookies_Villager/librarian.png",
        "priest": "textures/entity/pamobile/mr_lookies_Villager/priest.png",
        "smith": "textures/entity/pamobile/mr_lookies_Villager/smith.png",
        "butcher": "textures/entity/pamobile/mr_lookies_Villager/butcher.png"
      },
      "geometry": {
        "default": "geometry.mr_lookies"
      },
      "scripts": {
        "scale": "0.9375"
      },
      "animations": {
        "general": "animation.villager.general",
        "look_at_target": "animation.common.look_at_target",
        "move": "animation.villager.move",
        "baby_transform": "animation.villager.baby_transform"
      },
      "animation_controllers": [
        {
          "general": "controller.animation.villager.general"
        },
        {
          "move": "controller.animation.villager.move"
        },
        {
          "baby": "controller.animation.villager.baby"
        }
      ],
      "render_controllers": [
        "controller.render.villager"
      ],
      "spawn_egg": {
        "texture": "mr:lookies",
        "texture_index": 0
      }
    }
  }
}