{
	"format_version": "1.10.0",
	"minecraft:client_entity": {
		"description": {
			"identifier": "mr:orange",
			"materials": {
				"default": "entity_alphatest"
			},
			"textures": {
				"default": "textures/entity/pamobile/mr_orange"
			},
			"geometry": {
				"default": "geometry.mr_orange"
			},
			"render_controllers": [
				"controller.render.orange"
			],
			"animations": {
				"look_at_target": "animation.orange.looking",
				"no_target": "animation.orange.setup",
				"target": "animation.orange.setup",
				"orange_controls": "controller.animation.orange",
				"jumpscare": "animation.orange.jumspace",
				"walk": "animation.orange.run",
				"climb": "animation.orange.run",
				"nap": "animation.orange.general",
				"attack": "animation.orange.jumspace",
				"idle": "animation.orange.general"
			},
			"scripts": {
				"animate": [
					"orange_controls",
					{
						"no_target": "!query.has_target"
					},
					{
						"target": "query.has_target"
					},
					"look_at_target"
				]
			},
			"spawn_egg": {
				"texture": "mr:orange",
				"texture_index": 0
			}
		}
	}
}