{
	"format_version": "1.10.0",
	"minecraft:client_entity": {
		"description": {
			"identifier": "pa:witch",
			"materials": {
				"default": "enderman"
			},
			"textures": {
				"default": "textures/entity/pamobile/pa_witch"
			},
			"geometry": {
				"default": "geometry.pa_witch"
			},
			"render_controllers": [
				"controller.render.purple"
			],
			"animations": {
				"look_at_target": "animation.purple.look_at_target",
				"no_target": "animation.purple.setup",
				"target": "animation.purple.target",
				"purple_controls": "controller.animation.purple",
				"jumpscare": "animation.purple.jumpscare",
				"walk": "animation.purple.move",
				"attack": "animation.purple.jumpscare",
				"idle": "animation.purple.general"
			},
			"scripts": {
				"animate": [
					"purple_controls",
					{
						"no_target": "!query.has_target"
					},
					{
						"target": "query.has_target"
					},
					"look_at_target"
				]
			},
			"spawn_egg": {
				"texture": "pa:witch",
				"texture_index": 0
			}
		}
	}
}
