{"format_version":"1.10.0","minecraft:client_entity":{"description":{"identifier":"yg:stinky_joel","materials":{"default":"witch"},"textures":{"default":"textures/entity/yg_stinky_joel"},"geometry":{"default":"geometry.yg_stinky_joel"},"scripts":{"animate":["move","general","attack"],"pre_animation":["variable.random = math.round(math.random(0,2));"]},"animations":{"moving":"animation.yg_stinky_joel.move","move":"controller.animation.yg_stinky_joel.move","gazo_general":"animation.yg_stinky_joel.general","general":"controller.animation.yg_stinky_joel.general","attack0":"animation.yg_stinky_joel.attack","attack":"controller.animation.yg_stinky_joel.attack","jumpscare":"animation.yg_stinky_joel.jumpscare"},"render_controllers":["controller.render.witch"],"spawn_egg":{"texture":"yg:stinky_joel","texture_index":0}}}}