{"format_version":"1.10.0","minecraft:client_entity":{"description":{"identifier":"yg:sherif_toadster","materials":{"default":"witch"},"textures":{"default":"textures/entity/yg_sherif_toadster"},"geometry":{"default":"geometry.yg_sherif_toadster"},"scripts":{"animate":["move","general","attack"],"pre_animation":["variable.random = math.round(math.random(0,2));"]},"animations":{"moving":"animation.yg_sherif_toadster.move","move":"controller.animation.yg_sherif_toadster.move","gazo_general":"animation.yg_sherif_toadster.general","general":"controller.animation.yg_sherif_toadster.general","attack0":"animation.yg_sherif_toadster.attack","attack":"controller.animation.yg_sherif_toadster.attack","look_at_target":"animation.yg_sherif_toadster.looking","jumpscare":"animation.yg_sherif_toadster.jumpscare"},"render_controllers":["controller.render.witch"],"spawn_egg":{"texture":"yg:sherif_toadster","texture_index":0}}}}