{
	"format_version": "1.8.0",
	"animations": {
		"animation.green.general": {
			"loop": true,
			"animation_length": 4,
			"bones": {
				"body2": {
					"rotation": {
						"0.0": [13.27463, 19.50645, 4.50432],
						"1.0": [2.59237, 4.8238, 1.51822],
						"2.0": [12.7936, -12.48309, -1.03403],
						"3.0": [10.00057, -2.7245, 1.17218],
						"4.0": [13.27463, 19.50645, 4.50432]
					}
				},
				"body1": {
					"rotation": {
						"0.0": [18.88995, 13.46623, -3.8479],
						"1.0": [10.81623, -6.60629, -4.68001],
						"2.0": [16.59988, -18.61345, -8.24882],
						"3.0": [10.7519, -4.20053, -3.997],
						"4.0": [18.88995, 13.46623, -3.8479]
					}
				},
				"body0": {
					"rotation": {
						"0.0": [2.5, 20, 0],
						"1.0": [-0.14859, 2.51542, -0.75227],
						"2.0": [5.08005, -17.41105, -2.48942],
						"3.0": [-0.14877, -2.46669, -1.17499],
						"4.0": [2.5, 20, 0]
					}
				},
				"head0": {
					"rotation": {
						"0.0": [0, 37.5, 0],
						"1.0": [0, 5, 0],
						"2.0": [0, -25, 0],
						"3.0": [0, 2.5, 0],
						"4.0": [0, 37.5, 0]
					}
				},
				"eye1": {
					"position": {
						"0.0": {
							"post": [-1, -1, 0],
							"lerp_mode": "catmullrom"
						},
						"0.2917": {
							"post": [-1, 1, 0],
							"lerp_mode": "catmullrom"
						},
						"0.5833": {
							"post": [1, 1, 0],
							"lerp_mode": "catmullrom"
						},
						"0.8333": {
							"post": [1, 0, 0],
							"lerp_mode": "catmullrom"
						},
						"1.0": {
							"post": [1, -1, 0],
							"lerp_mode": "catmullrom"
						},
						"1.1667": {
							"post": [-1, -1, 0],
							"lerp_mode": "catmullrom"
						},
						"1.4583": {
							"post": [1, -1, 0],
							"lerp_mode": "catmullrom"
						},
						"1.7083": {
							"post": [0, -1, 0],
							"lerp_mode": "catmullrom"
						},
						"1.9583": {
							"post": [1, -1, 0],
							"lerp_mode": "catmullrom"
						},
						"2.1667": {
							"post": [1, 0, 0],
							"lerp_mode": "catmullrom"
						},
						"2.375": {
							"post": [1, -1, 0],
							"lerp_mode": "catmullrom"
						},
						"2.5833": {
							"post": [0, -1, 0],
							"lerp_mode": "catmullrom"
						},
						"2.7917": {
							"post": [-1, -1, 0],
							"lerp_mode": "catmullrom"
						},
						"2.9583": {
							"post": [0, -1, 0],
							"lerp_mode": "catmullrom"
						},
						"3.125": {
							"post": [-1, -1, 0],
							"lerp_mode": "catmullrom"
						},
						"3.2917": {
							"post": [1, -1, 0],
							"lerp_mode": "catmullrom"
						},
						"3.375": {
							"post": [1, 0, 0],
							"lerp_mode": "catmullrom"
						},
						"3.5": {
							"post": [1, -1, 0],
							"lerp_mode": "catmullrom"
						},
						"3.625": {
							"post": [0, -1, 0],
							"lerp_mode": "catmullrom"
						},
						"3.8333": {
							"post": [-1, -1, 0],
							"lerp_mode": "catmullrom"
						},
						"3.875": {
							"post": [0, -1, 0],
							"lerp_mode": "catmullrom"
						},
						"4.0": {
							"post": [-1, -1, 0],
							"lerp_mode": "catmullrom"
						}
					}
				},
				"eye3": {
					"position": {
						"0.0": {
							"post": [-1, -1, 0],
							"lerp_mode": "catmullrom"
						},
						"0.2917": {
							"post": [-1, 1, 0],
							"lerp_mode": "catmullrom"
						},
						"0.5833": {
							"post": [1, 1, 0],
							"lerp_mode": "catmullrom"
						},
						"0.8333": {
							"post": [1, 0, 0],
							"lerp_mode": "catmullrom"
						},
						"1.0": {
							"post": [1, -1, 0],
							"lerp_mode": "catmullrom"
						},
						"1.1667": {
							"post": [-1, -1, 0],
							"lerp_mode": "catmullrom"
						},
						"1.4583": {
							"post": [1, -1, 0],
							"lerp_mode": "catmullrom"
						},
						"1.7083": {
							"post": [0, -1, 0],
							"lerp_mode": "catmullrom"
						},
						"1.9583": {
							"post": [1, -1, 0],
							"lerp_mode": "catmullrom"
						},
						"2.1667": {
							"post": [1, 0, 0],
							"lerp_mode": "catmullrom"
						},
						"2.375": {
							"post": [1, -1, 0],
							"lerp_mode": "catmullrom"
						},
						"2.5833": {
							"post": [0, -1, 0],
							"lerp_mode": "catmullrom"
						},
						"2.7917": {
							"post": [-1, -1, 0],
							"lerp_mode": "catmullrom"
						},
						"2.9583": {
							"post": [0, -1, 0],
							"lerp_mode": "catmullrom"
						},
						"3.125": {
							"post": [-1, -1, 0],
							"lerp_mode": "catmullrom"
						},
						"3.2917": {
							"post": [1, -1, 0],
							"lerp_mode": "catmullrom"
						},
						"3.375": {
							"post": [1, 0, 0],
							"lerp_mode": "catmullrom"
						},
						"3.5": {
							"post": [1, -1, 0],
							"lerp_mode": "catmullrom"
						},
						"3.625": {
							"post": [0, -1, 0],
							"lerp_mode": "catmullrom"
						},
						"3.8333": {
							"post": [-1, -1, 0],
							"lerp_mode": "catmullrom"
						},
						"3.875": {
							"post": [0, -1, 0],
							"lerp_mode": "catmullrom"
						},
						"4.0": {
							"post": [-1, -1, 0],
							"lerp_mode": "catmullrom"
						}
					}
				},
				"arm0": {
					"rotation": {
						"0.0": {
							"post": [0.55404, 12.48791, 2.56062],
							"lerp_mode": "catmullrom"
						},
						"1.0": {
							"post": [2.91938, 24.83376, 8.20358],
							"lerp_mode": "catmullrom"
						},
						"2.0": {
							"post": [-17.50238, 58.27364, -23.18065],
							"lerp_mode": "catmullrom"
						},
						"3.0": {
							"post": [-12.15807, 41.32985, -16.26353],
							"lerp_mode": "catmullrom"
						},
						"4.0": {
							"post": [0.55404, 12.48791, 2.56062],
							"lerp_mode": "catmullrom"
						}
					}
				},
				"arm1": {
					"rotation": {
						"0.0": {
							"post": [-0.82354, -1.78721, 15.26143],
							"lerp_mode": "catmullrom"
						},
						"1.0": {
							"post": [-0.6646, -1.85219, 10.25933],
							"lerp_mode": "catmullrom"
						},
						"2.0": {
							"post": [1.49727, -19.13604, 15.1581],
							"lerp_mode": "catmullrom"
						},
						"3.0": {
							"post": [3.32713, -13.82408, 7.57011],
							"lerp_mode": "catmullrom"
						},
						"4.0": {
							"post": [-0.82354, -1.78721, 15.26143],
							"lerp_mode": "catmullrom"
						}
					}
				},
				"arm2": {
					"rotation": {
						"0.0": {
							"post": [4.96268, -6.37519, -18.43073],
							"lerp_mode": "catmullrom"
						},
						"1.0": {
							"post": [2.52636, 4.50171, 9.67633],
							"lerp_mode": "catmullrom"
						},
						"2.0": {
							"post": [-52.60518, -0.92319, 19.44776],
							"lerp_mode": "catmullrom"
						},
						"3.0": {
							"post": [-70.35224, 3.32006, 7.68473],
							"lerp_mode": "catmullrom"
						},
						"4.0": {
							"post": [4.96268, -6.37519, -18.43073],
							"lerp_mode": "catmullrom"
						}
					}
				},
				"arm3": {
					"rotation": {
						"0.0": {
							"post": [-3.18458, 6.79382, -40.18908],
							"lerp_mode": "catmullrom"
						},
						"1.0": {
							"post": [18.29743, 41.97372, -16.99564],
							"lerp_mode": "catmullrom"
						},
						"2.0": {
							"post": [11.63835, -9.20963, 29.83639],
							"lerp_mode": "catmullrom"
						},
						"3.0": {
							"post": [17.27162, -30.4044, 10.41113],
							"lerp_mode": "catmullrom"
						},
						"4.0": {
							"post": [-3.18458, 6.79382, -40.18908],
							"lerp_mode": "catmullrom"
						}
					}
				},
				"arm4": {
					"rotation": {
						"0.0": {
							"post": [0, 0, -17.5],
							"lerp_mode": "catmullrom"
						},
						"1.0": {
							"post": [22.32648, -2.86313, -10.56512],
							"lerp_mode": "catmullrom"
						},
						"2.0": {
							"post": [19.25656, -11.86554, 12.98005],
							"lerp_mode": "catmullrom"
						},
						"3.0": {
							"post": [14.9092, -17.04679, 30.25318],
							"lerp_mode": "catmullrom"
						},
						"4.0": {
							"post": [0, 0, -17.5],
							"lerp_mode": "catmullrom"
						}
					}
				},
				"arm5": {
					"rotation": {
						"0.0": {
							"post": [22.5, 0, -15],
							"lerp_mode": "catmullrom"
						},
						"1.0": {
							"post": [10.03742, -4.92385, -15.87038],
							"lerp_mode": "catmullrom"
						},
						"2.0": {
							"post": [6.17876, 3.15308, 15.40728],
							"lerp_mode": "catmullrom"
						},
						"3.0": {
							"post": [6.53477, -19.21218, 12.90737],
							"lerp_mode": "catmullrom"
						},
						"4.0": {
							"post": [22.5, 0, -15],
							"lerp_mode": "catmullrom"
						}
					}
				},
				"arm6": {
					"rotation": {
						"0.0": {
							"post": [30, 0, -10],
							"lerp_mode": "catmullrom"
						},
						"1.0": {
							"post": [-23.4333, -17.2294, -20.3141],
							"lerp_mode": "catmullrom"
						},
						"2.0": {
							"post": [-23.09314, -76.68262, 26.17766],
							"lerp_mode": "catmullrom"
						},
						"3.0": {
							"post": [-7.03884, -42.50005, 8.41111],
							"lerp_mode": "catmullrom"
						},
						"4.0": {
							"post": [30, 0, -10],
							"lerp_mode": "catmullrom"
						}
					}
				},
				"arm7": {
					"rotation": {
						"0.0": {
							"post": [-52.94218, -46.91981, 51.87366],
							"lerp_mode": "catmullrom"
						},
						"1.0": {
							"post": [-34.35851, -36.12982, 33.71158],
							"lerp_mode": "catmullrom"
						},
						"2.0": {
							"post": [-43.47086, -0.84523, 13.34746],
							"lerp_mode": "catmullrom"
						},
						"3.0": {
							"post": [-42.57929, -28.14847, 40.26322],
							"lerp_mode": "catmullrom"
						},
						"4.0": {
							"post": [-52.94218, -46.91981, 51.87366],
							"lerp_mode": "catmullrom"
						}
					}
				},
				"arm8": {
					"rotation": {
						"0.0": {
							"post": [0, 0, -22.5],
							"lerp_mode": "catmullrom"
						},
						"1.0": {
							"post": [0, 0, -27.5],
							"lerp_mode": "catmullrom"
						},
						"2.0": {
							"post": [1.95155, -7.24305, -15.12353],
							"lerp_mode": "catmullrom"
						},
						"3.0": {
							"post": [0, 0, -7.5],
							"lerp_mode": "catmullrom"
						},
						"4.0": {
							"post": [0, 0, -22.5],
							"lerp_mode": "catmullrom"
						}
					}
				},
				"arm9": {
					"rotation": {
						"0.0": {
							"post": [0, 0, -17.5],
							"lerp_mode": "catmullrom"
						},
						"1.0": {
							"post": [0, 0, -12.5],
							"lerp_mode": "catmullrom"
						},
						"2.0": {
							"post": [0, 0, 17.5],
							"lerp_mode": "catmullrom"
						},
						"3.0": {
							"post": [0, 0, -5],
							"lerp_mode": "catmullrom"
						},
						"4.0": {
							"post": [0, 0, -17.5],
							"lerp_mode": "catmullrom"
						}
					}
				},
				"arm10": {
					"rotation": {
						"0.0": {
							"post": [0, 0, -17.5],
							"lerp_mode": "catmullrom"
						},
						"1.0": {
							"post": [0, 0, -22.5],
							"lerp_mode": "catmullrom"
						},
						"2.0": {
							"post": [0, 0, 22.5],
							"lerp_mode": "catmullrom"
						},
						"3.0": {
							"post": [4.60659, 14.2906, -4.42221],
							"lerp_mode": "catmullrom"
						},
						"4.0": {
							"post": [0, 0, -17.5],
							"lerp_mode": "catmullrom"
						}
					}
				},
				"arm11": {
					"rotation": {
						"0.0": {
							"post": [0, 0, -25],
							"lerp_mode": "catmullrom"
						},
						"1.0": {
							"post": [0, 0, -22.5],
							"lerp_mode": "catmullrom"
						},
						"2.0": {
							"post": [0, 15, 20],
							"lerp_mode": "catmullrom"
						},
						"3.0": {
							"post": [0, 0, -7.5],
							"lerp_mode": "catmullrom"
						},
						"4.0": {
							"post": [0, 0, -25],
							"lerp_mode": "catmullrom"
						}
					}
				},
				"arm12": {
					"rotation": {
						"0.0": {
							"post": [0, 37.5, 0],
							"lerp_mode": "catmullrom"
						},
						"1.0": {
							"post": [7.5, 37.5, 0],
							"lerp_mode": "catmullrom"
						},
						"2.0": {
							"post": [70.1339, -8.30137, 1.60472],
							"lerp_mode": "catmullrom"
						},
						"3.0": {
							"post": [14.7912, 35.55831, 12.21764],
							"lerp_mode": "catmullrom"
						},
						"4.0": {
							"post": [0, 37.5, 0],
							"lerp_mode": "catmullrom"
						}
					}
				},
				"arm13": {
					"rotation": {
						"0.0": {
							"post": [0, 40, 0],
							"lerp_mode": "catmullrom"
						},
						"1.0": {
							"post": [-2.45648, 36.10989, -2.63164],
							"lerp_mode": "catmullrom"
						},
						"2.0": {
							"post": [27.6935, 12.97683, -9.85538],
							"lerp_mode": "catmullrom"
						},
						"3.0": {
							"post": [-2.45648, 36.10989, -2.63164],
							"lerp_mode": "catmullrom"
						},
						"4.0": {
							"post": [0, 40, 0],
							"lerp_mode": "catmullrom"
						}
					}
				},
				"leg0": {
					"rotation": {
						"0.0": [0, -5, 0],
						"0.5": [0, 10, 0],
						"1.0417": [0, -15, 0],
						"1.2917": [3.31914, -14.63639, -12.92638],
						"1.5833": [0, -15, 0],
						"2.0": [0, 2.5, 0],
						"2.5": [0, -17.5, 0],
						"3.0": [0, -2.5, 0],
						"3.5": [0, 10, 0],
						"4.0": [0, -5, 0]
					}
				},
				"leg2": {
					"rotation": {
						"0.0": [0, -15, 0],
						"0.5": [0, 17.5, 0],
						"1.0": [0, 2.5, 0],
						"1.5": [0, -27.5, 0],
						"2.0": [0, -5, 0],
						"2.5": [0, -22.5, 0],
						"3.0": [0, -2.5, 0],
						"3.2917": [-0.95723, -2.30959, 22.5193],
						"3.625": [0, -2.5, 0],
						"4.0": [0, -15, 0]
					}
				},
				"head": {
					"rotation": [15, 0, 0]
				},
				"finger0": {
					"rotation": {
						"0.0": {
							"post": [0, -20, 0],
							"lerp_mode": "catmullrom"
						},
						"0.25": {
							"post": [0, 12.5, 0],
							"lerp_mode": "catmullrom"
						},
						"0.4583": {
							"post": [0, -42.5, 0],
							"lerp_mode": "catmullrom"
						},
						"0.6667": {
							"post": [0, -25, 0],
							"lerp_mode": "catmullrom"
						},
						"0.875": {
							"post": [0, -12.5, 0],
							"lerp_mode": "catmullrom"
						},
						"1.0": {
							"post": [0, -12.5, 0],
							"lerp_mode": "catmullrom"
						},
						"1.7917": {
							"post": [0, -12.5, 0],
							"lerp_mode": "catmullrom"
						},
						"2.0": {
							"post": [0, 12.5, 0],
							"lerp_mode": "catmullrom"
						},
						"3.0": {
							"post": [0, -7.5, 0],
							"lerp_mode": "catmullrom"
						},
						"4.0": {
							"post": [0, -20, 0],
							"lerp_mode": "catmullrom"
						}
					}
				},
				"finger1": {
					"rotation": {
						"0.0": {
							"post": [0, 5, 0],
							"lerp_mode": "catmullrom"
						},
						"0.25": {
							"post": [0, -25, 0],
							"lerp_mode": "catmullrom"
						},
						"0.4583": {
							"post": [0, -2.5, 0],
							"lerp_mode": "catmullrom"
						},
						"0.6667": {
							"post": [7.33825, -40.16388, -7.1409],
							"lerp_mode": "catmullrom"
						},
						"0.875": {
							"post": [4.94671, -8.32057, 1.8603],
							"lerp_mode": "catmullrom"
						},
						"1.0": {
							"post": [4.95, -8.32, 1.86],
							"lerp_mode": "catmullrom"
						},
						"1.7917": {
							"post": [4.95, -8.32, 1.86],
							"lerp_mode": "catmullrom"
						},
						"2.0": {
							"post": [4.93078, 6.6249, 3.14827],
							"lerp_mode": "catmullrom"
						},
						"3.0": {
							"post": [4.95, -8.32, 1.86],
							"lerp_mode": "catmullrom"
						},
						"4.0": {
							"post": [0, 5, 0],
							"lerp_mode": "catmullrom"
						}
					}
				},
				"finger2": {
					"rotation": {
						"0.0": {
							"post": [0, -20, 0],
							"lerp_mode": "catmullrom"
						},
						"0.25": {
							"post": [0, 15, 0],
							"lerp_mode": "catmullrom"
						},
						"0.4583": {
							"post": [0, -30, 0],
							"lerp_mode": "catmullrom"
						},
						"0.6667": {
							"post": [0, -12.5, 0],
							"lerp_mode": "catmullrom"
						},
						"0.875": {
							"post": [1.59617, -3.21273, 3.7032],
							"lerp_mode": "catmullrom"
						},
						"1.0": {
							"post": [1.6, -3.21, 3.7],
							"lerp_mode": "catmullrom"
						},
						"1.7917": {
							"post": [1.6, -3.21, 3.7],
							"lerp_mode": "catmullrom"
						},
						"2.0": {
							"post": [1.63189, 11.7841, 4.12297],
							"lerp_mode": "catmullrom"
						},
						"3.0": {
							"post": [1.6258, -10.70704, 3.48748],
							"lerp_mode": "catmullrom"
						},
						"4.0": {
							"post": [0, -20, 0],
							"lerp_mode": "catmullrom"
						}
					}
				},
				"finger3": {
					"rotation": {
						"0.0": {
							"post": [0, -15, 0],
							"lerp_mode": "catmullrom"
						},
						"0.9583": {
							"post": [0, -7.5, 0],
							"lerp_mode": "catmullrom"
						},
						"1.7083": {
							"post": [0, -7.5, 0],
							"lerp_mode": "catmullrom"
						},
						"1.9583": {
							"post": [0, 25, 0],
							"lerp_mode": "catmullrom"
						},
						"2.1667": {
							"post": [0, 12.5, 0],
							"lerp_mode": "catmullrom"
						},
						"2.3333": {
							"post": [0, 37.5, 0],
							"lerp_mode": "catmullrom"
						},
						"2.875": {
							"post": [0, 20, 0],
							"lerp_mode": "catmullrom"
						},
						"3.1667": {
							"post": [0, 20, 0],
							"lerp_mode": "catmullrom"
						},
						"3.9583": {
							"post": [0, -15, 0],
							"lerp_mode": "catmullrom"
						}
					}
				},
				"finger4": {
					"rotation": {
						"0.0": {
							"post": [0, -10, 0],
							"lerp_mode": "catmullrom"
						},
						"0.9583": {
							"post": [0, 0, 0],
							"lerp_mode": "catmullrom"
						},
						"1.7083": {
							"post": [0, 0, 0],
							"lerp_mode": "catmullrom"
						},
						"1.9583": {
							"post": [0, -5, 0],
							"lerp_mode": "catmullrom"
						},
						"2.1667": {
							"post": [0, 35, 0],
							"lerp_mode": "catmullrom"
						},
						"2.3333": {
							"post": [0, 2.5, 0],
							"lerp_mode": "catmullrom"
						},
						"2.875": {
							"post": [0, 17.5, 0],
							"lerp_mode": "catmullrom"
						},
						"3.1667": {
							"post": [0, 17.5, 0],
							"lerp_mode": "catmullrom"
						},
						"3.9583": {
							"post": [0, -10, 0],
							"lerp_mode": "catmullrom"
						}
					}
				},
				"finger5": {
					"rotation": {
						"0.0": {
							"post": [0, -7.5, 0],
							"lerp_mode": "catmullrom"
						},
						"0.9583": {
							"post": [0, 7.5, 0],
							"lerp_mode": "catmullrom"
						},
						"1.7083": {
							"post": [0, 7.5, 0],
							"lerp_mode": "catmullrom"
						},
						"1.9583": {
							"post": [0, 20, 0],
							"lerp_mode": "catmullrom"
						},
						"2.1667": {
							"post": [0, 10, 0],
							"lerp_mode": "catmullrom"
						},
						"2.3333": {
							"post": [0, 27.5, 0],
							"lerp_mode": "catmullrom"
						},
						"2.875": {
							"post": [0, 17.5, 0],
							"lerp_mode": "catmullrom"
						},
						"3.1667": {
							"post": [0, 17.5, 0],
							"lerp_mode": "catmullrom"
						},
						"3.9583": {
							"post": [0, -7.5, 0],
							"lerp_mode": "catmullrom"
						}
					}
				}
			}
		},
		"animation.green.moving": {
			"loop": true,
			"animation_length": 6,
			"bones": {
				"body0": {
					"rotation": {
						"0.0": {
							"post": [5.07673, 9.96156, 0.88045],
							"lerp_mode": "catmullrom"
						},
						"0.5": {
							"post": [5.08, -9.96, -0.88],
							"lerp_mode": "catmullrom"
						},
						"1.0": {
							"post": [5.07673, 9.96156, 0.88045],
							"lerp_mode": "catmullrom"
						},
						"1.5": {
							"post": [5.08, -9.96, -0.88],
							"lerp_mode": "catmullrom"
						},
						"2.0": {
							"post": [5.07673, 9.96156, 0.88045],
							"lerp_mode": "catmullrom"
						},
						"2.5": {
							"post": [5.08, -9.96, -0.88],
							"lerp_mode": "catmullrom"
						},
						"3.0": {
							"post": [5.07673, 9.96156, 0.88045],
							"lerp_mode": "catmullrom"
						},
						"3.5": {
							"post": [5.08, -9.96, -0.88],
							"lerp_mode": "catmullrom"
						},
						"4.0": {
							"post": [5.07673, 9.96156, 0.88045],
							"lerp_mode": "catmullrom"
						},
						"4.5": {
							"post": [5.08, -9.96, -0.88],
							"lerp_mode": "catmullrom"
						},
						"5.0": {
							"post": [5.07673, 9.96156, 0.88045],
							"lerp_mode": "catmullrom"
						},
						"5.5": {
							"post": [5.08, -9.96, -0.88],
							"lerp_mode": "catmullrom"
						},
						"6.0": {
							"post": [5.08, 9.96, 0.88],
							"lerp_mode": "catmullrom"
						}
					}
				},
				"eye1": {
					"position": {
						"0.0": {
							"post": [-1, 0, 0],
							"lerp_mode": "catmullrom"
						},
						"0.125": {
							"post": [-1, -1, 0],
							"lerp_mode": "catmullrom"
						},
						"0.2917": {
							"post": [0, -1, 0],
							"lerp_mode": "catmullrom"
						},
						"0.4167": {
							"post": [1, -1, 0],
							"lerp_mode": "catmullrom"
						},
						"0.5": {
							"post": [1, 0, 0],
							"lerp_mode": "catmullrom"
						},
						"0.625": {
							"post": [1, -1, 0],
							"lerp_mode": "catmullrom"
						},
						"0.75": {
							"post": [0, -1, 0],
							"lerp_mode": "catmullrom"
						},
						"0.875": {
							"post": [-1, -1, 0],
							"lerp_mode": "catmullrom"
						},
						"1.0": {
							"post": [-1, 0, 0],
							"lerp_mode": "catmullrom"
						},
						"1.125": {
							"post": [-1, -1, 0],
							"lerp_mode": "catmullrom"
						},
						"1.2917": {
							"post": [0, -1, 0],
							"lerp_mode": "catmullrom"
						},
						"1.4167": {
							"post": [1, -1, 0],
							"lerp_mode": "catmullrom"
						},
						"1.5": {
							"post": [1, 0, 0],
							"lerp_mode": "catmullrom"
						},
						"1.625": {
							"post": [1, -1, 0],
							"lerp_mode": "catmullrom"
						},
						"1.75": {
							"post": [0, -1, 0],
							"lerp_mode": "catmullrom"
						},
						"1.875": {
							"post": [-1, -1, 0],
							"lerp_mode": "catmullrom"
						},
						"2.0": {
							"post": [-1, 0, 0],
							"lerp_mode": "catmullrom"
						},
						"2.125": {
							"post": [-1, -1, 0],
							"lerp_mode": "catmullrom"
						},
						"2.2917": {
							"post": [0, -1, 0],
							"lerp_mode": "catmullrom"
						},
						"2.4167": {
							"post": [1, -1, 0],
							"lerp_mode": "catmullrom"
						},
						"2.5": {
							"post": [1, 0, 0],
							"lerp_mode": "catmullrom"
						},
						"2.625": {
							"post": [1, -1, 0],
							"lerp_mode": "catmullrom"
						},
						"2.75": {
							"post": [0, -1, 0],
							"lerp_mode": "catmullrom"
						},
						"2.875": {
							"post": [-1, -1, 0],
							"lerp_mode": "catmullrom"
						},
						"3.0": {
							"post": [-1, 0, 0],
							"lerp_mode": "catmullrom"
						},
						"3.125": {
							"post": [-1, -1, 0],
							"lerp_mode": "catmullrom"
						},
						"3.2917": {
							"post": [0, -1, 0],
							"lerp_mode": "catmullrom"
						},
						"3.4167": {
							"post": [1, -1, 0],
							"lerp_mode": "catmullrom"
						},
						"3.5": {
							"post": [1, 0, 0],
							"lerp_mode": "catmullrom"
						},
						"3.625": {
							"post": [1, -1, 0],
							"lerp_mode": "catmullrom"
						},
						"3.75": {
							"post": [0, -1, 0],
							"lerp_mode": "catmullrom"
						},
						"3.875": {
							"post": [-1, -1, 0],
							"lerp_mode": "catmullrom"
						},
						"4.0": {
							"post": [-1, 0, 0],
							"lerp_mode": "catmullrom"
						},
						"4.125": {
							"post": [-1, -1, 0],
							"lerp_mode": "catmullrom"
						},
						"4.2917": {
							"post": [0, -1, 0],
							"lerp_mode": "catmullrom"
						},
						"4.4167": {
							"post": [1, -1, 0],
							"lerp_mode": "catmullrom"
						},
						"4.5": {
							"post": [1, 0, 0],
							"lerp_mode": "catmullrom"
						},
						"4.625": {
							"post": [1, -1, 0],
							"lerp_mode": "catmullrom"
						},
						"4.75": {
							"post": [0, -1, 0],
							"lerp_mode": "catmullrom"
						},
						"4.875": {
							"post": [-1, -1, 0],
							"lerp_mode": "catmullrom"
						},
						"5.0": {
							"post": [-1, 0, 0],
							"lerp_mode": "catmullrom"
						},
						"5.125": {
							"post": [-1, -1, 0],
							"lerp_mode": "catmullrom"
						},
						"5.2917": {
							"post": [0, -1, 0],
							"lerp_mode": "catmullrom"
						},
						"5.4167": {
							"post": [1, -1, 0],
							"lerp_mode": "catmullrom"
						},
						"5.5": {
							"post": [1, 0, 0],
							"lerp_mode": "catmullrom"
						},
						"5.625": {
							"post": [1, -1, 0],
							"lerp_mode": "catmullrom"
						},
						"5.75": {
							"post": [0, -1, 0],
							"lerp_mode": "catmullrom"
						},
						"5.875": {
							"post": [-1, -1, 0],
							"lerp_mode": "catmullrom"
						},
						"6.0": {
							"post": [-1, 0, 0],
							"lerp_mode": "catmullrom"
						}
					}
				},
				"eye3": {
					"position": {
						"0.0": {
							"post": [-1, 0, 0],
							"lerp_mode": "catmullrom"
						},
						"0.125": {
							"post": [-1, -1, 0],
							"lerp_mode": "catmullrom"
						},
						"0.2917": {
							"post": [0, -1, 0],
							"lerp_mode": "catmullrom"
						},
						"0.4167": {
							"post": [1, -1, 0],
							"lerp_mode": "catmullrom"
						},
						"0.5": {
							"post": [1, 0, 0],
							"lerp_mode": "catmullrom"
						},
						"0.625": {
							"post": [1, -1, 0],
							"lerp_mode": "catmullrom"
						},
						"0.75": {
							"post": [0, -1, 0],
							"lerp_mode": "catmullrom"
						},
						"0.875": {
							"post": [-1, -1, 0],
							"lerp_mode": "catmullrom"
						},
						"1.0": {
							"post": [-1, 0, 0],
							"lerp_mode": "catmullrom"
						},
						"1.125": {
							"post": [-1, -1, 0],
							"lerp_mode": "catmullrom"
						},
						"1.2917": {
							"post": [0, -1, 0],
							"lerp_mode": "catmullrom"
						},
						"1.4167": {
							"post": [1, -1, 0],
							"lerp_mode": "catmullrom"
						},
						"1.5": {
							"post": [1, 0, 0],
							"lerp_mode": "catmullrom"
						},
						"1.625": {
							"post": [1, -1, 0],
							"lerp_mode": "catmullrom"
						},
						"1.75": {
							"post": [0, -1, 0],
							"lerp_mode": "catmullrom"
						},
						"1.875": {
							"post": [-1, -1, 0],
							"lerp_mode": "catmullrom"
						},
						"2.0": {
							"post": [-1, 0, 0],
							"lerp_mode": "catmullrom"
						},
						"2.125": {
							"post": [-1, -1, 0],
							"lerp_mode": "catmullrom"
						},
						"2.2917": {
							"post": [0, -1, 0],
							"lerp_mode": "catmullrom"
						},
						"2.4167": {
							"post": [1, -1, 0],
							"lerp_mode": "catmullrom"
						},
						"2.5": {
							"post": [1, 0, 0],
							"lerp_mode": "catmullrom"
						},
						"2.625": {
							"post": [1, -1, 0],
							"lerp_mode": "catmullrom"
						},
						"2.75": {
							"post": [0, -1, 0],
							"lerp_mode": "catmullrom"
						},
						"2.875": {
							"post": [-1, -1, 0],
							"lerp_mode": "catmullrom"
						},
						"3.0": {
							"post": [-1, 0, 0],
							"lerp_mode": "catmullrom"
						},
						"3.125": {
							"post": [-1, -1, 0],
							"lerp_mode": "catmullrom"
						},
						"3.2917": {
							"post": [0, -1, 0],
							"lerp_mode": "catmullrom"
						},
						"3.4167": {
							"post": [1, -1, 0],
							"lerp_mode": "catmullrom"
						},
						"3.5": {
							"post": [1, 0, 0],
							"lerp_mode": "catmullrom"
						},
						"3.625": {
							"post": [1, -1, 0],
							"lerp_mode": "catmullrom"
						},
						"3.75": {
							"post": [0, -1, 0],
							"lerp_mode": "catmullrom"
						},
						"3.875": {
							"post": [-1, -1, 0],
							"lerp_mode": "catmullrom"
						},
						"4.0": {
							"post": [-1, 0, 0],
							"lerp_mode": "catmullrom"
						},
						"4.125": {
							"post": [-1, -1, 0],
							"lerp_mode": "catmullrom"
						},
						"4.2917": {
							"post": [0, -1, 0],
							"lerp_mode": "catmullrom"
						},
						"4.4167": {
							"post": [1, -1, 0],
							"lerp_mode": "catmullrom"
						},
						"4.5": {
							"post": [1, 0, 0],
							"lerp_mode": "catmullrom"
						},
						"4.625": {
							"post": [1, -1, 0],
							"lerp_mode": "catmullrom"
						},
						"4.75": {
							"post": [0, -1, 0],
							"lerp_mode": "catmullrom"
						},
						"4.875": {
							"post": [-1, -1, 0],
							"lerp_mode": "catmullrom"
						},
						"5.0": {
							"post": [-1, 0, 0],
							"lerp_mode": "catmullrom"
						},
						"5.125": {
							"post": [-1, -1, 0],
							"lerp_mode": "catmullrom"
						},
						"5.2917": {
							"post": [0, -1, 0],
							"lerp_mode": "catmullrom"
						},
						"5.4167": {
							"post": [1, -1, 0],
							"lerp_mode": "catmullrom"
						},
						"5.5": {
							"post": [1, 0, 0],
							"lerp_mode": "catmullrom"
						},
						"5.625": {
							"post": [1, -1, 0],
							"lerp_mode": "catmullrom"
						},
						"5.75": {
							"post": [0, -1, 0],
							"lerp_mode": "catmullrom"
						},
						"5.875": {
							"post": [-1, -1, 0],
							"lerp_mode": "catmullrom"
						},
						"6.0": {
							"post": [-1, 0, 0],
							"lerp_mode": "catmullrom"
						}
					}
				},
				"arm0": {
					"rotation": {
						"0.0": {
							"post": [-0.30971, -22.18674, -4.17183],
							"lerp_mode": "catmullrom"
						},
						"1.0": {
							"post": [4.74427, -21.70073, -17.64239],
							"lerp_mode": "catmullrom"
						},
						"1.5": {
							"post": [-4.35422, -21.77856, 6.60548],
							"lerp_mode": "catmullrom"
						},
						"2.0": {
							"post": [0.70979, -22.17801, -6.87167],
							"lerp_mode": "catmullrom"
						},
						"2.5": {
							"post": [-4.35422, -21.77856, 6.60548],
							"lerp_mode": "catmullrom"
						},
						"3.0": {
							"post": [-88.24772, 5.54397, 63.96965],
							"lerp_mode": "catmullrom"
						},
						"3.5": {
							"post": [-88.24772, 5.54397, 63.96965],
							"lerp_mode": "catmullrom"
						},
						"4.0": {
							"post": [-88.24772, 5.54397, 63.96965],
							"lerp_mode": "catmullrom"
						},
						"4.5": {
							"post": [-88.24772, 5.54397, 63.96965],
							"lerp_mode": "catmullrom"
						},
						"5.0": {
							"post": [-88.24772, 5.54397, 63.96965],
							"lerp_mode": "catmullrom"
						},
						"5.5": {
							"post": [-88.24772, 5.54397, 63.96965],
							"lerp_mode": "catmullrom"
						},
						"6.0": {
							"post": [-0.30971, -22.18674, -4.17183],
							"lerp_mode": "catmullrom"
						}
					}
				},
				"arm1": {
					"rotation": {
						"0.0": {
							"post": [0, 45, 0],
							"lerp_mode": "catmullrom"
						},
						"2.5": {
							"post": [0, 45, 0],
							"lerp_mode": "catmullrom"
						},
						"3.0": {
							"post": [0, 17.5, 0],
							"lerp_mode": "catmullrom"
						},
						"3.5": {
							"post": [0, 17.5, 0],
							"lerp_mode": "catmullrom"
						},
						"4.0": {
							"post": [0, 17.5, 0],
							"lerp_mode": "catmullrom"
						},
						"4.5": {
							"post": [0, 17.5, 0],
							"lerp_mode": "catmullrom"
						},
						"5.0": {
							"post": [0, 17.5, 0],
							"lerp_mode": "catmullrom"
						},
						"5.5": {
							"post": [0, 17.5, 0],
							"lerp_mode": "catmullrom"
						},
						"6.0": {
							"post": [0, 45, 0],
							"lerp_mode": "catmullrom"
						}
					}
				},
				"arm2": {
					"rotation": {
						"0.0": {
							"post": [0, 37.5, 0],
							"lerp_mode": "catmullrom"
						},
						"2.5": {
							"post": [0, 37.5, 0],
							"lerp_mode": "catmullrom"
						},
						"3.0": {
							"post": [0, 10, 0],
							"lerp_mode": "catmullrom"
						},
						"3.5": {
							"post": [0, 10, 0],
							"lerp_mode": "catmullrom"
						},
						"4.0": {
							"post": [0, 10, 0],
							"lerp_mode": "catmullrom"
						},
						"4.5": {
							"post": [0, 10, 0],
							"lerp_mode": "catmullrom"
						},
						"5.0": {
							"post": [0, 10, 0],
							"lerp_mode": "catmullrom"
						},
						"5.5": {
							"post": [0, 10, 0],
							"lerp_mode": "catmullrom"
						},
						"6.0": {
							"post": [0, 37.5, 0],
							"lerp_mode": "catmullrom"
						}
					}
				},
				"arm3": {
					"rotation": {
						"0.0": {
							"post": [0, 20, 0],
							"lerp_mode": "catmullrom"
						},
						"2.5": {
							"post": [0, 20, 0],
							"lerp_mode": "catmullrom"
						},
						"3.0": {
							"post": [0, 10, 0],
							"lerp_mode": "catmullrom"
						},
						"3.25": {
							"post": [0, 0, 0],
							"lerp_mode": "catmullrom"
						},
						"3.5": {
							"post": [0, 10, 0],
							"lerp_mode": "catmullrom"
						},
						"3.75": {
							"post": [0, 0, 0],
							"lerp_mode": "catmullrom"
						},
						"4.0": {
							"post": [0, 10, 0],
							"lerp_mode": "catmullrom"
						},
						"4.25": {
							"post": [0, 0, 0],
							"lerp_mode": "catmullrom"
						},
						"4.5": {
							"post": [0, 10, 0],
							"lerp_mode": "catmullrom"
						},
						"4.75": {
							"post": [0, 0, 0],
							"lerp_mode": "catmullrom"
						},
						"5.0": {
							"post": [0, 10, 0],
							"lerp_mode": "catmullrom"
						},
						"5.25": {
							"post": [0, 0, 0],
							"lerp_mode": "catmullrom"
						},
						"5.5": {
							"post": [0, 10, 0],
							"lerp_mode": "catmullrom"
						},
						"6.0": {
							"post": [0, 20, 0],
							"lerp_mode": "catmullrom"
						}
					}
				},
				"arm4": {
					"rotation": {
						"0.0": {
							"post": [0, 15, 0],
							"lerp_mode": "catmullrom"
						},
						"2.5": {
							"post": [0, 15, 0],
							"lerp_mode": "catmullrom"
						},
						"3.0": {
							"post": [0, 22.5, 0],
							"lerp_mode": "catmullrom"
						},
						"3.25": {
							"post": [0, 27.5, 0],
							"lerp_mode": "catmullrom"
						},
						"3.5": {
							"post": [0, 22.5, 0],
							"lerp_mode": "catmullrom"
						},
						"3.75": {
							"post": [0, 27.5, 0],
							"lerp_mode": "catmullrom"
						},
						"4.0": {
							"post": [0, 22.5, 0],
							"lerp_mode": "catmullrom"
						},
						"4.25": {
							"post": [0, 27.5, 0],
							"lerp_mode": "catmullrom"
						},
						"4.5": {
							"post": [0, 22.5, 0],
							"lerp_mode": "catmullrom"
						},
						"4.75": {
							"post": [0, 27.5, 0],
							"lerp_mode": "catmullrom"
						},
						"5.0": {
							"post": [0, 22.5, 0],
							"lerp_mode": "catmullrom"
						},
						"5.25": {
							"post": [0, 27.5, 0],
							"lerp_mode": "catmullrom"
						},
						"5.5": {
							"post": [0, 22.5, 0],
							"lerp_mode": "catmullrom"
						},
						"6.0": {
							"post": [0, 15, 0],
							"lerp_mode": "catmullrom"
						}
					}
				},
				"arm5": {
					"rotation": {
						"0.0": {
							"post": [0, 2.5, 0],
							"lerp_mode": "catmullrom"
						},
						"2.5": {
							"post": [0, 2.5, 0],
							"lerp_mode": "catmullrom"
						},
						"3.0": {
							"post": [0, 15, 0],
							"lerp_mode": "catmullrom"
						},
						"3.25": {
							"post": [0, 10, 0],
							"lerp_mode": "catmullrom"
						},
						"3.5": {
							"post": [0, 15, 0],
							"lerp_mode": "catmullrom"
						},
						"3.75": {
							"post": [0, 10, 0],
							"lerp_mode": "catmullrom"
						},
						"4.0": {
							"post": [0, 15, 0],
							"lerp_mode": "catmullrom"
						},
						"4.25": {
							"post": [0, 10, 0],
							"lerp_mode": "catmullrom"
						},
						"4.5": {
							"post": [0, 15, 0],
							"lerp_mode": "catmullrom"
						},
						"4.75": {
							"post": [0, 10, 0],
							"lerp_mode": "catmullrom"
						},
						"5.0": {
							"post": [0, 15, 0],
							"lerp_mode": "catmullrom"
						},
						"5.25": {
							"post": [0, 10, 0],
							"lerp_mode": "catmullrom"
						},
						"5.5": {
							"post": [0, 15, 0],
							"lerp_mode": "catmullrom"
						},
						"6.0": {
							"post": [0, 2.5, 0],
							"lerp_mode": "catmullrom"
						}
					}
				},
				"arm6": {
					"rotation": {
						"0.0": {
							"post": [0, -5, 0],
							"lerp_mode": "catmullrom"
						},
						"2.5": {
							"post": [0, -5, 0],
							"lerp_mode": "catmullrom"
						},
						"3.0": {
							"post": [0, 0, 0],
							"lerp_mode": "catmullrom"
						},
						"3.25": {
							"post": [0, 7.5, 0],
							"lerp_mode": "catmullrom"
						},
						"3.5": {
							"post": [0, 0, 0],
							"lerp_mode": "catmullrom"
						},
						"3.75": {
							"post": [0, 7.5, 0],
							"lerp_mode": "catmullrom"
						},
						"4.0": {
							"post": [0, 0, 0],
							"lerp_mode": "catmullrom"
						},
						"4.25": {
							"post": [0, 7.5, 0],
							"lerp_mode": "catmullrom"
						},
						"4.5": {
							"post": [0, 0, 0],
							"lerp_mode": "catmullrom"
						},
						"4.75": {
							"post": [0, 7.5, 0],
							"lerp_mode": "catmullrom"
						},
						"5.0": {
							"post": [0, 0, 0],
							"lerp_mode": "catmullrom"
						},
						"5.25": {
							"post": [0, 7.5, 0],
							"lerp_mode": "catmullrom"
						},
						"5.5": {
							"post": [0, 0, 0],
							"lerp_mode": "catmullrom"
						},
						"6.0": {
							"post": [0, -5, 0],
							"lerp_mode": "catmullrom"
						}
					}
				},
				"arm7": {
					"rotation": {
						"0.0": {
							"post": [-94.09918, -2.86544, -34.89743],
							"lerp_mode": "catmullrom"
						},
						"2.5": {
							"post": [-94.1, -2.87, -34.9],
							"lerp_mode": "catmullrom"
						},
						"3.0": {
							"post": [-179.81652, -14.44467, 12.64632],
							"lerp_mode": "catmullrom"
						},
						"3.25": {
							"post": [-174.79466, -13.49353, -7.94631],
							"lerp_mode": "catmullrom"
						},
						"3.5": {
							"post": [-181.01867, -14.32116, 17.52451],
							"lerp_mode": "catmullrom"
						},
						"3.75": {
							"post": [-172.90087, -12.5167, -16.47359],
							"lerp_mode": "catmullrom"
						},
						"4.0": {
							"post": [-179.33949, -14.13901, 10.79061],
							"lerp_mode": "catmullrom"
						},
						"4.25": {
							"post": [-174.79466, -13.49353, -7.94631],
							"lerp_mode": "catmullrom"
						},
						"4.5": {
							"post": [-181.01867, -14.32116, 17.52451],
							"lerp_mode": "catmullrom"
						},
						"4.75": {
							"post": [-172.90087, -12.5167, -16.47359],
							"lerp_mode": "catmullrom"
						},
						"5.0": {
							"post": [-179.33949, -14.13901, 10.79061],
							"lerp_mode": "catmullrom"
						},
						"5.25": {
							"post": [-174.51642, -13.11948, -9.45829],
							"lerp_mode": "catmullrom"
						},
						"5.5": {
							"post": [-179.82, -14.44, 12.65],
							"lerp_mode": "catmullrom"
						},
						"6.0": {
							"post": [-94.09918, -2.86544, -34.89743],
							"lerp_mode": "catmullrom"
						}
					}
				},
				"arm8": {
					"rotation": {
						"0.0": {
							"post": [0, 15, 0],
							"lerp_mode": "catmullrom"
						},
						"2.5": {
							"post": [0, 15, 0],
							"lerp_mode": "catmullrom"
						},
						"3.0": {
							"post": [0, 30, 0],
							"lerp_mode": "catmullrom"
						},
						"5.5": {
							"post": [0, 30, 0],
							"lerp_mode": "catmullrom"
						},
						"6.0": {
							"post": [0, 15, 0],
							"lerp_mode": "catmullrom"
						}
					}
				},
				"arm9": {
					"rotation": {
						"0.0": {
							"post": [0, 5, 0],
							"lerp_mode": "catmullrom"
						},
						"2.5": {
							"post": [0, 5, 0],
							"lerp_mode": "catmullrom"
						},
						"3.0": {
							"post": [0, 22.5, 0],
							"lerp_mode": "catmullrom"
						},
						"5.5": {
							"post": [0, 22.5, 0],
							"lerp_mode": "catmullrom"
						},
						"6.0": {
							"post": [0, 5, 0],
							"lerp_mode": "catmullrom"
						}
					}
				},
				"arm10": {
					"rotation": {
						"0.0": {
							"post": [0, -10, 0],
							"lerp_mode": "catmullrom"
						},
						"2.5": {
							"post": [0, -10, 0],
							"lerp_mode": "catmullrom"
						},
						"3.0": {
							"post": [0, 22.5, 0],
							"lerp_mode": "catmullrom"
						},
						"5.5": {
							"post": [0, 22.5, 0],
							"lerp_mode": "catmullrom"
						},
						"6.0": {
							"post": [0, -10, 0],
							"lerp_mode": "catmullrom"
						}
					}
				},
				"arm11": {
					"rotation": {
						"0.0": {
							"post": [0.77202, -30.01284, 0.58065],
							"lerp_mode": "catmullrom"
						},
						"0.25": {
							"post": [0.72271, -22.51205, 0.68926],
							"lerp_mode": "catmullrom"
						},
						"0.5": {
							"post": [0.77, -30.01, 0.58],
							"lerp_mode": "catmullrom"
						},
						"0.75": {
							"post": [0.72271, -22.51205, 0.68926],
							"lerp_mode": "catmullrom"
						},
						"1.0": {
							"post": [0.77, -30.01, 0.58],
							"lerp_mode": "catmullrom"
						},
						"1.25": {
							"post": [0.72271, -22.51205, 0.68926],
							"lerp_mode": "catmullrom"
						},
						"1.5": {
							"post": [0.77, -30.01, 0.58],
							"lerp_mode": "catmullrom"
						},
						"1.75": {
							"post": [0.72271, -22.51205, 0.68926],
							"lerp_mode": "catmullrom"
						},
						"2.0": {
							"post": [0.77, -30.01, 0.58],
							"lerp_mode": "catmullrom"
						},
						"2.25": {
							"post": [0.72271, -22.51205, 0.68926],
							"lerp_mode": "catmullrom"
						},
						"2.5": {
							"post": [0.77, -30.01, 0.58],
							"lerp_mode": "catmullrom"
						},
						"3.0": {
							"post": [-2.91756, 19.79308, -9.42649],
							"lerp_mode": "catmullrom"
						},
						"5.5": {
							"post": [-2.92, 19.79, -9.43],
							"lerp_mode": "catmullrom"
						},
						"6.0": {
							"post": [0.77202, -30.01284, 0.58065],
							"lerp_mode": "catmullrom"
						}
					}
				},
				"arm12": {
					"rotation": {
						"0.0": {
							"post": [0, -30, 0],
							"lerp_mode": "catmullrom"
						},
						"0.25": {
							"post": [0, -30, 0],
							"lerp_mode": "catmullrom"
						},
						"0.5": {
							"post": [0, -30, 0],
							"lerp_mode": "catmullrom"
						},
						"0.75": {
							"post": [0, -15, 0],
							"lerp_mode": "catmullrom"
						},
						"1.0": {
							"post": [0, -30, 0],
							"lerp_mode": "catmullrom"
						},
						"1.25": {
							"post": [0, -15, 0],
							"lerp_mode": "catmullrom"
						},
						"1.5": {
							"post": [0, -30, 0],
							"lerp_mode": "catmullrom"
						},
						"1.75": {
							"post": [0, -15, 0],
							"lerp_mode": "catmullrom"
						},
						"2.0": {
							"post": [0, -30, 0],
							"lerp_mode": "catmullrom"
						},
						"2.25": {
							"post": [0, -15, 0],
							"lerp_mode": "catmullrom"
						},
						"2.5": {
							"post": [0, -30, 0],
							"lerp_mode": "catmullrom"
						},
						"3.0": {
							"post": [0, -5, 0],
							"lerp_mode": "catmullrom"
						},
						"5.5": {
							"post": [0, -5, 0],
							"lerp_mode": "catmullrom"
						},
						"6.0": {
							"post": [0, -30, 0],
							"lerp_mode": "catmullrom"
						}
					}
				},
				"arm13": {
					"rotation": {
						"0.0": {
							"post": [0, 10, 0],
							"lerp_mode": "catmullrom"
						},
						"0.5": {
							"post": [0, 10, 0],
							"lerp_mode": "catmullrom"
						},
						"0.75": {
							"post": [0, -15, 0],
							"lerp_mode": "catmullrom"
						},
						"1.0": {
							"post": [0, 10, 0],
							"lerp_mode": "catmullrom"
						},
						"1.25": {
							"post": [0, -15, 0],
							"lerp_mode": "catmullrom"
						},
						"1.5": {
							"post": [0, 10, 0],
							"lerp_mode": "catmullrom"
						},
						"1.75": {
							"post": [0, -15, 0],
							"lerp_mode": "catmullrom"
						},
						"2.0": {
							"post": [0, 10, 0],
							"lerp_mode": "catmullrom"
						},
						"2.25": {
							"post": [0, -15, 0],
							"lerp_mode": "catmullrom"
						},
						"2.5": {
							"post": [0, 10, 0],
							"lerp_mode": "catmullrom"
						},
						"3.0": {
							"post": [0, 0, 0],
							"lerp_mode": "catmullrom"
						},
						"5.5": {
							"post": [0, 0, 0],
							"lerp_mode": "catmullrom"
						},
						"6.0": {
							"post": [0, 10, 0],
							"lerp_mode": "catmullrom"
						}
					}
				},
				"leg0": {
					"rotation": {
						"0.0": [-32.03979, 19.68827, -11.89262],
						"0.25": [3.12999, 3.81725, 0.19883],
						"0.5": [30.57087, -11.34813, -9.52515],
						"0.75": [-5.92869, 25.07512, -28.64108],
						"1.0": [-32.03979, 19.68827, -11.89262],
						"1.25": [3.12999, 3.81725, 0.19883],
						"1.5": [30.57087, -11.34813, -9.52515],
						"1.75": [-5.92869, 25.07512, -28.64108],
						"2.0": [-32.03979, 19.68827, -11.89262],
						"2.25": [3.12999, 3.81725, 0.19883],
						"2.5": [30.57087, -11.34813, -9.52515],
						"2.75": [-5.92869, 25.07512, -28.64108],
						"3.0": [-32.03979, 19.68827, -11.89262],
						"3.25": [3.12999, 3.81725, 0.19883],
						"3.5": [30.57087, -11.34813, -9.52515],
						"3.75": [-5.92869, 25.07512, -28.64108],
						"4.0": [-32.03979, 19.68827, -11.89262],
						"4.25": [3.12999, 3.81725, 0.19883],
						"4.5": [30.57087, -11.34813, -9.52515],
						"4.75": [-5.92869, 25.07512, -28.64108],
						"5.0": [-32.03979, 19.68827, -11.89262],
						"5.25": [3.12999, 3.81725, 0.19883],
						"5.5": [30.57087, -11.34813, -9.52515],
						"5.75": [-5.92869, 25.07512, -28.64108],
						"6.0": [-32.03979, 19.68827, -11.89262]
					}
				},
				"leg2": {
					"rotation": {
						"0.0": [30.57087, 11.34813, 9.52515],
						"0.25": [-5.92869, -25.07512, 28.64108],
						"0.5": [-32.03979, -19.68827, 11.89262],
						"0.75": [3.12999, -3.81725, -0.19883],
						"1.0": [30.57087, 11.34813, 9.52515],
						"1.25": [-5.92869, -25.07512, 28.64108],
						"1.5": [-32.03979, -19.68827, 11.89262],
						"1.75": [3.12999, -3.81725, -0.19883],
						"2.0": [30.57087, 11.34813, 9.52515],
						"2.25": [-5.92869, -25.07512, 28.64108],
						"2.5": [-32.03979, -19.68827, 11.89262],
						"2.75": [3.12999, -3.81725, -0.19883],
						"3.0": [30.57087, 11.34813, 9.52515],
						"3.25": [-5.92869, -25.07512, 28.64108],
						"3.5": [-32.03979, -19.68827, 11.89262],
						"3.75": [3.12999, -3.81725, -0.19883],
						"4.0": [30.57087, 11.34813, 9.52515],
						"4.25": [-5.92869, -25.07512, 28.64108],
						"4.5": [-32.03979, -19.68827, 11.89262],
						"4.75": [3.12999, -3.81725, -0.19883],
						"5.0": [30.57087, 11.34813, 9.52515],
						"5.25": [-5.92869, -25.07512, 28.64108],
						"5.5": [-32.03979, -19.68827, 11.89262],
						"5.75": [3.12999, -3.81725, -0.19883],
						"6.0": [30.57087, 11.34813, 9.52515]
					}
				},
				"all": {
					"position": {
						"0.0": {
							"post": [0, -4, 0],
							"lerp_mode": "catmullrom"
						},
						"0.25": {
							"post": [0, 0, 0],
							"lerp_mode": "catmullrom"
						},
						"0.5": {
							"post": [0, -4, 0],
							"lerp_mode": "catmullrom"
						},
						"0.75": {
							"post": [0, 0, 0],
							"lerp_mode": "catmullrom"
						},
						"1.0": {
							"post": [0, -4, 0],
							"lerp_mode": "catmullrom"
						},
						"1.25": {
							"post": [0, 0, 0],
							"lerp_mode": "catmullrom"
						},
						"1.5": {
							"post": [0, -4, 0],
							"lerp_mode": "catmullrom"
						},
						"1.75": {
							"post": [0, 0, 0],
							"lerp_mode": "catmullrom"
						},
						"2.0": {
							"post": [0, -4, 0],
							"lerp_mode": "catmullrom"
						},
						"2.25": {
							"post": [0, 0, 0],
							"lerp_mode": "catmullrom"
						},
						"2.5": {
							"post": [0, -4, 0],
							"lerp_mode": "catmullrom"
						},
						"2.75": {
							"post": [0, 0, 0],
							"lerp_mode": "catmullrom"
						},
						"3.0": {
							"post": [0, -4, 0],
							"lerp_mode": "catmullrom"
						},
						"3.25": {
							"post": [0, 0, 0],
							"lerp_mode": "catmullrom"
						},
						"3.5": {
							"post": [0, -4, 0],
							"lerp_mode": "catmullrom"
						},
						"3.75": {
							"post": [0, 0, 0],
							"lerp_mode": "catmullrom"
						},
						"4.0": {
							"post": [0, -4, 0],
							"lerp_mode": "catmullrom"
						},
						"4.25": {
							"post": [0, 0, 0],
							"lerp_mode": "catmullrom"
						},
						"4.5": {
							"post": [0, -4, 0],
							"lerp_mode": "catmullrom"
						},
						"4.75": {
							"post": [0, 0, 0],
							"lerp_mode": "catmullrom"
						},
						"5.0": {
							"post": [0, -4, 0],
							"lerp_mode": "catmullrom"
						},
						"5.25": {
							"post": [0, 0, 0],
							"lerp_mode": "catmullrom"
						},
						"5.5": {
							"post": [0, -4, 0],
							"lerp_mode": "catmullrom"
						},
						"5.75": {
							"post": [0, 0, 0],
							"lerp_mode": "catmullrom"
						},
						"6.0": {
							"post": [0, -4, 0],
							"lerp_mode": "catmullrom"
						}
					}
				},
				"leg1": {
					"rotation": {
						"0.0": [-0.43441, 2.53786, -5.02856],
						"0.25": [-1.24464, 2.85866, -0.14303],
						"0.5": [0, -2.5, -15],
						"0.75": [-1.34386, -2.10829, 17.52473],
						"1.0": [-0.43441, 2.53786, -5.02856],
						"1.25": [-1.24464, 2.85866, -0.14303],
						"1.5": [0, -2.5, -15],
						"1.75": [-1.34386, -2.10829, 17.52473],
						"2.0": [-0.43441, 2.53786, -5.02856],
						"2.25": [-1.24464, 2.85866, -0.14303],
						"2.5": [0, -2.5, -15],
						"2.75": [-1.34386, -2.10829, 17.52473],
						"3.0": [-0.43441, 2.53786, -5.02856],
						"3.25": [-1.24464, 2.85866, -0.14303],
						"3.5": [0, -2.5, -15],
						"3.75": [-1.34386, -2.10829, 17.52473],
						"4.0": [-0.43441, 2.53786, -5.02856],
						"4.25": [-1.24464, 2.85866, -0.14303],
						"4.5": [0, -2.5, -15],
						"4.75": [-1.34386, -2.10829, 17.52473],
						"5.0": [-0.43441, 2.53786, -5.02856],
						"5.25": [-1.24464, 2.85866, -0.14303],
						"5.5": [0, -2.5, -15],
						"5.75": [-1.34386, -2.10829, 17.52473],
						"6.0": [-0.43441, 2.53786, -5.02856]
					}
				},
				"leg3": {
					"rotation": {
						"0.0": [0, 2.5, 15],
						"0.25": [-1.34386, 2.10829, -17.52473],
						"0.5": [-0.43441, -2.53786, 5.02856],
						"0.75": [-1.24464, -2.85866, 0.14303],
						"1.0": [0, 2.5, 15],
						"1.25": [-1.34386, 2.10829, -17.52473],
						"1.5": [-0.43441, -2.53786, 5.02856],
						"1.75": [-1.24464, -2.85866, 0.14303],
						"2.0": [0, 2.5, 15],
						"2.25": [-1.34386, 2.10829, -17.52473],
						"2.5": [-0.43441, -2.53786, 5.02856],
						"2.75": [-1.24464, -2.85866, 0.14303],
						"3.0": [0, 2.5, 15],
						"3.25": [-1.34386, 2.10829, -17.52473],
						"3.5": [-0.43441, -2.53786, 5.02856],
						"3.75": [-1.24464, -2.85866, 0.14303],
						"4.0": [0, 2.5, 15],
						"4.25": [-1.34386, 2.10829, -17.52473],
						"4.5": [-0.43441, -2.53786, 5.02856],
						"4.75": [-1.24464, -2.85866, 0.14303],
						"5.0": [0, 2.5, 15],
						"5.25": [-1.34386, 2.10829, -17.52473],
						"5.5": [-0.43441, -2.53786, 5.02856],
						"5.75": [-1.24464, -2.85866, 0.14303],
						"6.0": [0, 2.5, 15]
					}
				},
				"head": {
					"rotation": [15, 0, 0]
				},
				"finger0": {
					"rotation": {
						"0.0": {
							"post": [0, 0, -17.5],
							"lerp_mode": "catmullrom"
						},
						"0.25": {
							"post": [0, 0, 2.5],
							"lerp_mode": "catmullrom"
						},
						"0.5": {
							"post": [0, 0, -20],
							"lerp_mode": "catmullrom"
						},
						"0.75": {
							"post": [0, 0, -2.5],
							"lerp_mode": "catmullrom"
						},
						"1.0": {
							"post": [0, 0, -17.5],
							"lerp_mode": "catmullrom"
						},
						"1.25": {
							"post": [0, 0, 2.5],
							"lerp_mode": "catmullrom"
						},
						"1.5": {
							"post": [0, 0, -20],
							"lerp_mode": "catmullrom"
						},
						"1.75": {
							"post": [0, 0, -2.5],
							"lerp_mode": "catmullrom"
						},
						"2.0": {
							"post": [0, 0, -17.5],
							"lerp_mode": "catmullrom"
						},
						"2.25": {
							"post": [0, 0, 2.5],
							"lerp_mode": "catmullrom"
						},
						"2.5": {
							"post": [0, 0, -20],
							"lerp_mode": "catmullrom"
						},
						"2.75": {
							"post": [0, 0, -2.5],
							"lerp_mode": "catmullrom"
						},
						"3.0": {
							"post": [0, -20, -20],
							"lerp_mode": "catmullrom"
						},
						"5.5": {
							"post": [0, -20, -20],
							"lerp_mode": "catmullrom"
						},
						"6.0": {
							"post": [0, 0, -17.5],
							"lerp_mode": "catmullrom"
						}
					}
				},
				"finger1": {
					"rotation": {
						"0.0": {
							"post": [0, 0, -17.5],
							"lerp_mode": "catmullrom"
						},
						"0.25": {
							"post": [0, 0, 2.5],
							"lerp_mode": "catmullrom"
						},
						"0.5": {
							"post": [0, 0, -20],
							"lerp_mode": "catmullrom"
						},
						"0.75": {
							"post": [0, 0, -2.5],
							"lerp_mode": "catmullrom"
						},
						"1.0": {
							"post": [0, 0, -17.5],
							"lerp_mode": "catmullrom"
						},
						"1.25": {
							"post": [0, 0, 2.5],
							"lerp_mode": "catmullrom"
						},
						"1.5": {
							"post": [0, 0, -20],
							"lerp_mode": "catmullrom"
						},
						"1.75": {
							"post": [0, 0, -2.5],
							"lerp_mode": "catmullrom"
						},
						"2.0": {
							"post": [0, 0, -17.5],
							"lerp_mode": "catmullrom"
						},
						"2.25": {
							"post": [0, 0, 2.5],
							"lerp_mode": "catmullrom"
						},
						"2.5": {
							"post": [0, 0, -20],
							"lerp_mode": "catmullrom"
						},
						"2.75": {
							"post": [0, 0, -2.5],
							"lerp_mode": "catmullrom"
						},
						"3.0": {
							"post": [0, -20, -20],
							"lerp_mode": "catmullrom"
						},
						"5.5": {
							"post": [0, -20, -20],
							"lerp_mode": "catmullrom"
						},
						"6.0": {
							"post": [0, 0, -17.5],
							"lerp_mode": "catmullrom"
						}
					}
				},
				"finger2": {
					"rotation": {
						"0.0": {
							"post": [0, 0, -5],
							"lerp_mode": "catmullrom"
						},
						"0.25": {
							"post": [0, 0, 7.5],
							"lerp_mode": "catmullrom"
						},
						"0.5": {
							"post": [0, 0, -17.5],
							"lerp_mode": "catmullrom"
						},
						"0.75": {
							"post": [0, 0, 12.5],
							"lerp_mode": "catmullrom"
						},
						"1.0": {
							"post": [0, 0, -5],
							"lerp_mode": "catmullrom"
						},
						"1.25": {
							"post": [0, 0, 7.5],
							"lerp_mode": "catmullrom"
						},
						"1.5": {
							"post": [0, 0, -17.5],
							"lerp_mode": "catmullrom"
						},
						"1.75": {
							"post": [0, 0, 12.5],
							"lerp_mode": "catmullrom"
						},
						"2.0": {
							"post": [0, 0, -5],
							"lerp_mode": "catmullrom"
						},
						"2.25": {
							"post": [0, 0, 7.5],
							"lerp_mode": "catmullrom"
						},
						"2.5": {
							"post": [0, 0, -17.5],
							"lerp_mode": "catmullrom"
						},
						"2.75": {
							"post": [0, 0, 12.5],
							"lerp_mode": "catmullrom"
						},
						"3.0": {
							"post": [0, -20, -5],
							"lerp_mode": "catmullrom"
						},
						"5.5": {
							"post": [0, -20, -5],
							"lerp_mode": "catmullrom"
						},
						"6.0": {
							"post": [0, 0, -5],
							"lerp_mode": "catmullrom"
						}
					}
				},
				"finger3": {
					"rotation": {
						"0.0": {
							"post": [0, 17.5, 0],
							"lerp_mode": "catmullrom"
						},
						"0.5": {
							"post": [0, -2.5, 0],
							"lerp_mode": "catmullrom"
						},
						"1.0": {
							"post": [0, 17.5, 0],
							"lerp_mode": "catmullrom"
						},
						"1.5": {
							"post": [0, -2.5, 0],
							"lerp_mode": "catmullrom"
						},
						"2.0": {
							"post": [0, 17.5, 0],
							"lerp_mode": "catmullrom"
						},
						"2.5": {
							"post": [0, -2.5, 0],
							"lerp_mode": "catmullrom"
						},
						"3.0": {
							"post": [0, -25, 0],
							"lerp_mode": "catmullrom"
						},
						"3.25": {
							"post": [0, 20, 0],
							"lerp_mode": "catmullrom"
						},
						"3.5": {
							"post": [0, -15, 0],
							"lerp_mode": "catmullrom"
						},
						"3.75": {
							"post": [0, 22.5, 0],
							"lerp_mode": "catmullrom"
						},
						"4.0": {
							"post": [0, -25, 0],
							"lerp_mode": "catmullrom"
						},
						"4.25": {
							"post": [0, 20, 0],
							"lerp_mode": "catmullrom"
						},
						"4.5": {
							"post": [0, -15, 0],
							"lerp_mode": "catmullrom"
						},
						"4.75": {
							"post": [0, 22.5, 0],
							"lerp_mode": "catmullrom"
						},
						"5.0": {
							"post": [0, -25, 0],
							"lerp_mode": "catmullrom"
						},
						"5.5": {
							"post": [0, -25, 0],
							"lerp_mode": "catmullrom"
						},
						"6.0": {
							"post": [0, 17.5, 0],
							"lerp_mode": "catmullrom"
						}
					}
				},
				"finger4": {
					"rotation": {
						"0.0": {
							"post": [0, 17.5, 0],
							"lerp_mode": "catmullrom"
						},
						"0.5": {
							"post": [0, -2.5, 0],
							"lerp_mode": "catmullrom"
						},
						"1.0": {
							"post": [0, 17.5, 0],
							"lerp_mode": "catmullrom"
						},
						"1.5": {
							"post": [0, -2.5, 0],
							"lerp_mode": "catmullrom"
						},
						"2.0": {
							"post": [0, 17.5, 0],
							"lerp_mode": "catmullrom"
						},
						"2.5": {
							"post": [0, -2.5, 0],
							"lerp_mode": "catmullrom"
						},
						"3.0": {
							"post": [0, 25, 0],
							"lerp_mode": "catmullrom"
						},
						"3.25": {
							"post": [0, -20, 0],
							"lerp_mode": "catmullrom"
						},
						"3.5": {
							"post": [0, 15, 0],
							"lerp_mode": "catmullrom"
						},
						"3.75": {
							"post": [0, -22.5, 0],
							"lerp_mode": "catmullrom"
						},
						"4.0": {
							"post": [0, 25, 0],
							"lerp_mode": "catmullrom"
						},
						"4.25": {
							"post": [0, -20, 0],
							"lerp_mode": "catmullrom"
						},
						"4.5": {
							"post": [0, 15, 0],
							"lerp_mode": "catmullrom"
						},
						"4.75": {
							"post": [0, -22.5, 0],
							"lerp_mode": "catmullrom"
						},
						"5.0": {
							"post": [0, 25, 0],
							"lerp_mode": "catmullrom"
						},
						"5.5": {
							"post": [0, 25, 0],
							"lerp_mode": "catmullrom"
						},
						"6.0": {
							"post": [0, 17.5, 0],
							"lerp_mode": "catmullrom"
						}
					}
				},
				"finger5": {
					"rotation": {
						"0.0": {
							"post": [0, 17.5, 0],
							"lerp_mode": "catmullrom"
						},
						"0.5": {
							"post": [0, -2.5, 0],
							"lerp_mode": "catmullrom"
						},
						"1.0": {
							"post": [0, 17.5, 0],
							"lerp_mode": "catmullrom"
						},
						"1.5": {
							"post": [0, -2.5, 0],
							"lerp_mode": "catmullrom"
						},
						"2.0": {
							"post": [0, 17.5, 0],
							"lerp_mode": "catmullrom"
						},
						"2.5": {
							"post": [0, -2.5, 0],
							"lerp_mode": "catmullrom"
						},
						"3.0": {
							"post": [0, -25, 0],
							"lerp_mode": "catmullrom"
						},
						"3.25": {
							"post": [0, 20, 0],
							"lerp_mode": "catmullrom"
						},
						"3.5": {
							"post": [0, -15, 0],
							"lerp_mode": "catmullrom"
						},
						"3.75": {
							"post": [0, 22.5, 0],
							"lerp_mode": "catmullrom"
						},
						"4.0": {
							"post": [0, -25, 0],
							"lerp_mode": "catmullrom"
						},
						"4.25": {
							"post": [0, 20, 0],
							"lerp_mode": "catmullrom"
						},
						"4.5": {
							"post": [0, -15, 0],
							"lerp_mode": "catmullrom"
						},
						"4.75": {
							"post": [0, 22.5, 0],
							"lerp_mode": "catmullrom"
						},
						"5.0": {
							"post": [0, -25, 0],
							"lerp_mode": "catmullrom"
						},
						"5.5": {
							"post": [0, -25, 0],
							"lerp_mode": "catmullrom"
						},
						"6.0": {
							"post": [0, 17.5, 0],
							"lerp_mode": "catmullrom"
						}
					}
				}
			}
		},
		"animation.green.attack": {
			"loop": true,
			"animation_length": 2.16667,
			"bones": {
				"head": {
					"rotation": {
						"0.0": {
							"post": [0, 0, 0],
							"lerp_mode": "catmullrom"
						},
						"0.2917": {
							"post": [-18.48084, 11.43563, -9.77243],
							"lerp_mode": "catmullrom"
						},
						"0.5": {
							"post": [-18.84198, -13.31791, 11.45696],
							"lerp_mode": "catmullrom"
						},
						"0.7083": {
							"post": [-18.17815, 9.54385, -8.11019],
							"lerp_mode": "catmullrom"
						},
						"0.9167": {
							"post": [-5.67815, 9.54385, -8.11019],
							"lerp_mode": "catmullrom"
						},
						"1.25": {
							"post": [-33.17815, 9.54385, -8.11019],
							"lerp_mode": "catmullrom"
						},
						"1.5": {
							"post": [-0.67815, 9.54385, -8.11019],
							"lerp_mode": "catmullrom"
						},
						"1.6667": {
							"post": [-38.17815, 9.54385, -8.11019],
							"lerp_mode": "catmullrom"
						},
						"1.875": {
							"post": [0.53849, 3.4889, -2.98369],
							"lerp_mode": "catmullrom"
						},
						"2.1667": {
							"post": [0, 0, 0],
							"lerp_mode": "catmullrom"
						}
					}
				},
				"eye1": {
					"position": {
						"0.0": {
							"post": [1, 0, 0],
							"lerp_mode": "catmullrom"
						}
					}
				},
				"eye3": {
					"position": {
						"0.0": {
							"post": [-1, -1, 0],
							"lerp_mode": "catmullrom"
						}
					}
				},
				"tongue": {
					"rotation": {
						"0.0": {
							"post": [-10, 0, 0],
							"lerp_mode": "catmullrom"
						},
						"0.2917": {
							"post": [-15, 0, 0],
							"lerp_mode": "catmullrom"
						},
						"0.5": {
							"post": [-17.19212, -28.87909, 8.49878],
							"lerp_mode": "catmullrom"
						},
						"0.7083": {
							"post": [-15.01365, 2.41476, -0.64743],
							"lerp_mode": "catmullrom"
						},
						"0.9167": {
							"post": [-15.01, 2.41, -0.65],
							"lerp_mode": "catmullrom"
						},
						"1.875": {
							"post": [-15.01, 2.41, -0.65],
							"lerp_mode": "catmullrom"
						},
						"2.1667": {
							"post": [-10, 0, 0],
							"lerp_mode": "catmullrom"
						}
					},
					"scale": {
						"0.0": {
							"post": [1, 1, 1],
							"lerp_mode": "catmullrom"
						},
						"0.2917": {
							"post": [1, 1, 2.2],
							"lerp_mode": "catmullrom"
						},
						"0.5": {
							"post": [1, 1, 2.7],
							"lerp_mode": "catmullrom"
						},
						"0.7083": {
							"post": [1, 1, 2.7],
							"lerp_mode": "catmullrom"
						},
						"0.9167": {
							"post": [1, 1, 1.4],
							"lerp_mode": "catmullrom"
						},
						"1.875": {
							"post": [1, 1, 1.4],
							"lerp_mode": "catmullrom"
						},
						"2.1667": {
							"post": [1, 1, 1],
							"lerp_mode": "catmullrom"
						}
					}
				},
				"arm0": {
					"rotation": {
						"0.0": {
							"post": [0, -22.5, 0],
							"lerp_mode": "catmullrom"
						}
					}
				},
				"arm1": {
					"rotation": {
						"0.0": {
							"post": [0, 42.5, 0],
							"lerp_mode": "catmullrom"
						}
					}
				},
				"arm2": {
					"rotation": {
						"0.0": {
							"post": [0, 52.5, 0],
							"lerp_mode": "catmullrom"
						}
					}
				},
				"arm3": {
					"rotation": {
						"0.0": {
							"post": [0, 32.5, 0],
							"lerp_mode": "catmullrom"
						}
					}
				},
				"arm4": {
					"rotation": {
						"0.0": {
							"post": [0, 40, 0],
							"lerp_mode": "catmullrom"
						}
					}
				},
				"arm5": {
					"rotation": {
						"0.0": {
							"post": [0, 45, 0],
							"lerp_mode": "catmullrom"
						}
					}
				},
				"arm6": {
					"rotation": {
						"0.0": {
							"post": [0, 30, 0],
							"lerp_mode": "catmullrom"
						}
					}
				},
				"arm7": {
					"rotation": {
						"0.0": {
							"post": [0, 32.5, 0],
							"lerp_mode": "catmullrom"
						}
					}
				},
				"arm8": {
					"rotation": {
						"0.0": {
							"post": [0, -30, 0],
							"lerp_mode": "catmullrom"
						}
					}
				},
				"arm9": {
					"rotation": {
						"0.0": {
							"post": [0, -25, 0],
							"lerp_mode": "catmullrom"
						}
					}
				},
				"arm10": {
					"rotation": {
						"0.0": {
							"post": [0, -57.5, 0],
							"lerp_mode": "catmullrom"
						}
					}
				},
				"arm11": {
					"rotation": {
						"0.0": {
							"post": [0, -45, 0],
							"lerp_mode": "catmullrom"
						}
					}
				},
				"arm12": {
					"rotation": {
						"0.0": {
							"post": [0, -37.5, 0],
							"lerp_mode": "catmullrom"
						}
					}
				},
				"arm13": {
					"rotation": {
						"0.0": {
							"post": [0, -30, 0],
							"lerp_mode": "catmullrom"
						}
					}
				},
				"head0": {
					"rotation": {
						"0.7083": {
							"pre": [0, 0, 0],
							"post": [0, 0, 0],
							"lerp_mode": "catmullrom"
						},
						"0.9167": {
							"post": [27.5, 0, 0],
							"lerp_mode": "catmullrom"
						},
						"1.875": {
							"post": [27.5, 0, 0],
							"lerp_mode": "catmullrom"
						},
						"2.1667": {
							"post": [0, 0, 0],
							"lerp_mode": "catmullrom"
						}
					},
					"position": {
						"0.7083": {
							"pre": [0, 0, 0],
							"post": [0, 0, 0],
							"lerp_mode": "catmullrom"
						},
						"0.9167": {
							"post": [0, 0, -2],
							"lerp_mode": "catmullrom"
						},
						"1.875": {
							"post": [0, 0, -2],
							"lerp_mode": "catmullrom"
						},
						"2.1667": {
							"post": [0, 0, 0],
							"lerp_mode": "catmullrom"
						}
					}
				}
			}
		},
		"animation.green.arm": {
			"loop": true,
			"bones": {
				"arm0": {
					"scale": [1, 1, 0.8]
				},
				"arm7": {
					"scale": [1, 1, 0.8]
				}
			}
		},
		"animation.green.eye": {
			"loop": true,
			"bones": {
				"eye0": {
					"position": [0, 4, -0.1],
					"scale": [1, 1.3, 0.8]
				},
				"eye1": {
					"scale": [1, 0.9, 1]
				},
				"eye2": {
					"position": [0, 4, -0.1],
					"scale": [1, 1.3, 0.8]
				},
				"eye3": {
					"scale": [1, 0.9, 1]
				}
			}
		}
	}
}