{
	"format_version": "1.8.0",
	"animations": {
		"animation.orange.head": {
			"loop": true,
			"bones": {
				"head": {
					"scale": 1.2
				}
			}
		},
		"animation.orange.moving": {
			"loop": true,
			"animation_length": 1,
			"bones": {
				"all": {
					"position": {
						"0.0": {
							"post": [0, -4, 0],
							"lerp_mode": "catmullrom"
						},
						"0.25": {
							"post": [0, 0, 0],
							"lerp_mode": "catmullrom"
						},
						"0.5": {
							"post": [0, -4, 0],
							"lerp_mode": "catmullrom"
						},
						"0.75": {
							"post": [0, 0, 0],
							"lerp_mode": "catmullrom"
						},
						"1.0": {
							"post": [0, -4, 0],
							"lerp_mode": "catmullrom"
						}
					}
				},
				"body0": {
					"rotation": {
						"0.0": {
							"post": [0, 0, 0],
							"lerp_mode": "catmullrom"
						},
						"0.25": {
							"post": [-5, 0, 0],
							"lerp_mode": "catmullrom"
						},
						"0.5": {
							"post": [7.5, 0, 0],
							"lerp_mode": "catmullrom"
						},
						"0.75": {
							"post": [-2.5, 0, 0],
							"lerp_mode": "catmullrom"
						},
						"1.0": {
							"post": [0, 0, 0],
							"lerp_mode": "catmullrom"
						}
					}
				},
				"leg0": {
					"rotation": {
						"0.0": {
							"post": [-20, 0, 0],
							"lerp_mode": "catmullrom"
						},
						"0.25": {
							"post": [17.5, 0, 0],
							"lerp_mode": "catmullrom"
						},
						"0.5": {
							"post": [35, 0, 0],
							"lerp_mode": "catmullrom"
						},
						"0.75": {
							"post": [7.5, 0, 0],
							"lerp_mode": "catmullrom"
						},
						"1.0": {
							"post": [-20, 0, 0],
							"lerp_mode": "catmullrom"
						}
					}
				},
				"leg1": {
					"rotation": {
						"0.0": {
							"post": [27.94037, 27.79548, -4.62914],
							"lerp_mode": "catmullrom"
						},
						"0.25": {
							"post": [30.90293, 9.71557, 4.45327],
							"lerp_mode": "catmullrom"
						},
						"0.375": {
							"post": [31.42744, 0.98533, 8.26787],
							"lerp_mode": "catmullrom"
						},
						"0.5": {
							"post": [30.98469, -8.57808, 12.57178],
							"lerp_mode": "catmullrom"
						},
						"0.625": {
							"post": [29.52902, -20.23669, 18.62374],
							"lerp_mode": "catmullrom"
						},
						"0.75": {
							"post": [26.20917, -33.32338, 25.56879],
							"lerp_mode": "catmullrom"
						},
						"0.875": {
							"post": [25.33866, 17.64985, -0.82471],
							"lerp_mode": "catmullrom"
						},
						"1.0": {
							"post": [27.94037, 27.79548, -4.62914],
							"lerp_mode": "catmullrom"
						}
					}
				},
				"foot0": {
					"rotation": {
						"0.0": {
							"post": [0, -17.5, 52.5],
							"lerp_mode": "catmullrom"
						},
						"0.25": {
							"post": [15.62489, -7.98133, -11.09681],
							"lerp_mode": "catmullrom"
						},
						"0.5": {
							"post": [16.93839, 4.46375, -51.83501],
							"lerp_mode": "catmullrom"
						},
						"0.75": {
							"post": [17.48436, 0.75155, -39.88443],
							"lerp_mode": "catmullrom"
						},
						"1.0": {
							"post": [0, -17.5, 52.5],
							"lerp_mode": "catmullrom"
						}
					}
				},
				"leg2": {
					"rotation": {
						"0.0": {
							"post": [20, 0, 0],
							"lerp_mode": "catmullrom"
						},
						"0.25": {
							"post": [-22.5, 0, 0],
							"lerp_mode": "catmullrom"
						},
						"0.5": {
							"post": [-1.62149, 2.33969, -4.35119],
							"lerp_mode": "catmullrom"
						},
						"0.75": {
							"post": [45, 0, 0],
							"lerp_mode": "catmullrom"
						},
						"1.0": {
							"post": [20, 0, 0],
							"lerp_mode": "catmullrom"
						}
					}
				},
				"leg3": {
					"rotation": {
						"0.0": {
							"post": [8.63769, 25.19102, -7.93404],
							"lerp_mode": "catmullrom"
						},
						"0.25": {
							"post": [-33.2267, 65.55333, -49.37664],
							"lerp_mode": "catmullrom"
						},
						"0.375": {
							"post": [31.41626, 2.22006, 22.11276],
							"lerp_mode": "catmullrom"
						},
						"0.5": {
							"post": [29.42616, -16.61626, 46.468],
							"lerp_mode": "catmullrom"
						},
						"0.625": {
							"post": [31.55694, -36.25566, 34.71803],
							"lerp_mode": "catmullrom"
						},
						"0.75": {
							"post": [36.05302, -24.17932, 7.16276],
							"lerp_mode": "catmullrom"
						},
						"1.0": {
							"post": [8.63769, 25.19102, -7.93404],
							"lerp_mode": "catmullrom"
						}
					}
				},
				"foot1": {
					"rotation": {
						"0.0": {
							"post": [7.11196, -15.95192, 46.0728],
							"lerp_mode": "catmullrom"
						},
						"0.25": {
							"post": [10.43453, -14.03714, 33.28239],
							"lerp_mode": "catmullrom"
						},
						"0.5": {
							"post": [14.74963, -27.78843, -38.8837],
							"lerp_mode": "catmullrom"
						},
						"0.75": {
							"post": [-13.94023, -28.178, 18.29888],
							"lerp_mode": "catmullrom"
						},
						"1.0": {
							"post": [7.11196, -15.95192, 46.0728],
							"lerp_mode": "catmullrom"
						}
					}
				}
			}
		},
		"animation.orange.general": {
			"loop": true,
			"animation_length": 2,
			"bones": {
				"body0": {
					"rotation": {
						"0.0": {
							"post": [0, 0, 0],
							"lerp_mode": "catmullrom"
						},
						"1.0": {
							"post": [5, 0, 0],
							"lerp_mode": "catmullrom"
						},
						"2.0": {
							"post": [0, 0, 0],
							"lerp_mode": "catmullrom"
						}
					}
				},
				"jaw": {
					"rotation": {
						"0.0": {
							"post": [-7.5, 0, 0],
							"lerp_mode": "catmullrom"
						},
						"1.0": {
							"post": [2.5, 0, 0],
							"lerp_mode": "catmullrom"
						},
						"2.0": {
							"post": [-7.5, 0, 0],
							"lerp_mode": "catmullrom"
						}
					}
				},
				"arm1": {
					"rotation": {
						"0.0": {
							"post": [0, 0, 0],
							"lerp_mode": "catmullrom"
						},
						"1.0": {
							"post": [0, 15, 0],
							"lerp_mode": "catmullrom"
						},
						"2.0": {
							"post": [0, 0, 0],
							"lerp_mode": "catmullrom"
						}
					}
				},
				"arm3": {
					"rotation": {
						"0.0": {
							"post": [0, 0, 0],
							"lerp_mode": "catmullrom"
						},
						"1.0": {
							"post": [0, -15, 0],
							"lerp_mode": "catmullrom"
						},
						"2.0": {
							"post": [0, 0, 0],
							"lerp_mode": "catmullrom"
						}
					}
				}
			}
		},
		"animation.orange.attack": {
			"loop": true,
			"animation_length": 1.04167,
			"bones": {
				"body0": {
					"rotation": {
						"0.0": {
							"post": [0, 0, 0],
							"lerp_mode": "catmullrom"
						},
						"0.25": {
							"post": [-15, 0, 0],
							"lerp_mode": "catmullrom"
						},
						"0.5417": {
							"post": [12.41643, 2.11089, -4.53359],
							"lerp_mode": "catmullrom"
						},
						"0.75": {
							"post": [12.16751, 4.20824, -9.0776],
							"lerp_mode": "catmullrom"
						},
						"0.9583": {
							"post": [12.42, 2.11, -4.53],
							"lerp_mode": "catmullrom"
						},
						"1.0417": {
							"post": [0, 0, 0],
							"lerp_mode": "catmullrom"
						}
					}
				},
				"head": {
					"rotation": {
						"0.0": {
							"post": [0, 0, 0],
							"lerp_mode": "catmullrom"
						},
						"0.25": {
							"post": [17.5, -7.5, 0],
							"lerp_mode": "catmullrom"
						},
						"0.5417": {
							"post": [17.76138, -14.88341, -1.34385],
							"lerp_mode": "catmullrom"
						},
						"0.9583": {
							"post": [17.76, -14.88, -1.34],
							"lerp_mode": "catmullrom"
						},
						"1.0417": {
							"post": [0, 0, 0],
							"lerp_mode": "catmullrom"
						}
					}
				},
				"jaw": {
					"rotation": {
						"0.25": {
							"pre": [0, 0, 0],
							"post": [0, 0, 0],
							"lerp_mode": "catmullrom"
						},
						"0.5417": {
							"post": [12.5, 0, 0],
							"lerp_mode": "catmullrom"
						},
						"0.6667": {
							"post": [-12.5, 0, 0],
							"lerp_mode": "catmullrom"
						},
						"0.7917": {
							"post": [2.5, 0, 0],
							"lerp_mode": "catmullrom"
						},
						"0.875": {
							"post": [-10, 0, 0],
							"lerp_mode": "catmullrom"
						},
						"0.9583": {
							"post": [5, 0, 0],
							"lerp_mode": "catmullrom"
						},
						"1.0417": {
							"post": [0, 0, 0],
							"lerp_mode": "catmullrom"
						}
					}
				},
				"arm0": {
					"rotation": {
						"0.0": {
							"post": [0, 0, 0],
							"lerp_mode": "catmullrom"
						},
						"0.25": {
							"post": [0, -7.5, 0],
							"lerp_mode": "catmullrom"
						},
						"0.5417": {
							"post": [0, 27.5, 0],
							"lerp_mode": "catmullrom"
						},
						"0.9583": {
							"post": [0, 27.5, 0],
							"lerp_mode": "catmullrom"
						},
						"1.0417": {
							"post": [0, 0, 0],
							"lerp_mode": "catmullrom"
						}
					}
				},
				"arm1": {
					"rotation": {
						"0.0": {
							"post": [0, 0, 0],
							"lerp_mode": "catmullrom"
						},
						"0.25": {
							"post": [0, -7.5, 0],
							"lerp_mode": "catmullrom"
						},
						"0.5417": {
							"post": [22.559, -10.81964, 11.66221],
							"lerp_mode": "catmullrom"
						},
						"0.9583": {
							"post": [22.559, -10.81964, 11.66221],
							"lerp_mode": "catmullrom"
						},
						"1.0417": {
							"post": [0, 0, 0],
							"lerp_mode": "catmullrom"
						}
					}
				},
				"arm2": {
					"rotation": {
						"0.0": {
							"post": [0, 0, 0],
							"lerp_mode": "catmullrom"
						},
						"0.25": {
							"post": [0, 7.5, 0],
							"lerp_mode": "catmullrom"
						},
						"0.5417": {
							"post": [0, -27.5, 0],
							"lerp_mode": "catmullrom"
						},
						"0.9583": {
							"post": [0, -27.5, 0],
							"lerp_mode": "catmullrom"
						},
						"1.0417": {
							"post": [0, 0, 0],
							"lerp_mode": "catmullrom"
						}
					}
				},
				"arm3": {
					"rotation": {
						"0.0": {
							"post": [0, 0, 0],
							"lerp_mode": "catmullrom"
						},
						"0.25": {
							"post": [0, 7.5, 0],
							"lerp_mode": "catmullrom"
						},
						"0.5417": {
							"post": [7.45814, -2.04067, -8.56333],
							"lerp_mode": "catmullrom"
						},
						"0.9583": {
							"post": [7.45814, -2.04067, -8.56333],
							"lerp_mode": "catmullrom"
						},
						"1.0417": {
							"post": [0, 0, 0],
							"lerp_mode": "catmullrom"
						}
					}
				}
			}
		}
	}
}