{
	"format_version": "1.8.0",
	"animations": {
		"animation.purple.general": {
			"loop": true,
			"animation_length": 1,
			"bones": {
				"all": {
					"position": [0, 0, -12]
				},
				"body0": {
					"rotation": {
						"0.0": {
							"post": [-67.5, 0, 0],
							"lerp_mode": "catmullrom"
						},
						"0.5": {
							"post": [-75, 0, 0],
							"lerp_mode": "catmullrom"
						},
						"1.0": {
							"post": [-67.5, 0, 0],
							"lerp_mode": "catmullrom"
						}
					}
				},
				"body1": {
					"rotation": {
						"0.0": {
							"post": [5, 0, 0],
							"lerp_mode": "catmullrom"
						}
					}
				},
				"body2": {
					"rotation": {
						"0.0": {
							"post": [25, 0, 0],
							"lerp_mode": "catmullrom"
						},
						"0.5": {
							"post": [37.5, 0, 0],
							"lerp_mode": "catmullrom"
						},
						"1.0": {
							"post": [25, 0, 0],
							"lerp_mode": "catmullrom"
						}
					}
				},
				"body3": {
					"rotation": {
						"0.0": {
							"post": [32.5, 0, 0],
							"lerp_mode": "catmullrom"
						},
						"1.0": {
							"post": [32.5, 0, 0],
							"lerp_mode": "catmullrom"
						}
					}
				},
				"body4": {
					"rotation": {
						"0.0": {
							"post": [20, 0, 0],
							"lerp_mode": "catmullrom"
						}
					}
				},
				"head": {
					"rotation": {
						"0.0": {
							"post": [-20, 0, 0],
							"lerp_mode": "catmullrom"
						},
						"0.5": {
							"post": [-12.5, 0, 0],
							"lerp_mode": "catmullrom"
						},
						"1.0": {
							"post": [-20, 0, 0],
							"lerp_mode": "catmullrom"
						}
					}
				},
				"arm0": {
					"rotation": {
						"0.0": {
							"post": [0, 85, 0],
							"lerp_mode": "catmullrom"
						}
					}
				},
				"arm1": {
					"rotation": {
						"0.0": {
							"post": [0, -20, 0],
							"lerp_mode": "catmullrom"
						}
					}
				},
				"arm2": {
					"rotation": {
						"0.0": {
							"post": [2.13678, -21.5675, 17.29416],
							"lerp_mode": "catmullrom"
						}
					}
				},
				"arm3": {
					"rotation": {
						"0.0": {
							"post": [0, 0, 10],
							"lerp_mode": "catmullrom"
						},
						"0.5": {
							"post": [0, 0, -5],
							"lerp_mode": "catmullrom"
						},
						"1.0": {
							"post": [0, 0, 10],
							"lerp_mode": "catmullrom"
						}
					}
				},
				"arm4": {
					"rotation": {
						"0.0": {
							"post": [0, -22.5, 0],
							"lerp_mode": "catmullrom"
						},
						"0.5": {
							"post": [0.77388, -20.96338, -4.82065],
							"lerp_mode": "catmullrom"
						},
						"1.0": {
							"post": [0, -22.5, 0],
							"lerp_mode": "catmullrom"
						}
					}
				},
				"arm5": {
					"rotation": {
						"0.0": {
							"post": [0, 7.5, 0],
							"lerp_mode": "catmullrom"
						}
					}
				},
				"hand0": {
					"rotation": {
						"0.0": {
							"post": [26.91857, -6.4574, -11.5819],
							"lerp_mode": "catmullrom"
						},
						"0.5": {
							"post": [23.25579, -1.35618, -2.23166],
							"lerp_mode": "catmullrom"
						},
						"1.0": {
							"post": [26.92, -6.46, -11.58],
							"lerp_mode": "catmullrom"
						}
					}
				},
				"arm6": {
					"rotation": {
						"0.0": {
							"post": [-2.57798, -22.72014, -49.76842],
							"lerp_mode": "catmullrom"
						},
						"0.5": {
							"post": [-2.73832, -5.2386, -50.59301],
							"lerp_mode": "catmullrom"
						},
						"1.0": {
							"post": [-2.58, -22.72, -49.77],
							"lerp_mode": "catmullrom"
						}
					}
				},
				"arm9": {
					"rotation": {
						"0.0": {
							"post": [0, 17.5, 0],
							"lerp_mode": "catmullrom"
						}
					}
				},
				"arm11": {
					"rotation": {
						"0.0": {
							"post": [0, -70, 0],
							"lerp_mode": "catmullrom"
						}
					}
				},
				"hand1": {
					"rotation": {
						"0.0": {
							"post": [41.98575, -48.8542, -30.93382],
							"lerp_mode": "catmullrom"
						},
						"0.5": {
							"post": [50.93486, -51.27779, -48.21633],
							"lerp_mode": "catmullrom"
						},
						"1.0": {
							"post": [41.99, -48.85, -30.93],
							"lerp_mode": "catmullrom"
						}
					}
				},
				"finger12": {
					"rotation": {
						"0.0": {
							"post": [0, 32.5, 0],
							"lerp_mode": "catmullrom"
						}
					}
				},
				"finger13": {
					"rotation": {
						"0.0": {
							"post": [0, -62.5, 0],
							"lerp_mode": "catmullrom"
						}
					}
				},
				"finger14": {
					"rotation": {
						"0.0": {
							"post": [0, -47.5, 0],
							"lerp_mode": "catmullrom"
						}
					}
				},
				"finger15": {
					"rotation": {
						"0.0": {
							"post": [0, 40, 0],
							"lerp_mode": "catmullrom"
						}
					}
				},
				"finger16": {
					"rotation": {
						"0.0": {
							"post": [0, -40, 0],
							"lerp_mode": "catmullrom"
						}
					}
				},
				"finger17": {
					"rotation": {
						"0.0": {
							"post": [0, -55, 0],
							"lerp_mode": "catmullrom"
						}
					}
				},
				"finger18": {
					"rotation": {
						"0.0": {
							"post": [0, 40, 0],
							"lerp_mode": "catmullrom"
						}
					}
				},
				"finger19": {
					"rotation": {
						"0.0": {
							"post": [0, -52.5, 0],
							"lerp_mode": "catmullrom"
						}
					}
				},
				"finger20": {
					"rotation": {
						"0.0": {
							"post": [0, -47.5, 0],
							"lerp_mode": "catmullrom"
						}
					}
				},
				"finger21": {
					"rotation": {
						"0.0": {
							"post": [5.29376, 5.99244, 27.52347],
							"lerp_mode": "catmullrom"
						}
					}
				},
				"finger22": {
					"rotation": {
						"0.0": {
							"post": [0, -47.5, 0],
							"lerp_mode": "catmullrom"
						}
					}
				},
				"finger23": {
					"rotation": {
						"0.0": {
							"post": [0, -65, 0],
							"lerp_mode": "catmullrom"
						}
					}
				},
				"eye1": {
					"position": {
						"0.0": {
							"post": [0, 0, 0],
							"lerp_mode": "catmullrom"
						},
						"0.5": {
							"post": [0.2, 0.1, 0],
							"lerp_mode": "catmullrom"
						},
						"1.0": {
							"post": [0, 0, 0],
							"lerp_mode": "catmullrom"
						}
					}
				},
				"eye3": {
					"position": {
						"0.0": {
							"post": [0, 0, 0],
							"lerp_mode": "catmullrom"
						},
						"0.5": {
							"post": [-0.2, -0.2, 0],
							"lerp_mode": "catmullrom"
						},
						"1.0": {
							"post": [0, 0, 0],
							"lerp_mode": "catmullrom"
						}
					}
				}
			}
		},
		"animation.purple.moving": {
			"loop": true,
			"animation_length": 1,
			"bones": {
				"body2": {
					"rotation": {
						"0.0": {
							"post": [0, 0, 0],
							"lerp_mode": "catmullrom"
						},
						"0.25": {
							"post": [5, 0, 0],
							"lerp_mode": "catmullrom"
						},
						"0.5": {
							"post": [-2.5, 0, 0],
							"lerp_mode": "catmullrom"
						},
						"0.75": {
							"post": [10, 0, 0],
							"lerp_mode": "catmullrom"
						},
						"1.0": {
							"post": [0, 0, 0],
							"lerp_mode": "catmullrom"
						}
					}
				},
				"body3": {
					"rotation": {
						"0.0": {
							"post": [0, 0, 0],
							"lerp_mode": "catmullrom"
						},
						"0.25": {
							"post": [2.5, 0, 0],
							"lerp_mode": "catmullrom"
						},
						"0.5": {
							"post": [0.09801, -0.16868, 0.67591],
							"lerp_mode": "catmullrom"
						},
						"0.75": {
							"post": [-4.90199, -0.16868, 0.67591],
							"lerp_mode": "catmullrom"
						},
						"1.0": {
							"post": [0, 0, 0],
							"lerp_mode": "catmullrom"
						}
					}
				},
				"body4": {
					"rotation": {
						"0.0": {
							"post": [0, 0, 0],
							"lerp_mode": "catmullrom"
						},
						"0.25": {
							"post": [-2.5, 0, 0],
							"lerp_mode": "catmullrom"
						},
						"0.5": {
							"post": [-7.5, 0, 0],
							"lerp_mode": "catmullrom"
						},
						"0.75": {
							"post": [-10, 0, 0],
							"lerp_mode": "catmullrom"
						},
						"1.0": {
							"post": [0, 0, 0],
							"lerp_mode": "catmullrom"
						}
					}
				},
				"head": {
					"rotation": {
						"0.0": {
							"post": [0, 0, 0],
							"lerp_mode": "catmullrom"
						},
						"0.25": {
							"post": [0, 0, 0],
							"lerp_mode": "catmullrom"
						},
						"0.5": {
							"post": [17.5, 0, 0],
							"lerp_mode": "catmullrom"
						},
						"0.75": {
							"post": [6.25, 0, 0],
							"lerp_mode": "catmullrom"
						},
						"1.0": {
							"post": [0, 0, 0],
							"lerp_mode": "catmullrom"
						}
					}
				},
				"arm0": {
					"rotation": {
						"0.0": {
							"post": [0, 0, -25],
							"lerp_mode": "catmullrom"
						},
						"0.25": {
							"post": [-17.41636, 0.23225, 8.09558],
							"lerp_mode": "catmullrom"
						},
						"0.5": {
							"post": [8.20237, -4.7404, 39.50239],
							"lerp_mode": "catmullrom"
						},
						"0.75": {
							"post": [-13.24708, -17.67839, 9.57294],
							"lerp_mode": "catmullrom"
						},
						"1.0": {
							"post": [0, 0, -25],
							"lerp_mode": "catmullrom"
						}
					}
				},
				"arm2": {
					"rotation": {
						"0.0": {
							"post": [0, 0, 20],
							"lerp_mode": "catmullrom"
						},
						"0.25": {
							"post": [3.70947, 3.34808, 25.15327],
							"lerp_mode": "catmullrom"
						},
						"0.5": {
							"post": [8.76201, 4.14127, 34.15959],
							"lerp_mode": "catmullrom"
						},
						"0.75": {
							"post": [12.42378, 6.78972, 40.22897],
							"lerp_mode": "catmullrom"
						},
						"1.0": {
							"post": [0, 0, 20],
							"lerp_mode": "catmullrom"
						}
					}
				},
				"hand0": {
					"rotation": {
						"0.0": {
							"post": [-4.36161, -1.86674, 15.42467],
							"lerp_mode": "catmullrom"
						},
						"0.25": {
							"post": [-4.80979, 0.30435, 16.74278],
							"lerp_mode": "catmullrom"
						},
						"0.5": {
							"post": [-5.87288, -14.23414, 17.28601],
							"lerp_mode": "catmullrom"
						},
						"0.75": {
							"post": [26.65055, -9.29665, -40.50426],
							"lerp_mode": "catmullrom"
						},
						"1.0": {
							"post": [-4.36161, -1.86674, 15.42467],
							"lerp_mode": "catmullrom"
						}
					}
				},
				"finger1": {
					"rotation": {
						"0.5": {
							"pre": [0, 0, 0],
							"post": [0, 0, 0],
							"lerp_mode": "catmullrom"
						},
						"0.75": {
							"post": [0, 27.5, 0],
							"lerp_mode": "catmullrom"
						},
						"1.0": {
							"post": [0, 0, 0],
							"lerp_mode": "catmullrom"
						}
					}
				},
				"finger2": {
					"rotation": {
						"0.5": {
							"pre": [0, 0, 0],
							"post": [0, 0, 0],
							"lerp_mode": "catmullrom"
						},
						"0.75": {
							"post": [0, 67.5, 0],
							"lerp_mode": "catmullrom"
						},
						"1.0": {
							"post": [0, 0, 0],
							"lerp_mode": "catmullrom"
						}
					}
				},
				"finger4": {
					"rotation": {
						"0.5": {
							"pre": [0, 0, 0],
							"post": [0, 0, 0],
							"lerp_mode": "catmullrom"
						},
						"0.75": {
							"post": [0, 27.5, 0],
							"lerp_mode": "catmullrom"
						},
						"1.0": {
							"post": [0, 0, 0],
							"lerp_mode": "catmullrom"
						}
					}
				},
				"finger5": {
					"rotation": {
						"0.5": {
							"pre": [0, 0, 0],
							"post": [0, 0, 0],
							"lerp_mode": "catmullrom"
						},
						"0.75": {
							"post": [0, 67.5, 0],
							"lerp_mode": "catmullrom"
						},
						"1.0": {
							"post": [0, 0, 0],
							"lerp_mode": "catmullrom"
						}
					}
				},
				"finger7": {
					"rotation": {
						"0.5": {
							"pre": [0, 0, 0],
							"post": [0, 0, 0],
							"lerp_mode": "catmullrom"
						},
						"0.75": {
							"post": [0, 27.5, 0],
							"lerp_mode": "catmullrom"
						},
						"1.0": {
							"post": [0, 0, 0],
							"lerp_mode": "catmullrom"
						}
					}
				},
				"finger8": {
					"rotation": {
						"0.5": {
							"pre": [0, 0, 0],
							"post": [0, 0, 0],
							"lerp_mode": "catmullrom"
						},
						"0.75": {
							"post": [0, 67.5, 0],
							"lerp_mode": "catmullrom"
						},
						"1.0": {
							"post": [0, 0, 0],
							"lerp_mode": "catmullrom"
						}
					}
				},
				"finger10": {
					"rotation": {
						"0.5": {
							"pre": [0, 0, 0],
							"post": [0, 0, 0],
							"lerp_mode": "catmullrom"
						},
						"0.75": {
							"post": [0, 27.5, 0],
							"lerp_mode": "catmullrom"
						},
						"1.0": {
							"post": [0, 0, 0],
							"lerp_mode": "catmullrom"
						}
					}
				},
				"finger11": {
					"rotation": {
						"0.5": {
							"pre": [0, 0, 0],
							"post": [0, 0, 0],
							"lerp_mode": "catmullrom"
						},
						"0.75": {
							"post": [0, 67.5, 0],
							"lerp_mode": "catmullrom"
						},
						"1.0": {
							"post": [0, 0, 0],
							"lerp_mode": "catmullrom"
						}
					}
				},
				"arm6": {
					"rotation": {
						"0.0": {
							"post": [-8.20237, -4.7404, -39.50239],
							"lerp_mode": "catmullrom"
						},
						"0.25": {
							"post": [-13.24708, 17.67839, -9.57294],
							"lerp_mode": "catmullrom"
						},
						"0.5": {
							"post": [0, 0, 25],
							"lerp_mode": "catmullrom"
						},
						"0.75": {
							"post": [-17.41636, -0.23225, -8.09558],
							"lerp_mode": "catmullrom"
						},
						"1.0": {
							"post": [-8.20237, -4.7404, -39.50239],
							"lerp_mode": "catmullrom"
						}
					}
				},
				"arm8": {
					"rotation": {
						"0.0": {
							"post": [8.94919, 0.84976, -34.51278],
							"lerp_mode": "catmullrom"
						},
						"0.25": {
							"post": [12.42378, -6.78972, -40.22897],
							"lerp_mode": "catmullrom"
						},
						"0.5": {
							"post": [-4.22159, -19.39643, -13.53323],
							"lerp_mode": "catmullrom"
						},
						"0.75": {
							"post": [21.20947, -3.34808, -25.15327],
							"lerp_mode": "catmullrom"
						},
						"1.0": {
							"post": [8.94919, 0.84976, -34.51278],
							"lerp_mode": "catmullrom"
						}
					}
				},
				"hand1": {
					"rotation": {
						"0.0": {
							"post": [-7.27833, 9.80775, -20.0035],
							"lerp_mode": "catmullrom"
						},
						"0.25": {
							"post": [26.65055, 9.29665, 40.50426],
							"lerp_mode": "catmullrom"
						},
						"0.5": {
							"post": [-4.36161, 1.86674, -15.42467],
							"lerp_mode": "catmullrom"
						},
						"0.75": {
							"post": [-4.80979, -0.30435, -16.74278],
							"lerp_mode": "catmullrom"
						},
						"1.0": {
							"post": [-7.27833, 9.80775, -20.0035],
							"lerp_mode": "catmullrom"
						}
					}
				},
				"finger13": {
					"rotation": {
						"0.0": {
							"post": [0, 0, 0],
							"lerp_mode": "catmullrom"
						},
						"0.25": {
							"post": [0, -27.5, 0],
							"lerp_mode": "catmullrom"
						},
						"0.5": {
							"post": [0, 0, 0],
							"lerp_mode": "catmullrom"
						}
					}
				},
				"finger14": {
					"rotation": {
						"0.0": {
							"post": [0, 0, 0],
							"lerp_mode": "catmullrom"
						},
						"0.25": {
							"post": [0, -67.5, 0],
							"lerp_mode": "catmullrom"
						},
						"0.5": {
							"post": [0, 0, 0],
							"lerp_mode": "catmullrom"
						}
					}
				},
				"finger16": {
					"rotation": {
						"0.0": {
							"post": [0, 0, 0],
							"lerp_mode": "catmullrom"
						},
						"0.25": {
							"post": [0, -27.5, 0],
							"lerp_mode": "catmullrom"
						},
						"0.5": {
							"post": [0, 0, 0],
							"lerp_mode": "catmullrom"
						}
					}
				},
				"finger17": {
					"rotation": {
						"0.0": {
							"post": [0, 0, 0],
							"lerp_mode": "catmullrom"
						},
						"0.25": {
							"post": [0, -67.5, 0],
							"lerp_mode": "catmullrom"
						},
						"0.5": {
							"post": [0, 0, 0],
							"lerp_mode": "catmullrom"
						}
					}
				},
				"finger19": {
					"rotation": {
						"0.0": {
							"post": [0, 0, 0],
							"lerp_mode": "catmullrom"
						},
						"0.25": {
							"post": [0, -27.5, 0],
							"lerp_mode": "catmullrom"
						},
						"0.5": {
							"post": [0, 0, 0],
							"lerp_mode": "catmullrom"
						}
					}
				},
				"finger20": {
					"rotation": {
						"0.0": {
							"post": [0, 0, 0],
							"lerp_mode": "catmullrom"
						},
						"0.25": {
							"post": [0, -67.5, 0],
							"lerp_mode": "catmullrom"
						},
						"0.5": {
							"post": [0, 0, 0],
							"lerp_mode": "catmullrom"
						}
					}
				},
				"finger22": {
					"rotation": {
						"0.0": {
							"post": [0, 0, 0],
							"lerp_mode": "catmullrom"
						},
						"0.25": {
							"post": [0, -27.5, 0],
							"lerp_mode": "catmullrom"
						},
						"0.5": {
							"post": [0, 0, 0],
							"lerp_mode": "catmullrom"
						}
					}
				},
				"finger23": {
					"rotation": {
						"0.0": {
							"post": [0, 0, 0],
							"lerp_mode": "catmullrom"
						},
						"0.25": {
							"post": [0, -67.5, 0],
							"lerp_mode": "catmullrom"
						},
						"0.5": {
							"post": [0, 0, 0],
							"lerp_mode": "catmullrom"
						}
					}
				},
				"leg0": {
					"rotation": {
						"0.0": {
							"post": [0, 0, 42.5],
							"lerp_mode": "catmullrom"
						},
						"0.25": {
							"post": [5.00057, -9.49821, -3.8017],
							"lerp_mode": "catmullrom"
						},
						"0.5": {
							"post": [26.72267, 0.52738, -42.92359],
							"lerp_mode": "catmullrom"
						},
						"0.75": {
							"post": [18.90164, 6.66197, 2.33867],
							"lerp_mode": "catmullrom"
						},
						"1.0": {
							"post": [0, 0, 42.5],
							"lerp_mode": "catmullrom"
						}
					}
				},
				"leg3": {
					"rotation": {
						"0.0": {
							"post": [0, 0, 17.5],
							"lerp_mode": "catmullrom"
						},
						"0.25": {
							"post": [0, 0, 15],
							"lerp_mode": "catmullrom"
						},
						"0.5": {
							"post": [-22.67557, -5.98014, -28.92824],
							"lerp_mode": "catmullrom"
						},
						"0.75": {
							"post": [-20.16113, -19.95817, -22.92156],
							"lerp_mode": "catmullrom"
						},
						"1.0": {
							"post": [0, 0, 17.5],
							"lerp_mode": "catmullrom"
						}
					}
				},
				"foot0": {
					"rotation": {
						"0.0": {
							"post": [0, 0, 0],
							"lerp_mode": "catmullrom"
						},
						"0.25": {
							"post": [-22.91615, 16.66577, -15.79388],
							"lerp_mode": "catmullrom"
						},
						"0.5": {
							"post": [-16.31298, 7.49382, 4.94503],
							"lerp_mode": "catmullrom"
						},
						"0.75": {
							"post": [-6.31298, 7.49382, 4.94503],
							"lerp_mode": "catmullrom"
						},
						"1.0": {
							"post": [0, 0, 0],
							"lerp_mode": "catmullrom"
						}
					}
				},
				"toes1": {
					"rotation": {
						"0.0": {
							"post": [0, 0, 0],
							"lerp_mode": "catmullrom"
						},
						"0.25": {
							"post": [0, 27.5, 0],
							"lerp_mode": "catmullrom"
						},
						"0.5": {
							"post": [0, 0, 0],
							"lerp_mode": "catmullrom"
						}
					}
				},
				"toes2": {
					"rotation": {
						"0.0": {
							"post": [0, 0, 0],
							"lerp_mode": "catmullrom"
						},
						"0.25": {
							"post": [0, 67.5, 0],
							"lerp_mode": "catmullrom"
						},
						"0.5": {
							"post": [0, 0, 0],
							"lerp_mode": "catmullrom"
						}
					}
				},
				"toes4": {
					"rotation": {
						"0.0": {
							"post": [0, 0, 0],
							"lerp_mode": "catmullrom"
						},
						"0.25": {
							"post": [0, 27.5, 0],
							"lerp_mode": "catmullrom"
						},
						"0.5": {
							"post": [0, 0, 0],
							"lerp_mode": "catmullrom"
						}
					}
				},
				"toes5": {
					"rotation": {
						"0.0": {
							"post": [0, 0, 0],
							"lerp_mode": "catmullrom"
						},
						"0.25": {
							"post": [0, 67.5, 0],
							"lerp_mode": "catmullrom"
						},
						"0.5": {
							"post": [0, 0, 0],
							"lerp_mode": "catmullrom"
						}
					}
				},
				"toes7": {
					"rotation": {
						"0.0": {
							"post": [0, 0, 0],
							"lerp_mode": "catmullrom"
						},
						"0.25": {
							"post": [0, 27.5, 0],
							"lerp_mode": "catmullrom"
						},
						"0.5": {
							"post": [0, 0, 0],
							"lerp_mode": "catmullrom"
						}
					}
				},
				"toes8": {
					"rotation": {
						"0.0": {
							"post": [0, 0, 0],
							"lerp_mode": "catmullrom"
						},
						"0.25": {
							"post": [0, 67.5, 0],
							"lerp_mode": "catmullrom"
						},
						"0.5": {
							"post": [0, 0, 0],
							"lerp_mode": "catmullrom"
						}
					}
				},
				"toes10": {
					"rotation": {
						"0.0": {
							"post": [0, 0, 0],
							"lerp_mode": "catmullrom"
						},
						"0.25": {
							"post": [0, 27.5, 0],
							"lerp_mode": "catmullrom"
						},
						"0.5": {
							"post": [0, 0, 0],
							"lerp_mode": "catmullrom"
						}
					}
				},
				"toes11": {
					"rotation": {
						"0.0": {
							"post": [0, 0, 0],
							"lerp_mode": "catmullrom"
						},
						"0.25": {
							"post": [0, 67.5, 0],
							"lerp_mode": "catmullrom"
						},
						"0.5": {
							"post": [0, 0, 0],
							"lerp_mode": "catmullrom"
						}
					}
				},
				"leg6": {
					"rotation": {
						"0.0": {
							"post": [-26.72267, 0.52738, 42.92359],
							"lerp_mode": "catmullrom"
						},
						"0.25": {
							"post": [-18.90164, 6.66197, -2.33867],
							"lerp_mode": "catmullrom"
						},
						"0.5": {
							"post": [0, 0, -42.5],
							"lerp_mode": "catmullrom"
						},
						"0.75": {
							"post": [-5.00057, 9.49821, -3.8017],
							"lerp_mode": "catmullrom"
						},
						"1.0": {
							"post": [-26.72267, 0.52738, 42.92359],
							"lerp_mode": "catmullrom"
						}
					}
				},
				"leg9": {
					"rotation": {
						"0.0": {
							"post": [22.67557, 5.98014, -28.92824],
							"lerp_mode": "catmullrom"
						},
						"0.25": {
							"post": [20.16113, -19.95817, 22.92156],
							"lerp_mode": "catmullrom"
						},
						"0.5": {
							"post": [0, 0, -17.5],
							"lerp_mode": "catmullrom"
						},
						"0.75": {
							"post": [0, 0, 15],
							"lerp_mode": "catmullrom"
						},
						"1.0": {
							"post": [22.67557, 5.98014, -28.92824],
							"lerp_mode": "catmullrom"
						}
					}
				},
				"foot1": {
					"rotation": {
						"0.0": {
							"post": [16.31298, 7.49382, -4.94503],
							"lerp_mode": "catmullrom"
						},
						"0.25": {
							"post": [6.31298, 7.49382, -4.94503],
							"lerp_mode": "catmullrom"
						},
						"0.5": {
							"post": [0, 0, 0],
							"lerp_mode": "catmullrom"
						},
						"0.75": {
							"post": [22.91615, 16.66577, 15.79388],
							"lerp_mode": "catmullrom"
						},
						"1.0": {
							"post": [16.31298, 7.49382, -4.94503],
							"lerp_mode": "catmullrom"
						}
					}
				},
				"toes13": {
					"rotation": {
						"0.5": {
							"pre": [0, 0, 0],
							"post": [0, 0, 0],
							"lerp_mode": "catmullrom"
						},
						"0.75": {
							"post": [0, -27.5, 0],
							"lerp_mode": "catmullrom"
						},
						"1.0": {
							"post": [0, 0, 0],
							"lerp_mode": "catmullrom"
						}
					}
				},
				"toes14": {
					"rotation": {
						"0.5": {
							"pre": [0, 0, 0],
							"post": [0, 0, 0],
							"lerp_mode": "catmullrom"
						},
						"0.75": {
							"post": [0, -67.5, 0],
							"lerp_mode": "catmullrom"
						},
						"1.0": {
							"post": [0, 0, 0],
							"lerp_mode": "catmullrom"
						}
					}
				},
				"toes16": {
					"rotation": {
						"0.5": {
							"pre": [0, 0, 0],
							"post": [0, 0, 0],
							"lerp_mode": "catmullrom"
						},
						"0.75": {
							"post": [0, -27.5, 0],
							"lerp_mode": "catmullrom"
						},
						"1.0": {
							"post": [0, 0, 0],
							"lerp_mode": "catmullrom"
						}
					}
				},
				"toes17": {
					"rotation": {
						"0.5": {
							"pre": [0, 0, 0],
							"post": [0, 0, 0],
							"lerp_mode": "catmullrom"
						},
						"0.75": {
							"post": [0, -67.5, 0],
							"lerp_mode": "catmullrom"
						},
						"1.0": {
							"post": [0, 0, 0],
							"lerp_mode": "catmullrom"
						}
					}
				},
				"toes19": {
					"rotation": {
						"0.5": {
							"pre": [0, 0, 0],
							"post": [0, 0, 0],
							"lerp_mode": "catmullrom"
						},
						"0.75": {
							"post": [0, -27.5, 0],
							"lerp_mode": "catmullrom"
						},
						"1.0": {
							"post": [0, 0, 0],
							"lerp_mode": "catmullrom"
						}
					}
				},
				"toes20": {
					"rotation": {
						"0.5": {
							"pre": [0, 0, 0],
							"post": [0, 0, 0],
							"lerp_mode": "catmullrom"
						},
						"0.75": {
							"post": [0, -67.5, 0],
							"lerp_mode": "catmullrom"
						},
						"1.0": {
							"post": [0, 0, 0],
							"lerp_mode": "catmullrom"
						}
					}
				},
				"toes22": {
					"rotation": {
						"0.5": {
							"pre": [0, 0, 0],
							"post": [0, 0, 0],
							"lerp_mode": "catmullrom"
						},
						"0.75": {
							"post": [0, -27.5, 0],
							"lerp_mode": "catmullrom"
						},
						"1.0": {
							"post": [0, 0, 0],
							"lerp_mode": "catmullrom"
						}
					}
				},
				"toes23": {
					"rotation": {
						"0.5": {
							"pre": [0, 0, 0],
							"post": [0, 0, 0],
							"lerp_mode": "catmullrom"
						},
						"0.75": {
							"post": [0, -67.5, 0],
							"lerp_mode": "catmullrom"
						},
						"1.0": {
							"post": [0, 0, 0],
							"lerp_mode": "catmullrom"
						}
					}
				},
				"eye1": {
					"position": {
						"0.0": {
							"post": [0.2, 0.2, 0],
							"lerp_mode": "catmullrom"
						},
						"0.5": {
							"post": [-0.2, -0.1, 0],
							"lerp_mode": "catmullrom"
						},
						"1.0": {
							"post": [0.2, 0.2, 0],
							"lerp_mode": "catmullrom"
						}
					}
				},
				"eye3": {
					"position": {
						"0.0": {
							"post": [-0.2, -0.1, 0],
							"lerp_mode": "catmullrom"
						},
						"0.5": {
							"post": [0.2, 0.2, 0],
							"lerp_mode": "catmullrom"
						},
						"1.0": {
							"post": [-0.2, -0.1, 0],
							"lerp_mode": "catmullrom"
						}
					}
				}
			}
		},
		"animation.purple.attack": {
			"loop": true,
			"animation_length": 1,
			"bones": {
				"body0": {
					"rotation": {
						"0.0": {
							"post": [-65, 0, 0],
							"lerp_mode": "catmullrom"
						}
					}
				},
				"body1": {
					"rotation": {
						"0.0": {
							"post": [10, 0, 0],
							"lerp_mode": "catmullrom"
						}
					}
				},
				"body2": {
					"rotation": {
						"0.0": {
							"post": [20, 0, 0],
							"lerp_mode": "catmullrom"
						},
						"0.2917": {
							"post": [20, 0, 0],
							"lerp_mode": "catmullrom"
						},
						"0.5417": {
							"post": [15, 0, 0],
							"lerp_mode": "catmullrom"
						},
						"0.75": {
							"post": [22.5, 0, 0],
							"lerp_mode": "catmullrom"
						},
						"1.0": {
							"post": [20, 0, 0],
							"lerp_mode": "catmullrom"
						}
					},
					"position": {
						"0.5417": {
							"pre": [0, 0, 0],
							"post": [0, 0, 0],
							"lerp_mode": "catmullrom"
						},
						"0.75": {
							"post": [0, 0, -1],
							"lerp_mode": "catmullrom"
						},
						"1.0": {
							"post": [0, 0, 0],
							"lerp_mode": "catmullrom"
						}
					}
				},
				"body3": {
					"rotation": {
						"0.0": {
							"post": [35, 0, 0],
							"lerp_mode": "catmullrom"
						}
					},
					"position": {
						"0.5417": {
							"pre": [0, 0, 0],
							"post": [0, 0, 0],
							"lerp_mode": "catmullrom"
						},
						"0.75": {
							"post": [0, 0, -1],
							"lerp_mode": "catmullrom"
						},
						"1.0": {
							"post": [0, 0, 0],
							"lerp_mode": "catmullrom"
						}
					}
				},
				"body4": {
					"rotation": {
						"0.0": {
							"post": [32.5, 0, 0],
							"lerp_mode": "catmullrom"
						}
					}
				},
				"head": {
					"rotation": {
						"0.0": {
							"post": [-20, 0, 0],
							"lerp_mode": "catmullrom"
						},
						"0.2917": {
							"post": [-20, 0, 0],
							"lerp_mode": "catmullrom"
						},
						"0.5417": {
							"post": [-20, 0, 0],
							"lerp_mode": "catmullrom"
						},
						"0.75": {
							"post": [-20, 0, 0],
							"lerp_mode": "catmullrom"
						}
					},
					"position": {
						"0.0": {
							"post": [0, 0, 0],
							"lerp_mode": "catmullrom"
						},
						"0.2917": {
							"post": [0, -1, 0],
							"lerp_mode": "catmullrom"
						},
						"0.5417": {
							"post": [0, -1, 0],
							"lerp_mode": "catmullrom"
						},
						"0.75": {
							"post": [0, 0.29, 0],
							"lerp_mode": "catmullrom"
						}
					}
				},
				"face": {
					"rotation": {
						"0.0": {
							"post": [0, 0, 0],
							"lerp_mode": "catmullrom"
						},
						"0.2917": {
							"post": [-120, 0, 0],
							"lerp_mode": "catmullrom"
						},
						"0.5417": {
							"post": [-132.86, 0, 0],
							"lerp_mode": "catmullrom"
						},
						"0.75": {
							"post": [-10.36, 0, 0],
							"lerp_mode": "catmullrom"
						},
						"0.875": {
							"post": [-0.02, 0, 0],
							"lerp_mode": "catmullrom"
						},
						"1.0": {
							"post": [0, 0, 0],
							"lerp_mode": "catmullrom"
						}
					}
				},
				"arm0": {
					"rotation": {
						"0.0": {
							"post": [0, 12.5, -12.5],
							"lerp_mode": "catmullrom"
						},
						"0.5417": {
							"post": [0, 12.5, -12.5],
							"lerp_mode": "catmullrom"
						},
						"0.75": {
							"post": [-51.0131, 36.32716, 3.12245],
							"lerp_mode": "catmullrom"
						},
						"1.0": {
							"post": [0, 12.5, -12.5],
							"lerp_mode": "catmullrom"
						}
					}
				},
				"arm2": {
					"rotation": {
						"0.0": {
							"post": [0, 0, -27.5],
							"lerp_mode": "catmullrom"
						},
						"0.5417": {
							"post": [0, 0, -27.5],
							"lerp_mode": "catmullrom"
						},
						"0.75": {
							"post": [44.35362, 31.41471, 18.89355],
							"lerp_mode": "catmullrom"
						},
						"1.0": {
							"post": [0, 0, -27.5],
							"lerp_mode": "catmullrom"
						}
					}
				},
				"arm3": {
					"rotation": {
						"0.0": {
							"post": [0, -17.5, -15],
							"lerp_mode": "catmullrom"
						},
						"0.5417": {
							"post": [0, -17.5, -15],
							"lerp_mode": "catmullrom"
						},
						"0.75": {
							"post": [0, 22.5, -15],
							"lerp_mode": "catmullrom"
						},
						"1.0": {
							"post": [0, -17.5, -15],
							"lerp_mode": "catmullrom"
						}
					}
				},
				"arm4": {
					"rotation": {
						"0.0": {
							"post": [-58.93771, -16.45963, -61.43644],
							"lerp_mode": "catmullrom"
						}
					}
				},
				"arm5": {
					"rotation": {
						"0.0": {
							"post": [-5.22306, 9.57611, -10.87765],
							"lerp_mode": "catmullrom"
						},
						"0.5417": {
							"post": [-5.22, 9.58, -10.88],
							"lerp_mode": "catmullrom"
						},
						"0.75": {
							"post": [15.44255, -1.92016, -3.65235],
							"lerp_mode": "catmullrom"
						},
						"1.0": {
							"post": [-5.22306, 9.57611, -10.87765],
							"lerp_mode": "catmullrom"
						}
					}
				},
				"arm6": {
					"rotation": {
						"0.0": {
							"post": [4.8493, -13.46514, 22.99008],
							"lerp_mode": "catmullrom"
						},
						"0.5417": {
							"post": [4.85, -13.47, 22.99],
							"lerp_mode": "catmullrom"
						},
						"0.75": {
							"post": [37.35, -13.47, 22.99],
							"lerp_mode": "catmullrom"
						},
						"1.0": {
							"post": [4.8493, -13.46514, 22.99008],
							"lerp_mode": "catmullrom"
						}
					}
				},
				"arm8": {
					"rotation": {
						"0.5417": {
							"pre": [0, 0, 0],
							"post": [0, 0, 0],
							"lerp_mode": "catmullrom"
						},
						"0.75": {
							"post": [-43.54912, 16.42806, 25.46598],
							"lerp_mode": "catmullrom"
						},
						"1.0": {
							"post": [0, 0, 0],
							"lerp_mode": "catmullrom"
						}
					}
				},
				"arm9": {
					"rotation": {
						"0.0": {
							"post": [0, 0, 37.5],
							"lerp_mode": "catmullrom"
						}
					}
				},
				"arm10": {
					"rotation": {
						"0.0": {
							"post": [0, 0, 40],
							"lerp_mode": "catmullrom"
						}
					}
				},
				"arm11": {
					"rotation": {
						"0.0": {
							"post": [0, 25, 0],
							"lerp_mode": "catmullrom"
						}
					}
				},
				"hand1": {
					"rotation": {
						"0.0": {
							"post": [-36.47569, 36.72873, -38.84937],
							"lerp_mode": "catmullrom"
						}
					}
				}
			}
		}
	}
}