{
	"format_version": "1.8.0",
	"animations": {
		"animation.purple_vent.general": {
			"loop": true,
			"animation_length": 2,
			"bones": {
				"arm1": {
					"rotation": {
						"0.0": [0, 0, 2.5],
						"1.0": [0, 0, -2.5],
						"2.0": [0, 0, 2.5]
					}
				},
				"arm7": {
					"rotation": {
						"0.0": [0, 0, 5],
						"1.0": [0, 0, -2.5],
						"2.0": [0, 0, 5]
					}
				},
				"eye1": {
					"position": {
						"0.0": [0, 0, 0],
						"0.9167": [0, 0, 0],
						"1.0": [0.2, -0.2, 0],
						"1.25": [0.2, -0.2, 0],
						"1.5": [-0.2, 0.1, 0],
						"1.7083": [-0.2, 0.1, 0],
						"1.9583": [0, 0, 0]
					}
				},
				"eye3": {
					"position": {
						"0.0": [0, 0, 0],
						"0.9167": [0, 0, 0],
						"1.0": [0.2, -0.2, 0],
						"1.25": [0.2, -0.2, 0],
						"1.5": [-0.2, 0.1, 0],
						"1.7083": [-0.2, 0.1, 0],
						"1.9583": [0, 0, 0]
					}
				}
			}
		},
		"animation.purple_vent.attack": {
			"loop": true,
			"animation_length": 2.04167,
			"bones": {
				"bone2": {
					"rotation": {
						"0.0": [0, 0, 0],
						"0.2917": [97.5, 0, 0],
						"0.75": [97.5, 0, 0],
						"1.0": [97.5, 0, 0],
						"1.4167": [97.5, 0, 0],
						"1.75": [0, 0, 0]
					}
				},
				"arm0": {
					"position": {
						"0.0": [0, 0, 0],
						"0.5833": [0, 0, -6],
						"0.9583": [0, 0, 0]
					}
				},
				"arm1": {
					"position": {
						"0.0": [0, 0, 0],
						"0.5833": [0, 0, 0],
						"0.9583": [0, 0, 0],
						"1.4583": [-6, 0, 0],
						"1.75": [-6, 0, 0],
						"2.0417": [0, 0, 0]
					}
				},
				"arm2": {
					"position": {
						"0.0": [0, 0, 0],
						"0.5833": [6, 0, 0],
						"0.9583": [0, 0, 0]
					}
				},
				"arm3": {
					"position": {
						"0.0": [0, 0, 0],
						"0.5833": [6, 0, 0],
						"0.9583": [0, 0, 0]
					}
				},
				"arm4": {
					"position": {
						"0.0": [0, 0, 0],
						"0.5833": [6, 0, 0],
						"0.9583": [0, 0, 0]
					}
				},
				"arm5": {
					"position": {
						"0.0": [0, 0, 0],
						"0.5833": [6, 0, 0],
						"0.9583": [0, 0, 0]
					}
				},
				"hand0": {
					"position": {
						"0.9583": [0, 0, 0],
						"1.4583": [-5, 0, 0],
						"1.75": [-5, 0, 0],
						"2.0417": [0, 0, 0]
					},
					"scale": {
						"0.9583": [1, 1, 1],
						"1.4583": [0.5, 0.5, 0.5],
						"1.75": [0.5, 0.5, 0.5],
						"2.0417": [1, 1, 1]
					}
				},
				"arm6": {
					"rotation": [0, 0, 0],
					"position": {
						"0.0": [0, 0, 0],
						"0.5833": [0, 0, -6],
						"0.9583": [0, 0, 0]
					}
				},
				"arm7": {
					"position": {
						"0.0": [0, 0, 0],
						"0.5833": [0, 0, 0],
						"0.9583": [0, 0, 0],
						"1.4583": [6, 0, 0],
						"1.75": [6, 0, 0],
						"2.0417": [0, 0, 0]
					}
				},
				"arm8": {
					"position": {
						"0.0": [0, 0, 0],
						"0.5833": [-6, 0, 0],
						"0.9583": [0, 0, 0]
					}
				},
				"arm9": {
					"position": {
						"0.0": [0, 0, 0],
						"0.5833": [-6, 0, 0],
						"0.9583": [0, 0, 0]
					}
				},
				"arm10": {
					"position": {
						"0.0": [0, 0, 0],
						"0.5833": [-6, 0, 0],
						"0.9583": [0, 0, 0]
					}
				},
				"arm11": {
					"position": {
						"0.0": [0, 0, 0],
						"0.5833": [-6, 0, 0],
						"0.9583": [0, 0, 0]
					}
				},
				"hand1": {
					"position": {
						"0.9583": [0, 0, 0],
						"1.4583": [5, 0, 0],
						"1.75": [5, 0, 0],
						"2.0417": [0, 0, 0]
					},
					"scale": {
						"0.9583": [1, 1, 1],
						"1.4583": [0.5, 0.5, 0.5],
						"1.75": [0.5, 0.5, 0.5],
						"2.0417": [1, 1, 1]
					}
				},
				"eye0": {
					"rotation": {
						"0.9583": [0, 0, 0],
						"1.25": [0, 0, 0],
						"1.4583": [32.5, 0, 0],
						"1.75": [32.5, 0, 0],
						"2.0417": [0, 0, 0]
					},
					"position": {
						"0.9583": [0, 0, 0],
						"1.25": [0, 0, 0],
						"1.4583": [0, 2, 7],
						"1.75": [0, 2, 7],
						"2.0417": [0, 0, 0]
					}
				},
				"eye2": {
					"rotation": {
						"0.9583": [0, 0, 0],
						"1.25": [0, 0, 0],
						"1.4583": [32.5, 0, 0],
						"1.75": [32.5, 0, 0],
						"2.0417": [0, 0, 0]
					},
					"position": {
						"0.9583": [0, 0, 0],
						"1.25": [0, 0, 0],
						"1.4583": [0, 2, 7],
						"1.75": [0, 2, 7],
						"2.0417": [0, 0, 0]
					}
				},
				"leftArm": {
					"rotation": [-40, 0, 0]
				},
				"rightArm": {
					"rotation": [-40, 0, 0]
				},
				"leftLeg": {
					"rotation": [-90, 20, 0]
				},
				"rightLeg": {
					"rotation": [-90, -20, 0]
				},
				"bone4": {
					"rotation": [0, -175, 0],
					"position": [0, -21, -2]
				}
			}
		}
	}
}