{
	"file_path": "C:\\Users\\Usuario\\AppData\\Local\\Packages\\Microsoft.MinecraftUWP_8wekyb3d8bbwe\\LocalState\\games\\com.mojang\\development_resource_packs\\Mineral Finder v1_2 RP\\entity\\imandiamante.json",
	"file_type": "client_entity",
	"format_version": 1,
	"file_uuid": "1213b686_ddb8_41bc_8f02_d47f47553915",
	"file_version": 7,
	"cache_content": {
		"children": [
			{
				"data": "1.10.0",
				"key": "format_version"
			},
			{
				"open": {
					"format_version": "1.10.0",
					"minecraft:client_entity": {
						"description": {
							"identifier": "mf3:imandiamante",
							"materials": {
								"default": "entity_alphablend"
							},
							"textures": {
								"default": "textures/entity/timandiamante"
							},
							"geometry": {
								"default": "geometry.in"
							},
							"render_controllers": [
								"controller.render.minfin"
							],
							"spawn_egg": {
								"texture": "simandiamante"
							}
						}
					}
				},
				"key": "minecraft:client_entity",
				"children": [
					{
						"open": {
							"description": {
								"identifier": "mf3:imandiamante",
								"materials": {
									"default": "entity_alphablend"
								},
								"textures": {
									"default": "textures/entity/timandiamante"
								},
								"geometry": {
									"default": "geometry.in"
								},
								"render_controllers": [
									"controller.render.minfin"
								],
								"spawn_egg": {
									"texture": "simandiamante"
								}
							}
						},
						"key": "description",
						"children": [
							{
								"data": "mf3:imandiamante",
								"key": "identifier"
							},
							{
								"key": "materials",
								"is_minified": true,
								"children": {
									"default": "entity_alphablend"
								}
							},
							{
								"open": {
									"identifier": "mf3:imandiamante",
									"materials": {
										"default": "entity_alphablend"
									},
									"textures": {
										"default": "textures/entity/timandiamante"
									},
									"geometry": {
										"default": "geometry.in"
									},
									"render_controllers": [
										"controller.render.minfin"
									],
									"spawn_egg": {
										"texture": "simandiamante"
									}
								},
								"key": "textures",
								"is_minified": true,
								"children": {
									"default": "textures/entity/timandiamante"
								}
							},
							{
								"key": "geometry",
								"is_minified": true,
								"children": {
									"default": "geometry.in"
								}
							},
							{
								"key": "render_controllers",
								"is_minified": true,
								"children": [
									"controller.render.minfin"
								]
							},
							{
								"open": {
									"identifier": "mf3:imandiamante",
									"materials": {
										"default": "entity_alphablend"
									},
									"textures": {
										"default": "textures/entity/timandiamante"
									},
									"geometry": {
										"default": "geometry.in"
									},
									"render_controllers": [
										"controller.render.minfin"
									],
									"spawn_egg": {
										"texture": "simandiamante"
									}
								},
								"key": "spawn_egg",
								"is_minified": true,
								"children": {
									"texture": "simandiamante"
								}
							}
						]
					}
				]
			}
		]
	}
}