{
  "entity_sounds": {
    "entities": {
      "afdal_official:jet_bus_budiman_shd": {
        "volume": 1.0,
        "pitch": [
          0.8,
          1.2
        ],
        "events": {
          "ambient": "mob.afdal_official_jet_bus_budiman_shd.say",
          "hurt": "mob.afdal_official_jet_bus_budiman_shd.hit",
          "death": "mob.afdal_official_jet_bus_budiman_shd.death",
          "step": "mob.afdal_official_jet_bus_budiman_shd.walk"
        }
      },
      "afdal_official:ket_bus_mgi_shd": {
        "volume": 1.0,
        "pitch": [
          0.8,
          1.2
        ],
        "events": {
          "ambient": "mob.afdal_official_ket_bus_mgi_shd.say",
          "hurt": "mob.afdal_official_ket_bus_mgi_shd.hit",
          "death": "mob.afdal_official_ket_bus_mgi_shd.death",
          "step": "mob.afdal_official_ket_bus_mgi_shd.walk"
        }
      },
      "afdal_official:jet_bus_27trans_shd": {
        "volume": 1.0,
        "pitch": [
          0.8,
          1.2
        ],
        "events": {
          "ambient": "mob.afdal_official_jet_bus_27trans_shd.say",
          "hurt": "mob.afdal_official_jet_bus_27trans_shd.hit",
          "death": "mob.afdal_official_jet_bus_27trans_shd.death",
          "step": "mob.afdal_official_jet_bus_27trans_shd.walk"
        }
      }
    }
  }
}