{
  "format_version": "1.8.0",
  "animations": {
    "animation.iron_golem.attack": {
      "loop": true,
      "bones": {
        "arm0": {
          "rotation": [
            "-114 + ((1.5 * math.abs(math.mod(variable.attack_animation_tick - query.frame_alpha, 10) - 5) - 2.5) / 5) * 57.3",
            0,
            0
          ]
        },
        "arm1": {
          "rotation": [
            "-114 + ((1.5 * math.abs(math.mod(variable.attack_animation_tick - query.frame_alpha, 10) - 5) - 2.5) / 5) * 57.3",
            0,
            0
          ]
        }
      }
    },
    "animation.h_titan_camera_man.flower": {
      "loop": true,
      "bones": {
        "arm0": {
          "rotation": [
            "-45.8 + ((0.25 * math.abs(math.mod(variable.offer_flower_tick, 70) - 35) - 17.5) / 35)",
            0,
            0
          ]
        }
      }
    },
    "animation.iron_golem.move": {
      "loop": true,
      "bones": {
        "arm0": {
          "rotation": [
            "-variable.modified_tcos0 * 2.0",
            0,
            0
          ]
        },
        "arm1": {
          "rotation": [
            "variable.modified_tcos0 * 2.0",
            0,
            0
          ]
        }
      }
    },
    "animation.iron_golem.move_to_target": {
      "loop": true,
      "bones": {
        "arm0": {
          "rotation": [
            "((math.abs(math.mod(query.modified_distance_moved, 13) - 6.5) - 3.25) / 2.25) * 30.0",
            0,
            0
          ]
        },
        "arm1": {
          "rotation": [
            "((math.abs(math.mod(query.modified_distance_moved, 13) - 6.5) - 3.25) / 2.25) * -30.0",
            0,
            0
          ]
        }
      }
    },
    "animation.iron_golem.walk": {
      "loop": true,
      "bones": {
        "body": {
          "rotation": [
            0,
            0,
            "variable.modified_tcos0 / 1.5"
          ]
        },
        "head": {
          "rotation": [
            0,
            0,
            "variable.modified_tcos0 / 1.5"
          ]
        },
        "leg0": {
          "rotation": [
            "variable.modified_tcos0 * 6.0",
            0,
            0
          ]
        },
        "leg1": {
          "rotation": [
            "-variable.modified_tcos0 * 6.0",
            0,
            0
          ]
        }
      }
    },
    "animation.iron_golem.walk_to_target": {
      "loop": true,
      "bones": {
        "body": {
          "rotation": [
            0,
            0,
            "2.0 * (math.abs(math.mod(query.modified_distance_moved + 6, 13.0) - 6.5) - 3.25)"
          ]
        },
        "head": {
          "rotation": [
            0,
            0,
            "2.0 * (math.abs(math.mod(query.modified_distance_moved + 6, 13.0) - 6.5) - 3.25)"
          ]
        },
        "leg0": {
          "rotation": [
            "(math.cos(query.modified_distance_moved * 38.17) * 40.0)",
            0,
            0
          ]
        },
        "leg1": {
          "rotation": [
            "(math.cos(query.modified_distance_moved * 38.17 + 180) * 40.0)",
            0,
            0
          ]
        }
      }
    },
    "animation.h_titan_camera_man.move_1": {
      "loop": true,
      "animation_length": 1,
      "bones": {
        "Body": {
          "rotation": {
            "0.0": [
              0,
              -5,
              0
            ],
            "0.5": [
              0,
              12.5,
              0
            ],
            "1.0": [
              0,
              -12.5,
              0
            ]
          }
        },
        "RightArm": {
          "rotation": {
            "0.0": [
              19.56838,
              26.12797,
              8.89674
            ],
            "0.5": [
              -18.66201,
              -36.01651,
              11.23272
            ],
            "1.0": [
              13.74538,
              24.3683,
              5.7632
            ]
          }
        },
        "RightLeg": {
          "rotation": {
            "0.0": [
              -13.74538,
              24.3683,
              -5.7632
            ],
            "0.5": [
              12.92638,
              -14.63639,
              -3.31914
            ],
            "1.0": [
              -11.00966,
              24.59477,
              -4.62934
            ]
          },
          "position": {
            "0.0": [
              0,
              0,
              -2
            ],
            "0.5": [
              0,
              0,
              2
            ],
            "1.0": [
              0,
              0,
              -2
            ]
          }
        },
        "LeftLeg": {
          "rotation": {
            "0.0": [
              10.62758,
              19.6835,
              3.61644
            ],
            "0.5": [
              -18.66201,
              -36.01651,
              11.23272
            ],
            "1.0": [
              8.26511,
              24.77164,
              3.48303
            ]
          },
          "position": {
            "0.0": [
              0,
              0,
              2
            ],
            "0.5": [
              0,
              0,
              -2
            ],
            "1.0": [
              0,
              0,
              2
            ]
          }
        },
        "Head": {
          "rotation": {
            "0.0": [
              0,
              -12.5,
              0
            ],
            "0.5": [
              0,
              10,
              0
            ],
            "1.0": [
              0,
              -7.5,
              0
            ]
          }
        },
        "RightArm2": {
          "rotation": {
            "0.0": [
              -16.80857,
              26.48829,
              -7.6734
            ],
            "0.5": [
              17.19212,
              -28.87909,
              -8.49878
            ],
            "1.0": [
              -11.80868,
              31.94715,
              -6.31274
            ]
          }
        }
      }
    },
    "animation.h_titan_camera_man.general": {
      "loop": true,
      "animation_length": 1,
      "bones": {
        "RightArm": {
          "rotation": {
            "0.0": [
              0,
              0,
              2.5
            ],
            "0.5": [
              0,
              0,
              0
            ],
            "1.0": [
              0,
              0,
              2.5
            ]
          }
        },
        "Head": {
          "rotation": {
            "0.0": [
              5,
              0,
              2.5
            ],
            "0.5": [
              -5,
              0,
              -2.5
            ],
            "1.0": [
              5,
              0,
              2.5
            ]
          }
        },
        "RightArm2": {
          "rotation": {
            "0.0": [
              0,
              0,
              -2.5
            ],
            "0.5": [
              0,
              0,
              0
            ],
            "1.0": [
              0,
              0,
              -2.5
            ]
          }
        }
      }
    },
    "animation.h_titan_camera_man.move.at.target": {
      "loop": true,
      "animation_length": 1,
      "bones": {
        "Body": {
          "rotation": {
            "0.0": [
              0,
              -32.5,
              0
            ],
            "0.5": [
              0,
              25,
              0
            ],
            "1.0": [
              0,
              -35,
              0
            ]
          }
        },
        "RightArm": {
          "rotation": {
            "0.0": [
              40,
              0,
              0
            ],
            "0.5": [
              -12.5,
              0,
              0
            ],
            "1.0": [
              27.5,
              0,
              0
            ]
          }
        },
        "RightLeg": {
          "rotation": {
            "0.0": [
              -21.88023,
              23.39896,
              -9.06159
            ],
            "0.5": [
              35.10451,
              -20.88127,
              -14.06573
            ],
            "1.0": [
              -14.35885,
              29.21893,
              -7.12284
            ]
          },
          "position": {
            "0.0": [
              0,
              0,
              -2
            ],
            "0.5": [
              0,
              0,
              2
            ],
            "1.0": [
              0,
              0,
              -2
            ]
          }
        },
        "LeftLeg": {
          "rotation": {
            "0.0": [
              41.7633,
              15.18892,
              13.16783
            ],
            "0.5": [
              -15.14371,
              -34.05444,
              8.61775
            ],
            "1.0": [
              39.23412,
              15.74419,
              12.49325
            ]
          },
          "position": {
            "0.0": [
              0,
              0,
              2
            ],
            "0.5": [
              0,
              0,
              -2
            ],
            "1.0": [
              0,
              0,
              2
            ]
          }
        },
        "Head": {
          "rotation": {
            "0.0": [
              22.5,
              0,
              0
            ],
            "0.5": [
              5,
              0,
              0
            ],
            "1.0": [
              22.5,
              0,
              0
            ]
          }
        },
        "RightArm2": {
          "rotation": {
            "0.0": [
              -22.5,
              0,
              0
            ],
            "0.5": [
              27.5,
              0,
              0
            ],
            "1.0": [
              -15,
              0,
              0
            ]
          }
        }
      }
    },
    "animation.h_titan_camera_man.attavk": {
      "loop": true,
      "animation_length": 1,
      "bones": {
        "Body": {
          "rotation": {
            "0.0": [
              0,
              0,
              0
            ],
            "0.2083": [
              2.5,
              0,
              0
            ],
            "0.375": [
              0,
              0,
              0
            ]
          }
        },
        "RightArm": {
          "rotation": {
            "0.0": [
              0,
              0,
              0
            ],
            "0.2083": [
              2.58807,
              14.98539,
              0.66963
            ],
            "0.375": [
              0,
              0,
              0
            ]
          }
        },
        "RightLeg": {
          "rotation": {
            "0.0": [
              0,
              0,
              0
            ],
            "0.2083": [
              -2.70569,
              22.47741,
              -1.03509
            ],
            "0.375": [
              0,
              0,
              0
            ]
          }
        },
        "LeftLeg": {
          "rotation": {
            "0.0": [
              0,
              0,
              0
            ],
            "0.2083": [
              -2.81797,
              -27.47162,
              1.30078
            ],
            "0.375": [
              0,
              0,
              0
            ]
          }
        },
        "Head": {
          "rotation": {
            "0.0": [
              0,
              0,
              0
            ],
            "0.2083": [
              10,
              0,
              0
            ],
            "0.375": [
              0,
              0,
              0
            ]
          }
        },
        "RightArm2": {
          "rotation": {
            "0.2083": [
              2.53852,
              -9.99038,
              -0.44067
            ],
            "0.375": [
              0,
              0,
              0
            ]
          }
        }
      }
    }
  }
}