{
  "format_version": "1.8.0",
  "animations": {
    "animation.iron_golem.attack": {
      "loop": true,
      "bones": {
        "arm0": {
          "rotation": [
            "-114 + ((1.5 * math.abs(math.mod(variable.attack_animation_tick - query.frame_alpha, 10) - 5) - 2.5) / 5) * 57.3",
            0,
            0
          ]
        },
        "arm1": {
          "rotation": [
            "-114 + ((1.5 * math.abs(math.mod(variable.attack_animation_tick - query.frame_alpha, 10) - 5) - 2.5) / 5) * 57.3",
            0,
            0
          ]
        }
      }
    },
    "animation.h_tv_man.flower": {
      "loop": true,
      "bones": {
        "arm0": {
          "rotation": [
            "-45.8 + ((0.25 * math.abs(math.mod(variable.offer_flower_tick, 70) - 35) - 17.5) / 35)",
            0,
            0
          ]
        }
      }
    },
    "animation.iron_golem.move": {
      "loop": true,
      "bones": {
        "arm0": {
          "rotation": [
            "-variable.modified_tcos0 * 2.0",
            0,
            0
          ]
        },
        "arm1": {
          "rotation": [
            "variable.modified_tcos0 * 2.0",
            0,
            0
          ]
        }
      }
    },
    "animation.iron_golem.move_to_target": {
      "loop": true,
      "bones": {
        "arm0": {
          "rotation": [
            "((math.abs(math.mod(query.modified_distance_moved, 13) - 6.5) - 3.25) / 2.25) * 30.0",
            0,
            0
          ]
        },
        "arm1": {
          "rotation": [
            "((math.abs(math.mod(query.modified_distance_moved, 13) - 6.5) - 3.25) / 2.25) * -30.0",
            0,
            0
          ]
        }
      }
    },
    "animation.iron_golem.walk": {
      "loop": true,
      "bones": {
        "body": {
          "rotation": [
            0,
            0,
            "variable.modified_tcos0 / 1.5"
          ]
        },
        "head": {
          "rotation": [
            0,
            0,
            "variable.modified_tcos0 / 1.5"
          ]
        },
        "leg0": {
          "rotation": [
            "variable.modified_tcos0 * 6.0",
            0,
            0
          ]
        },
        "leg1": {
          "rotation": [
            "-variable.modified_tcos0 * 6.0",
            0,
            0
          ]
        }
      }
    },
    "animation.iron_golem.walk_to_target": {
      "loop": true,
      "bones": {
        "body": {
          "rotation": [
            0,
            0,
            "2.0 * (math.abs(math.mod(query.modified_distance_moved + 6, 13.0) - 6.5) - 3.25)"
          ]
        },
        "head": {
          "rotation": [
            0,
            0,
            "2.0 * (math.abs(math.mod(query.modified_distance_moved + 6, 13.0) - 6.5) - 3.25)"
          ]
        },
        "leg0": {
          "rotation": [
            "(math.cos(query.modified_distance_moved * 38.17) * 40.0)",
            0,
            0
          ]
        },
        "leg1": {
          "rotation": [
            "(math.cos(query.modified_distance_moved * 38.17 + 180) * 40.0)",
            0,
            0
          ]
        }
      }
    },
    "animation.h_tv_man.move_1": {
      "loop": true,
      "animation_length": 0.75,
      "bones": {
        "Body": {
          "rotation": {
            "0.0": [
              0,
              -5,
              0
            ],
            "0.375": [
              0,
              5,
              0
            ],
            "0.75": [
              0,
              -5,
              0
            ]
          },
          "scale": 1
        },
        "RightArm": {
          "rotation": {
            "0.0": [
              10.23772,
              12.3071,
              2.20462
            ],
            "0.375": [
              -10.47479,
              -17.22575,
              3.13388
            ],
            "0.75": [
              10.47479,
              17.22575,
              3.13388
            ]
          }
        },
        "LeftArm": {
          "rotation": {
            "0.0": [
              -10.34527,
              14.76689,
              -2.66399
            ],
            "0.375": [
              15.50409,
              -14.47751,
              -3.96713
            ],
            "0.75": [
              -7.85952,
              17.34551,
              -2.35666
            ]
          }
        },
        "RightLeg": {
          "rotation": {
            "0.0": [
              -7.7614,
              14.8687,
              -2.00307
            ],
            "0.375": [
              16.17354,
              -21.69365,
              -6.1191
            ],
            "0.75": [
              -10.34527,
              14.76689,
              -2.66399
            ]
          },
          "position": {
            "0.0": [
              0,
              0,
              -2
            ],
            "0.375": [
              0,
              0,
              2
            ],
            "0.75": [
              0,
              0,
              -2
            ]
          }
        },
        "LeftLeg": {
          "rotation": {
            "0.0": [
              10.62758,
              19.6835,
              3.61644
            ],
            "0.375": [
              -10.62758,
              -19.6835,
              3.61644
            ],
            "0.75": [
              13.27463,
              19.50645,
              4.50432
            ]
          },
          "position": {
            "0.0": [
              0,
              0,
              2
            ],
            "0.375": [
              0,
              0,
              -2
            ],
            "0.75": [
              0,
              0,
              2
            ]
          }
        }
      }
    },
    "animation.h_tv_man.general": {
      "loop": true,
      "animation_length": 0.75,
      "bones": {
        "RightArm": {
          "rotation": {
            "0.0": [
              0,
              0,
              2.5
            ],
            "0.375": [
              0,
              0,
              0
            ],
            "0.75": [
              0,
              0,
              2.5
            ]
          }
        },
        "LeftArm": {
          "rotation": {
            "0.0": [
              0,
              0,
              -2.5
            ],
            "0.375": [
              0,
              0,
              0
            ],
            "0.75": [
              0,
              0,
              -2.5
            ]
          }
        },
        "Head": {
          "rotation": {
            "0.0": [
              2.5,
              0,
              0
            ],
            "0.375": [
              0,
              0,
              0
            ],
            "0.75": [
              2.5,
              0,
              0
            ]
          }
        }
      }
    },
    "animation.model.villager": {
      "loop": true
    },
    "animation.h_tv_man.attack_2": {
      "loop": true,
      "animation_length": 0.75,
      "bones": {
        "Body": {
          "rotation": {
            "0.0": [
              0,
              0,
              0
            ],
            "0.1667": [
              0,
              7.5,
              0
            ],
            "0.5": [
              0,
              0,
              0
            ]
          }
        },
        "RightArm": {
          "rotation": {
            "0.0": [
              2.5,
              0,
              0
            ],
            "0.1667": [
              -155,
              0,
              0
            ],
            "0.3333": [
              -67.69002,
              -25.71543,
              -10.09541
            ],
            "0.5": [
              2.5,
              0,
              0
            ]
          }
        },
        "RightLeg": {
          "rotation": {
            "0.0": [
              0,
              0,
              0
            ],
            "0.1667": [
              0,
              -7.5,
              0
            ],
            "0.5": [
              0,
              0,
              0
            ]
          },
          "position": {
            "0.1667": [
              0,
              0,
              -1
            ],
            "0.5": [
              0,
              0,
              0
            ]
          }
        },
        "LeftLeg": {
          "rotation": [
            0,
            0,
            0
          ]
        },
        "Head": {
          "rotation": {
            "0.0": [
              0,
              0,
              0
            ],
            "0.1667": [
              -7.61435,
              9.91358,
              -1.31845
            ],
            "0.3333": [
              12.3169,
              2.44037,
              -1.95597
            ],
            "0.5": [
              -0.07641,
              2.44603,
              0.5463
            ]
          }
        }
      }
    },
    "animation.h_tv_man.move.to.target": {
      "loop": true,
      "animation_length": 0.75,
      "bones": {
        "Body": {
          "rotation": {
            "0.0": [
              12.5,
              -12.5,
              0
            ],
            "0.375": [
              0,
              12.5,
              0
            ],
            "0.75": [
              10,
              -20,
              0
            ]
          }
        },
        "RightArm": {
          "rotation": {
            "0.0": [
              50.29111,
              16.58974,
              18.97287
            ],
            "0.375": [
              -32.49858,
              -21.46902,
              13.12427
            ],
            "0.75": [
              33.05987,
              23.57105,
              14.58943
            ]
          }
        },
        "LeftArm": {
          "rotation": {
            "0.0": [
              -24.56202,
              22.9824,
              -10.11783
            ],
            "0.375": [
              37.68944,
              -20.25437,
              -14.97401
            ],
            "0.75": [
              -11.50839,
              29.4987,
              -5.72511
            ]
          }
        },
        "RightLeg": {
          "rotation": {
            "0.0": [
              -15.50409,
              14.47751,
              -3.96713
            ],
            "0.375": [
              34.13554,
              -16.76559,
              -11.06517
            ],
            "0.75": [
              -13.27463,
              19.50645,
              -4.50432
            ]
          },
          "position": {
            "0.0": [
              0,
              0,
              -2
            ],
            "0.375": [
              0,
              0,
              2
            ],
            "0.75": [
              0,
              0,
              -2
            ]
          }
        },
        "LeftLeg": {
          "rotation": {
            "0.0": [
              40.98084,
              11.43563,
              9.77243
            ],
            "0.375": [
              -15.69284,
              -16.88547,
              4.6653
            ],
            "0.75": [
              40.98084,
              11.43563,
              9.77243
            ]
          },
          "position": {
            "0.0": [
              0,
              0,
              2
            ],
            "0.375": [
              0,
              0,
              -2
            ],
            "0.75": [
              0,
              0,
              2
            ]
          }
        },
        "Head": {
          "rotation": {
            "0.0": [
              0,
              -10,
              0
            ],
            "0.375": [
              0,
              7.5,
              0
            ],
            "0.75": [
              0,
              -12.5,
              0
            ]
          }
        }
      }
    }
  }
}