{
  "format_version": "1.8.0",
  "animations": {
    "animation.iron_golem.attack": {
      "loop": true,
      "bones": {
        "arm0": {
          "rotation": [
            "-114 + ((1.5 * math.abs(math.mod(variable.attack_animation_tick - query.frame_alpha, 10) - 5) - 2.5) / 5) * 57.3",
            0,
            0
          ]
        },
        "arm1": {
          "rotation": [
            "-114 + ((1.5 * math.abs(math.mod(variable.attack_animation_tick - query.frame_alpha, 10) - 5) - 2.5) / 5) * 57.3",
            0,
            0
          ]
        }
      }
    },
    "animation.sk_j_man.flower": {
      "loop": true,
      "bones": {
        "arm0": {
          "rotation": [
            "-45.8 + ((0.25 * math.abs(math.mod(variable.offer_flower_tick, 70) - 35) - 17.5) / 35)",
            0,
            0
          ]
        }
      }
    },
    "animation.iron_golem.move": {
      "loop": true,
      "bones": {
        "arm0": {
          "rotation": [
            "-variable.modified_tcos0 * 2.0",
            0,
            0
          ]
        },
        "arm1": {
          "rotation": [
            "variable.modified_tcos0 * 2.0",
            0,
            0
          ]
        }
      }
    },
    "animation.iron_golem.move_to_target": {
      "loop": true,
      "bones": {
        "arm0": {
          "rotation": [
            "((math.abs(math.mod(query.modified_distance_moved, 13) - 6.5) - 3.25) / 2.25) * 30.0",
            0,
            0
          ]
        },
        "arm1": {
          "rotation": [
            "((math.abs(math.mod(query.modified_distance_moved, 13) - 6.5) - 3.25) / 2.25) * -30.0",
            0,
            0
          ]
        }
      }
    },
    "animation.iron_golem.walk": {
      "loop": true,
      "bones": {
        "body": {
          "rotation": [
            0,
            0,
            "variable.modified_tcos0 / 1.5"
          ]
        },
        "head": {
          "rotation": [
            0,
            0,
            "variable.modified_tcos0 / 1.5"
          ]
        },
        "leg0": {
          "rotation": [
            "variable.modified_tcos0 * 6.0",
            0,
            0
          ]
        },
        "leg1": {
          "rotation": [
            "-variable.modified_tcos0 * 6.0",
            0,
            0
          ]
        }
      }
    },
    "animation.iron_golem.walk_to_target": {
      "loop": true,
      "bones": {
        "body": {
          "rotation": [
            0,
            0,
            "2.0 * (math.abs(math.mod(query.modified_distance_moved + 6, 13.0) - 6.5) - 3.25)"
          ]
        },
        "head": {
          "rotation": [
            0,
            0,
            "2.0 * (math.abs(math.mod(query.modified_distance_moved + 6, 13.0) - 6.5) - 3.25)"
          ]
        },
        "leg0": {
          "rotation": [
            "(math.cos(query.modified_distance_moved * 38.17) * 40.0)",
            0,
            0
          ]
        },
        "leg1": {
          "rotation": [
            "(math.cos(query.modified_distance_moved * 38.17 + 180) * 40.0)",
            0,
            0
          ]
        }
      }
    },
    "animation.sk_j_man.move_1": {
      "loop": true,
      "animation_length": 1,
      "bones": {
        "bone2": {
          "rotation": {
            "0.0": [
              -12.5,
              0,
              0
            ],
            "0.5": [
              -5,
              0,
              0
            ],
            "1.0": [
              -17.5,
              0,
              0
            ]
          }
        },
        "Head": {
          "position": {
            "0.0": [
              0,
              -1,
              0
            ],
            "0.5": [
              0,
              0,
              0
            ],
            "1.0": [
              0,
              -1,
              0
            ]
          }
        },
        "bone3": {
          "scale": {
            "0.0": [
              1,
              0.5,
              1
            ],
            "0.5": [
              1,
              0.9,
              1
            ],
            "1.0": [
              1,
              0.5,
              1
            ]
          }
        }
      }
    },
    "animation.sk_j_man.general": {
      "loop": true,
      "animation_length": 1,
      "bones": {
        "bone2": {
          "rotation": {
            "0.0": [
              -7.5,
              0,
              0
            ],
            "0.5": [
              -5,
              0,
              0
            ],
            "1.0": [
              -7.5,
              0,
              0
            ]
          }
        },
        "Head": {
          "rotation": {
            "0.0": [
              0,
              0,
              2.5
            ],
            "0.5": [
              0,
              0,
              -2.5
            ],
            "1.0": [
              0,
              0,
              2.5
            ]
          },
          "position": [
            0,
            0,
            0
          ]
        }
      }
    },
    "animation.model.villager": {
      "loop": true
    },
    "animation.sk_j_man.move.at.target": {
      "loop": true,
      "animation_length": 1,
      "bones": {
        "bone": {
          "position": {
            "0.0": [
              0,
              0,
              -3
            ],
            "0.5": [
              0,
              0,
              0
            ],
            "1.0": [
              0,
              0,
              -4
            ]
          }
        },
        "bone2": {
          "rotation": {
            "0.0": [
              17.5,
              0,
              0
            ],
            "0.5": [
              -7.5,
              0,
              0
            ],
            "1.0": [
              15,
              0,
              0
            ]
          }
        },
        "Head": {
          "rotation": {
            "0.0": [
              0,
              -15,
              0
            ],
            "0.5": [
              0,
              12.5,
              0
            ],
            "1.0": [
              0,
              -12.5,
              0
            ]
          },
          "position": [
            0,
            0,
            -2
          ]
        },
        "bone3": {
          "scale": {
            "0.0": [
              1,
              1.5,
              1
            ],
            "0.5": [
              1,
              1.4,
              1
            ],
            "1.0": [
              1,
              1.5,
              1
            ]
          }
        },
        "bone4": {
          "rotation": [
            22.5,
            0,
            0
          ],
          "position": [
            -2,
            0,
            2
          ]
        }
      }
    },
    "animation.sk_j_man.attack_2": {
      "loop": true,
      "animation_length": 1,
      "bones": {
        "bone": {
          "rotation": [
            0,
            0,
            0
          ],
          "position": {
            "0.0": [
              0,
              0,
              0
            ],
            "0.25": [
              0,
              0,
              -5
            ],
            "0.4167": [
              0,
              0,
              0
            ]
          }
        },
        "bone2": {
          "rotation": {
            "0.0": [
              0,
              0,
              0
            ],
            "0.25": [
              10,
              0,
              0
            ],
            "0.4167": [
              -37.5,
              0,
              0
            ],
            "0.625": [
              0,
              0,
              0
            ]
          }
        },
        "Head": {
          "position": {
            "0.0": [
              0,
              0,
              0
            ],
            "0.25": [
              0,
              0,
              -4
            ],
            "0.4167": [
              0,
              0,
              -1
            ]
          }
        },
        "bone3": {
          "rotation": [
            0,
            0,
            0
          ],
          "scale": {
            "0.0": [
              1,
              1.1,
              1
            ],
            "0.25": [
              1,
              2.1,
              1
            ],
            "0.4167": [
              1,
              0.3,
              1
            ],
            "0.625": [
              1,
              1.1,
              1
            ]
          }
        },
        "bone4": {
          "rotation": {
            "0.0": [
              0,
              0,
              0
            ],
            "0.25": [
              25,
              0,
              0
            ],
            "0.4167": [
              2.5,
              0,
              0
            ]
          },
          "position": {
            "0.0": [
              0,
              0,
              0
            ],
            "0.25": [
              -2,
              0,
              2
            ],
            "0.4167": [
              0,
              0,
              0
            ]
          }
        }
      }
    }
  }
}