{
  "format_version": "1.8.0",
  "animations": {
    "animation.iron_golem.attack": {
      "loop": true,
      "bones": {
        "arm0": {
          "rotation": [
            "-114 + ((1.5 * math.abs(math.mod(variable.attack_animation_tick - query.frame_alpha, 10) - 5) - 2.5) / 5) * 57.3",
            0,
            0
          ]
        },
        "arm1": {
          "rotation": [
            "-114 + ((1.5 * math.abs(math.mod(variable.attack_animation_tick - query.frame_alpha, 10) - 5) - 2.5) / 5) * 57.3",
            0,
            0
          ]
        }
      }
    },
    "animation.sk_skibidi_man.flower": {
      "loop": true,
      "bones": {
        "arm0": {
          "rotation": [
            "-45.8 + ((0.25 * math.abs(math.mod(variable.offer_flower_tick, 70) - 35) - 17.5) / 35)",
            0,
            0
          ]
        }
      }
    },
    "animation.iron_golem.move": {
      "loop": true,
      "bones": {
        "arm0": {
          "rotation": [
            "-variable.modified_tcos0 * 2.0",
            0,
            0
          ]
        },
        "arm1": {
          "rotation": [
            "variable.modified_tcos0 * 2.0",
            0,
            0
          ]
        }
      }
    },
    "animation.iron_golem.move_to_target": {
      "loop": true,
      "bones": {
        "arm0": {
          "rotation": [
            "((math.abs(math.mod(query.modified_distance_moved, 13) - 6.5) - 3.25) / 2.25) * 30.0",
            0,
            0
          ]
        },
        "arm1": {
          "rotation": [
            "((math.abs(math.mod(query.modified_distance_moved, 13) - 6.5) - 3.25) / 2.25) * -30.0",
            0,
            0
          ]
        }
      }
    },
    "animation.iron_golem.walk": {
      "loop": true,
      "bones": {
        "body": {
          "rotation": [
            0,
            0,
            "variable.modified_tcos0 / 1.5"
          ]
        },
        "head": {
          "rotation": [
            0,
            0,
            "variable.modified_tcos0 / 1.5"
          ]
        },
        "leg0": {
          "rotation": [
            "variable.modified_tcos0 * 6.0",
            0,
            0
          ]
        },
        "leg1": {
          "rotation": [
            "-variable.modified_tcos0 * 6.0",
            0,
            0
          ]
        }
      }
    },
    "animation.iron_golem.walk_to_target": {
      "loop": true,
      "bones": {
        "body": {
          "rotation": [
            0,
            0,
            "2.0 * (math.abs(math.mod(query.modified_distance_moved + 6, 13.0) - 6.5) - 3.25)"
          ]
        },
        "head": {
          "rotation": [
            0,
            0,
            "2.0 * (math.abs(math.mod(query.modified_distance_moved + 6, 13.0) - 6.5) - 3.25)"
          ]
        },
        "leg0": {
          "rotation": [
            "(math.cos(query.modified_distance_moved * 38.17) * 40.0)",
            0,
            0
          ]
        },
        "leg1": {
          "rotation": [
            "(math.cos(query.modified_distance_moved * 38.17 + 180) * 40.0)",
            0,
            0
          ]
        }
      }
    },
    "animation.sk_skibidi_man.move_1": {
      "loop": true,
      "animation_length": 0.75,
      "bones": {
        "bone": {
          "rotation": {
            "0.0": [
              0,
              -12.5,
              0
            ],
            "0.375": [
              0,
              12.5,
              0
            ],
            "0.75": [
              0,
              -12.5,
              0
            ]
          }
        },
        "bone2": {
          "rotation": {
            "0.0": [
              -17.5,
              0,
              0
            ],
            "0.375": [
              0,
              0,
              0
            ],
            "0.75": [
              -17.5,
              0,
              0
            ]
          }
        },
        "Head": {
          "rotation": {
            "0.0": [
              0,
              0,
              17.5
            ],
            "0.375": [
              0,
              0,
              -10
            ],
            "0.75": [
              0,
              0,
              17.5
            ]
          }
        },
        "bone3": {
          "scale": {
            "0.0": [
              1,
              0.7,
              1
            ],
            "0.375": [
              1,
              1,
              1
            ],
            "0.75": [
              1,
              0.7,
              1
            ]
          }
        },
        "Leg2": {
          "rotation": {
            "0.0": [
              13.27463,
              19.50645,
              4.50432
            ],
            "0.375": [
              -22.79588,
              -28.02432,
              11.17023
            ],
            "0.75": [
              15.69284,
              16.88547,
              4.6653
            ]
          },
          "position": {
            "0.0": [
              0,
              0,
              2
            ],
            "0.375": [
              0,
              0,
              -2
            ],
            "0.75": [
              0,
              0,
              2
            ]
          }
        },
        "Leg3": {
          "rotation": {
            "0.0": [
              -18.84359,
              21.40584,
              -7.09999
            ],
            "0.375": [
              15.91527,
              -19.291,
              -5.38152
            ],
            "0.75": [
              -13.4936,
              21.93857,
              -5.123
            ]
          },
          "position": {
            "0.0": [
              0,
              0,
              -2
            ],
            "0.375": [
              0,
              0,
              2
            ],
            "0.75": [
              0,
              0,
              -2
            ]
          }
        },
        "Arm": {
          "rotation": {
            "0.0": [
              17.19212,
              28.87909,
              8.49878
            ],
            "0.375": [
              -22.79588,
              -28.02432,
              11.17023
            ],
            "0.75": [
              15.61249,
              36.46498,
              9.42961
            ]
          }
        },
        "Arm2": {
          "rotation": {
            "0.0": [
              -19.56838,
              26.12797,
              -8.89674
            ],
            "0.375": [
              18.11321,
              -33.64409,
              -10.27206
            ],
            "0.75": [
              -15.61249,
              36.46498,
              -9.42961
            ]
          }
        }
      }
    },
    "animation.sk_skibidi_man.general": {
      "loop": true,
      "animation_length": 0.75,
      "bones": {
        "Head": {
          "rotation": {
            "0.0": [
              0,
              0,
              2.5
            ],
            "0.375": [
              0,
              0,
              -2.5
            ],
            "0.75": [
              0,
              0,
              5
            ]
          }
        },
        "bone3": {
          "rotation": {
            "0.0": [
              0,
              0,
              2.5
            ],
            "0.375": [
              0,
              0,
              -2.5
            ],
            "0.75": [
              0,
              0,
              5
            ]
          }
        },
        "Arm": {
          "rotation": {
            "0.0": [
              0,
              0,
              2.5
            ],
            "0.375": [
              0,
              0,
              0
            ],
            "0.75": [
              0,
              0,
              2.5
            ]
          }
        },
        "Arm2": {
          "rotation": {
            "0.0": [
              0,
              0,
              -2.5
            ],
            "0.375": [
              0,
              0,
              0
            ],
            "0.75": [
              0,
              0,
              -2.5
            ]
          }
        }
      }
    },
    "animation.sk_skibidi_man.move.ar.target": {
      "loop": true,
      "animation_length": 0.75,
      "bones": {
        "bone": {
          "rotation": {
            "0.0": [
              12.68664,
              9.76061,
              2.18558
            ],
            "0.375": [
              12.92638,
              -14.63639,
              -3.31914
            ],
            "0.75": [
              12.79362,
              12.19908,
              2.74715
            ]
          }
        },
        "bone2": {
          "rotation": {
            "0.0": [
              -20,
              0,
              0
            ],
            "0.375": [
              0,
              0,
              0
            ],
            "0.75": [
              -22.5,
              0,
              0
            ]
          },
          "scale": [
            0.7,
            1,
            1
          ]
        },
        "Head": {
          "rotation": {
            "0.0": [
              0,
              0,
              -7.5
            ],
            "0.375": [
              0,
              0,
              10
            ],
            "0.75": [
              0,
              0,
              -2.5
            ]
          }
        },
        "bone3": {
          "scale": {
            "0.0": [
              1,
              1.6,
              1
            ],
            "0.375": [
              1,
              1.2,
              1
            ],
            "0.75": [
              1,
              1.5,
              1
            ]
          }
        },
        "Leg2": {
          "rotation": {
            "0.0": [
              35.93866,
              12.2403,
              8.73739
            ],
            "0.375": [
              -9.76858,
              -37.09663,
              5.92854
            ],
            "0.75": [
              31.5667,
              17.2294,
              10.3141
            ]
          },
          "position": {
            "0.0": [
              0,
              0,
              2
            ],
            "0.375": [
              0,
              0,
              -2
            ],
            "0.75": [
              0,
              0,
              1
            ]
          }
        },
        "Leg3": {
          "rotation": {
            "0.0": [
              -18.84359,
              21.40584,
              -7.09999
            ],
            "0.375": [
              35.68672,
              -22.91934,
              -15.62633
            ],
            "0.75": [
              -18.07779,
              14.2906,
              -4.60659
            ]
          },
          "position": {
            "0.0": [
              0,
              0,
              -2
            ],
            "0.375": [
              0,
              0,
              2
            ],
            "0.75": [
              0,
              0,
              -2
            ]
          }
        },
        "Arm": {
          "rotation": {
            "0.0": [
              33.05987,
              23.57105,
              14.58943
            ],
            "0.375": [
              -14.03271,
              -26.79524,
              6.42848
            ],
            "0.75": [
              31.68416,
              28.46296,
              16.39211
            ]
          }
        },
        "Arm2": {
          "rotation": {
            "0.0": [
              -16.80857,
              26.48829,
              -7.6734
            ],
            "0.375": [
              35.22465,
              -36.81662,
              -22.93393
            ],
            "0.75": [
              -14.03271,
              26.79524,
              -6.42848
            ]
          }
        }
      }
    },
    "animation.sk_skibidi_man.attack_2": {
      "loop": true,
      "animation_length": 0.75,
      "bones": {
        "bone": {
          "rotation": {
            "0.0": [
              0,
              0,
              0
            ],
            "0.1667": [
              0,
              5,
              0
            ],
            "0.3333": [
              0,
              0,
              0
            ]
          }
        },
        "bone2": {
          "rotation": {
            "0.0": [
              0,
              0,
              0
            ],
            "0.1667": [
              -10,
              0,
              0
            ],
            "0.3333": [
              0,
              0,
              0
            ]
          }
        },
        "Head": {
          "rotation": {
            "0.0": [
              0,
              0,
              0
            ],
            "0.1667": [
              -5,
              0,
              -5
            ],
            "0.3333": [
              -2.90039,
              0.17228,
              -1.73994
            ]
          }
        },
        "Arm": {
          "rotation": {
            "0.0": [
              0,
              0,
              0
            ],
            "0.1667": [
              -146.59341,
              12.60837,
              8.19252
            ],
            "0.3333": [
              -60,
              0,
              0
            ],
            "0.5": [
              2.5,
              0,
              0
            ]
          }
        }
      }
    }
  }
}