{
  "format_version": "1.8.0",
  "animations": {
    "animation.iron_golem.attack": {
      "loop": true,
      "bones": {
        "arm0": {
          "rotation": [
            "-114 + ((1.5 * math.abs(math.mod(variable.attack_animation_tick - query.frame_alpha, 10) - 5) - 2.5) / 5) * 57.3",
            0,
            0
          ]
        },
        "arm1": {
          "rotation": [
            "-114 + ((1.5 * math.abs(math.mod(variable.attack_animation_tick - query.frame_alpha, 10) - 5) - 2.5) / 5) * 57.3",
            0,
            0
          ]
        }
      }
    },
    "animation.sk_skibidi_spidar.flower": {
      "loop": true,
      "bones": {
        "arm0": {
          "rotation": [
            "-45.8 + ((0.25 * math.abs(math.mod(variable.offer_flower_tick, 70) - 35) - 17.5) / 35)",
            0,
            0
          ]
        }
      }
    },
    "animation.iron_golem.move": {
      "loop": true,
      "bones": {
        "arm0": {
          "rotation": [
            "-variable.modified_tcos0 * 2.0",
            0,
            0
          ]
        },
        "arm1": {
          "rotation": [
            "variable.modified_tcos0 * 2.0",
            0,
            0
          ]
        }
      }
    },
    "animation.iron_golem.move_to_target": {
      "loop": true,
      "bones": {
        "arm0": {
          "rotation": [
            "((math.abs(math.mod(query.modified_distance_moved, 13) - 6.5) - 3.25) / 2.25) * 30.0",
            0,
            0
          ]
        },
        "arm1": {
          "rotation": [
            "((math.abs(math.mod(query.modified_distance_moved, 13) - 6.5) - 3.25) / 2.25) * -30.0",
            0,
            0
          ]
        }
      }
    },
    "animation.iron_golem.walk": {
      "loop": true,
      "bones": {
        "body": {
          "rotation": [
            0,
            0,
            "variable.modified_tcos0 / 1.5"
          ]
        },
        "head": {
          "rotation": [
            0,
            0,
            "variable.modified_tcos0 / 1.5"
          ]
        },
        "leg0": {
          "rotation": [
            "variable.modified_tcos0 * 6.0",
            0,
            0
          ]
        },
        "leg1": {
          "rotation": [
            "-variable.modified_tcos0 * 6.0",
            0,
            0
          ]
        }
      }
    },
    "animation.iron_golem.walk_to_target": {
      "loop": true,
      "bones": {
        "body": {
          "rotation": [
            0,
            0,
            "2.0 * (math.abs(math.mod(query.modified_distance_moved + 6, 13.0) - 6.5) - 3.25)"
          ]
        },
        "head": {
          "rotation": [
            0,
            0,
            "2.0 * (math.abs(math.mod(query.modified_distance_moved + 6, 13.0) - 6.5) - 3.25)"
          ]
        },
        "leg0": {
          "rotation": [
            "(math.cos(query.modified_distance_moved * 38.17) * 40.0)",
            0,
            0
          ]
        },
        "leg1": {
          "rotation": [
            "(math.cos(query.modified_distance_moved * 38.17 + 180) * 40.0)",
            0,
            0
          ]
        }
      }
    },
    "animation.sk_skibidi_spidar.move_1": {
      "loop": true,
      "animation_length": 0.41667,
      "bones": {
        "bone": {
          "rotation": {
            "0.0": [
              0,
              -10,
              0
            ],
            "0.2083": [
              0,
              12.5,
              0
            ],
            "0.4167": [
              0,
              -15,
              0
            ]
          }
        },
        "Head": {
          "rotation": {
            "0.0": [
              0,
              0,
              15
            ],
            "0.2083": [
              0,
              0,
              -17.5
            ],
            "0.4167": [
              0,
              0,
              15
            ]
          }
        },
        "bone3": {
          "scale": {
            "0.0": [
              1,
              0.4,
              1
            ],
            "0.2083": [
              1,
              0.9,
              1
            ],
            "0.4167": [
              1,
              0.4,
              1
            ]
          }
        },
        "Leg": {
          "rotation": {
            "0.0": [
              0,
              -32.5,
              42.5
            ],
            "0.2083": [
              0,
              0,
              2.5
            ],
            "0.4167": [
              0,
              -40,
              42.5
            ]
          }
        },
        "bone5": {
          "rotation": {
            "0.0": [
              0,
              0,
              -55
            ],
            "0.2083": [
              0,
              0,
              15
            ],
            "0.4167": [
              0,
              0,
              -32.5
            ]
          }
        },
        "Leg2": {
          "rotation": {
            "0.0": [
              0,
              0,
              0
            ],
            "0.2083": [
              0,
              35,
              42.5
            ],
            "0.4167": [
              0,
              0,
              -5
            ]
          }
        },
        "bone6": {
          "rotation": {
            "0.0": [
              0,
              0,
              0
            ],
            "0.2083": [
              0,
              0,
              -50
            ],
            "0.4167": [
              0,
              0,
              -2.5
            ]
          }
        },
        "Leg3": {
          "rotation": {
            "0.0": [
              0,
              37.5,
              -55
            ],
            "0.2083": [
              0,
              0,
              -7.5
            ],
            "0.4167": [
              0,
              30,
              -50
            ]
          }
        },
        "bone7": {
          "rotation": {
            "0.0": [
              0,
              0,
              -45
            ],
            "0.2083": [
              0,
              0,
              -2.5
            ],
            "0.4167": [
              0,
              0,
              -47.5
            ]
          }
        },
        "Leg4": {
          "rotation": {
            "0.0": [
              0,
              0,
              0
            ],
            "0.2083": [
              0,
              -35,
              -50
            ],
            "0.4167": [
              0,
              0,
              -5
            ]
          }
        },
        "bone8": {
          "rotation": {
            "0.0": [
              0,
              0,
              0
            ],
            "0.2083": [
              0,
              0,
              -52.5
            ],
            "0.4167": [
              0,
              0,
              -12.5
            ]
          }
        }
      }
    },
    "animation.sk_skibidi_spidar.gwneral": {
      "loop": true,
      "animation_length": 0.41667,
      "bones": {
        "Head": {
          "position": {
            "0.0": [
              0,
              -1,
              0
            ],
            "0.2083": [
              0,
              0,
              0
            ],
            "0.4167": [
              0,
              -1,
              0
            ]
          }
        }
      }
    },
    "animation.sk_skibidi_spidar.attack_2": {
      "loop": true,
      "animation_length": 0.58333,
      "bones": {
        "Head": {
          "rotation": {
            "0.0": [
              0,
              0,
              0
            ],
            "0.2083": [
              38.13607,
              -11.96786,
              23.13665
            ],
            "0.4167": [
              6.16554,
              -3.27091,
              4.27661
            ]
          }
        },
        "bone3": {
          "rotation": [
            0,
            0,
            0
          ],
          "scale": {
            "0.0": [
              1,
              1,
              1
            ],
            "0.0833": [
              1,
              1.5,
              1
            ],
            "0.2083": [
              1,
              2,
              1
            ],
            "0.4167": [
              1,
              0.6,
              1
            ],
            "0.5": [
              1,
              1,
              1
            ]
          }
        }
      }
    },
    "animation.sk_skibidi_spidar.move.at.target": {
      "loop": true,
      "animation_length": 0.41667,
      "bones": {
        "Leg": {
          "rotation": {
            "0.0": [
              0,
              -20,
              82.5
            ],
            "0.2083": [
              0,
              0,
              -2.5
            ],
            "0.4167": [
              0,
              -30,
              77.5
            ]
          }
        },
        "Leg2": {
          "rotation": {
            "0.0": [
              0,
              0,
              0
            ],
            "0.2083": [
              0,
              25,
              62.5
            ],
            "0.4167": [
              0,
              0,
              0
            ]
          }
        },
        "Leg3": {
          "rotation": {
            "0.0": [
              0,
              35,
              -82.5
            ],
            "0.2083": [
              0,
              0,
              -2.5
            ],
            "0.4167": [
              0,
              25,
              -75
            ]
          }
        },
        "Leg4": {
          "rotation": {
            "0.0": [
              0,
              0,
              0
            ],
            "0.2083": [
              0,
              -22.5,
              -67.5
            ],
            "0.4167": [
              0,
              0,
              2.5
            ]
          }
        },
        "bone": {
          "rotation": {
            "0.0": [
              0,
              -10,
              0
            ],
            "0.2083": [
              0,
              12.5,
              0
            ],
            "0.4167": [
              0,
              -12.5,
              0
            ]
          }
        },
        "Head": {
          "rotation": {
            "0.0": [
              0,
              0,
              10
            ],
            "0.2083": [
              0,
              0,
              -15
            ],
            "0.4167": [
              0,
              0,
              7.5
            ]
          }
        },
        "bone3": {
          "scale": {
            "0.0": [
              1,
              1.6,
              1
            ],
            "0.2083": [
              1,
              1.2,
              1
            ],
            "0.4167": [
              1,
              1.7,
              1
            ]
          }
        }
      }
    }
  }
}