{
  "format_version": "1.8.0",
  "animations": {
    "animation.witch.general": {
      "loop": true,
      "bones": {
        "nose": {
          "rotation": [
            "(variable.isholdingitem ? -25.7831 : (math.sin(query.life_time * 57.296) * 4.5)) - this",
            0,
            "(math.cos(query.life_time * 57.296) * 2.5) - this"
          ]
        }
      }
    },
    "animation.pa_green.villager_general": {
      "loop": true,
      "bones": {
        "arms": {
          "position": [
            0,
            -1,
            -1
          ],
          "rotation": [
            "-42.97 - this",
            0,
            0
          ]
        }
      }
    },
    "animation.witch.move": {
      "anim_time_update": "query.modified_distance_moved",
      "loop": true,
      "bones": {
        "leg0": {
          "rotation": [
            "(math.cos(query.anim_time * 38.17) * 40.0) - this",
            "-this",
            0
          ]
        },
        "leg1": {
          "rotation": [
            "(math.cos(query.anim_time * 38.17 + 180) * 40.0) - this",
            "-this",
            0
          ]
        }
      }
    },
    "animation.yg_green.jeneral": {
      "loop": true,
      "animation_length": 8,
      "bones": {
        "Body": {
          "rotation": {
            "0.0": {
              "post": [
                20,
                -30,
                0
              ],
              "lerp_mode": "catmullrom"
            },
            "2.0": {
              "post": [
                0.11553,
                -1.63283,
                1.94474
              ],
              "lerp_mode": "catmullrom"
            },
            "4.0": {
              "post": [
                27.5,
                27.5,
                0
              ],
              "lerp_mode": "catmullrom"
            },
            "6.0": {
              "post": [
                0.11553,
                -1.63283,
                1.94474
              ],
              "lerp_mode": "catmullrom"
            },
            "8.0": {
              "post": [
                20,
                -30,
                0
              ],
              "lerp_mode": "catmullrom"
            }
          }
        },
        "Rightarm": {
          "rotation": {
            "0.0": {
              "post": [
                0,
                0,
                40
              ],
              "lerp_mode": "catmullrom"
            },
            "2.0": {
              "post": [
                0,
                0,
                -42.5
              ],
              "lerp_mode": "catmullrom"
            },
            "4.0": {
              "post": [
                0,
                0,
                -80
              ],
              "lerp_mode": "catmullrom"
            },
            "6.0": {
              "post": [
                0,
                0,
                -42.5
              ],
              "lerp_mode": "catmullrom"
            },
            "8.0": {
              "post": [
                0,
                0,
                40
              ],
              "lerp_mode": "catmullrom"
            }
          }
        },
        "bone": {
          "rotation": {
            "0.0": {
              "post": [
                0,
                0,
                27.5
              ],
              "lerp_mode": "catmullrom"
            },
            "2.0": {
              "post": [
                0,
                0,
                -22.5
              ],
              "lerp_mode": "catmullrom"
            },
            "4.0": {
              "post": [
                0,
                0,
                17.5
              ],
              "lerp_mode": "catmullrom"
            },
            "6.0": {
              "post": [
                0,
                0,
                -22.5
              ],
              "lerp_mode": "catmullrom"
            },
            "8.0": {
              "post": [
                0,
                0,
                27.5
              ],
              "lerp_mode": "catmullrom"
            }
          }
        },
        "bone2": {
          "rotation": {
            "0.0": {
              "post": [
                0,
                0,
                32.5
              ],
              "lerp_mode": "catmullrom"
            },
            "2.0": {
              "post": [
                0,
                0,
                -17.5
              ],
              "lerp_mode": "catmullrom"
            },
            "4.0": {
              "post": [
                0,
                0,
                31.88
              ],
              "lerp_mode": "catmullrom"
            },
            "6.0": {
              "post": [
                0,
                0,
                -17.5
              ],
              "lerp_mode": "catmullrom"
            },
            "8.0": {
              "post": [
                0,
                0,
                32.5
              ],
              "lerp_mode": "catmullrom"
            }
          }
        },
        "bone3": {
          "rotation": {
            "0.0": {
              "post": [
                0,
                0,
                25
              ],
              "lerp_mode": "catmullrom"
            },
            "2.0": {
              "post": [
                0,
                0,
                25
              ],
              "lerp_mode": "catmullrom"
            },
            "4.0": {
              "post": [
                0,
                0,
                42.5
              ],
              "lerp_mode": "catmullrom"
            },
            "6.0": {
              "post": [
                0,
                0,
                22.5
              ],
              "lerp_mode": "catmullrom"
            },
            "8.0": {
              "post": [
                0,
                0,
                25
              ],
              "lerp_mode": "catmullrom"
            }
          }
        },
        "bone4": {
          "rotation": [
            0,
            0,
            30
          ]
        },
        "bone5": {
          "rotation": [
            0,
            0,
            27.5
          ]
        },
        "Leftarm": {
          "rotation": {
            "0.0": {
              "post": [
                0,
                0,
                82.5
              ],
              "lerp_mode": "catmullrom"
            },
            "2.0": {
              "post": [
                0,
                0,
                35
              ],
              "lerp_mode": "catmullrom"
            },
            "4.0": {
              "post": [
                0,
                0,
                -30
              ],
              "lerp_mode": "catmullrom"
            },
            "6.0": {
              "post": [
                0,
                0,
                35
              ],
              "lerp_mode": "catmullrom"
            },
            "8.0": {
              "post": [
                0,
                0,
                82.5
              ],
              "lerp_mode": "catmullrom"
            }
          }
        },
        "bone6": {
          "rotation": {
            "0.0": {
              "post": [
                0,
                0,
                -25
              ],
              "lerp_mode": "catmullrom"
            },
            "2.0": {
              "post": [
                0,
                0,
                30
              ],
              "lerp_mode": "catmullrom"
            },
            "4.0": {
              "post": [
                0,
                0,
                -32.5
              ],
              "lerp_mode": "catmullrom"
            },
            "6.0": {
              "post": [
                0,
                0,
                30
              ],
              "lerp_mode": "catmullrom"
            },
            "8.0": {
              "post": [
                0,
                0,
                -25
              ],
              "lerp_mode": "catmullrom"
            }
          }
        },
        "bone7": {
          "rotation": {
            "0.0": {
              "post": [
                0,
                0,
                -27.5
              ],
              "lerp_mode": "catmullrom"
            },
            "2.0": {
              "post": [
                0,
                0,
                17.5
              ],
              "lerp_mode": "catmullrom"
            },
            "4.0": {
              "post": [
                0,
                0,
                -25
              ],
              "lerp_mode": "catmullrom"
            },
            "6.0": {
              "post": [
                0,
                0,
                15
              ],
              "lerp_mode": "catmullrom"
            },
            "8.0": {
              "post": [
                0,
                0,
                -27.5
              ],
              "lerp_mode": "catmullrom"
            }
          }
        },
        "bone8": {
          "rotation": {
            "0.0": {
              "post": [
                0,
                0,
                -20
              ],
              "lerp_mode": "catmullrom"
            },
            "2.0": {
              "post": [
                0,
                0,
                -27.5
              ],
              "lerp_mode": "catmullrom"
            },
            "4.0": {
              "post": [
                0,
                0,
                -65
              ],
              "lerp_mode": "catmullrom"
            },
            "6.0": {
              "post": [
                0,
                0,
                -27.5
              ],
              "lerp_mode": "catmullrom"
            },
            "8.0": {
              "post": [
                0,
                0,
                -20
              ],
              "lerp_mode": "catmullrom"
            }
          }
        },
        "bone9": {
          "rotation": [
            0,
            0,
            -25
          ]
        },
        "bone10": {
          "rotation": [
            0,
            0,
            -35
          ]
        }
      }
    },
    "animation.pa_green.looking": {
      "loop": true
    },
    "animation.pa_green.move_1": {
      "loop": true,
      "animation_length": 1,
      "bones": {
        "Body": {
          "rotation": {
            "0.0": {
              "post": [
                0,
                0,
                -12.5
              ],
              "lerp_mode": "catmullrom"
            },
            "0.5": {
              "post": [
                0,
                0,
                17.5
              ],
              "lerp_mode": "catmullrom"
            },
            "1.0": {
              "post": [
                0,
                0,
                -12.5
              ],
              "lerp_mode": "catmullrom"
            }
          }
        },
        "Rightarm": {
          "rotation": {
            "0.0": {
              "post": [
                20.54035,
                49.46302,
                15.47306
              ],
              "lerp_mode": "catmullrom"
            },
            "0.5": {
              "post": [
                0,
                0,
                -12.5
              ],
              "lerp_mode": "catmullrom"
            },
            "1.0": {
              "post": [
                20.54035,
                49.46302,
                15.47306
              ],
              "lerp_mode": "catmullrom"
            }
          }
        },
        "bone": {
          "rotation": {
            "0.0": {
              "post": [
                0,
                -22.5,
                0
              ],
              "lerp_mode": "catmullrom"
            },
            "0.5": {
              "post": [
                0,
                -40,
                0
              ],
              "lerp_mode": "catmullrom"
            },
            "1.0": {
              "post": [
                0,
                -22.5,
                0
              ],
              "lerp_mode": "catmullrom"
            }
          }
        },
        "bone2": {
          "rotation": {
            "0.0": {
              "post": [
                0,
                -35,
                0
              ],
              "lerp_mode": "catmullrom"
            },
            "0.5": {
              "post": [
                0,
                -47.5,
                0
              ],
              "lerp_mode": "catmullrom"
            },
            "1.0": {
              "post": [
                0,
                -35,
                0
              ],
              "lerp_mode": "catmullrom"
            }
          }
        },
        "bone3": {
          "rotation": {
            "0.0": {
              "post": [
                0,
                -35,
                0
              ],
              "lerp_mode": "catmullrom"
            },
            "0.5": {
              "post": [
                0,
                -42.5,
                0
              ],
              "lerp_mode": "catmullrom"
            },
            "1.0": {
              "post": [
                0,
                -35,
                0
              ],
              "lerp_mode": "catmullrom"
            }
          }
        },
        "bone4": {
          "rotation": {
            "0.0": {
              "post": [
                0,
                -37.5,
                0
              ],
              "lerp_mode": "catmullrom"
            },
            "0.5": {
              "post": [
                0,
                -50,
                0
              ],
              "lerp_mode": "catmullrom"
            },
            "1.0": {
              "post": [
                0,
                -37.5,
                0
              ],
              "lerp_mode": "catmullrom"
            }
          }
        },
        "bone5": {
          "rotation": {
            "0.0": {
              "post": [
                0,
                -40,
                0
              ],
              "lerp_mode": "catmullrom"
            },
            "0.5": {
              "post": [
                0,
                -70,
                0
              ],
              "lerp_mode": "catmullrom"
            },
            "1.0": {
              "post": [
                0,
                -40,
                0
              ],
              "lerp_mode": "catmullrom"
            }
          }
        },
        "Leftarm": {
          "rotation": {
            "0.0": {
              "post": [
                3.67901,
                34.76135,
                16.69815
              ],
              "lerp_mode": "catmullrom"
            },
            "0.5": {
              "post": [
                5.0518,
                -38.86642,
                -20.64498
              ],
              "lerp_mode": "catmullrom"
            },
            "1.0": {
              "post": [
                3.67901,
                34.76135,
                16.69815
              ],
              "lerp_mode": "catmullrom"
            }
          }
        },
        "bone6": {
          "rotation": [
            0,
            22.5,
            0
          ]
        },
        "bone7": {
          "rotation": [
            0,
            27.5,
            0
          ]
        },
        "bone8": {
          "rotation": [
            0,
            22.5,
            0
          ]
        },
        "bone9": {
          "rotation": [
            0,
            22.5,
            0
          ]
        },
        "bone10": {
          "rotation": [
            0,
            27.5,
            0
          ]
        },
        "Rightleg": {
          "rotation": {
            "0.0": {
              "post": [
                0,
                52.5,
                0
              ],
              "lerp_mode": "catmullrom"
            },
            "0.5": {
              "post": [
                0,
                -42.5,
                0
              ],
              "lerp_mode": "catmullrom"
            },
            "0.75": {
              "post": [
                0.60264,
                -0.71815,
                -40.00378
              ],
              "lerp_mode": "catmullrom"
            },
            "1.0": {
              "post": [
                0,
                52.5,
                0
              ],
              "lerp_mode": "catmullrom"
            }
          }
        },
        "bone11": {
          "rotation": {
            "0.0": {
              "post": [
                0,
                0,
                0
              ],
              "lerp_mode": "catmullrom"
            },
            "0.5": {
              "post": [
                0,
                0,
                0
              ],
              "lerp_mode": "catmullrom"
            },
            "0.75": {
              "post": [
                0,
                0,
                40
              ],
              "lerp_mode": "catmullrom"
            },
            "1.0": {
              "post": [
                0,
                0,
                0
              ],
              "lerp_mode": "catmullrom"
            }
          }
        },
        "Leftleg": {
          "rotation": {
            "0.0": {
              "post": [
                0,
                35,
                0
              ],
              "lerp_mode": "catmullrom"
            },
            "0.25": {
              "post": [
                -0.76103,
                -0.99166,
                37.50659
              ],
              "lerp_mode": "catmullrom"
            },
            "0.5": {
              "post": [
                0,
                -65,
                0
              ],
              "lerp_mode": "catmullrom"
            },
            "1.0": {
              "post": [
                0,
                35,
                0
              ],
              "lerp_mode": "catmullrom"
            }
          }
        },
        "bone12": {
          "rotation": {
            "0.0": {
              "post": [
                0,
                0,
                0
              ],
              "lerp_mode": "catmullrom"
            },
            "0.25": {
              "post": [
                0,
                0,
                -37.5
              ],
              "lerp_mode": "catmullrom"
            },
            "0.5": {
              "post": [
                0,
                0,
                0
              ],
              "lerp_mode": "catmullrom"
            }
          }
        }
      }
    },
    "animation.pa_green.jumpscare": {
      "animation_length": 2,
      "bones": {
        "Body": {
          "rotation": {
            "0.0": {
              "post": [
                0,
                0,
                0
              ],
              "lerp_mode": "catmullrom"
            },
            "0.25": {
              "post": [
                0,
                0,
                0
              ],
              "lerp_mode": "catmullrom"
            },
            "0.5": {
              "post": [
                -42.5,
                0,
                0
              ],
              "lerp_mode": "catmullrom"
            },
            "0.75": {
              "post": [
                25,
                0,
                0
              ],
              "lerp_mode": "catmullrom"
            },
            "1.75": {
              "post": [
                25,
                0,
                0
              ],
              "lerp_mode": "catmullrom"
            },
            "2.0": {
              "post": [
                0,
                0,
                0
              ],
              "lerp_mode": "catmullrom"
            }
          }
        },
        "Head": {
          "rotation": {
            "0.0": {
              "post": [
                0,
                0,
                0
              ],
              "lerp_mode": "catmullrom"
            },
            "0.25": {
              "post": [
                -2.5,
                0,
                0
              ],
              "lerp_mode": "catmullrom"
            },
            "0.5": {
              "post": [
                -5,
                0,
                0
              ],
              "lerp_mode": "catmullrom"
            },
            "0.75": {
              "post": [
                -65,
                0,
                0
              ],
              "lerp_mode": "catmullrom"
            },
            "1.0": {
              "post": [
                -15,
                0,
                0
              ],
              "lerp_mode": "catmullrom"
            },
            "1.25": {
              "post": [
                -62.5,
                0,
                0
              ],
              "lerp_mode": "catmullrom"
            },
            "1.75": {
              "post": [
                -100,
                0,
                0
              ],
              "lerp_mode": "catmullrom"
            },
            "2.0": {
              "post": [
                0,
                0,
                0
              ],
              "lerp_mode": "catmullrom"
            }
          }
        },
        "Dila": {
          "rotation": {
            "0.5": [
              0,
              0,
              0
            ],
            "0.75": [
              -50,
              0,
              0
            ],
            "1.75": [
              -50,
              0,
              0
            ]
          },
          "scale": {
            "0.0": [
              1,
              1,
              0.9
            ],
            "0.5": [
              1,
              1,
              0.9
            ],
            "0.75": [
              1,
              1,
              3
            ],
            "1.75": [
              1,
              1,
              3
            ],
            "2.0": [
              1,
              1,
              0.9
            ]
          }
        },
        "Rightarm": {
          "rotation": {
            "0.0": [
              0,
              0,
              -32.5
            ],
            "0.25": [
              0,
              0,
              -32.5
            ],
            "0.5": [
              0,
              -40,
              -2.5
            ],
            "1.75": [
              0,
              -40,
              -2.5
            ],
            "2.0": [
              0,
              0,
              -32.5
            ]
          }
        },
        "bone": {
          "rotation": {
            "0.0": [
              0,
              0,
              -32.5
            ],
            "0.5": [
              0,
              -20,
              -2.5
            ],
            "1.75": [
              0,
              -20,
              -2.5
            ],
            "2.0": [
              0,
              0,
              -32.5
            ]
          }
        },
        "bone2": {
          "rotation": {
            "0.0": [
              0,
              0,
              -25
            ],
            "0.5": [
              0,
              -20,
              -2.5
            ],
            "1.75": [
              0,
              -20,
              -2.5
            ],
            "2.0": [
              0,
              0,
              -25
            ]
          }
        },
        "bone3": {
          "rotation": {
            "0.0": [
              0,
              0,
              27.5
            ],
            "0.5": [
              5.16524,
              -27.0478,
              -1.24314
            ],
            "1.75": [
              5.16524,
              -27.0478,
              -1.24314
            ],
            "2.0": [
              0,
              0,
              27.5
            ]
          }
        },
        "bone4": {
          "rotation": {
            "0.0": [
              0,
              0,
              30
            ],
            "0.5": [
              0,
              -30,
              0
            ],
            "1.75": [
              0,
              -30,
              0
            ],
            "2.0": [
              0,
              0,
              30
            ]
          }
        },
        "bone5": {
          "rotation": {
            "0.0": [
              0,
              0,
              32.5
            ],
            "0.5": [
              0,
              -57.5,
              0
            ],
            "1.75": [
              0,
              -57.5,
              0
            ],
            "2.0": [
              0,
              0,
              32.5
            ]
          }
        },
        "Leftarm": {
          "rotation": {
            "0.0": [
              0,
              0,
              -2.5
            ],
            "0.25": [
              0,
              0,
              30
            ],
            "0.5": [
              0,
              30,
              0
            ],
            "1.75": [
              0,
              30,
              0
            ],
            "2.0": [
              0,
              -2.5,
              0
            ]
          }
        },
        "bone6": {
          "rotation": {
            "0.0": [
              0,
              0,
              0
            ],
            "0.25": [
              0,
              0,
              32.5
            ],
            "0.5": [
              0,
              15,
              2.5
            ],
            "1.75": [
              0,
              15,
              2.5
            ],
            "2.0": [
              0,
              0,
              2.5
            ]
          }
        },
        "bone7": {
          "rotation": {
            "0.0": [
              0,
              0,
              0
            ],
            "0.25": [
              0,
              0,
              75
            ],
            "0.5": [
              0,
              50,
              0
            ],
            "1.75": [
              0,
              50,
              0
            ],
            "2.0": [
              0,
              0,
              0
            ]
          }
        },
        "bone8": {
          "rotation": {
            "0.0": [
              0,
              0,
              0
            ],
            "0.25": [
              0,
              0,
              90
            ],
            "0.5": [
              0,
              27.5,
              0
            ],
            "1.75": [
              0,
              27.5,
              0
            ],
            "2.0": [
              0,
              2.5,
              0
            ]
          }
        },
        "bone9": {
          "rotation": {
            "0.0": [
              0,
              0,
              0
            ],
            "0.25": [
              0,
              0,
              90
            ],
            "0.5": [
              4.32182,
              15.71654,
              -3.03651
            ],
            "1.75": [
              4.32182,
              15.71654,
              -3.03651
            ],
            "2.0": [
              4.16032,
              0.75713,
              -4.15419
            ]
          }
        },
        "bone10": {
          "rotation": {
            "0.0": [
              0,
              0,
              0
            ],
            "0.25": [
              0,
              0,
              117.5
            ],
            "0.5": [
              0,
              27.5,
              5
            ],
            "1.75": [
              0,
              27.5,
              5
            ],
            "2.0": [
              0,
              0,
              0
            ]
          }
        },
        "Rightleg": {
          "rotation": {
            "0.0": [
              0,
              0,
              0
            ],
            "0.5": [
              0,
              0,
              0
            ],
            "0.75": [
              70,
              0,
              0
            ],
            "1.75": [
              70,
              0,
              0
            ],
            "2.0": [
              0,
              0,
              0
            ]
          }
        },
        "Leftleg": {
          "rotation": {
            "0.0": [
              0,
              0,
              0
            ],
            "0.5": [
              2.5,
              0,
              0
            ],
            "0.75": [
              67.5,
              0,
              0
            ],
            "1.75": [
              70,
              0,
              0
            ],
            "2.0": [
              0,
              0,
              0
            ]
          }
        }
      }
    }
  }
}