{
  "format_version": "1.8.0",
  "animations": {
    "animation.witch.general": {
      "loop": true,
      "bones": {
        "nose": {
          "rotation": [
            "(variable.isholdingitem ? -25.7831 : (math.sin(query.life_time * 57.296) * 4.5)) - this",
            0,
            "(math.cos(query.life_time * 57.296) * 2.5) - this"
          ]
        }
      }
    },
    "animation.witch.villager_general": {
      "loop": true,
      "bones": {
        "arms": {
          "position": [
            0,
            -1,
            -1
          ],
          "rotation": [
            "-42.97 - this",
            0,
            0
          ]
        }
      }
    },
    "animation.witch.move": {
      "anim_time_update": "query.modified_distance_moved",
      "loop": true,
      "bones": {
        "leg0": {
          "rotation": [
            "(math.cos(query.anim_time * 38.17) * 40.0) - this",
            "-this",
            0
          ]
        },
        "leg1": {
          "rotation": [
            "(math.cos(query.anim_time * 38.17 + 180) * 40.0) - this",
            "-this",
            0
          ]
        }
      }
    },
    "animation.pa_purple.jeneral": {
      "loop": true,
      "bones": {
        "Root": {
          "position": [
            0,
            -29,
            0
          ]
        },
        "Rightarm": {
          "rotation": [
            0,
            0,
            90
          ],
          "position": [
            -4,
            14,
            0
          ]
        },
        "bone5": {
          "rotation": [
            0,
            -15,
            0
          ]
        },
        "bone6": {
          "rotation": [
            0,
            -17.5,
            0
          ]
        },
        "Leftarm": {
          "rotation": [
            0,
            0,
            -90
          ],
          "position": [
            4,
            14,
            0
          ]
        },
        "bone8": {
          "rotation": [
            0,
            12.5,
            0
          ]
        },
        "bone9": {
          "rotation": [
            0,
            20,
            0
          ]
        }
      }
    },
    "animation.pa_purple.looking": {
      "loop": true
    },
    "animation.pa_purple.jumpscare": {
      "animation_length": 1,
      "bones": {
        "Rightarm": {
          "rotation": [
            0,
            -40,
            0
          ]
        },
        "bone5": {
          "rotation": [
            0,
            -55,
            0
          ]
        },
        "bone6": {
          "rotation": [
            0,
            -85,
            0
          ]
        },
        "Leftarm": {
          "rotation": [
            0,
            27.5,
            0
          ]
        },
        "bone8": {
          "rotation": [
            9.11465,
            66.82756,
            6.53903
          ]
        },
        "bone9": {
          "rotation": [
            0,
            75,
            0
          ]
        },
        "Head": {
          "rotation": {
            "0.0": [
              0,
              0,
              -27.5
            ],
            "0.25": [
              0,
              0,
              30
            ],
            "0.5": [
              0,
              0,
              -22.5
            ],
            "0.75": [
              0,
              0,
              32.5
            ],
            "1.0": [
              0,
              0,
              -27.5
            ]
          }
        },
        "bone": {
          "rotation": {
            "0.0": [
              2.5,
              0,
              0
            ],
            "0.125": [
              -92.5,
              0,
              0
            ],
            "0.75": [
              -92.5,
              0,
              0
            ],
            "1.0": [
              0,
              0,
              0
            ]
          }
        },
        "Rightleg": {
          "rotation": [
            0,
            0,
            52.5
          ]
        },
        "bone14": {
          "rotation": [
            0,
            0,
            -60
          ]
        },
        "bone15": {
          "rotation": [
            0,
            0,
            -60
          ]
        },
        "bone16": {
          "rotation": [
            -2.65799,
            -9.24804,
            69.63462
          ]
        },
        "Leftleg": {
          "rotation": [
            0,
            0,
            -47.5
          ]
        },
        "bone11": {
          "rotation": [
            0,
            0,
            50
          ]
        },
        "bone12": {
          "rotation": [
            0,
            0,
            57.5
          ]
        },
        "bone13": {
          "rotation": [
            0,
            0,
            -62.5
          ]
        }
      }
    },
    "animation.pa_purple.move_1": "{loop: true, animation_length: 1.04167, bones: {Root: {position: [0, -32, 0]}, Rightarm: {rotation: {0.0: {post: [0, 27.5, 90], lerp_mode: catmullrom}, 0.5: {post: [0, -27.5, 90], lerp_mode: catmullrom}, 1.0417: {post: [0, 27.5, 90], lerp_mode: catmullrom}}, position: [-4, 16, 0]}, bone5: {rotation: {0.0: {post: [0, -30, 0], lerp_mode: catmullrom}, 0.5: {post: [0, -97.5, 0], lerp_mode: catmullrom}, 0.75: {post: [0, -106.51, 0], lerp_mode: catmullrom}, 1.0417: {post: [0, -30, 0], lerp_mode: catmullrom}}}, bone6: {rotation: {0.0: {post: [0, -125, 0], lerp_mode: catmullrom}, 0.5: {post: [0, 17.5, 0], lerp_mode: catmullrom}, 0.75: {post: [0, -119.87, 0], lerp_mode: catmullrom}, 1.0417: {post: [0, -125, 0], lerp_mode: catmullrom}}}, bone7: {rotation: {0.0: {post: [0, 127.5, 0], lerp_mode: catmullrom}, 0.5: {post: [0, 17.5, 0], lerp_mode: catmullrom}, 0.75: {post: [0, 142.36, 0], lerp_mode: catmullrom}, 1.0417: {post: [0, 127.5, 0], lerp_mode: catmullrom}}}, Leftarm: {rotation: {0.0: {post: [0, 0, -90], lerp_mode: catmullrom}, 0.5: {post: [0, -50, -90], lerp_mode: catmullrom}, 1.0417: {post: [0, 0, -90], lerp_mode: catmullrom}}, position: [4, 16, 0]}, bone8: {rotation: {0.0: {post: [-180, 55, -180], lerp_mode: catmullrom}, 0.25: {post: [-186.16056, 60.64988, -194.70163], lerp_mode: catmullrom}, 0.5: {post: [-360, 27.5, -360], lerp_mode: catmullrom}, 0.75: {post: [-349.90351, 75.74876, -354.50299], lerp_mode: catmullrom}, 1.0417: {post: [-180, 72.5, -180], lerp_mode: catmullrom}}}, bone9: {rotation: {0.0: [0, -20, 0], 0.25: [0, 121.25, 0], 0.5: [0, 147.5, 0], 0.75: [0, 68.08, 0], 1.0417: [0, 2.5, 0]}}, bone10: {rotation: {0.0: [0, -27.5, 0], 0.25: [0, -132.5, 0], 0.5: [0, -127.5, 0], 1.0417: [0, -15, 0]}}}}"
  }
}