{
  "format_version": "1.8.0",
  "animations": {
    "animation.witch.general": {
      "loop": true,
      "bones": {
        "nose": {
          "rotation": [
            "(variable.isholdingitem ? -25.7831 : (math.sin(query.life_time * 57.296) * 4.5)) - this",
            0,
            "(math.cos(query.life_time * 57.296) * 2.5) - this"
          ]
        }
      }
    },
    "animation.witch.villager_general": {
      "loop": true,
      "bones": {
        "arms": {
          "position": [
            0,
            -1,
            -1
          ],
          "rotation": [
            "-42.97 - this",
            0,
            0
          ]
        }
      }
    },
    "animation.witch.move": {
      "anim_time_update": "query.modified_distance_moved",
      "loop": true,
      "bones": {
        "leg0": {
          "rotation": [
            "(math.cos(query.anim_time * 38.17) * 40.0) - this",
            "-this",
            0
          ]
        },
        "leg1": {
          "rotation": [
            "(math.cos(query.anim_time * 38.17 + 180) * 40.0) - this",
            "-this",
            0
          ]
        }
      }
    },
    "animation.Yelow.jeneral": {
      "loop": true,
      "animation_length": 4,
      "bones": {
        "Body": {
          "rotation": {
            "0.0": {
              "post": [
                0,
                0,
                10
              ],
              "lerp_mode": "catmullrom"
            },
            "2.0": {
              "post": [
                0,
                0,
                -2.5
              ],
              "lerp_mode": "catmullrom"
            },
            "4.0": {
              "post": [
                0,
                0,
                10
              ],
              "lerp_mode": "catmullrom"
            }
          }
        },
        "Head": {
          "rotation": {
            "0.0": {
              "post": [
                0,
                0,
                -2.5
              ],
              "lerp_mode": "catmullrom"
            },
            "2.0": {
              "post": [
                0,
                0,
                -15
              ],
              "lerp_mode": "catmullrom"
            },
            "4.0": {
              "post": [
                0,
                0,
                -2.5
              ],
              "lerp_mode": "catmullrom"
            }
          }
        },
        "Rightarm": {
          "rotation": [
            -22.5,
            0,
            0
          ]
        },
        "Leftarm": {
          "rotation": [
            22.5,
            0,
            0
          ]
        }
      }
    },
    "animation.Yelow.looking": {
      "loop": true
    },
    "animation.pa_yelow.move_1": {
      "loop": true,
      "animation_length": 1,
      "bones": {
        "Leftarm": {
          "rotation": {
            "0.0": {
              "post": [
                -147.5,
                0,
                0
              ],
              "lerp_mode": "catmullrom"
            },
            "0.5": {
              "post": [
                -55,
                0,
                0
              ],
              "lerp_mode": "catmullrom"
            },
            "1.0": {
              "post": [
                -147.5,
                0,
                0
              ],
              "lerp_mode": "catmullrom"
            }
          },
          "position": {
            "0.0": {
              "post": [
                0,
                -3,
                -3
              ],
              "lerp_mode": "catmullrom"
            },
            "0.5": {
              "post": [
                0,
                -3,
                1
              ],
              "lerp_mode": "catmullrom"
            },
            "1.0": {
              "post": [
                0,
                -3,
                -3
              ],
              "lerp_mode": "catmullrom"
            }
          }
        },
        "Root": {
          "position": {
            "0.0": {
              "post": [
                0,
                -3,
                0
              ],
              "lerp_mode": "catmullrom"
            },
            "0.25": {
              "post": [
                0,
                0,
                0
              ],
              "lerp_mode": "catmullrom"
            },
            "0.5": {
              "post": [
                0,
                -4,
                0
              ],
              "lerp_mode": "catmullrom"
            },
            "0.75": {
              "post": [
                0,
                0.25,
                0
              ],
              "lerp_mode": "catmullrom"
            },
            "1.0": {
              "post": [
                0,
                -3,
                0
              ],
              "lerp_mode": "catmullrom"
            }
          }
        },
        "bone3": {
          "rotation": {
            "0.0": {
              "post": [
                0,
                -90,
                0
              ],
              "lerp_mode": "catmullrom"
            },
            "0.25": {
              "post": [
                0,
                -180,
                0
              ],
              "lerp_mode": "catmullrom"
            },
            "0.5": {
              "post": [
                0,
                -267.5,
                0
              ],
              "lerp_mode": "catmullrom"
            },
            "0.75": {
              "post": [
                0,
                -357.5,
                0
              ],
              "lerp_mode": "catmullrom"
            },
            "1.0": {
              "post": [
                0,
                -445,
                0
              ],
              "lerp_mode": "catmullrom"
            }
          }
        },
        "Rightarm": {
          "rotation": {
            "0.0": {
              "post": [
                145,
                0,
                0
              ],
              "lerp_mode": "catmullrom"
            },
            "0.5": {
              "post": [
                52.5,
                0,
                0
              ],
              "lerp_mode": "catmullrom"
            },
            "1.0": {
              "post": [
                145,
                0,
                0
              ],
              "lerp_mode": "catmullrom"
            }
          },
          "position": {
            "0.0": {
              "post": [
                0,
                -4,
                2
              ],
              "lerp_mode": "catmullrom"
            },
            "0.5": {
              "post": [
                0,
                -3,
                -1
              ],
              "lerp_mode": "catmullrom"
            },
            "1.0": {
              "post": [
                0,
                -4,
                2
              ],
              "lerp_mode": "catmullrom"
            }
          }
        },
        "Rightleg": {
          "rotation": {
            "0.0": {
              "post": [
                0,
                0,
                85
              ],
              "lerp_mode": "catmullrom"
            },
            "0.25": {
              "post": [
                0,
                0,
                -15
              ],
              "lerp_mode": "catmullrom"
            },
            "0.5": {
              "post": [
                0,
                0,
                -35
              ],
              "lerp_mode": "catmullrom"
            },
            "0.75": {
              "post": [
                0,
                0,
                0
              ],
              "lerp_mode": "catmullrom"
            },
            "1.0": {
              "post": [
                0,
                0,
                85
              ],
              "lerp_mode": "catmullrom"
            }
          }
        },
        "bone": {
          "rotation": {
            "0.0": {
              "post": [
                0,
                0,
                45
              ],
              "lerp_mode": "catmullrom"
            },
            "0.25": {
              "post": [
                0,
                0,
                80
              ],
              "lerp_mode": "catmullrom"
            },
            "0.5": {
              "post": [
                0,
                0,
                37.5
              ],
              "lerp_mode": "catmullrom"
            },
            "0.75": {
              "post": [
                0,
                0,
                0
              ],
              "lerp_mode": "catmullrom"
            },
            "1.0": {
              "post": [
                0,
                0,
                45
              ],
              "lerp_mode": "catmullrom"
            }
          }
        },
        "LeftLeg": {
          "rotation": {
            "0.0": {
              "post": [
                0,
                0,
                -27.5
              ],
              "lerp_mode": "catmullrom"
            },
            "0.25": {
              "post": [
                0,
                0,
                0
              ],
              "lerp_mode": "catmullrom"
            },
            "0.5": {
              "post": [
                0,
                0,
                80
              ],
              "lerp_mode": "catmullrom"
            },
            "0.75": {
              "post": [
                0,
                0,
                -35
              ],
              "lerp_mode": "catmullrom"
            },
            "1.0": {
              "post": [
                0,
                0,
                -27.5
              ],
              "lerp_mode": "catmullrom"
            }
          }
        },
        "bone2": {
          "rotation": {
            "0.0": {
              "post": [
                0,
                0,
                32.5
              ],
              "lerp_mode": "catmullrom"
            },
            "0.25": {
              "post": [
                0,
                0,
                0
              ],
              "lerp_mode": "catmullrom"
            },
            "0.5": {
              "post": [
                0,
                0,
                37.5
              ],
              "lerp_mode": "catmullrom"
            },
            "0.75": {
              "post": [
                0,
                0,
                62.5
              ],
              "lerp_mode": "catmullrom"
            },
            "1.0": {
              "post": [
                0,
                0,
                32.5
              ],
              "lerp_mode": "catmullrom"
            }
          }
        }
      }
    },
    "animation.Yelow.attack": {
      "animation_length": 0.75,
      "bones": {
        "Body": {
          "rotation": {
            "0.0": {
              "post": [
                0,
                0,
                0
              ],
              "lerp_mode": "catmullrom"
            },
            "0.25": {
              "post": [
                0,
                -70,
                0
              ],
              "lerp_mode": "catmullrom"
            },
            "0.5": {
              "post": [
                0,
                52.5,
                0
              ],
              "lerp_mode": "catmullrom"
            },
            "0.75": {
              "post": [
                0,
                0,
                0
              ],
              "lerp_mode": "catmullrom"
            }
          }
        },
        "Rightarm": {
          "rotation": {
            "0.0": {
              "post": [
                0,
                0,
                0
              ],
              "lerp_mode": "catmullrom"
            },
            "0.25": {
              "post": [
                132.5,
                0,
                0
              ],
              "lerp_mode": "catmullrom"
            },
            "0.5": {
              "post": [
                -47.5,
                0,
                -42.5
              ],
              "lerp_mode": "catmullrom"
            },
            "0.75": {
              "post": [
                0,
                0,
                0
              ],
              "lerp_mode": "catmullrom"
            }
          }
        }
      }
    },
    "animation.Yelow.jumpscare": {
      "animation_length": 2,
      "bones": {
        "Body": {
          "rotation": {
            "0.0": {
              "post": [
                0,
                0,
                -32.5
              ],
              "lerp_mode": "catmullrom"
            },
            "0.25": {
              "post": [
                0,
                0,
                -57.5
              ],
              "lerp_mode": "catmullrom"
            },
            "0.5": {
              "post": [
                0,
                0,
                27.5
              ],
              "lerp_mode": "catmullrom"
            },
            "1.75": {
              "post": [
                0,
                0,
                27.5
              ],
              "lerp_mode": "catmullrom"
            },
            "2.0": {
              "post": [
                0,
                0,
                -32.5
              ],
              "lerp_mode": "catmullrom"
            }
          }
        },
        "Rightarm": {
          "rotation": [
            55.6061,
            27.73062,
            -17.6685
          ]
        },
        "Leftarm": {
          "rotation": [
            -53.30854,
            -16.27014,
            -11.79198
          ]
        },
        "Rightleg": {
          "rotation": [
            0,
            0,
            90
          ]
        },
        "LeftLeg": {
          "rotation": [
            0,
            0,
            90
          ]
        }
      }
    }
  }
}