{
	"texture_data": {
		"blue_spawn_egg": {
			"textures": ["textures/items/blue_spawn_egg"]
		},
		"green_spawn_egg": {
			"textures": ["textures/items/green_spawn_egg"]
		},
		"orange_spawn_egg": {
			"textures": ["textures/items/orange_spawn_egg"]
		},
		"purple_spawn_egg": {
			"textures": ["textures/items/purple_spawn_egg"]
		},
		"pink_spawn_egg": {
			"textures": ["textures/items/pink_spawn_egg"]
		},
		"purple_vent_spawn_egg": {
			"textures": ["textures/items/purple_vent_spawn_egg"]
		},
		"blue_cutout_spawn_egg": {
			"textures": ["textures/items/blue_cutout_spawn_egg"]
		},
		"red_spawn_egg": {
			"textures": ["textures/items/red_spawn_egg"]
			},
		"yellow_spawn_egg": {
			"textures": ["textures/items/yellow_spawn_egg"]
			},
		"box": {
			"textures": ["textures/items/box"]
		}
	}
}