{
  "format_version": "1.12.0",
  "minecraft:geometry": [
    {
      "description": {
        "identifier": "geometry.os_j",
        "texture_width": 128,
        "texture_height": 128,
        "visible_bounds_width": 3,
        "visible_bounds_height": 5.5,
        "visible_bounds_offset": [
          0,
          2.25,
          0
        ]
      },
      "bones": [
        {
          "name": "root"
        },
        {
          "name": "waist",
          "pivot": [
            0,
            15,
            0
          ],
          "parent": "root"
        },
        {
          "name": "body",
          "pivot": [
            0,
            15,
            0
          ],
          "cubes": [
            {
              "origin": [
                -7.0,
                15.0,
                -4.0
              ],
              "size": [
                14.0,
                8.0,
                8.0
              ],
              "uv": [
                0,
                50
              ],
              "inflate": 0
            }
          ],
          "parent": "waist"
        },
        {
          "name": "body2",
          "pivot": [
            0,
            23,
            0
          ],
          "cubes": [
            {
              "origin": [
                -8.0,
                23.0,
                -5.0
              ],
              "size": [
                16.0,
                10.0,
                10.0
              ],
              "uv": [
                46,
                40
              ],
              "inflate": 0
            }
          ],
          "parent": "body"
        },
        {
          "name": "body3",
          "pivot": [
            0,
            33,
            0
          ],
          "cubes": [
            {
              "origin": [
                -9.0,
                33.0,
                -5.0
              ],
              "size": [
                18.0,
                12.0,
                10.0
              ],
              "uv": [
                0,
                28
              ],
              "inflate": 0
            }
          ],
          "parent": "body2"
        },
        {
          "name": "head",
          "pivot": [
            0,
            45,
            0
          ],
          "cubes": [
            {
              "origin": [
                -10.0,
                45.0,
                -7.0
              ],
              "size": [
                20.0,
                14.0,
                14.0
              ],
              "uv": [
                0,
                0
              ],
              "inflate": 0
            }
          ],
          "parent": "body3"
        },
        {
          "name": "rightArm",
          "pivot": [
            -9,
            42,
            0
          ],
          "cubes": [
            {
              "origin": [
                -13.0,
                36.0,
                -2.0
              ],
              "size": [
                4.0,
                8.0,
                4.0
              ],
              "uv": [
                0,
                38
              ],
              "inflate": 0
            }
          ],
          "parent": "body3"
        },
        {
          "name": "rightArm2",
          "pivot": [
            -10.5,
            38,
            -0.5
          ],
          "cubes": [
            {
              "origin": [
                -13.5,
                29.0,
                -2.5
              ],
              "size": [
                5.0,
                9.0,
                5.0
              ],
              "uv": [
                0,
                36
              ],
              "inflate": 0
            }
          ],
          "parent": "rightArm"
        },
        {
          "name": "rightArm3",
          "pivot": [
            -11,
            30,
            0
          ],
          "cubes": [
            {
              "origin": [
                -14.0,
                19.0,
                -3.0
              ],
              "size": [
                6.0,
                11.0,
                6.0
              ],
              "uv": [
                0,
                33
              ],
              "inflate": 0
            }
          ],
          "parent": "rightArm2"
        },
        {
          "name": "rightArm4",
          "pivot": [
            -10.5,
            20,
            -0.5
          ],
          "cubes": [
            {
              "origin": [
                -14.5,
                13.0,
                -3.5
              ],
              "size": [
                7.0,
                7.0,
                7.0
              ],
              "uv": [
                0,
                36
              ],
              "inflate": 0
            },
            {
              "origin": [
                -10.5,
                14.0,
                -5.5
              ],
              "size": [
                3.0,
                6.0,
                2.0
              ],
              "pivot": [
                -9.0,
                19.0,
                -4.5
              ],
              "rotation": [
                0.0,
                0.0,
                17.5
              ],
              "uv": [
                0,
                42
              ],
              "inflate": 0
            }
          ],
          "parent": "rightArm3"
        },
        {
          "name": "leftArm",
          "pivot": [
            9,
            42,
            0
          ],
          "cubes": [
            {
              "origin": [
                9.0,
                36.0,
                -2.0
              ],
              "size": [
                4.0,
                8.0,
                4.0
              ],
              "uv": [
                0,
                38
              ],
              "inflate": 0
            }
          ],
          "parent": "body3"
        },
        {
          "name": "leftArm2",
          "pivot": [
            11.5,
            38,
            -0.5
          ],
          "cubes": [
            {
              "origin": [
                8.5,
                29.0,
                -2.5
              ],
              "size": [
                5.0,
                9.0,
                5.0
              ],
              "uv": [
                0,
                36
              ],
              "inflate": 0
            }
          ],
          "parent": "leftArm"
        },
        {
          "name": "leftArm3",
          "pivot": [
            11,
            30,
            0
          ],
          "cubes": [
            {
              "origin": [
                8.0,
                19.0,
                -3.0
              ],
              "size": [
                6.0,
                11.0,
                6.0
              ],
              "uv": [
                0,
                33
              ],
              "inflate": 0
            }
          ],
          "parent": "leftArm2"
        },
        {
          "name": "leftArm4",
          "pivot": [
            11.5,
            20,
            -0.5
          ],
          "cubes": [
            {
              "origin": [
                7.5,
                13.0,
                -3.5
              ],
              "size": [
                7.0,
                7.0,
                7.0
              ],
              "uv": [
                54,
                0
              ],
              "inflate": 0
            },
            {
              "origin": [
                7.5,
                14.0,
                -5.5
              ],
              "size": [
                3.0,
                6.0,
                2.0
              ],
              "pivot": [
                9.0,
                19.0,
                -4.5
              ],
              "rotation": [
                0.0,
                0.0,
                -17.5
              ],
              "uv": [
                0,
                42
              ],
              "inflate": 0
            }
          ],
          "parent": "leftArm3"
        },
        {
          "name": "rightLeg",
          "pivot": [
            -3.5,
            15,
            -0.5
          ],
          "cubes": [
            {
              "origin": [
                -5.5,
                10.0,
                -2.5
              ],
              "size": [
                4.0,
                6.0,
                4.0
              ],
              "uv": [
                0,
                40
              ],
              "inflate": 0
            }
          ],
          "parent": "root"
        },
        {
          "name": "rightLeg2",
          "pivot": [
            -3,
            11,
            -1
          ],
          "cubes": [
            {
              "origin": [
                -6.0,
                6.0,
                -3.0
              ],
              "size": [
                5.0,
                5.0,
                5.0
              ],
              "uv": [
                0,
                40
              ],
              "inflate": 0
            }
          ],
          "parent": "rightLeg"
        },
        {
          "name": "rightLeg3",
          "pivot": [
            -3.5,
            7,
            -0.5
          ],
          "cubes": [
            {
              "origin": [
                -6.5,
                0.0,
                -3.5
              ],
              "size": [
                6.0,
                7.0,
                6.0
              ],
              "uv": [
                0,
                37
              ],
              "inflate": 0
            }
          ],
          "parent": "rightLeg2"
        },
        {
          "name": "leftLeg",
          "pivot": [
            3.5,
            15,
            -0.5
          ],
          "cubes": [
            {
              "origin": [
                1.5,
                10.0,
                -2.5
              ],
              "size": [
                4.0,
                6.0,
                4.0
              ],
              "uv": [
                0,
                40
              ],
              "inflate": 0
            }
          ],
          "parent": "root"
        },
        {
          "name": "leftLeg2",
          "pivot": [
            4,
            11,
            -1
          ],
          "cubes": [
            {
              "origin": [
                1.0,
                6.0,
                -3.0
              ],
              "size": [
                5.0,
                5.0,
                5.0
              ],
              "uv": [
                0,
                40
              ],
              "inflate": 0
            }
          ],
          "parent": "leftLeg"
        },
        {
          "name": "leftLeg3",
          "pivot": [
            3.5,
            7,
            -0.5
          ],
          "cubes": [
            {
              "origin": [
                0.5,
                0.0,
                -3.5
              ],
              "size": [
                6.0,
                7.0,
                6.0
              ],
              "uv": [
                0,
                36
              ],
              "inflate": 0
            }
          ],
          "parent": "leftLeg2"
        }
      ]
    }
  ]
}