{
  "format_version": "1.12.0",
  "minecraft:geometry": [
    {
      "description": {
        "identifier": "geometry.os_sl",
        "texture_width": 128,
        "texture_height": 128,
        "visible_bounds_width": 3,
        "visible_bounds_height": 4.5,
        "visible_bounds_offset": [
          0,
          1.75,
          0
        ]
      },
      "bones": [
        {
          "name": "root",
          "pivot": [
            0,
            10,
            0
          ]
        },
        {
          "name": "waist",
          "pivot": [
            0,
            10,
            0
          ],
          "parent": "root"
        },
        {
          "name": "body",
          "pivot": [
            0,
            10,
            0
          ],
          "cubes": [
            {
              "origin": [
                -6.0,
                10.0,
                -5.0
              ],
              "size": [
                12.0,
                15.0,
                10.0
              ],
              "uv": [
                0,
                0
              ],
              "inflate": 0
            },
            {
              "origin": [
                -5.0,
                25.0,
                -4.0
              ],
              "size": [
                10.0,
                2.0,
                8.0
              ],
              "uv": [
                34,
                0
              ],
              "inflate": 0
            }
          ],
          "parent": "waist"
        },
        {
          "name": "head",
          "pivot": [
            0,
            27,
            1
          ],
          "cubes": [
            {
              "origin": [
                -6.0,
                27.0,
                -5.0
              ],
              "size": [
                12.0,
                6.0,
                10.0
              ],
              "uv": [
                0,
                25
              ],
              "inflate": 0
            },
            {
              "origin": [
                -5.0,
                32.0,
                -4.0
              ],
              "size": [
                5.0,
                5.0,
                8.0
              ],
              "pivot": [
                -2.5,
                35.0,
                0.0
              ],
              "rotation": [
                0.0,
                0.0,
                5.0
              ],
              "uv": [
                0,
                12
              ],
              "inflate": 0
            },
            {
              "origin": [
                -1.0,
                33.0,
                -4.0
              ],
              "size": [
                6.0,
                4.0,
                8.0
              ],
              "pivot": [
                2.5,
                35.0,
                0.0
              ],
              "rotation": [
                0.0,
                0.0,
                -7.5
              ],
              "uv": [
                16,
                13
              ],
              "inflate": 0
            },
            {
              "origin": [
                1.06526,
                33.00428,
                -5.0
              ],
              "size": [
                3.0,
                3.0,
                1.0
              ],
              "pivot": [
                2.56526,
                34.50428,
                -4.5
              ],
              "rotation": [
                -0.19618,
                1.02329,
                -0.11145
              ],
              "uv": [
                0,
                4
              ],
              "inflate": 0
            },
            {
              "origin": [
                -3.92876,
                32.77647,
                -4.91154
              ],
              "size": [
                3.0,
                3.0,
                1.0
              ],
              "pivot": [
                -2.42876,
                34.27647,
                -4.41154
              ],
              "rotation": [
                -0.19618,
                1.02329,
                -0.11145
              ],
              "uv": [
                0,
                0
              ],
              "inflate": 0
            },
            {
              "origin": [
                1.0,
                36.0,
                -3.0
              ],
              "size": [
                5.0,
                2.0,
                5.0
              ],
              "pivot": [
                3.5,
                37.0,
                -0.5
              ],
              "rotation": [
                0.0,
                0.0,
                20.0
              ],
              "uv": [
                44,
                10
              ],
              "inflate": 0
            },
            {
              "origin": [
                2.0,
                38.0,
                -2.0
              ],
              "size": [
                3.0,
                3.0,
                3.0
              ],
              "pivot": [
                3.5,
                37.0,
                -0.5
              ],
              "rotation": [
                0.0,
                0.0,
                20.0
              ],
              "uv": [
                14,
                41
              ],
              "inflate": 0
            }
          ],
          "parent": "body"
        },
        {
          "name": "rightArm",
          "pivot": [
            -6.5,
            22,
            -0.5
          ],
          "cubes": [
            {
              "origin": [
                -9.0,
                16.0,
                -2.0
              ],
              "size": [
                3.0,
                8.0,
                3.0
              ],
              "uv": [
                0,
                14
              ],
              "inflate": 0
            }
          ],
          "parent": "body"
        },
        {
          "name": "rightArm2",
          "pivot": [
            -7.5,
            16,
            -0.5
          ],
          "cubes": [
            {
              "origin": [
                -9.0,
                10.0,
                -2.0
              ],
              "size": [
                3.0,
                6.0,
                3.0
              ],
              "uv": [
                0,
                10
              ],
              "inflate": 0
            },
            {
              "origin": [
                -8.0,
                7.0,
                -2.0
              ],
              "size": [
                1.0,
                3.0,
                1.0
              ],
              "uv": [
                38,
                21
              ],
              "inflate": 0
            },
            {
              "origin": [
                -9.0,
                7.0,
                -2.0
              ],
              "size": [
                1.0,
                3.0,
                1.0
              ],
              "pivot": [
                -8.0,
                10.0,
                -1.0
              ],
              "rotation": [
                0.0,
                0.0,
                12.5
              ],
              "uv": [
                14,
                21
              ],
              "inflate": 0
            },
            {
              "origin": [
                -7.0,
                7.0,
                -2.0
              ],
              "size": [
                1.0,
                3.0,
                1.0
              ],
              "pivot": [
                -7.0,
                10.0,
                -1.0
              ],
              "rotation": [
                -0.30761,
                0.71159,
                -15.03193
              ],
              "uv": [
                4,
                20
              ],
              "inflate": 0
            }
          ],
          "parent": "rightArm"
        },
        {
          "name": "leftArm",
          "pivot": [
            6.5,
            22,
            -0.5
          ],
          "cubes": [
            {
              "origin": [
                6.0,
                16.0,
                -2.0
              ],
              "size": [
                3.0,
                8.0,
                3.0
              ],
              "uv": [
                0,
                14
              ],
              "inflate": 0
            }
          ],
          "parent": "body"
        },
        {
          "name": "leftArm2",
          "pivot": [
            7.5,
            16,
            -0.5
          ],
          "cubes": [
            {
              "origin": [
                6.0,
                10.0,
                -2.0
              ],
              "size": [
                3.0,
                6.0,
                3.0
              ],
              "uv": [
                0,
                10
              ],
              "inflate": 0
            },
            {
              "origin": [
                7.0,
                7.0,
                -2.0
              ],
              "size": [
                1.0,
                3.0,
                1.0
              ],
              "uv": [
                16,
                18
              ],
              "inflate": 0
            },
            {
              "origin": [
                6.0,
                7.0,
                -2.0
              ],
              "size": [
                1.0,
                3.0,
                1.0
              ],
              "pivot": [
                7.0,
                10.0,
                -1.0
              ],
              "rotation": [
                0.0,
                0.0,
                12.5
              ],
              "uv": [
                10,
                21
              ],
              "inflate": 0
            },
            {
              "origin": [
                8.0,
                7.0,
                -2.0
              ],
              "size": [
                1.0,
                3.0,
                1.0
              ],
              "pivot": [
                8.0,
                10.0,
                -1.0
              ],
              "rotation": [
                -0.30761,
                0.71159,
                -15.03193
              ],
              "uv": [
                12,
                19
              ],
              "inflate": 0
            }
          ],
          "parent": "leftArm"
        },
        {
          "name": "rightLeg",
          "pivot": [
            -3,
            10,
            0
          ],
          "cubes": [
            {
              "origin": [
                -5.0,
                6.0,
                -2.0
              ],
              "size": [
                4.0,
                4.0,
                4.0
              ],
              "uv": [
                5,
                17
              ],
              "inflate": 0
            }
          ],
          "parent": "root"
        },
        {
          "name": "rightLeg2",
          "pivot": [
            -3,
            6,
            0
          ],
          "cubes": [
            {
              "origin": [
                -5.0,
                2.0,
                -2.0
              ],
              "size": [
                4.0,
                4.0,
                4.0
              ],
              "uv": [
                22,
                17
              ],
              "inflate": 0
            }
          ],
          "parent": "rightLeg"
        },
        {
          "name": "rightLeg3",
          "pivot": [
            -3,
            2,
            0
          ],
          "cubes": [
            {
              "origin": [
                -5.0,
                0.0,
                -4.0
              ],
              "size": [
                4.0,
                2.0,
                6.0
              ],
              "uv": [
                6,
                17
              ],
              "inflate": 0
            }
          ],
          "parent": "rightLeg2"
        },
        {
          "name": "leftLeg",
          "pivot": [
            3,
            10,
            0
          ],
          "cubes": [
            {
              "origin": [
                1.0,
                6.0,
                -2.0
              ],
              "size": [
                4.0,
                4.0,
                4.0
              ],
              "uv": [
                2,
                17
              ],
              "inflate": 0
            }
          ],
          "parent": "root"
        },
        {
          "name": "leftLeg2",
          "pivot": [
            3,
            6,
            0
          ],
          "cubes": [
            {
              "origin": [
                1.0,
                2.0,
                -2.0
              ],
              "size": [
                4.0,
                4.0,
                4.0
              ],
              "uv": [
                22,
                10
              ],
              "inflate": 0
            }
          ],
          "parent": "leftLeg"
        },
        {
          "name": "leftLeg3",
          "pivot": [
            3,
            2,
            0
          ],
          "cubes": [
            {
              "origin": [
                1.0,
                0.0,
                -4.0
              ],
              "size": [
                4.0,
                2.0,
                6.0
              ],
              "uv": [
                6,
                17
              ],
              "inflate": 0
            }
          ],
          "parent": "leftLeg2"
        }
      ]
    }
  ]
}