{
  "format_version": "1.12.0",
  "minecraft:geometry": [
    {
      "description": {
        "identifier": "geometry.os_ss",
        "texture_width": 128,
        "texture_height": 128,
        "visible_bounds_width": 3,
        "visible_bounds_height": 3.5,
        "visible_bounds_offset": [
          0,
          1.25,
          0
        ]
      },
      "bones": [
        {
          "name": "root"
        },
        {
          "name": "waist",
          "parent": "root"
        },
        {
          "name": "body",
          "pivot": [
            0.5,
            3,
            0
          ],
          "cubes": [
            {
              "origin": [
                -4.5,
                0.0,
                -10.0
              ],
              "size": [
                9.0,
                4.0,
                15.0
              ],
              "uv": [
                0,
                0
              ],
              "inflate": 0
            },
            {
              "origin": [
                -2.5,
                0.0,
                7.0
              ],
              "size": [
                5.0,
                2.0,
                2.0
              ],
              "uv": [
                16,
                15
              ],
              "inflate": 0
            },
            {
              "origin": [
                -1.5,
                0.0,
                9.0
              ],
              "size": [
                3.0,
                1.0,
                2.0
              ],
              "uv": [
                22,
                16
              ],
              "inflate": 0
            },
            {
              "origin": [
                -3.5,
                0.0,
                5.0
              ],
              "size": [
                7.0,
                3.0,
                2.0
              ],
              "uv": [
                15,
                14
              ],
              "inflate": 0
            }
          ],
          "parent": "waist"
        },
        {
          "name": "head",
          "pivot": [
            0.5,
            4,
            -8
          ],
          "cubes": [
            {
              "origin": [
                -1.5,
                4.0,
                -10.0
              ],
              "size": [
                3.0,
                10.0,
                3.0
              ],
              "uv": [
                15,
                6
              ],
              "inflate": 0
            },
            {
              "origin": [
                -3.5,
                18.0,
                -10.0
              ],
              "size": [
                7.0,
                1.0,
                4.0
              ],
              "uv": [
                53,
                11
              ],
              "inflate": 0
            },
            {
              "origin": [
                -3.5,
                14.0,
                -10.0
              ],
              "size": [
                7.0,
                1.0,
                3.0
              ],
              "uv": [
                24,
                58
              ],
              "inflate": 0
            },
            {
              "origin": [
                -3.5,
                14.0,
                -7.0
              ],
              "size": [
                7.0,
                4.0,
                1.0
              ],
              "uv": [
                62,
                16
              ],
              "inflate": 0
            },
            {
              "origin": [
                2.5,
                17.0,
                -11.0
              ],
              "size": [
                1.0,
                2.0,
                1.0
              ],
              "uv": [
                36,
                16
              ],
              "inflate": 0
            },
            {
              "origin": [
                -2.5,
                18.0,
                -11.0
              ],
              "size": [
                5.0,
                1.0,
                1.0
              ],
              "uv": [
                23,
                17
              ],
              "inflate": 0
            },
            {
              "origin": [
                -2.5,
                14.0,
                -11.0
              ],
              "size": [
                5.0,
                1.0,
                1.0
              ],
              "uv": [
                2,
                17
              ],
              "inflate": 0
            },
            {
              "origin": [
                -2.5,
                15.0,
                -11.0
              ],
              "size": [
                5.0,
                1.0,
                0.0
              ],
              "pivot": [
                0.5,
                15.0,
                -11.0
              ],
              "rotation": [
                10.0,
                0.0,
                0.0
              ],
              "uv": [
                48,
                18
              ],
              "inflate": 0
            },
            {
              "origin": [
                -2.5,
                16.0,
                -11.0
              ],
              "size": [
                5.0,
                2.0,
                0.0
              ],
              "pivot": [
                0.5,
                18.0,
                -11.0
              ],
              "rotation": [
                -12.5,
                0.0,
                0.0
              ],
              "uv": [
                57,
                9
              ],
              "inflate": 0
            },
            {
              "origin": [
                -3.5,
                14.0,
                -11.0
              ],
              "size": [
                1.0,
                2.0,
                1.0
              ],
              "uv": [
                23,
                16
              ],
              "inflate": 0
            },
            {
              "origin": [
                2.5,
                14.0,
                -11.0
              ],
              "size": [
                1.0,
                2.0,
                1.0
              ],
              "uv": [
                16,
                16
              ],
              "inflate": 0
            },
            {
              "origin": [
                3.5,
                15.0,
                -11.0
              ],
              "size": [
                1.0,
                3.0,
                1.0
              ],
              "uv": [
                27,
                15
              ],
              "inflate": 0
            },
            {
              "origin": [
                3.5,
                15.0,
                -10.0
              ],
              "size": [
                1.0,
                3.0,
                4.0
              ],
              "uv": [
                62,
                28
              ],
              "inflate": 0
            },
            {
              "origin": [
                -4.5,
                15.0,
                -10.0
              ],
              "size": [
                1.0,
                3.0,
                4.0
              ],
              "uv": [
                62,
                21
              ],
              "inflate": 0
            },
            {
              "origin": [
                -4.5,
                15.0,
                -11.0
              ],
              "size": [
                1.0,
                3.0,
                1.0
              ],
              "uv": [
                28,
                15
              ],
              "inflate": 0
            },
            {
              "origin": [
                -3.5,
                17.0,
                -11.0
              ],
              "size": [
                1.0,
                2.0,
                1.0
              ],
              "uv": [
                28,
                16
              ],
              "inflate": 0
            }
          ],
          "parent": "body"
        },
        {
          "name": "eyeball",
          "pivot": [
            -2,
            19.5,
            -8.5
          ],
          "cubes": [
            {
              "origin": [
                -2.5,
                19.0,
                -9.0
              ],
              "size": [
                1.0,
                7.0,
                1.0
              ],
              "uv": [
                17,
                11
              ],
              "inflate": 0
            }
          ],
          "parent": "head"
        },
        {
          "name": "eyeball1",
          "pivot": [
            -1.5,
            26,
            -8
          ],
          "cubes": [
            {
              "origin": [
                -3.5,
                26.0,
                -10.0
              ],
              "size": [
                3.0,
                3.0,
                3.0
              ],
              "uv": [
                21,
                62
              ],
              "inflate": 0
            }
          ],
          "parent": "eyeball"
        },
        {
          "name": "eyeball2",
          "pivot": [
            2,
            19.5,
            -8.5
          ],
          "cubes": [
            {
              "origin": [
                1.5,
                19.0,
                -9.0
              ],
              "size": [
                1.0,
                7.0,
                1.0
              ],
              "uv": [
                16,
                11
              ],
              "inflate": 0
            }
          ],
          "parent": "head"
        },
        {
          "name": "eyeball4",
          "pivot": [
            2.5,
            26,
            -8
          ],
          "cubes": [
            {
              "origin": [
                0.5,
                26.0,
                -10.0
              ],
              "size": [
                3.0,
                3.0,
                3.0
              ],
              "uv": [
                59,
                60
              ],
              "inflate": 0
            }
          ],
          "parent": "eyeball2"
        },
        {
          "name": "house",
          "pivot": [
            0.5,
            3,
            1
          ],
          "cubes": [
            {
              "origin": [
                -5.5,
                3.0,
                -3.0
              ],
              "size": [
                11.0,
                16.0,
                8.0
              ],
              "uv": [
                0,
                19
              ],
              "inflate": 0
            },
            {
              "origin": [
                -5.5,
                4.0,
                5.0
              ],
              "size": [
                11.0,
                14.0,
                1.0
              ],
              "uv": [
                38,
                19
              ],
              "inflate": 0
            },
            {
              "origin": [
                -5.5,
                4.0,
                -4.0
              ],
              "size": [
                11.0,
                14.0,
                1.0
              ],
              "uv": [
                0,
                28
              ],
              "inflate": 0
            },
            {
              "origin": [
                -5.5,
                5.0,
                -5.0
              ],
              "size": [
                11.0,
                12.0,
                1.0
              ],
              "uv": [
                0,
                43
              ],
              "inflate": 0
            },
            {
              "origin": [
                -5.5,
                5.0,
                6.0
              ],
              "size": [
                11.0,
                12.0,
                1.0
              ],
              "uv": [
                38,
                34
              ],
              "inflate": 0
            },
            {
              "origin": [
                -5.5,
                6.0,
                7.0
              ],
              "size": [
                11.0,
                10.0,
                1.0
              ],
              "uv": [
                48,
                47
              ],
              "inflate": 0
            },
            {
              "origin": [
                -5.5,
                7.0,
                8.0
              ],
              "size": [
                11.0,
                8.0,
                1.0
              ],
              "uv": [
                57,
                0
              ],
              "inflate": 0
            },
            {
              "origin": [
                -5.5,
                7.0,
                -7.0
              ],
              "size": [
                11.0,
                8.0,
                1.0
              ],
              "uv": [
                0,
                56
              ],
              "inflate": 0
            },
            {
              "origin": [
                -5.5,
                6.0,
                -6.0
              ],
              "size": [
                11.0,
                10.0,
                1.0
              ],
              "uv": [
                24,
                47
              ],
              "inflate": 0
            }
          ],
          "parent": "body",
          "rotation": [
            -7.5,
            0,
            0
          ]
        }
      ]
    }
  ]
}