{
  "format_version": "1.12.0",
  "minecraft:geometry": [
    {
      "description": {
        "identifier": "geometry.os_yallow",
        "texture_width": 128,
        "texture_height": 128,
        "visible_bounds_width": 4,
        "visible_bounds_height": 1.5,
        "visible_bounds_offset": [
          0,
          0.25,
          0
        ]
      },
      "bones": [
        {
          "name": "root"
        },
        {
          "name": "waist",
          "pivot": [
            0,
            9,
            0
          ],
          "parent": "root"
        },
        {
          "name": "body",
          "pivot": [
            0,
            9,
            0
          ],
          "cubes": [
            {
              "origin": [
                -5.0,
                9.0,
                -3.0
              ],
              "size": [
                10.0,
                2.0,
                6.0
              ],
              "uv": [
                0,
                26
              ],
              "inflate": 0
            },
            {
              "origin": [
                -6.0,
                11.0,
                -3.0
              ],
              "size": [
                12.0,
                2.0,
                6.0
              ],
              "uv": [
                0,
                18
              ],
              "inflate": 0
            },
            {
              "origin": [
                -7.0,
                13.0,
                -3.0
              ],
              "size": [
                14.0,
                12.0,
                6.0
              ],
              "uv": [
                0,
                0
              ],
              "inflate": 0
            }
          ],
          "parent": "waist"
        },
        {
          "name": "rightArm",
          "pivot": [
            -7,
            23,
            0
          ],
          "cubes": [
            {
              "origin": [
                -11.0,
                14.0,
                -2.0
              ],
              "size": [
                4.0,
                11.0,
                4.0
              ],
              "uv": [
                0,
                34
              ],
              "inflate": 0
            }
          ],
          "parent": "body"
        },
        {
          "name": "rightArm2",
          "pivot": [
            -9,
            14,
            0
          ],
          "cubes": [
            {
              "origin": [
                -11.0,
                8.0,
                -2.0
              ],
              "size": [
                4.0,
                6.0,
                4.0
              ],
              "uv": [
                44,
                28
              ],
              "inflate": 0
            }
          ],
          "parent": "rightArm"
        },
        {
          "name": "rightArm3",
          "pivot": [
            -9,
            8,
            0
          ],
          "cubes": [
            {
              "origin": [
                -12.0,
                3.0,
                -2.0
              ],
              "size": [
                5.0,
                5.0,
                4.0
              ],
              "uv": [
                40,
                41
              ],
              "inflate": 0
            }
          ],
          "parent": "rightArm2"
        },
        {
          "name": "leftArm",
          "pivot": [
            7,
            23,
            0
          ],
          "cubes": [
            {
              "origin": [
                7.0,
                14.0,
                -2.0
              ],
              "size": [
                4.0,
                11.0,
                4.0
              ],
              "uv": [
                0,
                34
              ],
              "inflate": 0
            }
          ],
          "parent": "body"
        },
        {
          "name": "leftArm2",
          "pivot": [
            9,
            14,
            0
          ],
          "cubes": [
            {
              "origin": [
                7.0,
                8.0,
                -2.0
              ],
              "size": [
                4.0,
                6.0,
                4.0
              ],
              "uv": [
                44,
                28
              ],
              "inflate": 0
            }
          ],
          "parent": "leftArm"
        },
        {
          "name": "leftArm3",
          "pivot": [
            9,
            8,
            0
          ],
          "cubes": [
            {
              "origin": [
                7.0,
                3.0,
                -2.0
              ],
              "size": [
                5.0,
                5.0,
                4.0
              ],
              "uv": [
                40,
                0
              ],
              "inflate": 0
            }
          ],
          "parent": "leftArm2"
        },
        {
          "name": "leftLeg",
          "pivot": [
            3,
            9,
            0
          ],
          "cubes": [
            {
              "origin": [
                1.0,
                5.0,
                -2.0
              ],
              "size": [
                4.0,
                4.0,
                4.0
              ],
              "uv": [
                28,
                47
              ],
              "inflate": 0
            }
          ],
          "parent": "root"
        },
        {
          "name": "leftLeg2",
          "pivot": [
            3,
            5,
            0
          ],
          "cubes": [
            {
              "origin": [
                1.0,
                2.0,
                -2.0
              ],
              "size": [
                4.0,
                3.0,
                4.0
              ],
              "uv": [
                0,
                49
              ],
              "inflate": 0
            }
          ],
          "parent": "leftLeg"
        },
        {
          "name": "leftLeg3",
          "pivot": [
            3,
            2,
            0
          ],
          "cubes": [
            {
              "origin": [
                1.0,
                0.0,
                -4.0
              ],
              "size": [
                4.0,
                2.0,
                6.0
              ],
              "uv": [
                30,
                20
              ],
              "inflate": 0
            }
          ],
          "parent": "leftLeg2"
        },
        {
          "name": "rightLeg",
          "pivot": [
            -3,
            9,
            0
          ],
          "cubes": [
            {
              "origin": [
                -5.0,
                5.0,
                -2.0
              ],
              "size": [
                4.0,
                4.0,
                4.0
              ],
              "uv": [
                28,
                47
              ],
              "inflate": 0
            }
          ],
          "parent": "root"
        },
        {
          "name": "rightLeg2",
          "pivot": [
            -3,
            5,
            0
          ],
          "cubes": [
            {
              "origin": [
                -5.0,
                2.0,
                -2.0
              ],
              "size": [
                4.0,
                3.0,
                4.0
              ],
              "uv": [
                0,
                49
              ],
              "inflate": 0
            }
          ],
          "parent": "rightLeg"
        },
        {
          "name": "rightLeg3",
          "pivot": [
            -3,
            2,
            0
          ],
          "cubes": [
            {
              "origin": [
                -5.0,
                0.0,
                -4.0
              ],
              "size": [
                4.0,
                2.0,
                6.0
              ],
              "uv": [
                30,
                20
              ],
              "inflate": 0
            }
          ],
          "parent": "rightLeg2"
        }
      ]
    }
  ]
}