{
  "format_version": "1.8.0",
  "animations": {
    "animation.os_skibidi_toilet.walk": {
      "loop": true,
      "animation_length": 1,
      "bones": {
        "head": {
          "rotation": {
            "0.0": [
              0,
              0,
              12.5
            ],
            "0.5": [
              0,
              0,
              -12.5
            ],
            "1.0": [
              0,
              0,
              12.5
            ]
          }
        }
      }
    },
    "animation.os_skibidi_toilet.bob": {
      "loop": true,
      "animation_length": 4,
      "bones": {
        "head": {
          "position": {
            "0.0": [
              0,
              -1,
              0
            ],
            "2.0": [
              0,
              0,
              0
            ],
            "4.0": [
              0,
              -1,
              0
            ]
          }
        }
      }
    },
    "animation.os_skibidi_toilet.hide": {
      "loop": "hold_on_last_frame",
      "animation_length": 0.75,
      "bones": {
        "body": {
          "position": {
            "0.0": [
              0,
              0,
              0
            ],
            "0.25": [
              0,
              9,
              0
            ],
            "0.75": [
              0,
              0,
              0
            ]
          }
        },
        "penutup": {
          "rotation": {
            "0.0": [
              12.5,
              0,
              0
            ],
            "0.25": [
              -25,
              0,
              0
            ],
            "0.5417": [
              27.5,
              0,
              0
            ],
            "0.75": [
              90,
              0,
              0
            ]
          }
        },
        "head": {
          "rotation": {
            "0.0": [
              0,
              0,
              0
            ],
            "0.25": [
              -12.5,
              0,
              0
            ],
            "0.5417": [
              2.5,
              0,
              0
            ]
          },
          "position": {
            "0.0": [
              0,
              -3,
              0
            ],
            "0.25": [
              0,
              -2,
              0
            ],
            "0.5417": [
              0,
              -5,
              0
            ],
            "0.75": [
              0,
              -13,
              0
            ]
          }
        }
      }
    },
    "animation.os_skibidi_toilet.jumpscare": {
      "loop": "hold_on_last_frame",
      "animation_length": 10.25,
      "bones": {
        "head": {
          "rotation": {
            "0.7083": [
              0,
              0,
              0
            ],
            "1.0": [
              0,
              0,
              12.5
            ],
            "1.25": [
              12.73415,
              7.99365,
              -19.10659
            ],
            "1.5833": [
              -9.67521,
              -1.86349,
              -17.41783
            ],
            "1.9583": [
              -9.65231,
              21.26943,
              14.21226
            ],
            "2.2917": [
              -8.0918,
              9.70644,
              -12.22644
            ],
            "2.5417": [
              -2.60092,
              4.84216,
              16.02243
            ],
            "2.9167": [
              -4.53621,
              0.60301,
              -11.29242
            ],
            "3.375": [
              17.68907,
              -3.23749,
              0.60837
            ],
            "3.625": [
              -7.31093,
              -3.23749,
              0.60837
            ],
            "4.0": [
              19.94002,
              4.57044,
              -20.51128
            ],
            "4.5": [
              -1.45326,
              1.76111,
              -0.67699
            ],
            "5.0": [
              -1.45326,
              1.76111,
              -0.67699
            ],
            "5.9583": [
              0,
              0,
              0
            ],
            "6.25": [
              0,
              0,
              12.5
            ],
            "6.5": [
              12.73415,
              7.99365,
              -19.10659
            ],
            "6.8333": [
              -9.67521,
              -1.86349,
              -17.41783
            ],
            "7.2083": [
              -9.65231,
              21.26943,
              14.21226
            ],
            "7.5417": [
              -8.0918,
              9.70644,
              -12.22644
            ],
            "7.7917": [
              -2.60092,
              4.84216,
              16.02243
            ],
            "8.1667": [
              -4.53621,
              0.60301,
              -11.29242
            ],
            "8.625": [
              17.68907,
              -3.23749,
              0.60837
            ],
            "8.875": [
              -7.31093,
              -3.23749,
              0.60837
            ],
            "9.25": [
              19.94002,
              4.57044,
              -20.51128
            ],
            "9.75": [
              -1.45326,
              1.76111,
              -0.67699
            ],
            "10.25": [
              -1.45326,
              1.76111,
              -0.67699
            ]
          },
          "position": {
            "0.0": [
              1,
              0,
              0
            ],
            "0.0417": [
              -1,
              0,
              0
            ],
            "0.0833": [
              1,
              0,
              0
            ],
            "0.125": [
              -1,
              0,
              0
            ],
            "0.1667": [
              1,
              0,
              0
            ],
            "0.2083": [
              -1,
              0,
              0
            ],
            "0.25": [
              1,
              0,
              0
            ],
            "0.2917": [
              -1,
              0,
              0
            ],
            "0.3333": [
              1,
              0,
              0
            ],
            "0.375": [
              -1,
              0,
              0
            ],
            "0.4167": [
              1,
              0,
              0
            ],
            "0.4583": [
              -1,
              0,
              0
            ],
            "0.5": [
              1,
              0,
              0
            ],
            "0.5417": [
              -1,
              0,
              0
            ],
            "0.5833": [
              1,
              0,
              0
            ],
            "0.625": [
              -1,
              0,
              0
            ],
            "0.6667": [
              1,
              0,
              0
            ],
            "0.7083": [
              0,
              0,
              0
            ],
            "5.25": [
              1,
              0,
              0
            ],
            "5.2917": [
              -1,
              0,
              0
            ],
            "5.3333": [
              1,
              0,
              0
            ],
            "5.375": [
              -1,
              0,
              0
            ],
            "5.4167": [
              1,
              0,
              0
            ],
            "5.4583": [
              -1,
              0,
              0
            ],
            "5.5": [
              1,
              0,
              0
            ],
            "5.5417": [
              -1,
              0,
              0
            ],
            "5.5833": [
              1,
              0,
              0
            ],
            "5.625": [
              -1,
              0,
              0
            ],
            "5.6667": [
              1,
              0,
              0
            ],
            "5.7083": [
              -1,
              0,
              0
            ],
            "5.75": [
              1,
              0,
              0
            ],
            "5.7917": [
              -1,
              0,
              0
            ],
            "5.8333": [
              1,
              0,
              0
            ],
            "5.875": [
              -1,
              0,
              0
            ],
            "5.9167": [
              1,
              0,
              0
            ],
            "5.9583": [
              0,
              0,
              0
            ]
          },
          "scale": {
            "4.25": [
              1,
              1,
              1
            ],
            "4.5": [
              1.6,
              1.4,
              1.8
            ],
            "4.75": [
              1,
              1,
              1
            ],
            "5.0": [
              1.6,
              1.4,
              1.8
            ],
            "9.5": [
              1,
              1,
              1
            ],
            "9.75": [
              1.6,
              1.4,
              1.8
            ],
            "10.0": [
              1,
              1,
              1
            ],
            "10.25": [
              1.6,
              1.4,
              1.8
            ]
          }
        }
      }
    }
  }
}