{
	"entity_sounds": {
		"entities": {
			"bridge:cow": {
				"volume": 1,
				"pitch": [
					0.8,
					1.2
				],
				"events": {
					"ambient": "mob.cow.say",
					"hurt": "mob.cow.hurt",
					"death": "mob.cow.hurt",
					"step": {
						"sound": "mob.cow.step",
						"volume": 0.15,
						"pitch": 1
					}
				}
			},
			"bridge:skibidi_toilet": {
				"volume": 1,
				"pitch": [
					0.8,
					1.2
				],
				"events": {
					"ambient": "mob.skibidi_toilet.sound",
					"attack": "mob.skibidi_toilet.sound"
				}
			},
			"bridge:steve_skibidi_toilet": {
				"volume": 1,
				"pitch": [
					0.8,
					1.2
				],
				"events": {
					"ambient": "mob.skibidi_toilet.sound",
					"attack": "mob.skibidi_toilet.sound"
				}
			},
			"bridge:spider_skibidi_toilet": {
				"volume": 1,
				"pitch": [
					0.8,
					1.2
				],
				"events": {
					"ambient": "mob.skibidi_toilet.sound",
					"attack": "mob.skibidi_toilet.sound"
				}
			},
			"bridge:angel_skibidi_toilet": {
				"volume": 1,
				"pitch": [
					0.8,
					1.2
				],
				"events": {
					"ambient": "mob.angel_skibidi_toilet_sound.sound",
					"attack": "mob.angel_skibidi_toilet_sound.sound"
				}
			},
			"bridge:4_head_skibidi_toilet": {
				"volume": 1,
				"pitch": [
					0.8,
					1.2
				],
				"events": {
					"ambient": "mob.skibidi_toilet.sound",
					"attack": "mob.skibidi_toilet.sound"
				}
			}
		}
	}
}