{
  "format_version": "1.12.0",
  "minecraft:geometry": [
    {
      "description": {
        "identifier": "geometry.os_skibidi_toilet",
        "texture_width": 128,
        "texture_height": 128,
        "visible_bounds_width": 2,
        "visible_bounds_height": 3.5,
        "visible_bounds_offset": [
          0,
          1.25,
          0
        ]
      },
      "bones": [
        {
          "name": "root"
        },
        {
          "name": "waist",
          "parent": "root"
        },
        {
          "name": "body",
          "cubes": [
            {
              "origin": [
                -6.0,
                0.0,
                -6.0
              ],
              "size": [
                12.0,
                1.0,
                12.0
              ],
              "uv": [
                33,
                20
              ],
              "inflate": 0
            },
            {
              "origin": [
                -5.0,
                1.0,
                -5.0
              ],
              "size": [
                10.0,
                2.0,
                10.0
              ],
              "uv": [
                0,
                36
              ],
              "inflate": 0
            },
            {
              "origin": [
                -4.0,
                3.0,
                -4.0
              ],
              "size": [
                8.0,
                3.0,
                8.0
              ],
              "uv": [
                36,
                0
              ],
              "inflate": 0
            },
            {
              "origin": [
                -5.0,
                6.0,
                -7.0
              ],
              "size": [
                10.0,
                3.0,
                13.0
              ],
              "uv": [
                0,
                20
              ],
              "inflate": 0
            },
            {
              "origin": [
                -5.0,
                9.0,
                -9.0
              ],
              "size": [
                10.0,
                4.0,
                16.0
              ],
              "uv": [
                0,
                0
              ],
              "inflate": 0
            },
            {
              "origin": [
                5.0,
                9.0,
                -7.0
              ],
              "size": [
                1.0,
                4.0,
                12.0
              ],
              "uv": [
                42,
                40
              ],
              "inflate": 0
            },
            {
              "origin": [
                -6.0,
                9.0,
                -7.0
              ],
              "size": [
                1.0,
                4.0,
                12.0
              ],
              "uv": [
                28,
                36
              ],
              "inflate": 0
            },
            {
              "origin": [
                6.0,
                9.0,
                -4.0
              ],
              "size": [
                1.0,
                4.0,
                6.0
              ],
              "uv": [
                0,
                58
              ],
              "inflate": 0
            },
            {
              "origin": [
                -7.0,
                9.0,
                -4.0
              ],
              "size": [
                1.0,
                4.0,
                6.0
              ],
              "uv": [
                54,
                56
              ],
              "inflate": 0
            }
          ],
          "parent": "waist"
        },
        {
          "name": "penutup",
          "pivot": [
            0,
            13,
            7
          ],
          "cubes": [
            {
              "origin": [
                -5.0,
                13.0,
                7.0
              ],
              "size": [
                10.0,
                2.0,
                1.0
              ],
              "uv": [
                56,
                43
              ],
              "inflate": 0
            },
            {
              "origin": [
                -5.0,
                27.0,
                7.0
              ],
              "size": [
                10.0,
                2.0,
                1.0
              ],
              "uv": [
                56,
                40
              ],
              "inflate": 0
            },
            {
              "origin": [
                -6.0,
                15.0,
                7.0
              ],
              "size": [
                12.0,
                3.0,
                1.0
              ],
              "uv": [
                52,
                15
              ],
              "inflate": 0
            },
            {
              "origin": [
                -6.0,
                24.0,
                7.0
              ],
              "size": [
                12.0,
                3.0,
                1.0
              ],
              "uv": [
                36,
                11
              ],
              "inflate": 0
            },
            {
              "origin": [
                -7.0,
                18.0,
                7.0
              ],
              "size": [
                14.0,
                6.0,
                1.0
              ],
              "uv": [
                46,
                33
              ],
              "inflate": 0
            }
          ],
          "parent": "body"
        },
        {
          "name": "head",
          "pivot": [
            0,
            13,
            0
          ],
          "cubes": [
            {
              "origin": [
                -2.0,
                13.0,
                -2.0
              ],
              "size": [
                4.0,
                4.0,
                4.0
              ],
              "pivot": [
                0.0,
                13.0,
                0.0
              ],
              "rotation": [
                0.0,
                50.0,
                0.0
              ],
              "uv": [
                0,
                0
              ],
              "inflate": 0
            },
            {
              "origin": [
                -3.0,
                17.0,
                -2.0
              ],
              "size": [
                6.0,
                2.0,
                4.0
              ],
              "uv": [
                24,
                52
              ],
              "inflate": 0
            },
            {
              "origin": [
                -3.0,
                25.0,
                -2.0
              ],
              "size": [
                6.0,
                1.0,
                4.0
              ],
              "uv": [
                40,
                56
              ],
              "inflate": 0
            },
            {
              "origin": [
                -4.0,
                19.0,
                -2.0
              ],
              "size": [
                8.0,
                6.0,
                4.0
              ],
              "uv": [
                0,
                48
              ],
              "inflate": 0
            },
            {
              "origin": [
                -3.0,
                19.0,
                2.0
              ],
              "size": [
                6.0,
                6.0,
                1.0
              ],
              "uv": [
                14,
                58
              ],
              "inflate": 0
            },
            {
              "origin": [
                -3.0,
                19.0,
                -3.0
              ],
              "size": [
                6.0,
                6.0,
                1.0
              ],
              "uv": [
                0,
                8
              ],
              "inflate": 0
            },
            {
              "origin": [
                -1.0,
                20.0,
                -3.0
              ],
              "size": [
                2.0,
                3.0,
                1.0
              ],
              "pivot": [
                0.0,
                21.5,
                -2.5
              ],
              "rotation": [
                -20.0,
                0.0,
                0.0
              ],
              "uv": [
                0,
                22
              ],
              "inflate": 0
            },
            {
              "origin": [
                -2.0,
                18.0,
                -3.0
              ],
              "size": [
                4.0,
                1.0,
                1.0
              ],
              "uv": [
                0,
                20
              ],
              "inflate": 0
            }
          ],
          "parent": "body"
        }
      ]
    }
  ]
}