{"format_version":"1.10.0","minecraft:entity":{"description":{"identifier":"yg:blocks_entity","is_spawnable":true,"is_summonable":true,"is_experimental":false},"component_groups":{"farmer":{"minecraft:variant":{"value":0}},"fisherman":{"minecraft:variant":{"value":0}},"shepherd":{"minecraft:variant":{"value":0}},"fletcher":{"minecraft:variant":{"value":0}},"librarian":{"minecraft:variant":{"value":1}},"cartographer":{"minecraft:variant":{"value":1}},"cleric":{"minecraft:variant":{"value":2}},"armorer":{"minecraft:variant":{"value":3}},"weaponsmith":{"minecraft:variant":{"value":3}},"toolsmith":{"minecraft:variant":{"value":3}},"butcher":{"minecraft:variant":{"value":4}},"leatherworker":{"minecraft:variant":{"value":4}}},"components":{"minecraft:health":{"value":1,"max":1},"minecraft:physics":{},"minecraft:knockback_resistance":{"value":0.9,"max":0.9},"minecraft:scale":{"value":1},"minecraft:fall_damage":{"value":0},"minecraft:fire_immune":true,"minecraft:collision_box":{"height":0.3,"width":0.3},"minecraft:loot":{"table":"loot_tables/entities/yg_blocks_entity.json"}},"events":{"minecraft:entity_spawned":{"sequence":[{"filters":{"test":"has_component","operator":"!=","value":"minecraft:variant"},"randomize":[{"weight":5,"add":{"component_groups":["farmer","behavior_peasant"]}},{"weight":5,"add":{"component_groups":["fisherman","behavior_peasant"]}},{"weight":5,"add":{"component_groups":["shepherd","behavior_peasant"]}},{"weight":5,"add":{"component_groups":["fletcher","behavior_peasant"]}},{"weight":20,"add":{"component_groups":["librarian","behavior_non_peasant"]}},{"weight":20,"add":{"component_groups":["cartographer","behavior_non_peasant"]}},{"weight":20,"add":{"component_groups":["cleric","behavior_non_peasant"]}},{"weight":6,"add":{"component_groups":["armorer","behavior_non_peasant"]}},{"weight":6,"add":{"component_groups":["weaponsmith","behavior_non_peasant"]}},{"weight":6,"add":{"component_groups":["toolsmith","behavior_non_peasant"]}},{"weight":10,"add":{"component_groups":["butcher","behavior_non_peasant"]}},{"weight":10,"add":{"component_groups":["leatherworker","behavior_non_peasant"]}}]}]},"minecraft:spawn_farmer":{"randomize":[{"weight":5,"add":{"component_groups":["farmer","adult","behavior_peasant"]},"remove":{"component_groups":["baby"]}},{"weight":5,"add":{"component_groups":["fisherman","adult","behavior_peasant"]},"remove":{"component_groups":["baby"]}},{"weight":5,"add":{"component_groups":["shepherd","adult","behavior_peasant"]},"remove":{"component_groups":["baby"]}},{"weight":5,"add":{"component_groups":["fletcher","adult","behavior_peasant"]},"remove":{"component_groups":["baby"]}}]},"minecraft:spawn_librarian":{"randomize":[{"weight":20,"add":{"component_groups":["librarian","adult","behavior_non_peasant"]},"remove":{"component_groups":["baby"]}},{"weight":20,"add":{"component_groups":["cartographer","behavior_non_peasant"]},"remove":{"component_groups":["baby"]}}]},"minecraft:spawn_cleric":{"add":{"component_groups":["cleric","adult","behavior_non_peasant"]},"remove":{"component_groups":["baby"]}},"minecraft:spawn_armorer":{"randomize":[{"weight":6,"add":{"component_groups":["armorer","adult","behavior_non_peasant"]},"remove":{"component_groups":["baby"]}},{"weight":6,"add":{"component_groups":["weaponsmith","adult","behavior_non_peasant"]},"remove":{"component_groups":["baby"]}},{"weight":6,"add":{"component_groups":["toolsmith","adult","behavior_non_peasant"]},"remove":{"component_groups":["baby"]}}]},"minecraft:spawn_butcher":{"randomize":[{"weight":10,"add":{"component_groups":["butcher","adult","behavior_non_peasant"]},"remove":{"component_groups":["baby"]}},{"weight":10,"add":{"component_groups":["leatherworker","adult","behavior_non_peasant"]},"remove":{"component_groups":["baby"]}}]},"minecraft:become_cleric":{"add":{"component_groups":["cleric","adult","behavior_non_peasant"]},"remove":{"component_groups":["baby"]}}}}}