{"format_version":"1.8.0","minecraft:entity":{"description":{"identifier":"yg:battery_entity","is_spawnable":true,"is_summonable":true,"is_experimental":false},"components":{"minecraft:health":{"value":1,"max":1},"minecraft:physics":{},"minecraft:knockback_resistance":{"value":0.9,"max":0.9},"minecraft:loot":{"table":"loot_tables/entities/yg_battery_entity.json"},"minecraft:scale":{"value":1},"minecraft:fall_damage":{"value":0},"minecraft:fire_immune":true,"minecraft:collision_box":{"height":0.3,"width":0.3}}}}