{"format_version":"1.8.0","minecraft:entity":{"description":{"identifier":"yg:green","is_spawnable":true,"is_summonable":true,"is_experimental":false,"runtime_identifier":"minecraft:warden","scripts":{"animate":["jumpscare_green"]},"animations":{"jumpscare_green":"controller.animation.green_jumpscare"}},"component_groups":{"minecraft:green_calm":{"minecraft:on_target_acquired":{"event":"minecraft:become_angry","target":"self"},"minecraft:movement":{"value":0.3}},"minecraft:green_angry":{"minecraft:angry":{"duration":25,"calm_event":{"event":"minecraft:on_calm","target":"self"}},"minecraft:movement":{"value":0.45},"minecraft:behavior.melee_attack":{"priority":2,"speed_multiplier":1,"track_target":false}}},"components":{"minecraft:is_hidden_when_invisible":{},"minecraft:nameable":{},"minecraft:type_family":{"family":["undead","monster","mob","warden","rainbowf"]},"minecraft:collision_box":{"width":0.6,"height":1.8},"minecraft:movement.basic":{},"minecraft:navigation.walk":{"avoid_damage_blocks":true,"is_amphibious":true,"can_pass_doors":true,"can_break_doors":true,"can_open_doors":true,"can_open_iron_doors":true,"can_walk":true},"minecraft:movement":{"value":0.3},"minecraft:scale":{"value":1},"minecraft:jump.static":{},"minecraft:can_climb":{},"minecraft:attack":{"damage":15},"minecraft:health":{"value":70000,"max":70000},"minecraft:follow_range":{"value":30,"max":30},"minecraft:leashable":{"soft_distance":4,"hard_distance":6,"max_distance":10,"can_be_stolen":true},"minecraft:loot":{"table":"loot_tables/entities/yg_rainbow_fragment.json"},"minecraft:behavior.melee_attack":{"priority":3,"track_target":true,"speed_multiplier":1.25},"minecraft:behavior.random_stroll":{"priority":7,"speed_multiplier":1},"minecraft:behavior.look_at_player":{"priority":8,"look_distance":6,"probability":0.02},"minecraft:behavior.random_look_around":{"priority":9},"minecraft:behavior.hurt_by_target":{"priority":1},"minecraft:knockback_resistance":{"value":0.8},"minecraft:physics":{},"minecraft:pushable":{"is_pushable":true,"is_pushable_by_piston":true},"minecraft:annotation.open_door":{},"minecraft:behavior.move_indoors":{"priority":4,"speed_multiplier":0.8},"minecraft:behavior.restrict_open_door":{"priority":5},"minecraft:behavior.open_door":{"priority":6,"close_door_after":true},"minecraft:combat_regeneration":{"regeneration_duration":15,"apply_to_self":true,"apply_to_family":false},"minecraft:vibration_listener":{},"minecraft:vibration_damper":{},"minecraft:suspect_tracking":{},"minecraft:behavior.investigate_suspicious_location":{"priority":5,"speed_multiplier":0.7},"minecraft:anger_level":{"max_anger":150,"angry_threshold":80,"remove_targets_below_angry_threshold":true,"angry_boost":20,"anger_decrement_interval":1,"default_annoyingness":35,"default_projectile_annoyingness":10,"on_increase_sounds":[{"sound":"listening_angry","condition":"query.anger_level(this) >= 40"},{"sound":"listening","condition":"query.anger_level(this) >= 0"}],"nuisance_filter":{"all_of":[{"test":"is_family","subject":"other","operator":"not","value":"warden"},{"test":"is_family","subject":"other","operator":"not","value":"inanimate"}]}},"minecraft:ambient_sound_interval":{"value":2,"range":4,"event_name":"ambient","event_names":[{"event_name":"angry","condition":"query.anger_level(this) >= 80"},{"event_name":"agitated","condition":"query.anger_level(this) >= 40"}]},"minecraft:behavior.sniff":{"priority":6,"duration":4.16,"sniffing_radius":24,"suspicion_radius_horizontal":6,"suspicion_radius_vertical":20,"cooldown_range":[5,10]},"minecraft:area_attack":{"damage_range":2,"damage_per_tick":200,"cause":"contact","entity_filter":{"any_of":[{"test":"is_family","subject":"other","value":"enderman"}]}},"minecraft:lookat":{"search_radius":64,"set_target":true,"look_cooldown":1,"filters":{"all_of":[{"subject":"other","test":"is_family","value":"player"},{"test":"has_equipment","domain":"head","subject":"other","operator":"not","value":"carved_pumpkin"}]}},"minecraft:rideable":{"rider_can_interact":false,"seat_count":1,"seats":[{"lock_rider_rotation":5,"position":[0,2.16,1.6],"rotate_rider_by":180}]}},"events":{"minecraft:entity_spawned":{"remove":{},"add":{"component_groups":["minecraft:green_calm"]}},"minecraft:become_angry":{"remove":{"component_groups":["minecraft:green_calm"]},"add":{"component_groups":["minecraft:green_angry"]}},"minecraft:on_calm":{"remove":{"component_groups":["minecraft:green_angry"]},"add":{"component_groups":["minecraft:green_calm"]}}}}}