{"format_version":"1.8.0","minecraft:entity":{"description":{"identifier":"yg:indigo","is_spawnable":true,"is_summonable":true,"is_experimental":false,"scripts":{"animate":["jumpscare_indigo"]},"animations":{"jumpscare_indigo":"controller.animation.indigo_jumpscare"}},"component_groups":{},"components":{"minecraft:is_hidden_when_invisible":{},"minecraft:nameable":{},"minecraft:type_family":{"family":["undead","monster","mob","rainbowf"]},"minecraft:collision_box":{"width":0.6,"height":1.8},"minecraft:movement.basic":{},"minecraft:navigation.walk":{"avoid_damage_blocks":true,"is_amphibious":true,"can_pass_doors":true,"can_break_doors":true,"can_open_doors":true,"can_walk":true,"is_amphibious":true},"minecraft:movement":{"value":0.4},"minecraft:scale":{"value":1},"minecraft:jump.static":{},"minecraft:can_climb":{},"minecraft:attack":{"damage":17},"minecraft:health":{"value":70000,"max":70000},"minecraft:follow_range":{"value":30,"max":30},"minecraft:leashable":{"soft_distance":4,"hard_distance":6,"max_distance":10,"can_be_stolen":true},"minecraft:loot":{"table":"loot_tables/entities/yg_rainbow_fragment.json"},"minecraft:behavior.nearest_attackable_target":{"priority":2,"must_see":true,"reselect_targets":true,"within_radius":5,"must_see_forget_duration":17,"entity_types":[{"filters":{"any_of":[{"test":"is_family","subject":"other","value":"illager"},{"test":"is_family","subject":"other","value":"snowgolem"},{"test":"is_family","subject":"other","value":"irongolem"},{"test":"is_family","subject":"other","value":"vex"}]},"max_dist":35},{"filters":{"any_of":[{"test":"is_family","subject":"other","value":"villager"},{"test":"is_family","subject":"other","value":"wandering_trader"},{"test":"is_family","subject":"other","value":"player"}]},"max_dist":35,"must_see":false},{"filters":{"all_of":[{"test":"is_family","subject":"other","value":"baby_turtle"},{"test":"in_water","subject":"other","operator":"!=","value":true}]},"max_dist":35}]},"minecraft:behavior.melee_attack":{"priority":3,"track_target":false,"speed_multiplier":1.27},"minecraft:behavior.random_stroll":{"priority":7,"speed_multiplier":1},"minecraft:behavior.look_at_player":{"priority":8,"look_distance":6,"probability":0.02},"minecraft:behavior.random_look_around":{"priority":9},"minecraft:behavior.hurt_by_target":{"priority":1},"minecraft:knockback_resistance":{"value":0.8},"minecraft:physics":{},"minecraft:pushable":{"is_pushable":true,"is_pushable_by_piston":true},"minecraft:annotation.open_door":{},"minecraft:behavior.move_indoors":{"priority":4,"speed_multiplier":0.8},"minecraft:behavior.restrict_open_door":{"priority":5},"minecraft:behavior.open_door":{"priority":6,"close_door_after":true},"minecraft:combat_regeneration":{"regeneration_duration":15,"apply_to_self":true,"apply_to_family":false},"minecraft:rideable":{"rider_can_interact":false,"seat_count":1,"seats":[{"lock_rider_rotation":5,"position":[0,1.3,1.6],"rotate_rider_by":180}]}},"events":{}}}