{"format_version":"1.8.0","animations":{"animation.yg_indigo.move":{"loop":true,"animation_length":1,"anim_time_update":"query.modified_distance_moved * 0.1","bones":{"Head":{"rotation":{"0.0":{"post":[-14.78217,2.57594,9.6658],"lerp_mode":"catmullrom"},"0.25":{"post":[-51.24885,-30.38643,-14.08459],"lerp_mode":"catmullrom"},"0.5":{"post":[-4.80443,-1.63208,6.96462],"lerp_mode":"catmullrom"},"0.75":{"post":[-50.0178,17.96627,22.72789],"lerp_mode":"catmullrom"},"1.0":{"post":[-14.78217,2.57594,9.6658],"lerp_mode":"catmullrom"}}},"Jaw":{"rotation":{"0.0":{"post":[5,0,0],"lerp_mode":"catmullrom"},"0.25":{"post":[32.5,0,0],"lerp_mode":"catmullrom"},"0.5":{"post":[7.5,0,0],"lerp_mode":"catmullrom"},"0.75":{"post":[30,0,0],"lerp_mode":"catmullrom"},"1.0":{"post":[5,0,0],"lerp_mode":"catmullrom"}}},"Body":{"rotation":{"0.0":{"post":[25,0,0],"lerp_mode":"catmullrom"},"0.25":{"post":[19.9299,1.70818,-4.69986],"lerp_mode":"catmullrom"},"0.5":{"post":[19.9299,-1.70818,4.69986],"lerp_mode":"catmullrom"},"0.75":{"post":[19.8423,2.55868,-7.05239],"lerp_mode":"catmullrom"},"1.0":{"post":[25,0,0],"lerp_mode":"catmullrom"}}},"Rightarm":{"rotation":{"0.0":{"post":[-37.08682,8.17773,5.77509],"lerp_mode":"catmullrom"},"0.25":{"post":[-47.66527,12.78045,16.7934],"lerp_mode":"catmullrom"},"0.5":{"post":[-89.58682,8.17773,5.77509],"lerp_mode":"catmullrom"},"0.75":{"post":[-46.77915,16.4516,20.30218],"lerp_mode":"catmullrom"},"1.0":{"post":[-37.08682,8.17773,5.77509],"lerp_mode":"catmullrom"}}},"bone":{"rotation":{"0.0":{"post":[-55,0,0],"lerp_mode":"catmullrom"},"0.25":{"post":[-69.82552,-21.24609,-7.58402],"lerp_mode":"catmullrom"},"0.5":{"post":[-22.5,0,0],"lerp_mode":"catmullrom"},"0.75":{"post":[-71.41724,-15.84724,-23.66168],"lerp_mode":"catmullrom"},"1.0":{"post":[-55,0,0],"lerp_mode":"catmullrom"}}},"bone2":{"rotation":{"0.0":{"post":[-17.40119,-39.40865,26.27408],"lerp_mode":"catmullrom"},"0.25":{"post":[-31.76017,-29.8742,51.17995],"lerp_mode":"catmullrom"},"0.5":{"post":[-27.48988,-3.97532,13.57525],"lerp_mode":"catmullrom"},"0.75":{"post":[19.8163,-42.94453,-14.28944],"lerp_mode":"catmullrom"},"1.0":{"post":[-17.40119,-39.40865,26.27408],"lerp_mode":"catmullrom"}}},"Leftarm":{"rotation":{"0.0":{"post":[-88.79631,-14.11063,-10.39448],"lerp_mode":"catmullrom"},"0.25":{"post":[-70.38343,-27.20328,-33.05392],"lerp_mode":"catmullrom"},"0.5":{"post":[-43.79631,-14.11063,-10.39448],"lerp_mode":"catmullrom"},"0.75":{"post":[-38.06754,-12.95626,-11.08522],"lerp_mode":"catmullrom"},"1.0":{"post":[-88.79631,-14.11063,-10.39448],"lerp_mode":"catmullrom"}}},"bone3":{"rotation":{"0.0":{"post":[-30.50112,-12.23161,-4.87346],"lerp_mode":"catmullrom"},"0.25":{"post":[-77.04578,2.38226,-1.46993],"lerp_mode":"catmullrom"},"0.5":{"post":[-73.00112,-12.23161,-4.87346],"lerp_mode":"catmullrom"},"0.75":{"post":[-49.52401,21.24237,21.7889],"lerp_mode":"catmullrom"},"1.0":{"post":[-30.50112,-12.23161,-4.87346],"lerp_mode":"catmullrom"}}},"bone4":{"rotation":{"0.0":{"post":[-11.88242,66.97934,-12.87759],"lerp_mode":"catmullrom"},"0.25":{"post":[-45.57543,56.85811,-50.62539],"lerp_mode":"catmullrom"},"0.5":{"post":[-13.19787,28.85704,-11.30655],"lerp_mode":"catmullrom"},"0.75":{"post":[-0.00335,31.49412,14.60223],"lerp_mode":"catmullrom"},"1.0":{"post":[-11.88242,66.97934,-12.87759],"lerp_mode":"catmullrom"}}},"Rightleg":{"rotation":{"0.0":{"post":[-37.5,0,0],"lerp_mode":"catmullrom"},"0.25":{"post":[0,0,0],"lerp_mode":"catmullrom"},"0.5":{"post":[22.5,0,0],"lerp_mode":"catmullrom"},"0.75":{"post":[0,0,0],"lerp_mode":"catmullrom"},"1.0":{"post":[-37.5,0,0],"lerp_mode":"catmullrom"}}},"bone5":{"rotation":{"0.0":{"post":[37.5,0,0],"lerp_mode":"catmullrom"},"0.5":{"post":[31.85674,0.11259,-6.48611],"lerp_mode":"catmullrom"},"0.75":{"post":[0,0,0],"lerp_mode":"catmullrom"},"1.0":{"post":[37.5,0,0],"lerp_mode":"catmullrom"}}},"bone6":{"rotation":{"0.0":{"post":[0,0,0],"lerp_mode":"catmullrom"}}},"Leftleg":{"rotation":{"0.0":{"post":[22.5,0,0],"lerp_mode":"catmullrom"},"0.25":{"post":[0,0,0],"lerp_mode":"catmullrom"},"0.5":{"post":[-37.5,0,0],"lerp_mode":"catmullrom"},"0.75":{"post":[0,0,0],"lerp_mode":"catmullrom"},"1.0":{"post":[22.5,0,0],"lerp_mode":"catmullrom"}}},"bone7":{"rotation":{"0.0":{"post":[31.85674,0.11259,-6.48611],"lerp_mode":"catmullrom"},"0.25":{"post":[0,0,0],"lerp_mode":"catmullrom"},"0.5":{"post":[37.5,0,0],"lerp_mode":"catmullrom"},"1.0":{"post":[31.85674,0.11259,-6.48611],"lerp_mode":"catmullrom"}}},"Root":{"position":{"0.0":[0,-2,0],"0.25":[0,0,0],"0.5":[0,-2,0],"0.75":[0,0,0],"1.0":[0,-2,0]}}}},"animation.yg_indigo.general":{"loop":true,"animation_length":2,"bones":{"Head":{"rotation":{"0.0":{"post":[-25,0,0],"lerp_mode":"catmullrom"},"1.0":{"post":[-32.5,0,0],"lerp_mode":"catmullrom"},"2.0":{"post":[-25,0,0],"lerp_mode":"catmullrom"}}},"Jaw":{"rotation":{"0.0":{"post":[5,0,0],"lerp_mode":"catmullrom"},"1.0":{"post":[20,0,0],"lerp_mode":"catmullrom"},"2.0":{"post":[5,0,0],"lerp_mode":"catmullrom"}}},"Body":{"rotation":{"0.0":{"post":[35,0,0],"lerp_mode":"catmullrom"},"1.0":{"post":[45,0,0],"lerp_mode":"catmullrom"},"2.0":{"post":[35,0,0],"lerp_mode":"catmullrom"}}},"Rightarm":{"rotation":{"0.0":{"post":[-29.78729,3.74196,6.50446],"lerp_mode":"catmullrom"},"1.0":{"post":[-39.78729,3.74196,6.50446],"lerp_mode":"catmullrom"},"2.0":{"post":[-29.78729,3.74196,6.50446],"lerp_mode":"catmullrom"}}},"bone":{"rotation":{"0.0":{"post":[-70,0,0],"lerp_mode":"catmullrom"},"1.0":{"post":[-77.5,0,0],"lerp_mode":"catmullrom"},"2.0":{"post":[-70,0,0],"lerp_mode":"catmullrom"}}},"bone2":{"rotation":{"0.0":{"post":[-261.73868,-72.32786,-97.87648],"lerp_mode":"catmullrom"},"1.0":{"post":[-262.72519,-69.85071,-96.83392],"lerp_mode":"catmullrom"},"2.0":{"post":[-261.73868,-72.32786,-97.87648],"lerp_mode":"catmullrom"}}},"Leftarm":{"rotation":{"0.0":{"post":[-31.60836,-3.92827,-6.35841],"lerp_mode":"catmullrom"},"1.0":{"post":[-44.1247,-4.60559,-5.49499],"lerp_mode":"catmullrom"},"2.0":{"post":[-31.60836,-3.92827,-6.35841],"lerp_mode":"catmullrom"}}},"bone3":{"rotation":{"0.0":{"post":[-65,0,0],"lerp_mode":"catmullrom"},"1.0":{"post":[-77.28605,-0.10229,2.31604],"lerp_mode":"catmullrom"},"2.0":{"post":[-65,0,0],"lerp_mode":"catmullrom"}}},"bone4":{"rotation":{"0.0":{"post":[75.24856,59.16159,77.26084],"lerp_mode":"catmullrom"},"1.0":{"post":[79.45316,44.5119,82.56344],"lerp_mode":"catmullrom"},"2.0":{"post":[75.24856,59.16159,77.26084],"lerp_mode":"catmullrom"}}},"Rightleg":{"rotation":{"0.0":{"post":[-37.5,17.5,0],"lerp_mode":"catmullrom"}}},"bone5":{"rotation":{"0.0":{"post":[37.5,0,0],"lerp_mode":"catmullrom"}}},"Leftleg":{"rotation":{"0.0":{"post":[-37.5,-17.5,0],"lerp_mode":"catmullrom"}}},"bone7":{"rotation":{"0.0":{"post":[37.5,0,0],"lerp_mode":"catmullrom"}}},"Root":{"position":{"0.0":{"post":[0,-2,3],"lerp_mode":"catmullrom"}}}}},"animation.yg_indigo.looking":{"loop":true,"bones":{"Head":{"rotation":["query.target_x_rotation-this","query.target_y_rotation-this",0]}}},"animation.yg_indigo.attack":{"animation_length":1.33333,"bones":{"Head":{"rotation":{"0.0":[0,0,0],"0.25":[17.5,0,0],"0.4583":[-90.71073,0,0],"1.0":[17.5,0,0],"1.1667":[10,0,0],"1.25":[32.5,0,0],"1.3333":[0,0,0]}},"Jaw":{"rotation":{"0.0":[0,0,0],"0.25":[5,0,0],"0.75":[35,0,0],"1.1667":[2.5,0,0],"1.3333":[0,0,0]}},"Body":{"rotation":{"0.0":[0,0,0],"0.25":[-16.98725,2.48524,-3.80301],"0.75":[28.01275,2.48524,-3.80301],"1.25":[21.50182,0.35503,-0.54329],"1.3333":[0,0,0]}},"Rightarm":{"rotation":{"0.0":[0,0,0],"0.25":[-35,0,20],"0.6667":[-64.6604,10.42304,-0.08511],"1.0833":[-89.10453,13.78643,-16.99042],"1.25":[-28.62086,9.47783,3.13279],"1.3333":[0,0,0]}},"bone":{"rotation":{"0.0":[0,0,0],"0.25":[-45,0,0],"1.0833":[-87.66616,-24.98179,-0.9861],"1.25":[-71.79487,0,0],"1.3333":[0,0,0]}},"bone2":{"rotation":[0,0,0]},"Leftarm":{"rotation":{"0.0":[0,0,0],"0.25":[-32.5,0,-17.5],"0.6667":[-62.80791,-11.93775,2.5038],"1.0833":[-81.88548,-1.46584,14.88723],"1.25":[-24.43879,-5.54334,-6.26387],"1.3333":[0,0,0]}},"bone3":{"rotation":{"0.0":[0,0,0],"0.25":[-47.5,0,0],"1.0833":[-88.33485,22.49145,0.63715],"1.25":[-66.98718,0,0],"1.3333":[0,0,0]}},"bone4":{"rotation":[0,0,0]}}}}}