{"format_version":"1.10.0","minecraft:client_entity":{"description":{"identifier":"yg:blue","materials":{"default":"enderman"},"textures":{"default":"textures/entity/yg_blue"},"geometry":{"default":"geometry.yg_blue"},"scripts":{"animate":["move","general"],"pre_animation":["variable.random = math.round(math.random(0,2));"],"scale":"2"},"animations":{"moving":"animation.yg_blue.move","move":"controller.animation.yg_blue.move","gazo_general":"animation.yg_blue.general","general":"controller.animation.yg_blue.general","attack0":"animation.yg_blue.attack","attack":"controller.animation.yg_blue.attack","look_at_target":"animation.yg_blue.looking","jumpscare":"animation.yg_blue.jumpscare"},"render_controllers":["controller.render.witch"],"spawn_egg":{"texture":"yg:blue","texture_index":0}}}}