{"format_version":"1.10.0","minecraft:client_entity":{"description":{"identifier":"yg:cyan","materials":{"default":"enderman"},"textures":{"default":"textures/entity/yg_cyan"},"geometry":{"default":"geometry.yg_cyan"},"scripts":{"animate":["move","general"],"pre_animation":["variable.random = math.round(math.random(0,2));"]},"animations":{"moving":"animation.yg_cyan.move","move":"controller.animation.yg_cyan.move","gazo_general":"animation.yg_cyan.general","general":"controller.animation.yg_cyan.general","attack0":"animation.yg_cyan.attack","attack":"controller.animation.yg_cyan.attack","look_at_target":"animation.yg_cyan.looking","jumpscare":"animation.yg_cyan.jumpscare"},"render_controllers":["controller.render.witch"],"spawn_egg":{"texture":"yg:cyan","texture_index":0}}}}