{"format_version":"1.10.0","minecraft:client_entity":{"description":{"identifier":"yg:green","materials":{"default":"enderman"},"textures":{"default":"textures/entity/yg_green"},"geometry":{"default":"geometry.yg_green"},"scripts":{"animate":["move","general"],"pre_animation":["variable.random = math.round(math.random(0,2));"]},"animations":{"moving":"animation.yg_green.move","move":"controller.animation.yg_green.move","gazo_general":"animation.yg_green.general","attack0":"animation.yg_green.attack","attack":"controller.animation.yg_green.attack","general":"controller.animation.yg_green.general","jumpscare":"animation.yg_green.jumpscare"},"render_controllers":["controller.render.witch"],"spawn_egg":{"texture":"yg:green","texture_index":0}}}}