{"format_version":"1.10.0","minecraft:client_entity":{"description":{"identifier":"yg:orange","materials":{"default":"enderman"},"textures":{"default":"textures/entity/yg_orange"},"geometry":{"default":"geometry.yg_orange"},"scripts":{"animate":["move","general"],"pre_animation":["variable.random = math.round(math.random(0,2));"]},"animations":{"moving":"animation.yg_orange.move","move":"controller.animation.yg_orange.move","gazo_general":"animation.yg_orange.general","general":"controller.animation.yg_orange.general","attack0":"animation.yg_orange.attack","attack":"controller.animation.yg_orange.attack","look_at_target":"animation.yg_orange.looking","jumpscare":"animation.yg_orange.jumpscare"},"render_controllers":["controller.render.witch"],"spawn_egg":{"texture":"yg:orange","texture_index":0}}}}