{"format_version":"1.10.0","minecraft:client_entity":{"description":{"identifier":"yg:purple","materials":{"default":"enderman"},"textures":{"default":"textures/entity/yg_purple"},"geometry":{"default":"geometry.yg_purple"},"scripts":{"animate":["general"],"scale":"2"},"animations":{"gazo_general":"animation.yg_purple.general","general":"controller.animation.yg_purple.general","jumpscare":"animation.yg_purple.jumpscare"},"render_controllers":["controller.render.witch"],"spawn_egg":{"texture":"yg:purple","texture_index":0},"particle_effects":{"fog":"yg:fog_particle"}}}}