{"format_version":"1.10.0","minecraft:client_entity":{"description":{"identifier":"yg:red","materials":{"default":"enderman"},"textures":{"default":"textures/entity/yg_red"},"geometry":{"default":"geometry.yg_red"},"scripts":{"animate":["move","general"],"pre_animation":["variable.random = math.round(math.random(0,2));"]},"animations":{"moving":"animation.yg_red.move","move":"controller.animation.yg_red.move","gazo_general":"animation.yg_red.general","general":"controller.animation.yg_red.general","attack0":"animation.yg_red.attack","attack":"controller.animation.yg_red.attack","look_at_target":"animation.yg_red.looking","jumpscare":"animation.yg_red.jumpscare"},"render_controllers":["controller.render.witch"],"spawn_egg":{"texture":"yg:red","texture_index":0}}}}