{"format_version":"1.10.0","minecraft:client_entity":{"description":{"identifier":"yg:yellow","materials":{"default":"enderman"},"textures":{"default":"textures/entity/yg_yellow"},"geometry":{"default":"geometry.yg_yellow"},"scripts":{"animate":["move","general","flying"],"pre_animation":["variable.random = math.round(math.random(0,2));"],"scale":"1"},"animations":{"moving":"animation.yg_yellow.move","move":"controller.animation.yg_yellow.move","gazo_general":"animation.yg_yellow.general","general":"controller.animation.yg_yellow.general","fly":"animation.yg_yellow.fly","flying":"controller.animation.yg_yellow.fly","attack0":"animation.yg_yellow.attack","attack":"controller.animation.yg_yellow.attack","look_at_target":"animation.yg_yellow.looking","jumpscare":"animation.yg_yellow.jumpscare"},"render_controllers":["controller.render.witch"],"spawn_egg":{"texture":"yg:yellow","texture_index":0}}}}