{
	"format_version": "1.8.0",
	"animations": {
		"animation.orange.jumspace": {
			"animation_length": 1,
			"bones": {
				"Head": {
					"rotation": {
						"0.0": [0, 0, 0],
						"0.125": [0, -10, 0],
						"0.25": [0, 20, 0],
						"0.375": [0, -10, 0],
						"0.5": [0, 15, 0],
						"0.625": [0, -17.5, 0],
						"0.75": [0, 10, 0],
						"0.875": [0, -7.5, 0],
						"1.0": [0, 0, 0]
					},
					"position": {
						"0.0": [0, 0, 0],
						"0.125": [-1, 0, 0],
						"0.25": [1, 0, 0],
						"0.375": [-0.5, 0, 0],
						"0.5": [1, 0, 0],
						"0.625": [-0.5, 0, 0],
						"0.75": [1, 0, 0],
						"0.875": [-0.5, 0, 0],
						"1.0": [0, 0, 0]
					}
				},
				"bone11": {
					"rotation": {
						"0.0": [0, 0, 0],
						"0.125": [25, 0, 0],
						"0.25": [0, 0, 0],
						"0.375": [22.5, 0, 0],
						"0.5": [0, 0, 0],
						"0.625": [25, 0, 0],
						"0.75": [0, 0, 0],
						"0.875": [25, 0, 0],
						"1.0": [0, 0, 0]
					}
				}
			}
		}
	}
}