{
	"format_version": "1.8.0",
	"animations": {
		"animation.orange.general": {
			"loop": true,
			"animation_length": 1,
			"bones": {
				"Body": {
					"rotation": {
						"0.0": [0, 0, 0],
						"0.5": [5, 0, 0],
						"1.0": [0, 0, 0]
					}
				},
				"RightArm": {
					"rotation": {
						"0.0": [0, 0, 0],
						"0.5": [5, 0, 0],
						"1.0": [0, 0, 0]
					}
				},
				"bone7": {
					"rotation": [0, 0, 0]
				},
				"LeftArm": {
					"rotation": {
						"0.0": [0, 0, 0],
						"0.5": [5, 0, 0],
						"1.0": [0, 0, 0]
					}
				}
			}
		}
	}
}