{
	"format_version": "1.8.0",
	"animations": {
		"animation.orange.run": {
			"loop": true,
			"animation_length": 0.5,
			"bones": {
				"RightLeg": {
					"rotation": {
						"0.0": [-15, 0, 0],
						"0.25": [16.68338, -2.63412, 4.23194],
						"0.5": [-15, 0, 0]
					},
					"position": {
						"0.0": [0, 0, -1],
						"0.25": [0, 0, 1],
						"0.375": [0, 1, 0],
						"0.5": [0, 0, -1]
					}
				},
				"bone3": {
					"rotation": {
						"0.0": [0, 0, 0],
						"0.25": [0, 0, 0],
						"0.375": [0, 20, 0],
						"0.5": [0, 0, 0]
					}
				},
				"LeftLeg": {
					"rotation": {
						"0.0": [17.5, 0, 0],
						"0.25": [-15, 0, 0],
						"0.5": [17.5, 0, 0]
					},
					"position": {
						"0.0": [0, 0, 1],
						"0.125": [0, 1, 0],
						"0.25": [0, 0, -1],
						"0.5": [0, 0, 1]
					}
				},
				"bone5": {
					"rotation": {
						"0.0": [0, 0, 0],
						"0.125": [0, -20, 0],
						"0.25": [0, 0, 0],
						"0.5": [0, 0, 0]
					}
				},
				"Body": {
					"rotation": {
						"0.0": [30, 0, 0],
						"0.125": [27.43126, 3.50447, -0.46365],
						"0.25": [30, 0, 0],
						"0.375": [27.43126, -3.50447, 0.46365],
						"0.5": [30, 0, 0]
					},
					"position": {
						"0.0": [0, -1, 0],
						"0.125": [0, 0, 0],
						"0.25": [0, -1, 0],
						"0.375": [0, 0, 0],
						"0.5": [0, -1, 0]
					}
				},
				"bone": {
					"rotation": {
						"0.0": [-20.15874, 7.04533, -2.57816],
						"0.25": [-20.07031, -4.69776, 1.71394],
						"0.5": [-20.15874, 7.04533, -2.57816]
					}
				},
				"bone2": {
					"rotation": {
						"0.0": [0, 5, 0],
						"0.25": [0, -5, 0],
						"0.5": [0, 5, 0]
					}
				},
				"RightArm": {
					"rotation": {
						"0.0": [-27.5, 0, 0],
						"0.25": [-29.14111, -14.03199, 5.562],
						"0.5": [-27.5, 0, 0]
					}
				},
				"LeftArm": {
					"rotation": {
						"0.0": [-29.14111, 14.03199, -5.562],
						"0.25": [-27.5, 0, 0],
						"0.5": [-29.14111, 14.03199, -5.562]
					}
				},
				"Head": {
					"rotation": [-25, 0, 0]
				},
				"bone11": {
					"rotation": {
						"0.0": [12.5, 0, 0],
						"0.125": [0, 0, 0],
						"0.25": [12.5, 0, 0],
						"0.375": [0, 0, 0],
						"0.5": [12.5, 0, 0]
					}
				}
			}
		}
	}
}