{
  "format_version": "1.8.0",
  "animations": {
    "animation.yg_brown.general": {
      "loop": true,
      "animation_length": 2,
      "bones": {
        "Rightarm": {
          "rotation": {
            "0.0": {
              "post": [
                0,
                0,
                -12.5
              ],
              "lerp_mode": "catmullrom"
            },
            "1.0": {
              "post": [
                0,
                0,
                -7.5
              ],
              "lerp_mode": "catmullrom"
            },
            "2.0": {
              "post": [
                0,
                0,
                -12.5
              ],
              "lerp_mode": "catmullrom"
            }
          }
        },
        "bone": {
          "rotation": [
            -0.13987,
            -0.31701,
            -4.97549
          ]
        },
        "bone2": {
          "rotation": [
            0,
            0,
            -10
          ]
        },
        "Leftarm": {
          "rotation": {
            "0.0": {
              "post": [
                0,
                0,
                10
              ],
              "lerp_mode": "catmullrom"
            },
            "1.0": {
              "post": [
                0,
                0,
                5
              ],
              "lerp_mode": "catmullrom"
            },
            "2.0": {
              "post": [
                0,
                0,
                10
              ],
              "lerp_mode": "catmullrom"
            }
          }
        },
        "bone4": {
          "rotation": [
            0,
            0,
            10
          ]
        },
        "bone5": {
          "rotation": [
            0,
            0,
            7.5
          ]
        }
      }
    },
    "animation.yg_brown.move": {
      "loop": true,
      "anim_time_update": "query.modified_distance_moved * 0.1",
      "bones": {
        "Rightarm": {
          "rotation": [
            -41.00374,
            40.53233,
            -53.22191
          ]
        },
        "bone": {
          "rotation": [
            0,
            0,
            15
          ]
        },
        "bone2": {
          "rotation": [
            0,
            0,
            7.5
          ]
        },
        "bone3": {
          "rotation": [
            0,
            0,
            12.5
          ]
        },
        "Leftarm": {
          "rotation": [
            -49.46542,
            -44.72566,
            58.96205
          ]
        },
        "bone4": {
          "rotation": [
            0,
            0,
            -15
          ]
        },
        "bone5": {
          "rotation": [
            0,
            0,
            -12.5
          ]
        },
        "bone6": {
          "rotation": [
            0,
            0,
            -12.5
          ]
        }
      }
    },
    "animation.yg_brown.looking": {
      "loop": true,
      "bones": {
        "Head": {
          "rotation": [
            0,
            "query.target_y_rotation-this",
            0
          ]
        }
      }
    },
    "animation.yg_brown.attack": {
      "animation_length": 1.08333,
      "bones": {
        "Body": {
          "rotation": {
            "0.0": [
              0,
              0,
              0
            ],
            "0.6667": [
              0,
              0,
              -2.5
            ],
            "0.75": [
              0,
              0,
              7.5
            ],
            "0.8333": [
              0,
              0,
              -2.5
            ],
            "0.9167": [
              0,
              0,
              5
            ],
            "1.0833": [
              0,
              0,
              0
            ]
          }
        },
        "Rightarm": {
          "rotation": {
            "0.0": [
              0,
              0,
              -45
            ],
            "0.25": [
              0,
              0,
              -10
            ],
            "0.5": [
              0,
              -55,
              -10
            ],
            "0.875": [
              0,
              -55,
              -10
            ],
            "1.0833": [
              0,
              0,
              -45
            ]
          }
        },
        "bone": {
          "rotation": {
            "0.0": [
              0,
              0,
              25
            ],
            "0.25": [
              0,
              0,
              0
            ],
            "0.5": [
              0,
              -17.5,
              0
            ],
            "0.875": [
              0,
              -17.5,
              0
            ],
            "1.0833": [
              0,
              0,
              25
            ]
          }
        },
        "bone2": {
          "rotation": {
            "0.0": [
              0,
              0,
              17.5
            ],
            "0.25": [
              0,
              0,
              -2.5
            ],
            "0.5": [
              0,
              -25,
              -2.5
            ],
            "0.875": [
              0,
              -25,
              -2.5
            ],
            "1.0833": [
              0,
              0,
              17.5
            ]
          }
        },
        "Leftarm": {
          "rotation": {
            "0.0": [
              0,
              0,
              42.5
            ],
            "0.25": [
              0,
              0,
              12.5
            ],
            "0.5": [
              0,
              55,
              12.5
            ],
            "0.875": [
              0,
              55,
              12.5
            ],
            "1.0833": [
              0,
              0,
              42.5
            ]
          }
        },
        "bone4": {
          "rotation": {
            "0.0": [
              0,
              0,
              -20
            ],
            "0.25": [
              0,
              0,
              -2.5
            ],
            "0.5": [
              0,
              12.5,
              -2.5
            ],
            "0.875": [
              0,
              12.5,
              -2.5
            ],
            "1.0833": [
              0,
              0,
              -20
            ]
          }
        },
        "bone5": {
          "rotation": {
            "0.0": [
              0,
              0,
              -20
            ],
            "0.25": [
              0,
              0,
              -2.5
            ],
            "0.5": [
              0,
              15,
              -2.5
            ],
            "1.0833": [
              0,
              0,
              -20
            ]
          }
        }
      }
    }
  }
}