{
  "format_version": "1.8.0",
  "animations": {
    "animation.yg_black.floating": {
      "loop": true,
      "animation_length": 2,
      "bones": {
        "Body": {
          "position": {
            "0.0": {
              "post": [
                0,
                2,
                0
              ],
              "lerp_mode": "catmullrom"
            },
            "1.0": {
              "post": [
                0,
                0,
                0
              ],
              "lerp_mode": "catmullrom"
            },
            "2.0": {
              "post": [
                0,
                2,
                0
              ],
              "lerp_mode": "catmullrom"
            }
          }
        }
      }
    },
    "animation.yg_black.looking": {
      "loop": true,
      "bones": {
        "Head": {
          "rotation": [
            "query.target_x_rotation-this",
            "query.target_y_rotation-this",
            0
          ]
        }
      }
    },
    "animation.yg_black.attack": {
      "animation_length": 1.25,
      "bones": {
        "Body": {
          "rotation": {
            "0.0": [
              0,
              0,
              0
            ],
            "0.25": [
              17.5,
              0,
              0
            ],
            "0.5": [
              -77.5,
              0,
              0
            ],
            "0.75": [
              30,
              0,
              0
            ],
            "0.8333": [
              31.47859,
              -1.35368,
              4.56335
            ],
            "0.9167": [
              30.32073,
              8.99492,
              -12.6133
            ],
            "1.0": [
              31.47859,
              -1.35368,
              4.56335
            ],
            "1.0833": [
              30.32073,
              8.99492,
              -12.6133
            ],
            "1.1667": [
              0,
              0,
              0
            ]
          }
        },
        "Head": {
          "rotation": {
            "0.0": [
              0,
              0,
              0
            ],
            "0.25": [
              -7.5,
              0,
              0
            ],
            "0.5": [
              -45,
              0,
              0
            ],
            "0.75": [
              -27.5,
              0,
              0
            ],
            "0.8333": [
              -21.10456,
              -7.55038,
              -21.25119
            ],
            "0.9167": [
              -16.0486,
              4.98823,
              20.07013
            ],
            "1.0": [
              -10.93424,
              -2.43193,
              -16.07564
            ],
            "1.0833": [
              -16.0486,
              4.98823,
              20.07013
            ],
            "1.1667": [
              0,
              0,
              0
            ]
          }
        }
      }
    }
  }
}