{
  "format_version": "1.8.0",
  "animations": {
    "animation.yg_white.general": {
      "loop": true,
      "animation_length": 2,
      "bones": {
        "Rightarm": {
          "rotation": {
            "0.0": {
              "post": [
                0,
                0,
                5
              ],
              "lerp_mode": "catmullrom"
            },
            "1.0": {
              "post": [
                0,
                0,
                2.5
              ],
              "lerp_mode": "catmullrom"
            },
            "2.0": {
              "post": [
                0,
                0,
                5
              ],
              "lerp_mode": "catmullrom"
            }
          }
        },
        "Leftarm": {
          "rotation": {
            "0.0": {
              "post": [
                0,
                0,
                -5
              ],
              "lerp_mode": "catmullrom"
            },
            "1.0": {
              "post": [
                0,
                0,
                -2.5
              ],
              "lerp_mode": "catmullrom"
            },
            "2.0": {
              "post": [
                0,
                0,
                -5
              ],
              "lerp_mode": "catmullrom"
            }
          }
        }
      }
    },
    "animation.yg_white.looking": {
      "loop": true,
      "bones": {
        "Head": {
          "rotation": [
            "query.target_x_rotation-this",
            "query.target_y_rotation-this",
            0
          ]
        }
      }
    },
    "animation.yg_white.move": {
      "loop": true,
      "animation_length": 1,
      "anim_time_update": "query.modified_distance_moved * 0.1",
      "bones": {
        "Rightarm": {
          "rotation": {
            "0.0": [
              17.5,
              0,
              0
            ],
            "0.5": [
              -17.5,
              0,
              0
            ],
            "1.0": [
              17.5,
              0,
              0
            ]
          }
        },
        "Leftarm": {
          "rotation": {
            "0.0": [
              -17.5,
              0,
              0
            ],
            "0.5": [
              17.5,
              0,
              0
            ],
            "1.0": [
              -17.5,
              0,
              0
            ]
          }
        },
        "Leftleg": {
          "rotation": {
            "0.0": {
              "post": [
                27.5,
                0,
                0
              ],
              "lerp_mode": "catmullrom"
            },
            "0.25": {
              "post": [
                0,
                0,
                0
              ],
              "lerp_mode": "catmullrom"
            },
            "0.5": {
              "post": [
                -35,
                0,
                0
              ],
              "lerp_mode": "catmullrom"
            },
            "0.75": {
              "post": [
                0,
                0,
                0
              ],
              "lerp_mode": "catmullrom"
            },
            "1.0": {
              "post": [
                27.5,
                0,
                0
              ],
              "lerp_mode": "catmullrom"
            }
          }
        },
        "bone3": {
          "rotation": {
            "0.0": {
              "post": [
                50,
                0,
                0
              ],
              "lerp_mode": "catmullrom"
            },
            "0.25": {
              "post": [
                0,
                0,
                0
              ],
              "lerp_mode": "catmullrom"
            },
            "0.5": {
              "post": [
                35,
                0,
                0
              ],
              "lerp_mode": "catmullrom"
            },
            "1.0": {
              "post": [
                50,
                0,
                0
              ],
              "lerp_mode": "catmullrom"
            }
          }
        },
        "Rightleg": {
          "rotation": {
            "0.0": {
              "post": [
                -35,
                0,
                0
              ],
              "lerp_mode": "catmullrom"
            },
            "0.25": {
              "post": [
                0,
                0,
                0
              ],
              "lerp_mode": "catmullrom"
            },
            "0.5": {
              "post": [
                27.5,
                0,
                0
              ],
              "lerp_mode": "catmullrom"
            },
            "0.75": {
              "post": [
                0,
                0,
                0
              ],
              "lerp_mode": "catmullrom"
            },
            "1.0": {
              "post": [
                -35,
                0,
                0
              ],
              "lerp_mode": "catmullrom"
            }
          }
        },
        "bone4": {
          "rotation": {
            "0.0": {
              "post": [
                35,
                0,
                0
              ],
              "lerp_mode": "catmullrom"
            },
            "0.5": {
              "post": [
                50,
                0,
                0
              ],
              "lerp_mode": "catmullrom"
            },
            "0.75": {
              "post": [
                0,
                0,
                0
              ],
              "lerp_mode": "catmullrom"
            },
            "1.0": {
              "post": [
                35,
                0,
                0
              ],
              "lerp_mode": "catmullrom"
            }
          }
        },
        "Root": {
          "position": {
            "0.0": [
              0,
              -2,
              0
            ],
            "0.25": [
              0,
              0,
              0
            ],
            "0.5": [
              0,
              -2,
              0
            ],
            "0.75": [
              0,
              0,
              0
            ],
            "1.0": {
              "post": [
                0,
                -2,
                0
              ],
              "lerp_mode": "catmullrom"
            }
          }
        }
      }
    },
    "animation.yg_white.attack": {
      "animation_length": 0.75,
      "bones": {
        "Head": {
          "rotation": {
            "0.0": [
              0,
              0,
              0
            ],
            "0.25": [
              -25,
              0,
              0
            ],
            "0.5": [
              5,
              0,
              0
            ],
            "0.75": [
              0,
              0,
              0
            ]
          }
        },
        "Body": {
          "rotation": {
            "0.0": [
              0,
              0,
              0
            ],
            "0.25": [
              -17.5,
              0,
              0
            ],
            "0.5": [
              12.5,
              0,
              0
            ],
            "0.75": [
              0,
              0,
              0
            ]
          }
        },
        "Rightarm": {
          "rotation": {
            "0.0": [
              0,
              0,
              0
            ],
            "0.25": [
              -161.11828,
              6.71771,
              -18.88172
            ],
            "0.375": [
              -136.32741,
              -2.5657,
              -14.07303
            ],
            "0.5": [
              -51.53653,
              -11.84911,
              -9.26433
            ],
            "0.75": [
              0,
              0,
              0
            ]
          }
        },
        "bone": {
          "rotation": [
            0,
            0,
            0
          ]
        },
        "Leftarm": {
          "rotation": {
            "0.0": [
              0,
              0,
              0
            ],
            "0.25": [
              -35,
              0,
              0
            ],
            "0.5": [
              19.5623,
              4.2453,
              -11.76782
            ],
            "0.75": [
              0,
              0,
              0
            ]
          }
        },
        "bone2": {
          "rotation": [
            0,
            0,
            0
          ]
        }
      }
    }
  }
}