{
  "format_version": "1.8.0",
  "animations": {
    "animation.yg_stinky_joel.general": {
      "loop": true,
      "animation_length": 2,
      "bones": {
        "Body": {
          "rotation": {
            "0.0": {
              "post": [
                0,
                0,
                0
              ],
              "lerp_mode": "catmullrom"
            },
            "1.0": {
              "post": [
                2.5,
                0,
                0
              ],
              "lerp_mode": "catmullrom"
            },
            "2.0": {
              "post": [
                0,
                0,
                0
              ],
              "lerp_mode": "catmullrom"
            }
          }
        },
        "Rightarm": {
          "rotation": {
            "0.0": {
              "post": [
                0,
                0,
                7.5
              ],
              "lerp_mode": "catmullrom"
            },
            "1.0": {
              "post": [
                0,
                0,
                2.5
              ],
              "lerp_mode": "catmullrom"
            },
            "2.0": {
              "post": [
                0,
                0,
                7.5
              ],
              "lerp_mode": "catmullrom"
            }
          }
        },
        "Leftarm": {
          "rotation": {
            "0.0": {
              "post": [
                0,
                0,
                -7.5
              ],
              "lerp_mode": "catmullrom"
            },
            "1.0": {
              "post": [
                0,
                0,
                -2.5
              ],
              "lerp_mode": "catmullrom"
            },
            "2.0": {
              "post": [
                0,
                0,
                -7.5
              ],
              "lerp_mode": "catmullrom"
            }
          }
        }
      }
    },
    "animation.yg_stinky_joel.move": {
      "loop": true,
      "animation_length": 1,
      "anim_time_update": "query.modified_distance_moved * 0.1",
      "bones": {
        "Body": {
          "rotation": {
            "0.0": {
              "post": [
                -12.5,
                0,
                7.5
              ],
              "lerp_mode": "catmullrom"
            },
            "0.25": {
              "post": [
                3.46946,
                -15.37918,
                -0.84498
              ],
              "lerp_mode": "catmullrom"
            },
            "0.5": {
              "post": [
                -10.80967,
                -0.81077,
                -7.39502
              ],
              "lerp_mode": "catmullrom"
            },
            "0.75": {
              "post": [
                3.37083,
                7.08177,
                0.49223
              ],
              "lerp_mode": "catmullrom"
            },
            "1.0": {
              "post": [
                -12.5,
                0,
                7.5
              ],
              "lerp_mode": "catmullrom"
            }
          }
        },
        "Rightarm": {
          "rotation": {
            "0.0": {
              "post": [
                -40,
                0,
                17.5
              ],
              "lerp_mode": "catmullrom"
            },
            "0.5": {
              "post": [
                27.5,
                0,
                17.5
              ],
              "lerp_mode": "catmullrom"
            },
            "1.0": {
              "post": [
                -40,
                0,
                17.5
              ],
              "lerp_mode": "catmullrom"
            }
          }
        },
        "Rightleg": {
          "rotation": {
            "0.0": {
              "post": [
                -37.5,
                0,
                0
              ],
              "lerp_mode": "catmullrom"
            },
            "0.5": {
              "post": [
                40,
                0,
                0
              ],
              "lerp_mode": "catmullrom"
            },
            "1.0": {
              "post": [
                -37.5,
                0,
                0
              ],
              "lerp_mode": "catmullrom"
            }
          }
        },
        "Root": {
          "rotation": {
            "0.0": {
              "post": [
                0,
                -15,
                0
              ],
              "lerp_mode": "catmullrom"
            },
            "0.5": {
              "post": [
                0,
                10,
                0
              ],
              "lerp_mode": "catmullrom"
            },
            "1.0": {
              "post": [
                0,
                -15,
                0
              ],
              "lerp_mode": "catmullrom"
            }
          },
          "position": {
            "0.0": {
              "post": [
                0,
                -1,
                0
              ],
              "lerp_mode": "catmullrom"
            },
            "0.25": {
              "post": [
                0,
                0,
                0
              ],
              "lerp_mode": "catmullrom"
            },
            "0.5": {
              "post": [
                0,
                -1,
                0
              ],
              "lerp_mode": "catmullrom"
            },
            "0.75": {
              "post": [
                0,
                0,
                0
              ],
              "lerp_mode": "catmullrom"
            },
            "1.0": {
              "post": [
                0,
                -1,
                0
              ],
              "lerp_mode": "catmullrom"
            }
          }
        },
        "Leftarm": {
          "rotation": {
            "0.0": {
              "post": [
                30,
                0,
                -20
              ],
              "lerp_mode": "catmullrom"
            },
            "0.5": {
              "post": [
                -30,
                0,
                -20
              ],
              "lerp_mode": "catmullrom"
            },
            "1.0": {
              "post": [
                30,
                0,
                -20
              ],
              "lerp_mode": "catmullrom"
            }
          }
        },
        "Leftleg": {
          "rotation": {
            "0.0": {
              "post": [
                40,
                0,
                0
              ],
              "lerp_mode": "catmullrom"
            },
            "0.5": {
              "post": [
                -37.5,
                0,
                0
              ],
              "lerp_mode": "catmullrom"
            },
            "1.0": {
              "post": [
                40,
                0,
                0
              ],
              "lerp_mode": "catmullrom"
            }
          }
        }
      }
    },
    "animation.yg_stinky_joel.attack": {
      "animation_length": 0.83333,
      "bones": {
        "Body": {
          "rotation": {
            "0.0": {
              "post": [
                0,
                0,
                0
              ],
              "lerp_mode": "catmullrom"
            },
            "0.1667": {
              "post": [
                0,
                22.5,
                0
              ],
              "lerp_mode": "catmullrom"
            },
            "0.3333": {
              "post": [
                7.5,
                -32.5,
                0
              ],
              "lerp_mode": "catmullrom"
            },
            "0.6667": {
              "post": [
                7.5,
                -32.5,
                0
              ],
              "lerp_mode": "catmullrom"
            },
            "0.8333": {
              "post": [
                0,
                0,
                0
              ],
              "lerp_mode": "catmullrom"
            }
          }
        },
        "Rightarm": {
          "rotation": {
            "0.0": {
              "post": [
                0,
                0,
                0
              ],
              "lerp_mode": "catmullrom"
            },
            "0.1667": {
              "post": [
                0,
                0,
                40
              ],
              "lerp_mode": "catmullrom"
            },
            "0.3333": {
              "post": [
                -71.45165,
                -19.03771,
                -11.24605
              ],
              "lerp_mode": "catmullrom"
            },
            "0.6667": {
              "post": [
                -71.45165,
                -19.03771,
                -11.24605
              ],
              "lerp_mode": "catmullrom"
            },
            "0.8333": {
              "post": [
                0,
                0,
                0
              ],
              "lerp_mode": "catmullrom"
            }
          }
        },
        "Leftarm": {
          "rotation": {
            "0.0": {
              "post": [
                0,
                0,
                0
              ],
              "lerp_mode": "catmullrom"
            },
            "0.1667": {
              "post": [
                -54.06134,
                -12.2403,
                -8.73739
              ],
              "lerp_mode": "catmullrom"
            },
            "0.3333": {
              "post": [
                1.57896,
                -12.79125,
                -34.35004
              ],
              "lerp_mode": "catmullrom"
            },
            "0.6667": {
              "post": [
                1.57896,
                -12.79125,
                -34.35004
              ],
              "lerp_mode": "catmullrom"
            },
            "0.8333": {
              "post": [
                0,
                0,
                0
              ],
              "lerp_mode": "catmullrom"
            }
          }
        }
      }
    },
    "animation.yg_stinky_joel.jumpscare": {
      "animation_length": 2,
      "bones": {
        "Body": {
          "rotation": {
            "0.0": {
              "post": [
                0,
                0,
                0
              ],
              "lerp_mode": "catmullrom"
            },
            "0.1667": {
              "post": [
                17.5,
                0,
                0
              ],
              "lerp_mode": "catmullrom"
            },
            "0.3333": {
              "post": [
                -10,
                0,
                0
              ],
              "lerp_mode": "catmullrom"
            },
            "1.8333": {
              "post": [
                -10,
                0,
                0
              ],
              "lerp_mode": "catmullrom"
            },
            "2.0": {
              "post": [
                0,
                0,
                0
              ],
              "lerp_mode": "catmullrom"
            }
          }
        },
        "Rightarm": {
          "rotation": {
            "0.0": {
              "post": [
                0,
                0,
                0
              ],
              "lerp_mode": "catmullrom"
            },
            "0.1667": {
              "post": [
                32.5,
                0,
                0
              ],
              "lerp_mode": "catmullrom"
            },
            "0.3333": {
              "post": [
                -67.18821,
                9.23186,
                3.86032
              ],
              "lerp_mode": "catmullrom"
            },
            "1.8333": {
              "post": [
                -67.18821,
                9.23186,
                3.86032
              ],
              "lerp_mode": "catmullrom"
            },
            "2.0": {
              "post": [
                0,
                0,
                0
              ],
              "lerp_mode": "catmullrom"
            }
          }
        },
        "Leftarm": {
          "rotation": {
            "0.0": {
              "post": [
                0,
                0,
                0
              ],
              "lerp_mode": "catmullrom"
            },
            "0.1667": {
              "post": [
                32.5,
                0,
                0
              ],
              "lerp_mode": "catmullrom"
            },
            "0.3333": {
              "post": [
                -67.00992,
                -11.53486,
                -4.8493
              ],
              "lerp_mode": "catmullrom"
            },
            "1.8333": {
              "post": [
                -67.00992,
                -11.53486,
                -4.8493
              ],
              "lerp_mode": "catmullrom"
            },
            "2.0": {
              "post": [
                0,
                0,
                0
              ],
              "lerp_mode": "catmullrom"
            }
          }
        }
      }
    },
    "animation.yg_stinky_joel.throw": {
      "animation_length": 1,
      "bones": {
        "Body": {
          "rotation": {
            "0.0": {
              "post": [
                0,
                0,
                0
              ],
              "lerp_mode": "catmullrom"
            },
            "0.5": {
              "post": [
                -27.5,
                0,
                0
              ],
              "lerp_mode": "catmullrom"
            },
            "0.75": {
              "post": [
                35,
                0,
                0
              ],
              "lerp_mode": "catmullrom"
            },
            "1.0": {
              "post": [
                0,
                0,
                0
              ],
              "lerp_mode": "catmullrom"
            }
          }
        },
        "Rightarm": {
          "rotation": {
            "0.0": {
              "post": [
                0,
                0,
                0
              ],
              "lerp_mode": "catmullrom"
            },
            "0.5": {
              "post": [
                -147.5,
                0,
                0
              ],
              "lerp_mode": "catmullrom"
            },
            "0.75": {
              "post": [
                36.83829,
                -7.57131,
                9.97528
              ],
              "lerp_mode": "catmullrom"
            },
            "1.0": {
              "post": [
                0,
                0,
                0
              ],
              "lerp_mode": "catmullrom"
            }
          }
        },
        "Leftarm": {
          "rotation": {
            "0.0": {
              "post": [
                0,
                0,
                0
              ],
              "lerp_mode": "catmullrom"
            },
            "0.5": {
              "post": [
                -147.5,
                0,
                0
              ],
              "lerp_mode": "catmullrom"
            },
            "0.75": {
              "post": [
                36.83829,
                7.57131,
                -9.97528
              ],
              "lerp_mode": "catmullrom"
            },
            "1.0": {
              "post": [
                0,
                0,
                0
              ],
              "lerp_mode": "catmullrom"
            }
          }
        }
      }
    }
  }
}