{"format_version":"1.10.0","minecraft:client_entity":{"description":{"identifier":"yg:blue_morph","materials":{"default":"witch"},"textures":{"default":"textures/entity/rf_morph/yg_blue_morph"},"geometry":{"default":"geometry.yg_blue_morph"},"scripts":{"scale":"2","animate":["move","general","attack_controllers","looking_at"],"pre_animation":["variable.attack = Math.sin(variable.attack_time * 30.0);"]},"animations":{"attack":"animation.yg_blue.attack","attack_controllers":"controller.animation.yg_blue.attack","general":"controller.animation.yg_blue.general","gazo_general":"animation.yg_blue.general","looking":"animation.yg_blue.looking","looking_at":"controller.animation.yg_blue.looking_at","move":"controller.animation.yg_blue.move","moving":"animation.yg_blue.move"},"render_controllers":["controller.render.witch"],"spawn_egg":{"texture":"yg:blue","texture_index":0}}}}