{"format_version":"1.10.0","minecraft:client_entity":{"description":{"identifier":"yg:indigo_morph","materials":{"default":"witch"},"textures":{"default":"textures/entity/rf_morph/yg_indigo_morph"},"geometry":{"default":"geometry.yg_indigo_morph"},"scripts":{"animate":["move","general","attack_controllers","looking_at"],"pre_animation":["variable.attack = Math.sin(variable.attack_time * 30.0);"]},"animations":{"attack":"animation.yg_indigo.attack","attack_controllers":"controller.animation.yg_indigo.attack","general":"controller.animation.yg_indigo.general","gazo_general":"animation.yg_indigo.general","looking":"animation.yg_indigo.looking","looking_at":"controller.animation.yg_indigo.looking_at","move":"controller.animation.yg_indigo.move","moving":"animation.yg_indigo.move"},"render_controllers":["controller.render.witch"],"spawn_egg":{"texture":"yg:indigo","texture_index":0}}}}