{"format_version":"1.10.0","minecraft:client_entity":{"description":{"identifier":"yg:orange_morph","materials":{"default":"witch"},"textures":{"default":"textures/entity/rf_morph/yg_orange_morph"},"geometry":{"default":"geometry.yg_orange_morph"},"scripts":{"animate":["move","general","attack_controllers","looking_at"],"pre_animation":["variable.attack = Math.sin(variable.attack_time * 30.0);"]},"animations":{"attack":"animation.yg_orange.attack","attack_controllers":"controller.animation.yg_orange.attack","general":"controller.animation.yg_orange.general","gazo_general":"animation.yg_orange.general","looking":"animation.yg_orange.looking","looking_at":"controller.animation.yg_orange.looking_at","move":"controller.animation.yg_orange.move","moving":"animation.yg_orange.move"},"render_controllers":["controller.render.witch"],"spawn_egg":{"texture":"yg:orange","texture_index":0}}}}