{"format_version":"1.10.0","minecraft:client_entity":{"description":{"identifier":"yg:teal_morph","materials":{"default":"witch"},"textures":{"default":"textures/entity/rf_morph/yg_teal_morph"},"geometry":{"default":"geometry.yg_teal_morph"},"scripts":{"animate":["move","general","attack_controllers","looking_at"],"pre_animation":["variable.attack = Math.sin(variable.attack_time * 30.0);"]},"animations":{"attack":"animation.yg_teal.attack","attack_controllers":"controller.animation.yg_teal.attack","general":"controller.animation.yg_teal.general","gazo_general":"animation.yg_teal.general","looking":"animation.yg_teal.looking","looking_at":"controller.animation.yg_teal.looking_at","move":"controller.animation.yg_teal.move","moving":"animation.yg_teal.move"},"render_controllers":["controller.render.witch"],"spawn_egg":{"texture":"yg:teal","texture_index":0}}}}