{
  "format_version": "1.8.0",
  "minecraft:client_entity": {
    "description": {
      "identifier": "st:spider",
      "min_engine_version": "1.8.0",
      "materials": {
        "default": "witch"
      },
      "textures": {
        "default": "textures/entity/pamobile/st_spider"
      },
      "geometry": {
        "default": "geometry.st_spider"
      },
      "scripts": {
        "scale": "0.9375"
      },
      "animations": {
        "villager_general": "animation.villager.general",
        "look_at_target": "animation.common.look_at_target",
        "move": "animation.st_spider.move_1",
        "general": "animation.st_spider.general_2"
      },
      "animation_controllers": [
        {
          "general": "controller.animation.witch.general"
        },
        {
          "move": "controller.animation.villager.move"
        }
      ],
      "render_controllers": [
        "controller.render.witch"
      ],
      "spawn_egg": {
        "texture": "st:spider",
        "texture_index": 0
      }
    }
  }
}