{"format_version":"1.8.0","minecraft:entity":{"description":{"identifier":"yg:miniopila","is_spawnable":true,"is_summonable":true,"is_experimental":false},"component_groups":{"pink":{"minecraft:variant":{"value":0}},"blue":{"minecraft:variant":{"value":1}}},"components":{"minecraft:is_hidden_when_invisible":{},"minecraft:nameable":{},"minecraft:type_family":{"family":["mob","gob","miniopila","opila_bird"]},"minecraft:collision_box":{"width":0.6,"height":1.5},"minecraft:movement.basic":{},"minecraft:navigation.walk":{"avoid_damage_blocks":true,"is_amphibious":true,"can_walk":true},"minecraft:movement":{"value":0.25},"minecraft:scale":{"value":1},"minecraft:jump.static":{},"minecraft:can_climb":{},"minecraft:health":{"value":500,"max":500},"minecraft:follow_range":{"value":30,"max":30},"minecraft:leashable":{"soft_distance":4,"hard_distance":6,"max_distance":10,"can_be_stolen":true},"minecraft:loot":{"table":"loot_tables/entities/null.json"},"minecraft:behavior.random_stroll":{"priority":7,"speed_multiplier":1},"minecraft:behavior.look_at_player":{"priority":8,"look_distance":6,"probability":0.02},"minecraft:behavior.random_look_around":{"priority":9},"minecraft:behavior.hurt_by_target":{"priority":1,"alert_same_type":true,"entity_types":{"filters":{"any_of":[{"test":"is_family","subject":"other","operator":"!=","value":"opila_bird"}]},"max_dist":64}},"minecraft:knockback_resistance":{"value":0.8},"minecraft:physics":{},"minecraft:pushable":{"is_pushable":true,"is_pushable_by_piston":true},"minecraft:behavior.avoid_mob_type":{"priority":1,"entity_types":[{"filters":{"any_of":[{"test":"is_family","subject":"other","value":"player"}]},"max_dist":64,"walk_speed_multiplier":1.25,"sprint_speed_multiplier":1.26,"must_see":false,"must_see_forget_duration":20}],"max_dist":64,"max_flee":64},"minecraft:behavior.panic":{"priority":1,"speed_multiplier":1.25}},"events":{"minecraft:entity_spawned":{"sequence":[{"filters":{"test":"has_component","operator":"!=","value":"minecraft:variant"},"randomize":[{"weight":20,"add":{"component_groups":["pink"]}},{"weight":10,"add":{"component_groups":["blue"]}}]}]}}}}