{"format_version":"1.10.0","minecraft:client_entity":{"description":{"identifier":"yg:chef_pigster","materials":{"default":"witch"},"textures":{"default":"textures/entity/yg_chef_pigster"},"geometry":{"default":"geometry.yg_chef_pigster"},"scripts":{"animate":["move","general","attack"],"pre_animation":["variable.random = math.round(math.random(0,2));"],"scale":"3"},"animations":{"moving":"animation.yg_chef_pigster.move","move":"controller.animation.yg_chef_pigster.move","gazo_general":"animation.yg_chef_pigster.general","general":"controller.animation.yg_chef_pigster.general","attack0":"animation.yg_chef_pigster.attack","attack":"controller.animation.yg_chef_pigster.attack","look_at_target":"animation.yg_chef_pigster.looking","jumpscare":"animation.yg_chef_pigster.jumpscare"},"render_controllers":["controller.render.witch"],"spawn_egg":{"texture":"yg:chef_pigster","texture_index":0}}}}