{"format_version":"1.10.0","minecraft:client_entity":{"description":{"identifier":"yg:hijacked_banban","materials":{"default":"witch"},"textures":{"default":"textures/entity/yg_hijacked_banban"},"geometry":{"default":"geometry.yg_hijacked_banban"},"scripts":{"animate":["move","general","attack"],"pre_animation":["variable.random = math.round(math.random(0,2));"]},"animations":{"moving":"animation.yg_hijacked_banban.move","move":"controller.animation.yg_hijacked_banban.move","gazo_general":"animation.yg_hijacked_banban.general","general":"controller.animation.yg_hijacked_banban.general","attack0":"animation.yg_hijacked_banban.attack","attack":"controller.animation.yg_hijacked_banban.attack","look_at_target":"animation.yg_hijacked_banban.looking","jumpscare":"animation.yg_hijacked_banban.jumpscare"},"render_controllers":["controller.render.witch"],"spawn_egg":{"texture":"yg:hijacked_banban","texture_index":0}}}}