{"format_version":"1.10.0","minecraft:client_entity":{"description":{"identifier":"yg:silent_steve","materials":{"default":"witch"},"textures":{"default":"textures/entity/yg_silent_steve"},"geometry":{"default":"geometry.yg_silent_steve"},"scripts":{"animate":["move","general","attack"],"pre_animation":["variable.random = math.round(math.random(0,2));"],"scale":"2"},"animations":{"moving":"animation.yg_silent_steve.move","move":"controller.animation.yg_silent_steve.move","gazo_general":"animation.yg_silent_steve.general","general":"controller.animation.yg_silent_steve.general","attack0":"animation.yg_silent_steve.attack","attack":"controller.animation.yg_silent_steve.attack","look_at_target":"animation.yg_silent_steve.looking","jumpscare":"animation.yg_silent_steve.jumpscare"},"render_controllers":["controller.render.witch"],"spawn_egg":{"texture":"yg:silent_steve","texture_index":0}}}}