{"format_version":"1.10.0","minecraft:client_entity":{"description":{"identifier":"yg:tarta_bird","materials":{"default":"witch"},"textures":{"default":"textures/entity/opila_bird/yg_tarta_bird"},"geometry":{"default":"geometry.yg_tarta_bird"},"scripts":{"animate":["move","general","attack"],"pre_animation":["variable.random = math.round(math.random(0,2));"]},"animations":{"moving":"animation.yg_tarta_bird.move","move":"controller.animation.yg_tarta_bird.move","gazo_general":"animation.yg_tarta_bird.general","general":"controller.animation.yg_tarta_bird.general","attack0":"animation.yg_tarta_bird.attack","attack":"controller.animation.yg_tarta_bird.attack","look_at_target":"animation.yg_tarta_bird.looking","jumpscare":"animation.yg_tarta_bird.jumpscare"},"render_controllers":["controller.render.witch"],"spawn_egg":{"texture":"yg:tarta_bird","texture_index":0}}}}