{
  "entity_sounds": {
    "entities": {
      "pa:gman": {
        "volume": 1.0,
        "pitch": [
          0.8,
          1.2
        ],
        "events": {
          "ambient": "mob.pa_gman.idle",
          "death": "mob.humanoid.death",
          "death.to.zombie": "mob.humanoid.death",
          "haggle": "mob.humanoid.haggle",
          "haggle.no": "mob.humanoid.no",
          "haggle.yes": "mob.humanoid.yes",
          "hurt": "mob.humanoid.hit"
        }
      },
      "pa:cer": {
        "volume": 1.0,
        "pitch": [
          0.8,
          1.2
        ],
        "events": {
          "ambient": "mob.pa_cer.idle",
          "death": "mob.humanoid.death",
          "death.to.zombie": "mob.humanoid.death",
          "haggle": "mob.humanoid.haggle",
          "haggle.no": "mob.humanoid.no",
          "haggle.yes": "mob.humanoid.yes",
          "hurt": "mob.pa_man.hit"
        }
      },
      "pa:virus": {
        "volume": 1.0,
        "pitch": [
          0.8,
          1.2
        ],
        "events": {
          "ambient": "mob.pa_virus.idle",
          "death": "mob.humanoid.death",
          "death.to.zombie": "mob.humanoid.death",
          "haggle": "mob.humanoid.haggle",
          "haggle.no": "mob.humanoid.no",
          "haggle.yes": "mob.humanoid.yes",
          "hurt": "mob.pa_virus.hit"
        }
      },
      "pa:big": {
        "volume": 1.0,
        "pitch": [
          0.8,
          1.2
        ],
        "events": {
          "ambient": "mob.humanoid.idle",
          "death": "mob.humanoid.death",
          "death.to.zombie": "mob.humanoid.death",
          "haggle": "mob.villager.haggle",
          "haggle.no": "mob.humanoid.no",
          "haggle.yes": "mob.humanoid.yes",
          "hurt": "mob.pa_man.hit"
        }
      },
      "pa:ca": {
        "volume": 1.0,
        "pitch": [
          0.8,
          1.2
        ],
        "events": {
          "ambient": "mob.pa_ca.idle",
          "death": "mob.humanoid.death",
          "death.to.zombie": "mob.humanoid.death",
          "haggle": "mob.humanoid.haggle",
          "haggle.no": "mob.humanoid.no",
          "haggle.yes": "mob.humanoid.yes",
          "hurt": "mob.humanoid.hit"
        }
      },
      "pa:sain": {
        "volume": 1.0,
        "pitch": [
          0.8,
          1.2
        ],
        "events": {
          "ambient": "mob.pa_sain.idle",
          "death": "mob.humanoid.death",
          "death.to.zombie": "mob.humanoid.death",
          "haggle": "mob.humanoid.haggle",
          "haggle.no": "mob.humanoid.no",
          "haggle.yes": "mob.humanoid.yes",
          "hurt": "mob.humanoid.hit"
        }
      },
      "pa:toilet": {
        "volume": 1.0,
        "pitch": [
          0.8,
          1.2
        ],
        "events": {
          "ambient": "mob.pa_toilet.idle",
          "death": "mob.humanoid.death",
          "death.to.zombie": "mob.humanoid.death",
          "haggle": "mob.humanoid.haggle",
          "haggle.no": "mob.humanoid.no",
          "haggle.yes": "mob.humanoid.yes",
          "hurt": "mob.pa_toilet.hit"
        }
      },
      "pa:ba": {
        "volume": 1.0,
        "pitch": [
          0.8,
          1.2
        ],
        "events": {
          "ambient": "mob.pa_ba.idle",
          "death": "mob.humanoid.death",
          "death.to.zombie": "mob.humanoid.death",
          "haggle": "mob.humanoid.haggle",
          "haggle.no": "mob.humanoid.no",
          "haggle.yes": "mob.humanoid.yes",
          "hurt": "mob.humanoid.hit"
        }
      },
      "pa:hi": {
        "volume": 1.0,
        "pitch": [
          0.8,
          1.2
        ],
        "events": {
          "ambient": "mob.pa_hi.idle",
          "death": "mob.humanoid.death",
          "death.to.zombie": "mob.humanoid.death",
          "haggle": "mob.humanoid.haggle",
          "haggle.no": "mob.humanoid.no",
          "haggle.yes": "mob.humanoid.yes",
          "hurt": "mob.pa_hi.hit"
        }
      },
      "pa:mutan": {
        "volume": 1.0,
        "pitch": [
          0.8,
          1.2
        ],
        "events": {
          "ambient": "mob.pa_mutan.idle",
          "death": "mob.humanoid.death",
          "death.to.zombie": "mob.humanoid.death",
          "haggle": "mob.humanoid.haggle",
          "haggle.no": "mob.humanoid.no",
          "haggle.yes": "mob.humanoid.yes",
          "hurt": "mob.humanoid.hit"
        }
      },
      "pa:cra": {
        "volume": 1.0,
        "pitch": [
          0.8,
          1.2
        ],
        "events": {
          "ambient": "mob.pa_cra.idle",
          "death": "mob.humanoid.death",
          "death.to.zombie": "mob.humanoid.death",
          "haggle": "mob.humanoid.haggle",
          "haggle.no": "mob.humanoid.no",
          "haggle.yes": "mob.humanoid.yes",
          "hurt": "mob.pa_toilet.hit"
        }
      }
    }
  }
}