{
  "resource_pack_name": "vanilla",
  "texture_name": "atlas.terrain",
  "padding": 8,
  "num_mip_levels": 4,
  "texture_data": {
    "ad_fen2": {
      "textures": [
        "textures/blocks/ad_fen2"
      ]
    },
    "ad_fen1": {
      "textures": [
        "textures/blocks/ad_fen1"
      ]
    },
    "ad_led": {
      "textures": [
        "textures/blocks/ad_led"
      ]
    },
    "ad_fen3": {
      "textures": [
        "textures/blocks/ad_fen3"
      ]
    },
    "ad_light2": {
      "textures": [
        "textures/blocks/ad_light2"
      ]
    }
  }
}