{
  "resource_pack_name": "vanilla",
  "texture_name": "atlas.items",
  "texture_data": {
    "egg_camel": {
      "textures": "textures/items/egg_camel"
    },
    "egg_lion": {
      "textures": "textures/items/egg_lion"
    },
    "egg_penguin": {
      "textures": "textures/items/egg_penguin"
    },
    "egg_tiger": {
      "textures": "textures/items/egg_tiger"
    },
    "egg_elephant": {
      "textures": "textures/items/egg_elephant"
    },
    "egg_deer": {
      "textures": "textures/items/egg_deer"
    },
    "egg_panther": {
      "textures": "textures/items/egg_panther"
    },
    "egg_frog": {
      "textures": "textures/items/egg_frog"
    },
    "egg_crocodile": {
      "textures": "textures/items/egg_crocodile"
    },
    "egg_mouse": {
      "textures": "textures/items/egg_mouse"
    },
    "gallardo": {
      "textures": "textures/items/gallardo"
    },
    "bench": {
      "textures": "textures/items/bench"
    },
    "christmas_tree": {
      "textures": "textures/items/christmas_tree"
    },
    "tivi": {
      "textures": "textures/items/tivi"
    },
    "closet": {
      "textures": "textures/items/closet"
    },
    "laptop": {
      "textures": "textures/items/laptop"
    },
    "piano": {
      "textures": "textures/items/piano"
    },
    "armchairs": {
      "textures": "textures/items/armchairs"
    },
    "chair": {
      "textures": "textures/items/chair"
    },
    "big_table": {
      "textures": "textures/items/big_table"
    },
    "small_table": {
      "textures": "textures/items/small_table"
    },
    "drone": {
      "textures": "textures/items/drone"
    },
    "colorful_gifts": {
      "textures": "textures/items/colorful_gifts"
    },
    "pt:peppino_can_attack": {
      "textures": "textures/items/pamobile/pt_peppino_can_attack"
    },
    "pt:peppino": {
      "textures": "textures/items/pamobile/pt_peppino"
    },
    "pa:peppernam": {
      "textures": "textures/items/pamobile/pa_peppernam"
    },
    "pt:pizza_face": {
      "textures": "textures/items/pamobile/pt_pizza_face"
    },
    "pa_remove_mob": {
      "textures": "textures/items/pamobile/pa_remove_mob"
    },
    "pt:fake": {
      "textures": "textures/items/pamobile/pt_fake"
    },
    "pizza:vig": {
      "textures": "textures/items/pamobile/pizza_vig"
    },
    "pizza:vig_phase2": {
      "textures": "textures/items/pamobile/pizza_vig_phase2"
    },
    "pa_shot_gun": {
      "textures": "textures/items/pamobile/pa_shot_gun"
    },
    "pa_gun": {
      "textures": "textures/items/pamobile/pa_gun"
    },
    "pa_peppino_mode": {
      "textures": [
        "textures/items/pamobile/pa_peppino_mode"
      ]
    },
    "pa:spider": {
      "textures": "textures/items/pamobile/pa_spider"
    }
  }
}