{
  "format_version": "1.12.0",
  "minecraft:geometry": [
    {
      "description": {
        "identifier": "geometry.yg_box",
        "texture_width": 64,
        "texture_height": 64,
        "visible_bounds_width": 3,
        "visible_bounds_height": 2.5,
        "visible_bounds_offset": [
          0,
          0.75,
          0
        ]
      },
      "bones": [
        {
          "name": "Box",
          "pivot": [
            0,
            -0.16667,
            0
          ],
          "cubes": [
            {
              "origin": [
                -5.0,
                0.0,
                -6.0
              ],
              "size": [
                10.0,
                9.0,
                12.0
              ],
              "uv": [
                0,
                0
              ],
              "inflate": 0
            },
            {
              "origin": [
                -10.0,
                0.0,
                -6.0
              ],
              "size": [
                5.0,
                1.0,
                12.0
              ],
              "uv": [
                0,
                21
              ],
              "inflate": 0
            },
            {
              "origin": [
                5.0,
                0.0,
                -6.0
              ],
              "size": [
                5.0,
                1.0,
                12.0
              ],
              "uv": [
                0,
                21
              ],
              "inflate": 0,
              "mirror": true
            }
          ]
        }
      ]
    }
  ]
}