{
  "format_version": "1.12.0",
  "minecraft:geometry": [
    {
      "description": {
        "identifier": "geometry.yg_blue",
        "texture_width": 64,
        "texture_height": 64,
        "visible_bounds_width": 3,
        "visible_bounds_height": 3.5,
        "visible_bounds_offset": [
          0,
          1.25,
          0
        ]
      },
      "bones": [
        {
          "name": "Root"
        },
        {
          "name": "Body",
          "pivot": [
            0,
            12,
            0
          ],
          "cubes": [
            {
              "origin": [
                -4.5,
                20.0,
                -3.0
              ],
              "size": [
                9.0,
                6.0,
                6.0
              ],
              "uv": [
                24,
                24
              ],
              "inflate": 0
            },
            {
              "origin": [
                -4.86,
                11.72,
                -3.24
              ],
              "size": [
                9.72,
                8.56,
                6.48
              ],
              "uv": [
                0,
                16
              ],
              "inflate": 0
            }
          ],
          "parent": "Root"
        },
        {
          "name": "Head",
          "pivot": [
            0,
            26,
            0
          ],
          "cubes": [
            {
              "origin": [
                -4.0,
                26.0,
                -4.0
              ],
              "size": [
                8.0,
                8.0,
                8.0
              ],
              "uv": [
                0,
                0
              ],
              "inflate": 0
            },
            {
              "origin": [
                -4.0,
                23.0,
                -4.0
              ],
              "size": [
                8.0,
                3.0,
                0.0
              ],
              "uv": [
                30,
                20
              ],
              "inflate": 0
            },
            {
              "origin": [
                -3.5,
                29.5,
                -4.1
              ],
              "size": [
                2.0,
                2.0,
                0.0
              ],
              "uv": [
                0,
                0
              ],
              "inflate": 0
            },
            {
              "origin": [
                -4.41542,
                33.15539,
                -3.0
              ],
              "size": [
                6.0,
                4.0,
                6.0
              ],
              "pivot": [
                -1.41542,
                35.15539,
                0.0
              ],
              "rotation": [
                0.0,
                0.0,
                -15.0
              ],
              "uv": [
                26,
                10
              ],
              "inflate": 0
            }
          ],
          "parent": "Body"
        },
        {
          "name": "Rightarm",
          "pivot": [
            -4.5,
            25,
            0
          ],
          "cubes": [
            {
              "origin": [
                -8.0,
                18.0,
                -2.0
              ],
              "size": [
                4.0,
                8.0,
                4.0
              ],
              "uv": [
                0,
                30
              ],
              "inflate": 0
            },
            {
              "origin": [
                -8.24,
                10.58,
                -2.24
              ],
              "size": [
                4.48,
                7.84,
                4.48
              ],
              "uv": [
                16,
                36
              ],
              "inflate": 0
            }
          ],
          "parent": "Body"
        },
        {
          "name": "Leftarm",
          "pivot": [
            4.5,
            25,
            0
          ],
          "cubes": [
            {
              "origin": [
                4.0,
                18.0,
                -2.0
              ],
              "size": [
                4.0,
                8.0,
                4.0
              ],
              "uv": [
                0,
                30
              ],
              "inflate": 0,
              "mirror": true
            },
            {
              "origin": [
                3.76,
                10.58,
                -2.24
              ],
              "size": [
                4.48,
                7.84,
                4.48
              ],
              "uv": [
                16,
                36
              ],
              "inflate": 0,
              "mirror": true
            }
          ],
          "parent": "Body"
        },
        {
          "name": "Rightleg",
          "pivot": [
            -3,
            12,
            0
          ],
          "cubes": [
            {
              "origin": [
                -5.0,
                6.0,
                -2.0
              ],
              "size": [
                4.0,
                6.0,
                4.0
              ],
              "uv": [
                32,
                36
              ],
              "inflate": 0
            },
            {
              "origin": [
                -5.28,
                -0.42,
                -2.28
              ],
              "size": [
                4.56,
                6.84,
                4.56
              ],
              "uv": [
                32,
                0
              ],
              "inflate": 0
            }
          ],
          "parent": "Root"
        },
        {
          "name": "Leftleg",
          "pivot": [
            3,
            12,
            0
          ],
          "cubes": [
            {
              "origin": [
                1.0,
                6.0,
                -2.0
              ],
              "size": [
                4.0,
                6.0,
                4.0
              ],
              "uv": [
                32,
                36
              ],
              "inflate": 0,
              "mirror": true
            },
            {
              "origin": [
                0.72,
                -0.42,
                -2.28
              ],
              "size": [
                4.56,
                6.84,
                4.56
              ],
              "uv": [
                32,
                0
              ],
              "inflate": 0,
              "mirror": true
            }
          ],
          "parent": "Root"
        }
      ]
    }
  ]
}