{
  "format_version": "1.12.0",
  "minecraft:geometry": [
    {
      "description": {
        "identifier": "geometry.yg_cyan",
        "texture_width": 128,
        "texture_height": 128,
        "visible_bounds_width": 7,
        "visible_bounds_height": 3.5,
        "visible_bounds_offset": [
          0,
          1.25,
          0
        ]
      },
      "bones": [
        {
          "name": "Root"
        },
        {
          "name": "Body",
          "pivot": [
            0,
            23,
            8
          ],
          "cubes": [
            {
              "origin": [
                -4.0,
                22.0,
                -9.0
              ],
              "size": [
                8.0,
                8.0,
                2.0
              ],
              "uv": [
                70,
                72
              ],
              "inflate": 0
            },
            {
              "origin": [
                -5.0,
                21.0,
                -7.0
              ],
              "size": [
                10.0,
                10.0,
                4.0
              ],
              "uv": [
                30,
                47
              ],
              "inflate": 0
            },
            {
              "origin": [
                -5.0,
                21.0,
                8.0
              ],
              "size": [
                10.0,
                10.0,
                5.0
              ],
              "uv": [
                0,
                42
              ],
              "inflate": 0
            },
            {
              "origin": [
                -4.0,
                20.59144,
                10.98836
              ],
              "size": [
                8.0,
                8.0,
                10.0
              ],
              "pivot": [
                0.0,
                24.59144,
                15.98836
              ],
              "rotation": [
                -20.0,
                0.0,
                0.0
              ],
              "uv": [
                0,
                23
              ],
              "inflate": 0
            },
            {
              "origin": [
                -3.0,
                17.31305,
                18.03893
              ],
              "size": [
                6.0,
                6.0,
                10.0
              ],
              "pivot": [
                0.0,
                20.31305,
                23.03893
              ],
              "rotation": [
                -42.5,
                0.0,
                0.0
              ],
              "uv": [
                26,
                31
              ],
              "inflate": 0
            },
            {
              "origin": [
                -2.0,
                13.83224,
                25.42307
              ],
              "size": [
                4.0,
                4.0,
                10.0
              ],
              "pivot": [
                0.0,
                15.83224,
                30.42307
              ],
              "rotation": [
                -20.0,
                0.0,
                0.0
              ],
              "uv": [
                36,
                13
              ],
              "inflate": 0
            },
            {
              "origin": [
                -1.38,
                12.86275,
                34.53749
              ],
              "size": [
                2.76,
                2.76,
                6.8
              ],
              "uv": [
                26,
                23
              ],
              "inflate": 0
            },
            {
              "origin": [
                -5.9,
                20.1,
                -3.72
              ],
              "size": [
                11.8,
                11.8,
                12.44
              ],
              "uv": [
                0,
                0
              ],
              "inflate": 0
            }
          ],
          "parent": "Root"
        },
        {
          "name": "Neck",
          "pivot": [
            0,
            26,
            -9
          ],
          "cubes": [
            {
              "origin": [
                -3.0,
                23.0,
                -14.0
              ],
              "size": [
                6.0,
                6.0,
                5.0
              ],
              "uv": [
                66,
                20
              ],
              "inflate": 0
            },
            {
              "origin": [
                -2.72,
                24.70313,
                -19.69428
              ],
              "size": [
                5.44,
                5.44,
                8.16
              ],
              "pivot": [
                0.0,
                27.42313,
                -15.61428
              ],
              "rotation": [
                -27.5,
                0.0,
                0.0
              ],
              "uv": [
                0,
                57
              ],
              "inflate": 0
            },
            {
              "origin": [
                -2.28,
                28.35194,
                -22.85839
              ],
              "size": [
                4.56,
                4.56,
                6.84
              ],
              "pivot": [
                0.0,
                30.63194,
                -19.43839
              ],
              "rotation": [
                -52.5,
                0.0,
                0.0
              ],
              "uv": [
                72,
                48
              ],
              "inflate": 0
            },
            {
              "origin": [
                -2.0,
                31.84075,
                -26.2625
              ],
              "size": [
                4.0,
                4.0,
                6.0
              ],
              "pivot": [
                0.0,
                33.84075,
                -23.2625
              ],
              "rotation": [
                -27.5,
                0.0,
                0.0
              ],
              "uv": [
                73,
                35
              ],
              "inflate": 0
            }
          ],
          "parent": "Body"
        },
        {
          "name": "Head",
          "pivot": [
            0,
            35.5,
            -26
          ],
          "cubes": [
            {
              "origin": [
                -4.0,
                34.0,
                -32.0
              ],
              "size": [
                8.0,
                3.0,
                7.0
              ],
              "uv": [
                54,
                10
              ],
              "inflate": 0
            },
            {
              "origin": [
                -3.70643,
                32.96916,
                -31.9
              ],
              "size": [
                2.0,
                2.0,
                0.0
              ],
              "pivot": [
                -2.70643,
                33.96916,
                -31.9
              ],
              "rotation": [
                0.0,
                0.0,
                42.5
              ],
              "uv": [
                0,
                29
              ],
              "inflate": 0
            },
            {
              "origin": [
                -5.83142,
                33.62326,
                -31.14182
              ],
              "size": [
                2.0,
                2.0,
                0.0
              ],
              "pivot": [
                -4.83142,
                34.62326,
                -31.14182
              ],
              "rotation": [
                10.26078,
                11.00072,
                43.49069
              ],
              "uv": [
                0,
                27
              ],
              "inflate": 0
            },
            {
              "origin": [
                3.83142,
                33.62326,
                -31.14182
              ],
              "size": [
                2.0,
                2.0,
                0.0
              ],
              "pivot": [
                4.83142,
                34.62326,
                -31.14182
              ],
              "rotation": [
                10.26078,
                -11.00072,
                -43.49069
              ],
              "uv": [
                26,
                23
              ],
              "inflate": 0
            },
            {
              "origin": [
                -8.56087,
                33.49988,
                -30.41046
              ],
              "size": [
                2.0,
                2.0,
                0.0
              ],
              "pivot": [
                -7.56087,
                34.49988,
                -30.41046
              ],
              "rotation": [
                10.26078,
                11.00072,
                43.49069
              ],
              "uv": [
                26,
                25
              ],
              "inflate": 0
            },
            {
              "origin": [
                -10.68421,
                33.55843,
                -29.05614
              ],
              "size": [
                2.0,
                2.0,
                0.0
              ],
              "pivot": [
                -9.68421,
                34.55843,
                -29.05614
              ],
              "rotation": [
                41.36219,
                35.79744,
                56.40206
              ],
              "uv": [
                0,
                25
              ],
              "inflate": 0
            },
            {
              "origin": [
                8.68421,
                33.55843,
                -29.05614
              ],
              "size": [
                2.0,
                2.0,
                0.0
              ],
              "pivot": [
                9.68421,
                34.55843,
                -29.05614
              ],
              "rotation": [
                41.36219,
                -35.79744,
                -56.40206
              ],
              "uv": [
                0,
                23
              ],
              "inflate": 0
            },
            {
              "origin": [
                -12.40441,
                33.43506,
                -26.81433
              ],
              "size": [
                2.0,
                2.0,
                0.0
              ],
              "pivot": [
                -11.40441,
                34.43506,
                -26.81433
              ],
              "rotation": [
                41.36219,
                35.79744,
                56.40206
              ],
              "uv": [
                4,
                23
              ],
              "inflate": 0
            },
            {
              "origin": [
                10.40441,
                33.43506,
                -26.81433
              ],
              "size": [
                2.0,
                2.0,
                0.0
              ],
              "pivot": [
                11.40441,
                34.43506,
                -26.81433
              ],
              "rotation": [
                41.36219,
                -35.79744,
                -56.40206
              ],
              "uv": [
                8,
                10
              ],
              "inflate": 0
            },
            {
              "origin": [
                6.56087,
                33.49988,
                -30.41046
              ],
              "size": [
                2.0,
                2.0,
                0.0
              ],
              "pivot": [
                7.56087,
                34.49988,
                -30.41046
              ],
              "rotation": [
                10.26078,
                -11.00072,
                -43.49069
              ],
              "uv": [
                4,
                25
              ],
              "inflate": 0
            },
            {
              "origin": [
                1.70643,
                32.96916,
                -31.9
              ],
              "size": [
                2.0,
                2.0,
                0.0
              ],
              "pivot": [
                2.70643,
                33.96916,
                -31.9
              ],
              "rotation": [
                0.0,
                0.0,
                -42.5
              ],
              "uv": [
                26,
                27
              ],
              "inflate": 0
            },
            {
              "origin": [
                -1.0,
                32.96916,
                -31.9
              ],
              "size": [
                2.0,
                2.0,
                0.0
              ],
              "pivot": [
                0.0,
                33.96916,
                -31.9
              ],
              "rotation": [
                0.0,
                0.0,
                -42.5
              ],
              "uv": [
                4,
                27
              ],
              "inflate": 0
            },
            {
              "origin": [
                -3.0,
                36.0,
                -33.0
              ],
              "size": [
                2.0,
                3.0,
                2.0
              ],
              "pivot": [
                -2.0,
                37.5,
                -32.0
              ],
              "rotation": [
                0.0,
                10.0,
                0.0
              ],
              "uv": [
                0,
                0
              ],
              "inflate": 0
            },
            {
              "origin": [
                1.0,
                36.0,
                -33.0
              ],
              "size": [
                2.0,
                3.0,
                2.0
              ],
              "pivot": [
                2.0,
                37.5,
                -32.0
              ],
              "rotation": [
                0.0,
                -10.0,
                0.0
              ],
              "uv": [
                0,
                0
              ],
              "inflate": 0,
              "mirror": true
            },
            {
              "origin": [
                -2.69101,
                36.5,
                -33.08329
              ],
              "size": [
                1.0,
                2.0,
                0.0
              ],
              "pivot": [
                -2.19101,
                37.5,
                -33.08329
              ],
              "rotation": [
                0.0,
                10.0,
                0.0
              ],
              "uv": [
                0,
                0
              ],
              "inflate": 0
            },
            {
              "origin": [
                1.69101,
                36.5,
                -33.08329
              ],
              "size": [
                1.0,
                2.0,
                0.0
              ],
              "pivot": [
                2.19101,
                37.5,
                -33.08329
              ],
              "rotation": [
                0.0,
                -10.0,
                0.0
              ],
              "uv": [
                0,
                0
              ],
              "inflate": 0,
              "mirror": true
            },
            {
              "origin": [
                2.46096,
                34.38,
                -31.15882
              ],
              "size": [
                6.72,
                2.24,
                6.72
              ],
              "pivot": [
                5.82096,
                35.5,
                -27.79882
              ],
              "rotation": [
                0.0,
                -17.5,
                0.0
              ],
              "uv": [
                70,
                64
              ],
              "inflate": 0
            },
            {
              "origin": [
                -9.18096,
                34.38,
                -31.15882
              ],
              "size": [
                6.72,
                2.24,
                6.72
              ],
              "pivot": [
                -5.82096,
                35.5,
                -27.79882
              ],
              "rotation": [
                0.0,
                17.5,
                0.0
              ],
              "uv": [
                46,
                70
              ],
              "inflate": 0
            },
            {
              "origin": [
                6.58748,
                34.5,
                -27.61121
              ],
              "size": [
                7.0,
                2.0,
                4.0
              ],
              "pivot": [
                10.08748,
                35.5,
                -25.61121
              ],
              "rotation": [
                0.0,
                -50.0,
                0.0
              ],
              "uv": [
                42,
                78
              ],
              "inflate": 0
            },
            {
              "origin": [
                -13.58748,
                34.5,
                -27.61121
              ],
              "size": [
                7.0,
                2.0,
                4.0
              ],
              "pivot": [
                -10.08748,
                35.5,
                -25.61121
              ],
              "rotation": [
                0.0,
                50.0,
                0.0
              ],
              "uv": [
                20,
                77
              ],
              "inflate": 0
            }
          ],
          "parent": "Neck"
        },
        {
          "name": "Jaw",
          "pivot": [
            0,
            34,
            -25
          ],
          "cubes": [
            {
              "origin": [
                -4.0,
                31.0,
                -32.0
              ],
              "size": [
                8.0,
                3.0,
                7.0
              ],
              "uv": [
                34,
                0
              ],
              "inflate": 0
            },
            {
              "origin": [
                -3.70643,
                32.96916,
                -31.9
              ],
              "size": [
                2.0,
                2.0,
                0.0
              ],
              "pivot": [
                -2.70643,
                33.96916,
                -31.9
              ],
              "rotation": [
                0.0,
                0.0,
                42.5
              ],
              "uv": [
                4,
                9
              ],
              "inflate": 0
            },
            {
              "origin": [
                -5.83142,
                32.62326,
                -31.14182
              ],
              "size": [
                2.0,
                2.0,
                0.0
              ],
              "pivot": [
                -4.83142,
                33.62326,
                -31.14182
              ],
              "rotation": [
                10.26078,
                11.00072,
                43.49069
              ],
              "uv": [
                0,
                9
              ],
              "inflate": 0
            },
            {
              "origin": [
                3.83142,
                32.62326,
                -31.14182
              ],
              "size": [
                2.0,
                2.0,
                0.0
              ],
              "pivot": [
                4.83142,
                33.62326,
                -31.14182
              ],
              "rotation": [
                10.26078,
                -11.00072,
                -43.49069
              ],
              "uv": [
                8,
                8
              ],
              "inflate": 0
            },
            {
              "origin": [
                -8.56087,
                32.49988,
                -30.41046
              ],
              "size": [
                2.0,
                2.0,
                0.0
              ],
              "pivot": [
                -7.56087,
                33.49988,
                -30.41046
              ],
              "rotation": [
                10.26078,
                11.00072,
                43.49069
              ],
              "uv": [
                8,
                6
              ],
              "inflate": 0
            },
            {
              "origin": [
                -10.68421,
                32.55843,
                -29.05614
              ],
              "size": [
                2.0,
                2.0,
                0.0
              ],
              "pivot": [
                -9.68421,
                33.55843,
                -29.05614
              ],
              "rotation": [
                41.36219,
                35.79744,
                56.40206
              ],
              "uv": [
                8,
                4
              ],
              "inflate": 0
            },
            {
              "origin": [
                8.68421,
                32.55843,
                -29.05614
              ],
              "size": [
                2.0,
                2.0,
                0.0
              ],
              "pivot": [
                9.68421,
                33.55843,
                -29.05614
              ],
              "rotation": [
                41.36219,
                -35.79744,
                -56.40206
              ],
              "uv": [
                8,
                2
              ],
              "inflate": 0
            },
            {
              "origin": [
                -12.40441,
                32.43506,
                -26.81433
              ],
              "size": [
                2.0,
                2.0,
                0.0
              ],
              "pivot": [
                -11.40441,
                33.43506,
                -26.81433
              ],
              "rotation": [
                41.36219,
                35.79744,
                56.40206
              ],
              "uv": [
                4,
                7
              ],
              "inflate": 0
            },
            {
              "origin": [
                10.40441,
                32.43506,
                -26.81433
              ],
              "size": [
                2.0,
                2.0,
                0.0
              ],
              "pivot": [
                11.40441,
                33.43506,
                -26.81433
              ],
              "rotation": [
                41.36219,
                -35.79744,
                -56.40206
              ],
              "uv": [
                0,
                7
              ],
              "inflate": 0
            },
            {
              "origin": [
                6.56087,
                32.49988,
                -30.41046
              ],
              "size": [
                2.0,
                2.0,
                0.0
              ],
              "pivot": [
                7.56087,
                33.49988,
                -30.41046
              ],
              "rotation": [
                10.26078,
                -11.00072,
                -43.49069
              ],
              "uv": [
                6,
                0
              ],
              "inflate": 0
            },
            {
              "origin": [
                1.70643,
                32.96916,
                -31.9
              ],
              "size": [
                2.0,
                2.0,
                0.0
              ],
              "pivot": [
                2.70643,
                33.96916,
                -31.9
              ],
              "rotation": [
                0.0,
                0.0,
                -42.5
              ],
              "uv": [
                4,
                5
              ],
              "inflate": 0
            },
            {
              "origin": [
                -1.0,
                32.96916,
                -31.9
              ],
              "size": [
                2.0,
                2.0,
                0.0
              ],
              "pivot": [
                0.0,
                33.96916,
                -31.9
              ],
              "rotation": [
                0.0,
                0.0,
                -42.5
              ],
              "uv": [
                0,
                5
              ],
              "inflate": 0
            },
            {
              "origin": [
                2.46096,
                31.38,
                -31.15882
              ],
              "size": [
                6.72,
                2.24,
                6.72
              ],
              "pivot": [
                5.82096,
                32.5,
                -27.79882
              ],
              "rotation": [
                0.0,
                -17.5,
                0.0
              ],
              "uv": [
                0,
                70
              ],
              "inflate": 0
            },
            {
              "origin": [
                -9.18096,
                31.38,
                -31.15882
              ],
              "size": [
                6.72,
                2.24,
                6.72
              ],
              "pivot": [
                -5.82096,
                32.5,
                -27.79882
              ],
              "rotation": [
                0.0,
                17.5,
                0.0
              ],
              "uv": [
                64,
                0
              ],
              "inflate": 0
            },
            {
              "origin": [
                6.58748,
                31.5,
                -27.61121
              ],
              "size": [
                7.0,
                2.0,
                4.0
              ],
              "pivot": [
                10.08748,
                32.5,
                -25.61121
              ],
              "rotation": [
                0.0,
                -50.0,
                0.0
              ],
              "uv": [
                77,
                8
              ],
              "inflate": 0
            },
            {
              "origin": [
                -13.58748,
                31.5,
                -27.61121
              ],
              "size": [
                7.0,
                2.0,
                4.0
              ],
              "pivot": [
                -10.08748,
                32.5,
                -25.61121
              ],
              "rotation": [
                0.0,
                50.0,
                0.0
              ],
              "uv": [
                76,
                58
              ],
              "inflate": 0
            }
          ],
          "parent": "Head"
        },
        {
          "name": "Rightleg",
          "pivot": [
            -5.5,
            26,
            6
          ],
          "cubes": [
            {
              "origin": [
                -10.15,
                21.62866,
                1.79806
              ],
              "size": [
                5.3,
                6.36,
                8.48
              ],
              "pivot": [
                -7.5,
                24.80866,
                6.03806
              ],
              "rotation": [
                22.5,
                0.0,
                0.0
              ],
              "uv": [
                48,
                27
              ],
              "inflate": 0
            },
            {
              "origin": [
                -10.0,
                13.04705,
                4.78211
              ],
              "size": [
                5.0,
                11.0,
                5.0
              ],
              "pivot": [
                -7.5,
                18.54705,
                7.28211
              ],
              "rotation": [
                -7.5,
                0.0,
                0.0
              ],
              "uv": [
                26,
                61
              ],
              "inflate": 0
            },
            {
              "origin": [
                -10.15,
                8.73,
                7.35
              ],
              "size": [
                5.3,
                8.54,
                5.3
              ],
              "uv": [
                58,
                41
              ],
              "inflate": 0
            },
            {
              "origin": [
                -10.786,
                -0.2948,
                6.714
              ],
              "size": [
                6.572,
                9.5896,
                6.572
              ],
              "uv": [
                52,
                55
              ],
              "inflate": 0
            }
          ],
          "parent": "Root"
        },
        {
          "name": "Leftleg",
          "pivot": [
            5.5,
            26,
            6
          ],
          "cubes": [
            {
              "origin": [
                4.85,
                21.62866,
                1.79806
              ],
              "size": [
                5.3,
                6.36,
                8.48
              ],
              "pivot": [
                7.5,
                24.80866,
                6.03806
              ],
              "rotation": [
                22.5,
                0.0,
                0.0
              ],
              "uv": [
                48,
                27
              ],
              "inflate": 0,
              "mirror": true
            },
            {
              "origin": [
                5.0,
                13.04705,
                4.78211
              ],
              "size": [
                5.0,
                11.0,
                5.0
              ],
              "pivot": [
                7.5,
                18.54705,
                7.28211
              ],
              "rotation": [
                -7.5,
                0.0,
                0.0
              ],
              "uv": [
                26,
                61
              ],
              "inflate": 0,
              "mirror": true
            },
            {
              "origin": [
                4.85,
                8.73,
                7.35
              ],
              "size": [
                5.3,
                8.54,
                5.3
              ],
              "uv": [
                58,
                41
              ],
              "inflate": 0,
              "mirror": true
            },
            {
              "origin": [
                4.214,
                -0.2948,
                6.714
              ],
              "size": [
                6.572,
                9.5896,
                6.572
              ],
              "uv": [
                52,
                55
              ],
              "inflate": 0,
              "mirror": true
            }
          ],
          "parent": "Root"
        }
      ]
    }
  ]
}