{
  "format_version": "1.12.0",
  "minecraft:geometry": [
    {
      "description": {
        "identifier": "geometry.yg_orange",
        "texture_width": 64,
        "texture_height": 64,
        "visible_bounds_width": 5,
        "visible_bounds_height": 3.5,
        "visible_bounds_offset": [
          0,
          1.25,
          0
        ]
      },
      "bones": [
        {
          "name": "Root"
        },
        {
          "name": "Body",
          "pivot": [
            0,
            8.91228,
            -0.34986
          ],
          "cubes": [
            {
              "origin": [
                -2.0,
                19.0,
                -4.0
              ],
              "size": [
                4.0,
                5.0,
                4.0
              ],
              "pivot": [
                0.0,
                21.5,
                -2.0
              ],
              "rotation": [
                17.5,
                0.0,
                0.0
              ],
              "uv": [
                12,
                43
              ],
              "inflate": 0
            },
            {
              "origin": [
                -2.2,
                7.6577,
                -2.79967
              ],
              "size": [
                4.4,
                5.5,
                4.4
              ],
              "pivot": [
                0.0,
                10.4077,
                -0.59967
              ],
              "rotation": [
                17.5,
                0.0,
                0.0
              ],
              "uv": [
                40,
                24
              ],
              "inflate": 0
            },
            {
              "origin": [
                -2.04,
                5.14242,
                -1.21776
              ],
              "size": [
                4.08,
                4.08,
                6.12
              ],
              "pivot": [
                0.0,
                7.18242,
                1.84224
              ],
              "rotation": [
                -37.5,
                0.0,
                0.0
              ],
              "uv": [
                20,
                24
              ],
              "inflate": 0
            },
            {
              "origin": [
                -2.0,
                3.36074,
                3.24017
              ],
              "size": [
                4.0,
                4.0,
                6.0
              ],
              "pivot": [
                0.0,
                5.36074,
                6.24017
              ],
              "rotation": [
                -7.5,
                0.0,
                0.0
              ],
              "uv": [
                0,
                24
              ],
              "inflate": 0
            },
            {
              "origin": [
                -1.5,
                3.3057,
                8.7589
              ],
              "size": [
                3.0,
                3.0,
                6.0
              ],
              "pivot": [
                0.0,
                4.8057,
                11.7589
              ],
              "rotation": [
                -5.0,
                0.0,
                0.0
              ],
              "uv": [
                32,
                15
              ],
              "inflate": 0
            },
            {
              "origin": [
                -2.3712,
                12.06752,
                -3.712
              ],
              "size": [
                4.7424,
                8.2992,
                4.7424
              ],
              "uv": [
                0,
                34
              ],
              "inflate": 0
            }
          ],
          "parent": "Root"
        },
        {
          "name": "Head",
          "pivot": [
            0,
            23.8,
            -2.4
          ],
          "cubes": [
            {
              "origin": [
                -4.0,
                23.0,
                -9.0
              ],
              "size": [
                8.0,
                5.0,
                8.0
              ],
              "uv": [
                0,
                0
              ],
              "inflate": 0
            },
            {
              "origin": [
                -5.0,
                26.0,
                -7.0
              ],
              "size": [
                4.0,
                5.0,
                4.0
              ],
              "pivot": [
                -3.0,
                28.5,
                -5.0
              ],
              "rotation": [
                0.0,
                0.0,
                10.0
              ],
              "uv": [
                32,
                34
              ],
              "inflate": 0
            },
            {
              "origin": [
                1.0,
                26.0,
                -7.0
              ],
              "size": [
                4.0,
                5.0,
                4.0
              ],
              "pivot": [
                3.0,
                28.5,
                -5.0
              ],
              "rotation": [
                0.0,
                0.0,
                -10.0
              ],
              "uv": [
                16,
                34
              ],
              "inflate": 0
            },
            {
              "origin": [
                -3.5,
                26.0,
                -18.0
              ],
              "size": [
                7.0,
                2.0,
                9.0
              ],
              "uv": [
                23,
                4
              ],
              "inflate": 0
            },
            {
              "origin": [
                -3.3,
                25.5,
                -10.20711
              ],
              "size": [
                0.0,
                1.0,
                1.0
              ],
              "pivot": [
                -3.3,
                26.0,
                -9.70711
              ],
              "rotation": [
                -45.0,
                0.0,
                0.0
              ],
              "uv": [
                0,
                26
              ],
              "inflate": 0
            },
            {
              "origin": [
                3.3,
                25.5,
                -10.20711
              ],
              "size": [
                0.0,
                1.0,
                1.0
              ],
              "pivot": [
                3.3,
                26.0,
                -9.70711
              ],
              "rotation": [
                -45.0,
                0.0,
                0.0
              ],
              "uv": [
                20,
                23
              ],
              "inflate": 0
            },
            {
              "origin": [
                3.3,
                25.5,
                -11.20711
              ],
              "size": [
                0.0,
                1.0,
                1.0
              ],
              "pivot": [
                3.3,
                26.0,
                -10.70711
              ],
              "rotation": [
                -45.0,
                0.0,
                0.0
              ],
              "uv": [
                18,
                23
              ],
              "inflate": 0
            },
            {
              "origin": [
                3.3,
                25.5,
                -12.20711
              ],
              "size": [
                0.0,
                1.0,
                1.0
              ],
              "pivot": [
                3.3,
                26.0,
                -11.70711
              ],
              "rotation": [
                -45.0,
                0.0,
                0.0
              ],
              "uv": [
                14,
                23
              ],
              "inflate": 0
            },
            {
              "origin": [
                3.3,
                25.5,
                -13.20711
              ],
              "size": [
                0.0,
                1.0,
                1.0
              ],
              "pivot": [
                3.3,
                26.0,
                -12.70711
              ],
              "rotation": [
                -45.0,
                0.0,
                0.0
              ],
              "uv": [
                4,
                23
              ],
              "inflate": 0
            },
            {
              "origin": [
                -3.3,
                25.5,
                -11.20711
              ],
              "size": [
                0.0,
                1.0,
                1.0
              ],
              "pivot": [
                -3.499,
                26.0,
                -10.70711
              ],
              "rotation": [
                -45.0,
                0.0,
                0.0
              ],
              "uv": [
                20,
                24
              ],
              "inflate": 0
            },
            {
              "origin": [
                -3.3,
                25.5,
                -12.20711
              ],
              "size": [
                0.0,
                1.0,
                1.0
              ],
              "pivot": [
                -3.499,
                26.0,
                -11.70711
              ],
              "rotation": [
                -45.0,
                0.0,
                0.0
              ],
              "uv": [
                18,
                24
              ],
              "inflate": 0
            },
            {
              "origin": [
                -3.3,
                25.5,
                -13.20711
              ],
              "size": [
                0.0,
                1.0,
                1.0
              ],
              "pivot": [
                -3.499,
                26.0,
                -12.70711
              ],
              "rotation": [
                -45.0,
                0.0,
                0.0
              ],
              "uv": [
                24,
                0
              ],
              "inflate": 0
            },
            {
              "origin": [
                -3.3,
                25.5,
                -17.79289
              ],
              "size": [
                0.0,
                1.0,
                1.0
              ],
              "pivot": [
                -3.698,
                26.0,
                -17.29289
              ],
              "rotation": [
                -45.0,
                0.0,
                0.0
              ],
              "uv": [
                24,
                24
              ],
              "inflate": 0
            },
            {
              "origin": [
                2.09289,
                25.5,
                -17.8
              ],
              "size": [
                1.0,
                1.0,
                0.0
              ],
              "pivot": [
                2.59289,
                26.0,
                -17.398
              ],
              "rotation": [
                0.0,
                0.0,
                45.0
              ],
              "uv": [
                18,
                28
              ],
              "inflate": 0
            },
            {
              "origin": [
                1.09289,
                25.5,
                -17.8
              ],
              "size": [
                1.0,
                1.0,
                0.0
              ],
              "pivot": [
                1.59289,
                26.0,
                -17.8
              ],
              "rotation": [
                0.0,
                0.0,
                45.0
              ],
              "uv": [
                0,
                28
              ],
              "inflate": 0
            },
            {
              "origin": [
                0.09289,
                25.5,
                -17.8
              ],
              "size": [
                1.0,
                1.0,
                0.0
              ],
              "pivot": [
                0.59289,
                26.0,
                -17.398
              ],
              "rotation": [
                0.0,
                0.0,
                45.0
              ],
              "uv": [
                24,
                27
              ],
              "inflate": 0
            },
            {
              "origin": [
                -3.09289,
                25.5,
                -17.8
              ],
              "size": [
                1.0,
                1.0,
                0.0
              ],
              "pivot": [
                -2.59289,
                26.0,
                -17.8
              ],
              "rotation": [
                0.0,
                0.0,
                -45.0
              ],
              "uv": [
                14,
                28
              ],
              "inflate": 0
            },
            {
              "origin": [
                -2.09289,
                25.5,
                -17.8
              ],
              "size": [
                1.0,
                1.0,
                0.0
              ],
              "pivot": [
                -1.59289,
                26.0,
                -17.398
              ],
              "rotation": [
                0.0,
                0.0,
                -45.0
              ],
              "uv": [
                4,
                28
              ],
              "inflate": 0
            },
            {
              "origin": [
                -1.09289,
                25.5,
                -17.8
              ],
              "size": [
                1.0,
                1.0,
                0.0
              ],
              "pivot": [
                -0.59289,
                26.0,
                -17.8
              ],
              "rotation": [
                0.0,
                0.0,
                -45.0
              ],
              "uv": [
                20,
                27
              ],
              "inflate": 0
            },
            {
              "origin": [
                3.3,
                25.5,
                -17.79289
              ],
              "size": [
                0.0,
                1.0,
                1.0
              ],
              "pivot": [
                3.698,
                26.0,
                -17.29289
              ],
              "rotation": [
                -45.0,
                0.0,
                0.0
              ],
              "uv": [
                0,
                24
              ],
              "inflate": 0
            },
            {
              "origin": [
                3.3,
                25.5,
                -16.79289
              ],
              "size": [
                0.0,
                1.0,
                1.0
              ],
              "pivot": [
                3.3,
                26.0,
                -16.29289
              ],
              "rotation": [
                -45.0,
                0.0,
                0.0
              ],
              "uv": [
                23,
                15
              ],
              "inflate": 0
            },
            {
              "origin": [
                3.3,
                25.5,
                -15.79289
              ],
              "size": [
                0.0,
                1.0,
                1.0
              ],
              "pivot": [
                3.3,
                26.0,
                -15.29289
              ],
              "rotation": [
                -45.0,
                0.0,
                0.0
              ],
              "uv": [
                23,
                14
              ],
              "inflate": 0
            },
            {
              "origin": [
                3.3,
                25.5,
                -14.79289
              ],
              "size": [
                0.0,
                1.0,
                1.0
              ],
              "pivot": [
                3.3,
                26.0,
                -14.29289
              ],
              "rotation": [
                -45.0,
                0.0,
                0.0
              ],
              "uv": [
                0,
                23
              ],
              "inflate": 0
            },
            {
              "origin": [
                -3.3,
                25.5,
                -16.79289
              ],
              "size": [
                0.0,
                1.0,
                1.0
              ],
              "pivot": [
                -3.698,
                26.0,
                -16.29289
              ],
              "rotation": [
                -45.0,
                0.0,
                0.0
              ],
              "uv": [
                24,
                23
              ],
              "inflate": 0
            },
            {
              "origin": [
                -3.3,
                25.5,
                -15.79289
              ],
              "size": [
                0.0,
                1.0,
                1.0
              ],
              "pivot": [
                -3.3,
                26.0,
                -15.29289
              ],
              "rotation": [
                -45.0,
                0.0,
                0.0
              ],
              "uv": [
                14,
                24
              ],
              "inflate": 0
            },
            {
              "origin": [
                -3.3,
                25.5,
                -14.79289
              ],
              "size": [
                0.0,
                1.0,
                1.0
              ],
              "pivot": [
                -3.3,
                26.0,
                -14.29289
              ],
              "rotation": [
                -45.0,
                0.0,
                0.0
              ],
              "uv": [
                4,
                24
              ],
              "inflate": 0
            }
          ],
          "parent": "Body"
        },
        {
          "name": "Jaw",
          "pivot": [
            0,
            24.75,
            -9.5
          ],
          "cubes": [
            {
              "origin": [
                -3.5,
                23.0,
                -18.0
              ],
              "size": [
                7.0,
                2.0,
                9.0
              ],
              "uv": [
                0,
                13
              ],
              "inflate": 0
            },
            {
              "origin": [
                2.09289,
                24.5,
                -17.8
              ],
              "size": [
                1.0,
                1.0,
                0.0
              ],
              "pivot": [
                2.59289,
                25.0,
                -17.8
              ],
              "rotation": [
                0.0,
                0.0,
                45.0
              ],
              "uv": [
                18,
                27
              ],
              "inflate": 0
            },
            {
              "origin": [
                1.09289,
                24.5,
                -17.8
              ],
              "size": [
                1.0,
                1.0,
                0.0
              ],
              "pivot": [
                1.59289,
                25.0,
                -17.8
              ],
              "rotation": [
                0.0,
                0.0,
                45.0
              ],
              "uv": [
                24,
                0
              ],
              "inflate": 0
            },
            {
              "origin": [
                0.09289,
                24.5,
                -17.8
              ],
              "size": [
                1.0,
                1.0,
                0.0
              ],
              "pivot": [
                0.59289,
                25.0,
                -17.8
              ],
              "rotation": [
                0.0,
                0.0,
                45.0
              ],
              "uv": [
                5,
                0
              ],
              "inflate": 0
            },
            {
              "origin": [
                -3.09289,
                24.5,
                -17.8
              ],
              "size": [
                1.0,
                1.0,
                0.0
              ],
              "pivot": [
                -2.59289,
                25.0,
                -17.8
              ],
              "rotation": [
                0.0,
                0.0,
                -45.0
              ],
              "uv": [
                14,
                27
              ],
              "inflate": 0
            },
            {
              "origin": [
                -2.09289,
                24.5,
                -17.8
              ],
              "size": [
                1.0,
                1.0,
                0.0
              ],
              "pivot": [
                -1.59289,
                25.0,
                -17.8
              ],
              "rotation": [
                0.0,
                0.0,
                -45.0
              ],
              "uv": [
                4,
                27
              ],
              "inflate": 0
            },
            {
              "origin": [
                -1.09289,
                24.5,
                -17.8
              ],
              "size": [
                1.0,
                1.0,
                0.0
              ],
              "pivot": [
                -0.59289,
                25.0,
                -17.8
              ],
              "rotation": [
                0.0,
                0.0,
                -45.0
              ],
              "uv": [
                0,
                0
              ],
              "inflate": 0
            },
            {
              "origin": [
                -3.3,
                24.5,
                -10.20711
              ],
              "size": [
                0.0,
                1.0,
                1.0
              ],
              "pivot": [
                -3.3,
                25.0,
                -9.70711
              ],
              "rotation": [
                -45.0,
                0.0,
                0.0
              ],
              "uv": [
                6,
                19
              ],
              "inflate": 0
            },
            {
              "origin": [
                3.3,
                24.5,
                -10.20711
              ],
              "size": [
                0.0,
                1.0,
                1.0
              ],
              "pivot": [
                3.3,
                25.0,
                -9.70711
              ],
              "rotation": [
                -45.0,
                0.0,
                0.0
              ],
              "uv": [
                7,
                12
              ],
              "inflate": 0
            },
            {
              "origin": [
                3.3,
                24.5,
                -11.20711
              ],
              "size": [
                0.0,
                1.0,
                1.0
              ],
              "pivot": [
                3.3,
                25.0,
                -10.70711
              ],
              "rotation": [
                -45.0,
                0.0,
                0.0
              ],
              "uv": [
                0,
                12
              ],
              "inflate": 0
            },
            {
              "origin": [
                3.3,
                24.5,
                -12.20711
              ],
              "size": [
                0.0,
                1.0,
                1.0
              ],
              "pivot": [
                3.3,
                25.0,
                -11.70711
              ],
              "rotation": [
                -45.0,
                0.0,
                0.0
              ],
              "uv": [
                5,
                1
              ],
              "inflate": 0
            },
            {
              "origin": [
                3.3,
                24.5,
                -13.20711
              ],
              "size": [
                0.0,
                1.0,
                1.0
              ],
              "pivot": [
                3.3,
                25.0,
                -12.70711
              ],
              "rotation": [
                -45.0,
                0.0,
                0.0
              ],
              "uv": [
                0,
                0
              ],
              "inflate": 0
            },
            {
              "origin": [
                -3.3,
                24.5,
                -11.20711
              ],
              "size": [
                0.0,
                1.0,
                1.0
              ],
              "pivot": [
                -3.3,
                25.0,
                -10.70711
              ],
              "rotation": [
                -45.0,
                0.0,
                0.0
              ],
              "uv": [
                0,
                18
              ],
              "inflate": 0
            },
            {
              "origin": [
                -3.3,
                24.5,
                -12.20711
              ],
              "size": [
                0.0,
                1.0,
                1.0
              ],
              "pivot": [
                -3.3,
                25.0,
                -11.70711
              ],
              "rotation": [
                -45.0,
                0.0,
                0.0
              ],
              "uv": [
                7,
                14
              ],
              "inflate": 0
            },
            {
              "origin": [
                -3.3,
                24.5,
                -13.20711
              ],
              "size": [
                0.0,
                1.0,
                1.0
              ],
              "pivot": [
                -3.3,
                25.0,
                -12.70711
              ],
              "rotation": [
                -45.0,
                0.0,
                0.0
              ],
              "uv": [
                7,
                13
              ],
              "inflate": 0
            },
            {
              "origin": [
                -3.3,
                24.5,
                -17.79289
              ],
              "size": [
                0.0,
                1.0,
                1.0
              ],
              "pivot": [
                -3.3,
                25.0,
                -17.29289
              ],
              "rotation": [
                -45.0,
                0.0,
                0.0
              ],
              "uv": [
                0,
                19
              ],
              "inflate": 0
            },
            {
              "origin": [
                3.3,
                24.5,
                -17.79289
              ],
              "size": [
                0.0,
                1.0,
                1.0
              ],
              "pivot": [
                3.3,
                25.0,
                -17.29289
              ],
              "rotation": [
                -45.0,
                0.0,
                0.0
              ],
              "uv": [
                0,
                13
              ],
              "inflate": 0
            },
            {
              "origin": [
                3.3,
                24.5,
                -16.79289
              ],
              "size": [
                0.0,
                1.0,
                1.0
              ],
              "pivot": [
                3.3,
                25.0,
                -16.29289
              ],
              "rotation": [
                -45.0,
                0.0,
                0.0
              ],
              "uv": [
                5,
                12
              ],
              "inflate": 0
            },
            {
              "origin": [
                3.3,
                24.5,
                -15.79289
              ],
              "size": [
                0.0,
                1.0,
                1.0
              ],
              "pivot": [
                3.3,
                25.0,
                -15.29289
              ],
              "rotation": [
                -45.0,
                0.0,
                0.0
              ],
              "uv": [
                5,
                0
              ],
              "inflate": 0
            },
            {
              "origin": [
                3.3,
                24.5,
                -14.79289
              ],
              "size": [
                0.0,
                1.0,
                1.0
              ],
              "pivot": [
                3.3,
                25.0,
                -14.29289
              ],
              "rotation": [
                -45.0,
                0.0,
                0.0
              ],
              "uv": [
                0,
                1
              ],
              "inflate": 0
            },
            {
              "origin": [
                -3.3,
                24.5,
                -16.79289
              ],
              "size": [
                0.0,
                1.0,
                1.0
              ],
              "pivot": [
                -3.3,
                25.0,
                -16.29289
              ],
              "rotation": [
                -45.0,
                0.0,
                0.0
              ],
              "uv": [
                6,
                18
              ],
              "inflate": 0
            },
            {
              "origin": [
                -3.3,
                24.5,
                -15.79289
              ],
              "size": [
                0.0,
                1.0,
                1.0
              ],
              "pivot": [
                -3.3,
                25.0,
                -15.29289
              ],
              "rotation": [
                -45.0,
                0.0,
                0.0
              ],
              "uv": [
                5,
                14
              ],
              "inflate": 0
            },
            {
              "origin": [
                -3.3,
                24.5,
                -14.79289
              ],
              "size": [
                0.0,
                1.0,
                1.0
              ],
              "pivot": [
                -3.3,
                25.0,
                -14.29289
              ],
              "rotation": [
                -45.0,
                0.0,
                0.0
              ],
              "uv": [
                0,
                14
              ],
              "inflate": 0
            }
          ],
          "parent": "Head"
        },
        {
          "name": "Rightarm",
          "pivot": [
            -2,
            19,
            -1
          ],
          "cubes": [
            {
              "origin": [
                -9.0,
                18.0,
                -2.0
              ],
              "size": [
                8.0,
                2.0,
                2.0
              ],
              "uv": [
                44,
                15
              ],
              "inflate": 0
            }
          ],
          "parent": "Body"
        },
        {
          "name": "bone2",
          "pivot": [
            -9.5,
            19,
            -1
          ],
          "cubes": [
            {
              "origin": [
                -16.0,
                18.0,
                -2.0
              ],
              "size": [
                7.0,
                2.0,
                2.0
              ],
              "uv": [
                46,
                8
              ],
              "inflate": 0
            }
          ],
          "parent": "Rightarm",
          "rotation": [
            0,
            -75,
            0
          ]
        },
        {
          "name": "bone3",
          "pivot": [
            -15.5153,
            18.7723,
            -1
          ],
          "cubes": [
            {
              "origin": [
                -18.0,
                18.5,
                -2.0
              ],
              "size": [
                2.0,
                1.0,
                2.0
              ],
              "uv": [
                23,
                15
              ],
              "inflate": 0
            },
            {
              "origin": [
                -19.9924,
                18.5,
                -0.91318
              ],
              "size": [
                3.0,
                1.0,
                1.0
              ],
              "pivot": [
                -18.4924,
                19.0,
                -0.41318
              ],
              "rotation": [
                0.0,
                10.0,
                0.0
              ],
              "uv": [
                24,
                4
              ],
              "inflate": 0
            },
            {
              "origin": [
                -21.45116,
                17.99456,
                -0.56779
              ],
              "size": [
                2.0,
                1.0,
                1.0
              ],
              "pivot": [
                -20.45116,
                18.49456,
                -0.06779
              ],
              "rotation": [
                -6.12673,
                7.9185,
                -37.92445
              ],
              "uv": [
                28,
                34
              ],
              "inflate": 0
            },
            {
              "origin": [
                -18.00544,
                18.5,
                -2.98897
              ],
              "size": [
                2.0,
                1.0,
                1.0
              ],
              "pivot": [
                -17.00544,
                19.0,
                -2.48897
              ],
              "rotation": [
                0.0,
                -52.5,
                0.0
              ],
              "uv": [
                34,
                26
              ],
              "inflate": 0
            },
            {
              "origin": [
                -18.85739,
                17.95577,
                -4.09926
              ],
              "size": [
                2.0,
                1.0,
                1.0
              ],
              "pivot": [
                -17.85739,
                18.45577,
                -3.59926
              ],
              "rotation": [
                41.36219,
                -35.79744,
                -56.40206
              ],
              "uv": [
                34,
                24
              ],
              "inflate": 0
            },
            {
              "origin": [
                -19.98296,
                18.5,
                -2.12941
              ],
              "size": [
                3.0,
                1.0,
                1.0
              ],
              "pivot": [
                -18.48296,
                19.0,
                -1.62941
              ],
              "rotation": [
                0.0,
                -15.0,
                0.0
              ],
              "uv": [
                23,
                20
              ],
              "inflate": 0
            },
            {
              "origin": [
                -21.31772,
                17.95577,
                -2.62103
              ],
              "size": [
                2.0,
                1.0,
                1.0
              ],
              "pivot": [
                -20.31772,
                18.45577,
                -2.12103
              ],
              "rotation": [
                10.26078,
                -11.00072,
                -43.49069
              ],
              "uv": [
                12,
                34
              ],
              "inflate": 0
            }
          ],
          "parent": "bone2",
          "rotation": [
            -60,
            0,
            0
          ]
        },
        {
          "name": "Leftarm",
          "pivot": [
            2,
            19,
            -1
          ],
          "cubes": [
            {
              "origin": [
                1.0,
                18.0,
                -2.0
              ],
              "size": [
                8.0,
                2.0,
                2.0
              ],
              "uv": [
                44,
                0
              ],
              "inflate": 0
            }
          ],
          "parent": "Body"
        },
        {
          "name": "bone4",
          "pivot": [
            9.5,
            19,
            -1
          ],
          "cubes": [
            {
              "origin": [
                9.0,
                18.0,
                -2.0
              ],
              "size": [
                7.0,
                2.0,
                2.0
              ],
              "uv": [
                46,
                4
              ],
              "inflate": 0
            }
          ],
          "parent": "Leftarm",
          "rotation": [
            0,
            75,
            0
          ]
        },
        {
          "name": "bone5",
          "pivot": [
            14.5153,
            18.7723,
            -1
          ],
          "cubes": [
            {
              "origin": [
                16.0,
                18.5,
                -2.0
              ],
              "size": [
                2.0,
                1.0,
                2.0
              ],
              "uv": [
                0,
                19
              ],
              "inflate": 0
            },
            {
              "origin": [
                16.9924,
                18.5,
                -0.91318
              ],
              "size": [
                3.0,
                1.0,
                1.0
              ],
              "pivot": [
                18.4924,
                19.0,
                -0.41318
              ],
              "rotation": [
                0.0,
                -10.0,
                0.0
              ],
              "uv": [
                23,
                18
              ],
              "inflate": 0
            },
            {
              "origin": [
                19.45116,
                17.99456,
                -0.56779
              ],
              "size": [
                2.0,
                1.0,
                1.0
              ],
              "pivot": [
                20.45116,
                18.49456,
                -0.06779
              ],
              "rotation": [
                -6.12673,
                -7.9185,
                37.92445
              ],
              "uv": [
                30,
                19
              ],
              "inflate": 0
            },
            {
              "origin": [
                16.00544,
                18.5,
                -2.98897
              ],
              "size": [
                2.0,
                1.0,
                1.0
              ],
              "pivot": [
                17.00544,
                19.0,
                -2.48897
              ],
              "rotation": [
                0.0,
                52.5,
                0.0
              ],
              "uv": [
                30,
                17
              ],
              "inflate": 0
            },
            {
              "origin": [
                16.85739,
                17.95577,
                -4.09926
              ],
              "size": [
                2.0,
                1.0,
                1.0
              ],
              "pivot": [
                17.85739,
                18.45577,
                -3.59926
              ],
              "rotation": [
                41.36219,
                35.79744,
                56.40206
              ],
              "uv": [
                29,
                15
              ],
              "inflate": 0
            },
            {
              "origin": [
                16.98296,
                18.5,
                -2.12941
              ],
              "size": [
                3.0,
                1.0,
                1.0
              ],
              "pivot": [
                18.48296,
                19.0,
                -1.62941
              ],
              "rotation": [
                0.0,
                15.0,
                0.0
              ],
              "uv": [
                0,
                6
              ],
              "inflate": 0
            },
            {
              "origin": [
                19.31772,
                17.95577,
                -2.62103
              ],
              "size": [
                2.0,
                1.0,
                1.0
              ],
              "pivot": [
                20.31772,
                18.45577,
                -2.12103
              ],
              "rotation": [
                10.26078,
                11.00072,
                43.49069
              ],
              "uv": [
                24,
                6
              ],
              "inflate": 0
            }
          ],
          "parent": "bone4",
          "rotation": [
            -60,
            0,
            0
          ]
        },
        {
          "name": "Rightleg",
          "pivot": [
            -2,
            9,
            0
          ],
          "cubes": [
            {
              "origin": [
                -9.0,
                8.0,
                -1.0
              ],
              "size": [
                8.0,
                2.0,
                2.0
              ],
              "uv": [
                24,
                43
              ],
              "inflate": 0
            }
          ],
          "parent": "Root",
          "rotation": [
            0,
            0,
            -12.5
          ]
        },
        {
          "name": "bone6",
          "pivot": [
            -9.5,
            9,
            0
          ],
          "cubes": [
            {
              "origin": [
                -16.0,
                8.0,
                -1.0
              ],
              "size": [
                7.0,
                2.0,
                2.0
              ],
              "uv": [
                44,
                43
              ],
              "inflate": 0
            }
          ],
          "parent": "Rightleg",
          "rotation": [
            0,
            0,
            -77.5
          ]
        },
        {
          "name": "bone7",
          "pivot": [
            -16.5,
            8.98916,
            0
          ],
          "cubes": [
            {
              "origin": [
                -17.0,
                7.5,
                -2.0
              ],
              "size": [
                1.0,
                3.0,
                3.0
              ],
              "uv": [
                0,
                13
              ],
              "inflate": 0
            },
            {
              "origin": [
                -17.0,
                9.5,
                -4.0
              ],
              "size": [
                1.0,
                1.0,
                2.0
              ],
              "pivot": [
                -16.5,
                10.0,
                -2.0
              ],
              "rotation": [
                -5.0,
                0.0,
                0.0
              ],
              "uv": [
                20,
                27
              ],
              "inflate": 0
            },
            {
              "origin": [
                -17.0,
                8.5,
                -4.0
              ],
              "size": [
                1.0,
                1.0,
                2.0
              ],
              "uv": [
                14,
                27
              ],
              "inflate": 0
            },
            {
              "origin": [
                -17.0,
                7.5,
                -4.0
              ],
              "size": [
                1.0,
                1.0,
                2.0
              ],
              "pivot": [
                -16.5,
                8.0,
                -2.0
              ],
              "rotation": [
                7.5,
                0.0,
                0.0
              ],
              "uv": [
                0,
                27
              ],
              "inflate": 0
            }
          ],
          "parent": "bone6"
        },
        {
          "name": "Leftleg",
          "pivot": [
            2,
            9,
            0
          ],
          "cubes": [
            {
              "origin": [
                1.0,
                8.0,
                -1.0
              ],
              "size": [
                8.0,
                2.0,
                2.0
              ],
              "uv": [
                24,
                0
              ],
              "inflate": 0
            }
          ],
          "parent": "Root",
          "rotation": [
            0,
            0,
            12.5
          ]
        },
        {
          "name": "bone8",
          "pivot": [
            9.5,
            9,
            0
          ],
          "cubes": [
            {
              "origin": [
                9.0,
                8.0,
                -1.0
              ],
              "size": [
                7.0,
                2.0,
                2.0
              ],
              "uv": [
                44,
                33
              ],
              "inflate": 0
            }
          ],
          "parent": "Leftleg",
          "rotation": [
            0,
            0,
            77.5
          ]
        },
        {
          "name": "bone9",
          "pivot": [
            16.5,
            8.98916,
            0
          ],
          "cubes": [
            {
              "origin": [
                16.0,
                7.5,
                -2.0
              ],
              "size": [
                1.0,
                3.0,
                3.0
              ],
              "uv": [
                0,
                0
              ],
              "inflate": 0
            },
            {
              "origin": [
                16.0,
                9.58716,
                -3.99619
              ],
              "size": [
                1.0,
                1.0,
                2.0
              ],
              "pivot": [
                16.5,
                10.08716,
                -2.99619
              ],
              "rotation": [
                -5.0,
                0.0,
                0.0
              ],
              "uv": [
                20,
                24
              ],
              "inflate": 0
            },
            {
              "origin": [
                16.0,
                8.5,
                -4.0
              ],
              "size": [
                1.0,
                1.0,
                2.0
              ],
              "uv": [
                14,
                24
              ],
              "inflate": 0
            },
            {
              "origin": [
                16.0,
                7.5,
                -4.0
              ],
              "size": [
                1.0,
                1.0,
                2.0
              ],
              "pivot": [
                16.5,
                8.0,
                -2.0
              ],
              "rotation": [
                7.5,
                0.0,
                0.0
              ],
              "uv": [
                0,
                24
              ],
              "inflate": 0
            }
          ],
          "parent": "bone8"
        }
      ]
    }
  ]
}