{"format_version":"1.12.0","minecraft:geometry":[{"description":{"identifier":"geometry.yg_purple","texture_width":64,"texture_height":64,"visible_bounds_width":2,"visible_bounds_height":4,"visible_bounds_offset":[0,1,0]},"bones":[{"name":"Root","locators":{"fog":[0,0,0]}},{"name":"Rightarm","pivot":[-4,0,0],"cubes":[{"origin":[-5.5,0,-1.5],"size":[3,10,3],"uv":[12,24],"inflate":0}],"parent":"Root"},{"name":"bone","pivot":[-4,10,0],"cubes":[{"origin":[-5.74,9.28,-1.74],"size":[3.48,10.44,3.48],"uv":[0,24],"inflate":0},{"origin":[-6.5,18.84,-0.42],"size":[7,7,1],"uv":[24,0],"inflate":0}],"parent":"Rightarm"},{"name":"Leftarm","pivot":[4,0,0],"cubes":[{"origin":[2.5,0,-1.5],"size":[3,10,3],"uv":[12,24],"inflate":0,"mirror":true}],"parent":"Root"},{"name":"bone2","pivot":[4,10,0],"cubes":[{"origin":[2.26,9.28,-1.74],"size":[3.48,10.44,3.48],"uv":[0,24],"inflate":0,"mirror":true},{"origin":[-0.5,18.84,-0.42],"size":[7,7,1],"uv":[24,0],"inflate":0,"mirror":true}],"parent":"Leftarm"},{"name":"Head","pivot":[0,-6,0],"cubes":[{"origin":[-3,-8,-4],"size":[8,6,8],"uv":[0,0],"inflate":0},{"origin":[-2.5,-5.5,-4.1],"size":[2,2,0],"uv":[0,0],"inflate":0},{"origin":[2.5,-5.5,-4.1],"size":[2,2,0],"uv":[0,0],"inflate":0,"mirror":true},{"origin":[-2.58579,-9,-3.5],"size":[2,2,0],"pivot":[-1.58579,-8,-3.5],"rotation":[0,0,-45],"uv":[24,16],"inflate":0},{"origin":[-2.58579,-11,-3.5],"size":[2,2,0],"pivot":[-1.58579,-10,-3.5],"rotation":[0,0,-45],"uv":[0,20],"inflate":0},{"origin":[-2.5,-11,-3.41421],"size":[0,2,2],"pivot":[-2.5,-10,-2.41421],"rotation":[-45,0,0],"uv":[4,16],"inflate":0},{"origin":[4.5,-11,-3.41421],"size":[0,2,2],"pivot":[4.5,-10,-2.41421],"rotation":[-45,0,0],"uv":[0,14],"inflate":0},{"origin":[4.5,-9,-3.41421],"size":[0,2,2],"pivot":[4.5,-8,-2.41421],"rotation":[-45,0,0],"uv":[4,4],"inflate":0},{"origin":[-2.5,-9,-3.41421],"size":[0,2,2],"pivot":[-2.5,-8,-2.41421],"rotation":[-45,0,0],"uv":[0,4],"inflate":0},{"origin":[-2.5,-11,1.41421],"size":[0,2,2],"pivot":[-2.5,-10,2.41421],"rotation":[45,0,0],"uv":[0,16],"inflate":0},{"origin":[4.5,-11,1.41421],"size":[0,2,2],"pivot":[4.5,-10,2.41421],"rotation":[45,0,0],"uv":[4,12],"inflate":0},{"origin":[4.5,-9,1.41421],"size":[0,2,2],"pivot":[4.5,-8,2.41421],"rotation":[45,0,0],"uv":[4,0],"inflate":0},{"origin":[-2.5,-9,1.41421],"size":[0,2,2],"pivot":[-2.5,-8,2.41421],"rotation":[45,0,0],"uv":[0,0],"inflate":0},{"origin":[2.58579,-9,-3.5],"size":[2,2,0],"pivot":[3.58579,-8,-3.5],"rotation":[0,0,45],"uv":[24,14],"inflate":0},{"origin":[2.58579,-11,-3.5],"size":[2,2,0],"pivot":[3.58579,-10,-4],"rotation":[0,0,45],"uv":[4,0],"inflate":0},{"origin":[-0.0533,-8.81066,-3.5],"size":[2,2,0],"pivot":[0.9467,-7.81066,-3.5],"rotation":[0,0,45],"uv":[9,24],"inflate":0},{"origin":[-0.35355,-12,-3.5],"size":[2,2,0],"pivot":[2.23223,-10.76777,-4],"rotation":[0,0,45],"uv":[4,20],"inflate":0},{"origin":[-2.5,-10.81066,-0.9467],"size":[0,2,2],"pivot":[-2.5,-9.81066,0.0533],"rotation":[45,0,0],"uv":[4,14],"inflate":0},{"origin":[4.5,-12,-0.64645],"size":[0,2,2],"pivot":[5,-10.76777,-1.23223],"rotation":[45,0,0],"uv":[0,12],"inflate":0},{"origin":[4.5,-10,-0.64645],"size":[0,2,2],"pivot":[5,-8.76777,-1.23223],"rotation":[45,0,0],"uv":[4,2],"inflate":0},{"origin":[-2.5,-10,-0.64645],"size":[0,2,2],"pivot":[-3,-8.76777,-1.23223],"rotation":[45,0,0],"uv":[0,2],"inflate":0},{"origin":[-3,-12,-4],"size":[8,2,8],"uv":[0,14],"inflate":0}],"parent":"Root"}]}]}