{
  "format_version": "1.12.0",
  "minecraft:geometry": [
    {
      "description": {
        "identifier": "geometry.yg_red",
        "texture_width": 64,
        "texture_height": 64,
        "visible_bounds_width": 2,
        "visible_bounds_height": 3.5,
        "visible_bounds_offset": [
          0,
          1.25,
          0
        ]
      },
      "bones": [
        {
          "name": "Root"
        },
        {
          "name": "Body",
          "pivot": [
            0,
            12,
            0
          ],
          "cubes": [
            {
              "origin": [
                -4.0,
                12.0,
                -2.0
              ],
              "size": [
                8.0,
                12.0,
                4.0
              ],
              "uv": [
                0,
                16
              ],
              "inflate": 0
            }
          ],
          "parent": "Root"
        },
        {
          "name": "Head",
          "pivot": [
            0,
            24,
            0
          ],
          "cubes": [
            {
              "origin": [
                -4.0,
                24.0,
                -4.0
              ],
              "size": [
                8.0,
                8.0,
                8.0
              ],
              "uv": [
                0,
                0
              ],
              "inflate": 0
            },
            {
              "origin": [
                -4.9763,
                28.78356,
                -4.0
              ],
              "size": [
                3.0,
                3.0,
                3.0
              ],
              "pivot": [
                -3.4763,
                30.28356,
                -2.5
              ],
              "rotation": [
                0.0,
                0.0,
                -12.5
              ],
              "uv": [
                32,
                38
              ],
              "inflate": 0.5
            },
            {
              "origin": [
                1.9763,
                28.78356,
                -4.0
              ],
              "size": [
                3.0,
                3.0,
                3.0
              ],
              "pivot": [
                3.4763,
                30.28356,
                -2.5
              ],
              "rotation": [
                0.0,
                0.0,
                12.5
              ],
              "uv": [
                32,
                32
              ],
              "inflate": 0.5
            }
          ],
          "parent": "Body"
        },
        {
          "name": "RightArm",
          "pivot": [
            -5,
            22,
            0
          ],
          "cubes": [
            {
              "origin": [
                -8.0,
                12.0,
                -2.0
              ],
              "size": [
                4.0,
                12.0,
                4.0
              ],
              "uv": [
                16,
                32
              ],
              "inflate": 0
            }
          ],
          "parent": "Body"
        },
        {
          "name": "LeftArm",
          "pivot": [
            5,
            22,
            0
          ],
          "cubes": [
            {
              "origin": [
                4.0,
                12.0,
                -2.0
              ],
              "size": [
                4.0,
                12.0,
                4.0
              ],
              "uv": [
                32,
                0
              ],
              "inflate": 0
            }
          ],
          "parent": "Body"
        },
        {
          "name": "RightLeg",
          "pivot": [
            -1.9,
            12,
            0
          ],
          "cubes": [
            {
              "origin": [
                -4.0,
                0.0,
                -2.0
              ],
              "size": [
                4.0,
                12.0,
                4.0
              ],
              "uv": [
                0,
                32
              ],
              "inflate": 0
            }
          ],
          "parent": "Root"
        },
        {
          "name": "LeftLeg",
          "pivot": [
            1.9,
            12,
            0
          ],
          "cubes": [
            {
              "origin": [
                0.0,
                0.0,
                -2.0
              ],
              "size": [
                4.0,
                12.0,
                4.0
              ],
              "uv": [
                24,
                16
              ],
              "inflate": 0
            }
          ],
          "parent": "Root"
        }
      ]
    }
  ]
}