{"format_version":"1.12.0","minecraft:geometry":[{"description":{"identifier":"geometry.yg_yellow","texture_width":128,"texture_height":128,"visible_bounds_width":5,"visible_bounds_height":4.5,"visible_bounds_offset":[0,1.75,0]},"bones":[{"name":"Root","pivot":[0,0,0]},{"name":"Body","parent":"Root","pivot":[0,16,1.5],"cubes":[{"origin":[-2,28.15224,-1.23463],"size":[4,5,4],"pivot":[0,30.65224,0.76537],"rotation":[22.5,0,0],"uv":[12,59]},{"origin":[-4,25,-2],"size":[8,5,6],"uv":[0,16]},{"origin":[-3.5,21,4],"size":[7,8,2],"uv":[50,31]},{"origin":[-1.5,24,6],"size":[3,3,1],"uv":[34,18]},{"origin":[-0.5,25,7],"size":[1,1,9],"uv":[39,34]},{"origin":[-0.6,24.9,15.9],"size":[1.2,1.2,1.2],"uv":[3,4]},{"origin":[-3.74,14.96,-2.24],"size":[7.48,1.08,6.48],"uv":[26,11]},{"origin":[-4.5,16,-2.5],"size":[9,9,7],"uv":[0,0]},{"origin":[-2.5,13.13964,2.22873],"size":[5,5,7],"pivot":[0,15.63964,5.72873],"rotation":[-35,0,0],"uv":[0,27]},{"origin":[-2,10.62414,7.88093],"size":[4,4,7],"pivot":[0,12.62414,11.38093],"rotation":[-22.5,0,0],"uv":[32,0]},{"origin":[-1.5,7.96796,13.58665],"size":[3,3,7],"pivot":[0,9.46796,17.08665],"rotation":[-35,0,0],"uv":[0,39]}]},{"name":"Wo","parent":"Body","pivot":[0,25.5,16.5],"cubes":[{"origin":[-1,24.5,17],"size":[2,2,1],"uv":[0,0]},{"origin":[0.35644,26.14979,17.5],"size":[11,4,0],"pivot":[5.85644,28.14979,17.5],"rotation":[0,0,-20],"uv":[48,44]},{"origin":[-11.35644,26.14979,17.5],"size":[11,4,0],"pivot":[-5.85644,28.14979,17.5],"rotation":[0,0,20],"uv":[47,0]},{"origin":[-2,13.5,17.5],"size":[4,11,0],"uv":[58,64]}]},{"name":"Head","parent":"Body","pivot":[0,32,0],"cubes":[{"origin":[-3,32,-3],"size":[6,6,6],"pivot":[0,35,0],"rotation":[10,0,0],"uv":[24,31]},{"origin":[-4,34,-4],"size":[2,3,3],"pivot":[-3,35.5,-2.5],"rotation":[0,0,12.5],"uv":[28,43]},{"origin":[2,34,-4],"size":[2,3,3],"pivot":[3,35.5,-2.5],"rotation":[0,0,-12.5],"uv":[28,43],"mirror":true},{"origin":[-4.07393,34.73808,-3.5],"size":[0,2,2],"pivot":[-4.07393,35.73808,-2.5],"rotation":[0,0,12.5],"uv":[0,1]},{"origin":[4.07393,34.73808,-3.5],"size":[0,2,2],"pivot":[4.07393,35.73808,-2.5],"rotation":[0,0,-12.5],"uv":[0,1],"mirror":true},{"origin":[-5.43782,33.4924,-0.46994],"size":[4,3,6],"pivot":[1.56218,38.4924,2.53006],"rotation":[11.50839,-29.4987,-5.72511],"uv":[34,44]},{"origin":[0.76795,33.11145,-2.32419],"size":[4,3,6],"pivot":[2.76795,34.61145,0.67581],"rotation":[11.50839,29.4987,5.72511],"uv":[14,43]},{"origin":[-6.55133,34.5,2.50117],"size":[4,2,5],"pivot":[-4.55133,35.46229,5.50117],"rotation":[10.15108,-9.84655,-1.75378],"uv":[29,54]},{"origin":[2.4645,34.41392,2.5097],"size":[4,2,5],"pivot":[4.4645,35.41392,5.0097],"rotation":[10.15108,9.84655,1.75378],"uv":[16,52]},{"origin":[-1.5,34.45143,-5.67633],"size":[3,4,9],"pivot":[0,36.45143,-1.17633],"rotation":[30,0,0],"uv":[19,18]},{"origin":[-1,37.40914,2.25406],"size":[2,4,5],"pivot":[0,39.40914,4.75406],"rotation":[20,0,0],"uv":[44,60]},{"origin":[-2.5,31.57507,-5.20786],"size":[5,5,3],"pivot":[0,34.07507,-3.70786],"rotation":[22.5,0,0],"uv":[28,61]},{"origin":[-2,30.58324,-8.23201],"size":[4,4,4],"pivot":[0,32.58324,-6.23201],"rotation":[35,0,0],"uv":[59,56]},{"origin":[-1,28.72955,-11.00106],"size":[2,3,4],"pivot":[0,30.22955,-9.00106],"rotation":[45,0,0],"uv":[25,0]}]},{"name":"Rightarm","parent":"Body","pivot":[-4,28,1],"cubes":[{"origin":[-6,24,-1],"size":[2,5,4],"uv":[64,4]},{"origin":[-6.1,16.65,-1.75],"size":[2.2,7.7,5.5],"uv":[49,48]},{"origin":[-6.1,9.91795,-0.75],"size":[2.2,3.7,5.5],"pivot":[-5,11.76795,2],"rotation":[30,0,0],"uv":[0,63]},{"origin":[-6.12,11.68558,-1.83906],"size":[2.24,6.72,6.72],"pivot":[-5,15.04558,1.52094],"rotation":[10,0,0],"uv":[48,5]}]},{"name":"Leftarm","parent":"Body","pivot":[4,28,1],"cubes":[{"origin":[4,24,-1],"size":[2,5,4],"uv":[64,4],"mirror":true},{"origin":[3.9,16.65,-1.75],"size":[2.2,7.7,5.5],"uv":[49,48],"mirror":true},{"origin":[3.9,9.91795,-0.75],"size":[2.2,3.7,5.5],"pivot":[5,11.76795,2],"rotation":[30,0,0],"uv":[0,63],"mirror":true},{"origin":[3.88,11.68558,-1.83906],"size":[2.24,6.72,6.72],"pivot":[5,15.04558,1.52094],"rotation":[10,0,0],"uv":[48,5],"mirror":true}]},{"name":"Rightleg","parent":"Root","pivot":[-3,15,0.5],"cubes":[{"origin":[-5,8.10222,-1.77646],"size":[4,9,4],"pivot":[-3,12.60222,0.22354],"rotation":[-15,0,0],"uv":[43,18]},{"origin":[-5,4,0],"size":[4,7,4],"uv":[0,49]},{"origin":[-5.36,-0.36,-0.36],"size":[4.72,4.72,4.72],"uv":[59,17]}]},{"name":"Leftleg","parent":"Root","pivot":[3,15,0.5],"cubes":[{"origin":[1,8.10222,-1.77646],"size":[4,9,4],"pivot":[3,12.60222,0.22354],"rotation":[-15,0,0],"uv":[43,18],"mirror":true},{"origin":[1,4,0],"size":[4,7,4],"uv":[0,49],"mirror":true},{"origin":[0.64,-0.36,-0.36],"size":[4.72,4.72,4.72],"uv":[59,17],"mirror":true}]}]}]}