{
  "format_version": "1.12.0",
  "minecraft:geometry": [
    {
      "description": {
        "identifier": "geometry.mr_box",
        "texture_width": 128,
        "texture_height": 128,
        "visible_bounds_width": 3,
        "visible_bounds_height": 2.5,
        "visible_bounds_offset": [
          0,
          0.75,
          0
        ]
      },
      "bones": [
        {
          "name": "bone",
          "cubes": [
            {
              "origin": [
                -7.0,
                0.0,
                -8.0
              ],
              "size": [
                14.0,
                12.0,
                16.0
              ],
              "uv": [
                0,
                0
              ],
              "inflate": 0
            },
            {
              "origin": [
                -13.0,
                0.0,
                -8.0
              ],
              "size": [
                6.0,
                2.0,
                16.0
              ],
              "uv": [
                28,
                30
              ],
              "inflate": 0
            },
            {
              "origin": [
                7.0,
                0.0,
                -8.0
              ],
              "size": [
                6.0,
                2.0,
                16.0
              ],
              "uv": [
                0,
                28
              ],
              "inflate": 0
            }
          ]
        }
      ]
    }
  ]
}