{
  "format_version": "1.12.0",
  "minecraft:geometry": [
    {
      "description": {
        "identifier": "geometry.mr_blue",
        "texture_width": 128,
        "texture_height": 128,
        "visible_bounds_width": 3,
        "visible_bounds_height": 3.5,
        "visible_bounds_offset": [
          0,
          1.25,
          0
        ]
      },
      "bones": [
        {
          "name": "Root",
          "pivot": [
            0,
            0,
            -1
          ]
        },
        {
          "name": "Body",
          "pivot": [
            0,
            12,
            -1
          ],
          "cubes": [
            {
              "origin": [
                -5.0,
                12.0,
                -4.25
              ],
              "size": [
                10.0,
                6.0,
                7.5
              ],
              "uv": [
                29,
                28
              ],
              "inflate": 0
            }
          ],
          "parent": "Root"
        },
        {
          "name": "bone2",
          "pivot": [
            0,
            18,
            -1
          ],
          "cubes": [
            {
              "origin": [
                -5.5,
                18.0,
                -4.75
              ],
              "size": [
                11.0,
                9.0,
                8.5
              ],
              "uv": [
                0,
                0
              ],
              "inflate": 0
            }
          ],
          "parent": "Body"
        },
        {
          "name": "RightArm",
          "pivot": [
            -5.5,
            26,
            -0.5
          ],
          "cubes": [
            {
              "origin": [
                -8.5,
                18.0,
                -2.7
              ],
              "size": [
                4.0,
                9.0,
                4.4
              ],
              "uv": [
                36,
                52
              ],
              "inflate": 0
            }
          ],
          "parent": "bone2",
          "rotation": [
            0,
            0,
            5
          ]
        },
        {
          "name": "bone4",
          "pivot": [
            -6,
            18,
            -0.5
          ],
          "cubes": [
            {
              "origin": [
                -8.75,
                10.0,
                -2.95
              ],
              "size": [
                4.5,
                8.0,
                4.9
              ],
              "uv": [
                20,
                54
              ],
              "inflate": 0
            }
          ],
          "parent": "RightArm"
        },
        {
          "name": "LeftArm",
          "pivot": [
            5.5,
            26,
            -0.5
          ],
          "cubes": [
            {
              "origin": [
                4.5,
                18.0,
                -2.7
              ],
              "size": [
                4.0,
                9.0,
                4.4
              ],
              "uv": [
                52,
                0
              ],
              "inflate": 0
            }
          ],
          "parent": "bone2",
          "rotation": [
            0,
            0,
            -5
          ]
        },
        {
          "name": "bone6",
          "pivot": [
            6,
            18,
            -0.5
          ],
          "cubes": [
            {
              "origin": [
                4.25,
                10.0,
                -2.95
              ],
              "size": [
                4.5,
                8.0,
                4.9
              ],
              "uv": [
                52,
                52
              ],
              "inflate": 0
            }
          ],
          "parent": "LeftArm"
        },
        {
          "name": "Head",
          "pivot": [
            0,
            27,
            -1
          ],
          "cubes": [
            {
              "origin": [
                -4.5,
                27.0,
                -5.0
              ],
              "size": [
                9.0,
                9.0,
                9.0
              ],
              "uv": [
                0,
                17
              ],
              "inflate": 0
            }
          ],
          "parent": "bone2"
        },
        {
          "name": "bone7",
          "pivot": [
            -2,
            32,
            -5
          ],
          "cubes": [
            {
              "origin": [
                -3.5,
                31.5,
                -5.7
              ],
              "size": [
                2.0,
                2.0,
                0.0
              ],
              "uv": [
                5,
                82
              ],
              "inflate": 0
            },
            {
              "origin": [
                -4.0,
                31.0,
                -5.6
              ],
              "size": [
                3.0,
                3.0,
                2.0
              ],
              "uv": [
                36,
                22
              ],
              "inflate": 0
            }
          ],
          "parent": "Head"
        },
        {
          "name": "bone5",
          "pivot": [
            0,
            36,
            -1
          ],
          "cubes": [
            {
              "origin": [
                -3.5,
                35.0,
                -4.5
              ],
              "size": [
                7.0,
                5.0,
                8.0
              ],
              "uv": [
                30,
                9
              ],
              "inflate": 0
            }
          ],
          "parent": "Head"
        },
        {
          "name": "bone8",
          "pivot": [
            2,
            32,
            -5
          ],
          "cubes": [
            {
              "origin": [
                1.0,
                31.0,
                -5.6
              ],
              "size": [
                3.0,
                3.0,
                2.0
              ],
              "uv": [
                15,
                35
              ],
              "inflate": 0
            }
          ],
          "parent": "Head"
        },
        {
          "name": "bone9",
          "pivot": [
            3,
            29,
            -5
          ],
          "cubes": [
            {
              "origin": [
                0.0,
                24.0,
                -5.0
              ],
              "size": [
                5.0,
                5.0,
                0.0
              ],
              "uv": [
                30,
                0
              ],
              "inflate": 0
            }
          ],
          "parent": "Head",
          "rotation": [
            -2.47864,
            -0.32621,
            -7.49294
          ]
        },
        {
          "name": "LeftLeg",
          "pivot": [
            3,
            16,
            -0.5
          ],
          "cubes": [
            {
              "origin": [
                0.0,
                8.0,
                -3.0
              ],
              "size": [
                5.0,
                6.0,
                5.0
              ],
              "uv": [
                0,
                48
              ],
              "inflate": 0
            }
          ],
          "parent": "Root",
          "rotation": [
            0,
            -2.5,
            -3.5
          ]
        },
        {
          "name": "bone3",
          "pivot": [
            2.5,
            8,
            -0.5
          ],
          "cubes": [
            {
              "origin": [
                -0.25,
                0.0,
                -3.25
              ],
              "size": [
                5.5,
                8.0,
                5.5
              ],
              "uv": [
                20,
                41
              ],
              "inflate": 0
            }
          ],
          "parent": "LeftLeg"
        },
        {
          "name": "RightLeg",
          "pivot": [
            -2,
            16,
            -0.5
          ],
          "cubes": [
            {
              "origin": [
                -5.0,
                8.0,
                -3.0
              ],
              "size": [
                5.0,
                6.0,
                5.0
              ],
              "uv": [
                40,
                41
              ],
              "inflate": 0
            }
          ],
          "parent": "Root",
          "rotation": [
            0,
            2.5,
            3.5
          ]
        },
        {
          "name": "bone",
          "pivot": [
            -2.5,
            8,
            -0.5
          ],
          "cubes": [
            {
              "origin": [
                -5.25,
                0.0,
                -3.25
              ],
              "size": [
                5.5,
                8.0,
                5.5
              ],
              "uv": [
                0,
                35
              ],
              "inflate": 0
            }
          ],
          "parent": "RightLeg"
        }
      ]
    }
  ]
}