{
  "format_version": "1.12.0",
  "minecraft:geometry": [
    {
      "description": {
        "identifier": "geometry.mr_cyan",
        "texture_width": 128,
        "texture_height": 128,
        "visible_bounds_width": 4,
        "visible_bounds_height": 3.5,
        "visible_bounds_offset": [
          0,
          1.25,
          0
        ]
      },
      "bones": [
        {
          "name": "Root"
        },
        {
          "name": "Body",
          "pivot": [
            0,
            10,
            0
          ],
          "cubes": [
            {
              "origin": [
                -3.0,
                10.0,
                -8.0
              ],
              "size": [
                6.0,
                6.0,
                14.0
              ],
              "uv": [
                0,
                0
              ],
              "inflate": 0
            }
          ],
          "parent": "Root"
        },
        {
          "name": "bone6",
          "pivot": [
            0,
            13,
            6
          ],
          "cubes": [
            {
              "origin": [
                -2.3,
                10.5,
                5.0
              ],
              "size": [
                4.6,
                5.0,
                7.0
              ],
              "uv": [
                0,
                43
              ],
              "inflate": 0
            }
          ],
          "parent": "Body",
          "rotation": [
            -7.5,
            0,
            0
          ]
        },
        {
          "name": "bone7",
          "pivot": [
            0,
            13,
            12
          ],
          "cubes": [
            {
              "origin": [
                -1.8,
                11.0,
                11.0
              ],
              "size": [
                3.6,
                4.0,
                9.0
              ],
              "uv": [
                31,
                11
              ],
              "inflate": 0
            }
          ],
          "parent": "bone6",
          "rotation": [
            20,
            0,
            0
          ]
        },
        {
          "name": "bone3",
          "pivot": [
            0,
            12,
            -7
          ],
          "cubes": [
            {
              "origin": [
                -2.25,
                9.75,
                -14.0
              ],
              "size": [
                4.5,
                4.5,
                8.0
              ],
              "uv": [
                22,
                38
              ],
              "inflate": 0
            }
          ],
          "parent": "Body",
          "rotation": [
            -65,
            0,
            0
          ]
        },
        {
          "name": "Head",
          "pivot": [
            0,
            13,
            -14
          ],
          "cubes": [
            {
              "origin": [
                -0.4,
                12.3,
                -21.8
              ],
              "size": [
                10.8,
                1.4,
                4.6
              ],
              "pivot": [
                0.0,
                12.7,
                -21.0
              ],
              "rotation": [
                0.0,
                -40.0,
                -2.5
              ],
              "uv": [
                46,
                10
              ],
              "inflate": 0
            },
            {
              "origin": [
                -0.8,
                13.0,
                -22.0
              ],
              "size": [
                11.6,
                5.2,
                5.0
              ],
              "pivot": [
                0.0,
                14.0,
                -21.0
              ],
              "rotation": [
                0.0,
                -40.0,
                -2.5
              ],
              "uv": [
                0,
                20
              ],
              "inflate": 0
            },
            {
              "origin": [
                9.9,
                13.6,
                -21.0
              ],
              "size": [
                3.2,
                4.0,
                6.0
              ],
              "pivot": [
                0.0,
                14.0,
                -21.0
              ],
              "rotation": [
                5.0,
                -40.0,
                -2.5
              ],
              "uv": [
                37,
                52
              ],
              "inflate": 0
            },
            {
              "origin": [
                -10.8,
                13.0,
                -22.0
              ],
              "size": [
                11.6,
                5.2,
                5.0
              ],
              "pivot": [
                0.0,
                14.0,
                -21.0
              ],
              "rotation": [
                0.0,
                40.0,
                2.5
              ],
              "uv": [
                26,
                0
              ],
              "inflate": 0
            },
            {
              "origin": [
                -13.1,
                13.6,
                -21.0
              ],
              "size": [
                3.2,
                4.0,
                6.0
              ],
              "pivot": [
                0.0,
                14.0,
                -21.0
              ],
              "rotation": [
                5.0,
                40.0,
                2.5
              ],
              "uv": [
                54,
                18
              ],
              "inflate": 0
            },
            {
              "origin": [
                -10.4,
                12.3,
                -21.8
              ],
              "size": [
                10.8,
                1.4,
                4.6
              ],
              "pivot": [
                0.0,
                12.7,
                -21.0
              ],
              "rotation": [
                0.0,
                40.0,
                2.5
              ],
              "uv": [
                38,
                38
              ],
              "inflate": 0
            }
          ],
          "parent": "bone3",
          "rotation": [
            70,
            0,
            0
          ]
        },
        {
          "name": "bone10",
          "pivot": [
            0,
            13,
            -11
          ],
          "cubes": [
            {
              "origin": [
                -0.8,
                11.5,
                -21.7
              ],
              "size": [
                11.4,
                2.0,
                4.9
              ],
              "pivot": [
                0.0,
                15.5,
                -21.0
              ],
              "rotation": [
                0.0,
                -40.0,
                -2.5
              ],
              "uv": [
                0,
                37
              ],
              "inflate": 0
            },
            {
              "origin": [
                -0.8,
                11.0,
                -21.8
              ],
              "size": [
                11.6,
                2.0,
                5.0
              ],
              "pivot": [
                0.0,
                14.0,
                -21.0
              ],
              "rotation": [
                0.0,
                -40.0,
                -2.5
              ],
              "uv": [
                27,
                25
              ],
              "inflate": 0
            },
            {
              "origin": [
                -10.8,
                11.5,
                -21.7
              ],
              "size": [
                11.4,
                2.0,
                4.9
              ],
              "pivot": [
                0.0,
                15.5,
                -21.0
              ],
              "rotation": [
                0.0,
                40.0,
                2.5
              ],
              "uv": [
                32,
                32
              ],
              "inflate": 0
            },
            {
              "origin": [
                -10.8,
                11.0,
                -21.8
              ],
              "size": [
                11.6,
                2.0,
                5.0
              ],
              "pivot": [
                0.0,
                14.0,
                -21.0
              ],
              "rotation": [
                0.0,
                40.0,
                2.5
              ],
              "uv": [
                0,
                30
              ],
              "inflate": 0
            }
          ],
          "parent": "Head",
          "rotation": [
            2.5,
            0,
            0
          ]
        },
        {
          "name": "bone8",
          "pivot": [
            3,
            15,
            -19
          ],
          "cubes": [
            {
              "origin": [
                2.60774,
                14.5,
                -20.09063
              ],
              "size": [
                1.2,
                2.4,
                2.0
              ],
              "uv": [
                26,
                10
              ],
              "inflate": 0
            },
            {
              "origin": [
                2.0,
                14.2,
                -20.0
              ],
              "size": [
                3.0,
                3.0,
                2.0
              ],
              "uv": [
                46,
                15
              ],
              "inflate": 0
            }
          ],
          "parent": "Head",
          "rotation": [
            0,
            -25,
            0
          ]
        },
        {
          "name": "bone9",
          "pivot": [
            -3,
            16,
            -19
          ],
          "cubes": [
            {
              "origin": [
                -5.0,
                14.2,
                -20.0
              ],
              "size": [
                3.0,
                3.0,
                2.0
              ],
              "uv": [
                30,
                50
              ],
              "inflate": 0
            },
            {
              "origin": [
                -3.80774,
                14.5,
                -20.09063
              ],
              "size": [
                1.2,
                2.4,
                2.0
              ],
              "uv": [
                8,
                10
              ],
              "inflate": 0
            }
          ],
          "parent": "Head",
          "rotation": [
            0,
            25,
            0
          ]
        },
        {
          "name": "LeftLeg",
          "pivot": [
            3,
            12,
            -1
          ],
          "cubes": [
            {
              "origin": [
                1.4,
                7.6,
                -3.8
              ],
              "size": [
                3.2,
                5.8,
                5.6
              ],
              "uv": [
                0,
                55
              ],
              "inflate": 0
            }
          ],
          "parent": "Root"
        },
        {
          "name": "bone4",
          "pivot": [
            3,
            8,
            0
          ],
          "cubes": [
            {
              "origin": [
                1.55,
                1.0,
                -1.5
              ],
              "size": [
                2.9,
                9.0,
                3.5
              ],
              "uv": [
                0,
                0
              ],
              "inflate": 0
            }
          ],
          "parent": "LeftLeg",
          "rotation": [
            -17.5,
            0,
            0
          ]
        },
        {
          "name": "bone5",
          "pivot": [
            3,
            2,
            0
          ],
          "cubes": [
            {
              "origin": [
                0.85,
                0.0,
                -4.0
              ],
              "size": [
                4.3,
                2.5,
                7.5
              ],
              "uv": [
                39,
                43
              ],
              "inflate": 0
            }
          ],
          "parent": "bone4",
          "rotation": [
            17.5,
            0,
            0
          ]
        },
        {
          "name": "RightLeg",
          "pivot": [
            -3,
            12,
            -1
          ],
          "cubes": [
            {
              "origin": [
                -4.6,
                7.6,
                -3.8
              ],
              "size": [
                3.2,
                5.8,
                5.6
              ],
              "uv": [
                55,
                52
              ],
              "inflate": 0
            }
          ],
          "parent": "Root"
        },
        {
          "name": "bone",
          "pivot": [
            -3,
            8,
            0
          ],
          "cubes": [
            {
              "origin": [
                -4.45,
                1.0,
                -1.5
              ],
              "size": [
                2.9,
                9.0,
                3.5
              ],
              "uv": [
                16,
                59
              ],
              "inflate": 0
            }
          ],
          "parent": "RightLeg",
          "rotation": [
            -17.5,
            0,
            0
          ]
        },
        {
          "name": "bone2",
          "pivot": [
            -3,
            2,
            0
          ],
          "cubes": [
            {
              "origin": [
                -5.15,
                0.0,
                -4.0
              ],
              "size": [
                4.3,
                2.5,
                7.5
              ],
              "uv": [
                15,
                50
              ],
              "inflate": 0
            }
          ],
          "parent": "bone",
          "rotation": [
            17.5,
            0,
            0
          ]
        }
      ]
    }
  ]
}