{
  "format_version": "1.12.0",
  "minecraft:geometry": [
    {
      "description": {
        "identifier": "geometry.mr_green",
        "texture_width": 128,
        "texture_height": 128,
        "visible_bounds_width": 6,
        "visible_bounds_height": 4.5,
        "visible_bounds_offset": [
          0,
          1.75,
          0
        ]
      },
      "bones": [
        {
          "name": "Root"
        },
        {
          "name": "LeftLeg",
          "pivot": [
            3,
            12,
            0
          ],
          "cubes": [
            {
              "origin": [
                1.5,
                5.0,
                -2.5
              ],
              "size": [
                5.0,
                8.0,
                5.0
              ],
              "uv": [
                0,
                30
              ],
              "inflate": 0
            }
          ],
          "parent": "Root"
        },
        {
          "name": "bone3",
          "pivot": [
            4,
            7,
            0
          ],
          "cubes": [
            {
              "origin": [
                1.25,
                0.0,
                -2.75
              ],
              "size": [
                5.5,
                7.0,
                5.5
              ],
              "uv": [
                0,
                46
              ],
              "inflate": 0
            }
          ],
          "parent": "LeftLeg"
        },
        {
          "name": "Body",
          "pivot": [
            0,
            10,
            0
          ],
          "cubes": [
            {
              "origin": [
                -3.5,
                8.0,
                -3.5
              ],
              "size": [
                7.0,
                23.0,
                7.0
              ],
              "uv": [
                0,
                0
              ],
              "inflate": 0
            },
            {
              "origin": [
                -3.25,
                31.0,
                -3.25
              ],
              "size": [
                6.5,
                1.0,
                6.5
              ],
              "uv": [
                49,
                49
              ],
              "inflate": 0
            }
          ],
          "parent": "Root"
        },
        {
          "name": "bone5",
          "pivot": [
            0,
            31,
            2
          ],
          "cubes": [
            {
              "origin": [
                -3.5,
                31.0,
                -3.5
              ],
              "size": [
                7.0,
                9.0,
                7.0
              ],
              "uv": [
                21,
                23
              ],
              "inflate": 0
            },
            {
              "origin": [
                -3.3,
                30.0,
                -3.3
              ],
              "size": [
                6.6,
                1.0,
                6.6
              ],
              "uv": [
                49,
                29
              ],
              "inflate": 0
            }
          ],
          "parent": "Body",
          "rotation": [
            -17.5,
            0,
            0
          ]
        },
        {
          "name": "bone6",
          "pivot": [
            -3,
            37,
            -3
          ],
          "cubes": [
            {
              "origin": [
                -2.0,
                35.0,
                -5.0
              ],
              "size": [
                3.0,
                3.0,
                2.0
              ],
              "pivot": [
                0.0,
                -1.0,
                0.0
              ],
              "rotation": [
                0.0,
                35.0,
                0.0
              ],
              "uv": [
                55,
                36
              ],
              "inflate": 0
            }
          ],
          "parent": "bone5"
        },
        {
          "name": "bone9",
          "pivot": [
            -3,
            36,
            -4
          ],
          "cubes": [
            {
              "origin": [
                -1.3,
                35.7,
                -5.1
              ],
              "size": [
                1.6,
                1.6,
                1.0
              ],
              "pivot": [
                0.0,
                -1.0,
                0.0
              ],
              "rotation": [
                0.0,
                35.0,
                0.0
              ],
              "uv": [
                0,
                0
              ],
              "inflate": 0
            }
          ],
          "parent": "bone6"
        },
        {
          "name": "bone7",
          "pivot": [
            3,
            37,
            -3
          ],
          "cubes": [
            {
              "origin": [
                -1.0,
                35.0,
                -5.0
              ],
              "size": [
                3.0,
                3.0,
                2.0
              ],
              "pivot": [
                0.0,
                -1.0,
                0.0
              ],
              "rotation": [
                0.0,
                -35.0,
                0.0
              ],
              "uv": [
                21,
                0
              ],
              "inflate": 0
            }
          ],
          "parent": "bone5"
        },
        {
          "name": "bone8",
          "pivot": [
            3,
            36,
            -4
          ],
          "cubes": [
            {
              "origin": [
                -0.3,
                35.7,
                -5.1
              ],
              "size": [
                1.6,
                1.6,
                1.0
              ],
              "pivot": [
                0.0,
                -1.0,
                0.0
              ],
              "rotation": [
                0.0,
                -35.0,
                0.0
              ],
              "uv": [
                0,
                0
              ],
              "inflate": 0
            }
          ],
          "parent": "bone7"
        },
        {
          "name": "bone2",
          "pivot": [
            0,
            31,
            1
          ],
          "cubes": [
            {
              "origin": [
                -2.0,
                31.0,
                -3.0
              ],
              "size": [
                4.0,
                1.0,
                4.0
              ],
              "uv": [
                52,
                16
              ],
              "inflate": 0
            }
          ],
          "parent": "Body",
          "rotation": [
            -7.5,
            0,
            0
          ]
        },
        {
          "name": "bone4",
          "pivot": [
            0,
            31,
            -3
          ],
          "cubes": [
            {
              "origin": [
                -2.0,
                31.0,
                -8.0
              ],
              "size": [
                4.0,
                1.0,
                5.0
              ],
              "uv": [
                54,
                42
              ],
              "inflate": 0
            }
          ],
          "parent": "bone2",
          "rotation": [
            40,
            0,
            0
          ]
        },
        {
          "name": "RightArm",
          "pivot": [
            -3,
            28,
            0
          ],
          "cubes": [
            {
              "origin": [
                -11.0,
                26.0,
                -2.0
              ],
              "size": [
                8.0,
                4.0,
                4.0
              ],
              "uv": [
                48,
                8
              ],
              "inflate": 0
            }
          ],
          "parent": "Body",
          "rotation": [
            0,
            0,
            -20
          ]
        },
        {
          "name": "bone11",
          "pivot": [
            -11,
            28,
            0
          ],
          "cubes": [
            {
              "origin": [
                -19.0,
                26.0,
                -2.0
              ],
              "size": [
                8.0,
                4.0,
                4.0
              ],
              "uv": [
                48,
                0
              ],
              "inflate": 0
            }
          ],
          "parent": "RightArm",
          "rotation": [
            0,
            0,
            25
          ]
        },
        {
          "name": "bone12",
          "pivot": [
            -19,
            28,
            0
          ],
          "cubes": [
            {
              "origin": [
                -27.0,
                26.0,
                -2.0
              ],
              "size": [
                8.0,
                4.0,
                4.0
              ],
              "uv": [
                31,
                47
              ],
              "inflate": 0
            }
          ],
          "parent": "bone11",
          "rotation": [
            0,
            0,
            -35
          ]
        },
        {
          "name": "bone15",
          "pivot": [
            -27,
            28,
            0
          ],
          "cubes": [
            {
              "origin": [
                -32.0,
                26.0,
                -2.0
              ],
              "size": [
                5.0,
                4.0,
                4.0
              ],
              "uv": [
                0,
                58
              ],
              "inflate": 0
            },
            {
              "origin": [
                -36.0,
                25.9,
                3.4
              ],
              "size": [
                5.0,
                4.2,
                4.2
              ],
              "pivot": [
                0.0,
                0.0,
                0.5
              ],
              "rotation": [
                0.0,
                -10.0,
                0.0
              ],
              "uv": [
                52,
                56
              ],
              "inflate": 0
            }
          ],
          "parent": "bone12"
        },
        {
          "name": "LeftArm",
          "pivot": [
            3,
            28,
            0
          ],
          "cubes": [
            {
              "origin": [
                3.0,
                26.0,
                -2.0
              ],
              "size": [
                8.0,
                4.0,
                4.0
              ],
              "uv": [
                42,
                21
              ],
              "inflate": 0
            }
          ],
          "parent": "Body",
          "rotation": [
            0,
            0,
            20
          ]
        },
        {
          "name": "bone10",
          "pivot": [
            11,
            28,
            0
          ],
          "cubes": [
            {
              "origin": [
                11.0,
                26.0,
                -2.0
              ],
              "size": [
                8.0,
                4.0,
                4.0
              ],
              "uv": [
                35,
                39
              ],
              "inflate": 0
            }
          ],
          "parent": "LeftArm",
          "rotation": [
            0,
            0,
            -25
          ]
        },
        {
          "name": "bone13",
          "pivot": [
            19,
            28,
            0
          ],
          "cubes": [
            {
              "origin": [
                19.0,
                26.0,
                -2.0
              ],
              "size": [
                8.0,
                4.0,
                4.0
              ],
              "uv": [
                28,
                13
              ],
              "inflate": 0
            }
          ],
          "parent": "bone10",
          "rotation": [
            0,
            0,
            35
          ]
        },
        {
          "name": "bone14",
          "pivot": [
            27,
            28,
            0
          ],
          "cubes": [
            {
              "origin": [
                27.0,
                26.0,
                -2.0
              ],
              "size": [
                5.0,
                4.0,
                4.0
              ],
              "uv": [
                34,
                55
              ],
              "inflate": 0
            },
            {
              "origin": [
                31.0,
                25.9,
                3.4
              ],
              "size": [
                5.0,
                4.2,
                4.2
              ],
              "pivot": [
                0.0,
                0.0,
                0.5
              ],
              "rotation": [
                0.0,
                10.0,
                0.0
              ],
              "uv": [
                16,
                54
              ],
              "inflate": 0
            }
          ],
          "parent": "bone13"
        },
        {
          "name": "RightLeg",
          "pivot": [
            -3,
            12,
            0
          ],
          "cubes": [
            {
              "origin": [
                -6.5,
                5.0,
                -2.5
              ],
              "size": [
                5.0,
                8.0,
                5.0
              ],
              "uv": [
                28,
                0
              ],
              "inflate": 0
            }
          ],
          "parent": "Root"
        },
        {
          "name": "bone",
          "pivot": [
            -4,
            7,
            0
          ],
          "cubes": [
            {
              "origin": [
                -6.75,
                0.0,
                -2.75
              ],
              "size": [
                5.5,
                7.0,
                5.5
              ],
              "uv": [
                15,
                39
              ],
              "inflate": 0
            }
          ],
          "parent": "RightLeg"
        }
      ]
    }
  ]
}