{
  "format_version": "1.12.0",
  "minecraft:geometry": [
    {
      "description": {
        "identifier": "geometry.mr_lookies",
        "texture_width": 32,
        "texture_height": 32,
        "visible_bounds_width": 2,
        "visible_bounds_height": 2.5,
        "visible_bounds_offset": [
          0,
          0.75,
          0
        ]
      },
      "bones": [
        {
          "name": "Head",
          "cubes": [
            {
              "origin": [
                -5.0,
                0.0,
                -5.0
              ],
              "size": [
                10.0,
                10.0,
                10.0
              ],
              "uv": {
                "north": {
                  "uv": [
                    0,
                    0
                  ],
                  "uv_size": [
                    10,
                    10
                  ]
                },
                "east": {
                  "uv": [
                    0,
                    10
                  ],
                  "uv_size": [
                    10,
                    10
                  ]
                },
                "south": {
                  "uv": [
                    10,
                    0
                  ],
                  "uv_size": [
                    10,
                    10
                  ]
                },
                "west": {
                  "uv": [
                    10,
                    10
                  ],
                  "uv_size": [
                    10,
                    10
                  ]
                },
                "up": {
                  "uv": [
                    0,
                    20
                  ],
                  "uv_size": [
                    10,
                    10
                  ]
                },
                "down": {
                  "uv": [
                    20,
                    10
                  ],
                  "uv_size": [
                    10,
                    -10
                  ]
                }
              },
              "inflate": 0
            }
          ]
        },
        {
          "name": "bone",
          "pivot": [
            -3,
            6,
            -4
          ],
          "cubes": [
            {
              "origin": [
                -5.0,
                4.0,
                -6.0
              ],
              "size": [
                4.0,
                4.0,
                2.0
              ],
              "uv": {
                "north": {
                  "uv": [
                    10,
                    20
                  ],
                  "uv_size": [
                    4,
                    4
                  ]
                },
                "east": {
                  "uv": [
                    10,
                    24
                  ],
                  "uv_size": [
                    2,
                    4
                  ]
                },
                "south": {
                  "uv": [
                    20,
                    10
                  ],
                  "uv_size": [
                    4,
                    4
                  ]
                },
                "west": {
                  "uv": [
                    24,
                    10
                  ],
                  "uv_size": [
                    2,
                    4
                  ]
                },
                "up": {
                  "uv": [
                    12,
                    24
                  ],
                  "uv_size": [
                    4,
                    2
                  ]
                },
                "down": {
                  "uv": [
                    24,
                    16
                  ],
                  "uv_size": [
                    4,
                    -2
                  ]
                }
              },
              "inflate": 0
            },
            {
              "origin": [
                -4.5,
                4.5,
                -6.1
              ],
              "size": [
                3.0,
                3.0,
                0.0
              ],
              "uv": {
                "north": {
                  "uv": [
                    18,
                    20
                  ],
                  "uv_size": [
                    3,
                    3
                  ]
                },
                "east": {
                  "uv": [
                    0,
                    0
                  ],
                  "uv_size": [
                    0,
                    3
                  ]
                },
                "south": {
                  "uv": [
                    21,
                    18
                  ],
                  "uv_size": [
                    3,
                    3
                  ]
                },
                "west": {
                  "uv": [
                    0,
                    0
                  ],
                  "uv_size": [
                    0,
                    3
                  ]
                },
                "up": {
                  "uv": [
                    0,
                    0
                  ],
                  "uv_size": [
                    3,
                    0
                  ]
                },
                "down": {
                  "uv": [
                    0,
                    0
                  ],
                  "uv_size": [
                    3,
                    0
                  ]
                }
              },
              "inflate": 0
            }
          ],
          "parent": "Head",
          "rotation": [
            0,
            15,
            0
          ]
        },
        {
          "name": "bone2",
          "pivot": [
            3,
            6,
            -4
          ],
          "cubes": [
            {
              "origin": [
                1.0,
                4.0,
                -6.0
              ],
              "size": [
                4.0,
                4.0,
                2.0
              ],
              "uv": {
                "north": {
                  "uv": [
                    14,
                    20
                  ],
                  "uv_size": [
                    4,
                    4
                  ]
                },
                "east": {
                  "uv": [
                    16,
                    24
                  ],
                  "uv_size": [
                    2,
                    4
                  ]
                },
                "south": {
                  "uv": [
                    20,
                    14
                  ],
                  "uv_size": [
                    4,
                    4
                  ]
                },
                "west": {
                  "uv": [
                    24,
                    16
                  ],
                  "uv_size": [
                    2,
                    4
                  ]
                },
                "up": {
                  "uv": [
                    24,
                    20
                  ],
                  "uv_size": [
                    4,
                    2
                  ]
                },
                "down": {
                  "uv": [
                    21,
                    26
                  ],
                  "uv_size": [
                    4,
                    -2
                  ]
                }
              },
              "inflate": 0
            },
            {
              "origin": [
                1.5,
                4.5,
                -6.1
              ],
              "size": [
                3.0,
                3.0,
                0.0
              ],
              "uv": {
                "north": {
                  "uv": [
                    21,
                    21
                  ],
                  "uv_size": [
                    3,
                    3
                  ]
                },
                "east": {
                  "uv": [
                    0,
                    0
                  ],
                  "uv_size": [
                    0,
                    3
                  ]
                },
                "south": {
                  "uv": [
                    18,
                    23
                  ],
                  "uv_size": [
                    3,
                    3
                  ]
                },
                "west": {
                  "uv": [
                    0,
                    0
                  ],
                  "uv_size": [
                    0,
                    3
                  ]
                },
                "up": {
                  "uv": [
                    0,
                    0
                  ],
                  "uv_size": [
                    3,
                    0
                  ]
                },
                "down": {
                  "uv": [
                    0,
                    0
                  ],
                  "uv_size": [
                    3,
                    0
                  ]
                }
              },
              "inflate": 0
            }
          ],
          "parent": "Head",
          "rotation": [
            0,
            -15,
            0
          ]
        }
      ]
    }
  ]
}