{
  "format_version": "1.12.0",
  "minecraft:geometry": [
    {
      "description": {
        "identifier": "geometry.mr_orange",
        "texture_width": 128,
        "texture_height": 128,
        "visible_bounds_width": 3,
        "visible_bounds_height": 3.5,
        "visible_bounds_offset": [
          0,
          1.25,
          0
        ]
      },
      "bones": [
        {
          "name": "Root",
          "pivot": [
            0,
            6,
            1
          ]
        },
        {
          "name": "RightLeg",
          "pivot": [
            -2,
            10,
            1
          ],
          "cubes": [
            {
              "origin": [
                -7.0,
                8.5,
                -0.5
              ],
              "size": [
                6.0,
                3.0,
                3.0
              ],
              "uv": [
                50,
                0
              ],
              "inflate": 0
            }
          ],
          "parent": "Root",
          "rotation": [
            0,
            0,
            -5
          ]
        },
        {
          "name": "bone3",
          "pivot": [
            -7,
            10,
            1
          ],
          "cubes": [
            {
              "origin": [
                -15.0,
                8.0,
                -1.0
              ],
              "size": [
                8.0,
                4.0,
                4.0
              ],
              "uv": [
                38,
                8
              ],
              "inflate": 0
            }
          ],
          "parent": "RightLeg",
          "rotation": [
            0,
            0,
            -80
          ]
        },
        {
          "name": "bone6",
          "pivot": [
            -14,
            10,
            1
          ],
          "cubes": [
            {
              "origin": [
                -17.0,
                7.5,
                -3.75
              ],
              "size": [
                3.0,
                5.0,
                7.5
              ],
              "uv": [
                0,
                33
              ],
              "inflate": 0
            }
          ],
          "parent": "bone3",
          "rotation": [
            0,
            0,
            -5
          ]
        },
        {
          "name": "LeftLeg",
          "pivot": [
            2,
            10,
            1
          ],
          "cubes": [
            {
              "origin": [
                1.0,
                8.5,
                -0.5
              ],
              "size": [
                6.0,
                3.0,
                3.0
              ],
              "uv": [
                0,
                48
              ],
              "inflate": 0
            }
          ],
          "parent": "Root",
          "rotation": [
            0,
            0,
            5
          ]
        },
        {
          "name": "bone5",
          "pivot": [
            7,
            10,
            1
          ],
          "cubes": [
            {
              "origin": [
                7.0,
                8.0,
                -1.0
              ],
              "size": [
                8.0,
                4.0,
                4.0
              ],
              "uv": [
                26,
                0
              ],
              "inflate": 0
            }
          ],
          "parent": "LeftLeg",
          "rotation": [
            0,
            0,
            80
          ]
        },
        {
          "name": "bone4",
          "pivot": [
            14,
            10,
            1
          ],
          "cubes": [
            {
              "origin": [
                14.0,
                7.5,
                -3.75
              ],
              "size": [
                3.0,
                5.0,
                7.5
              ],
              "uv": [
                32,
                30
              ],
              "inflate": 0
            }
          ],
          "parent": "bone5",
          "rotation": [
            0,
            0,
            5
          ]
        },
        {
          "name": "Body",
          "pivot": [
            0,
            9,
            1
          ],
          "cubes": [
            {
              "origin": [
                -3.0,
                8.0,
                -2.0
              ],
              "size": [
                6.0,
                12.0,
                6.0
              ],
              "uv": [
                0,
                15
              ],
              "inflate": 0
            },
            {
              "origin": [
                -2.5,
                20.0,
                -1.5
              ],
              "size": [
                5.0,
                6.0,
                5.0
              ],
              "uv": [
                15,
                40
              ],
              "inflate": 0
            },
            {
              "origin": [
                -2.5,
                5.0,
                -1.5
              ],
              "size": [
                5.0,
                5.0,
                5.0
              ],
              "pivot": [
                0.0,
                9.0,
                1.0
              ],
              "rotation": [
                22.5,
                0.0,
                0.0
              ],
              "uv": [
                35,
                42
              ],
              "inflate": 0
            }
          ],
          "parent": "Root",
          "rotation": [
            10,
            0,
            0
          ]
        },
        {
          "name": "bone",
          "pivot": [
            0,
            7,
            2
          ],
          "cubes": [
            {
              "origin": [
                -2.0,
                4.0,
                1.0
              ],
              "size": [
                4.0,
                4.0,
                7.0
              ],
              "uv": [
                17,
                26
              ],
              "inflate": 0
            }
          ],
          "parent": "Body"
        },
        {
          "name": "bone2",
          "pivot": [
            0,
            6,
            8
          ],
          "cubes": [
            {
              "origin": [
                -1.5,
                4.5,
                7.0
              ],
              "size": [
                3.0,
                3.0,
                8.0
              ],
              "pivot": [
                0.0,
                6.0,
                8.0
              ],
              "rotation": [
                12.5,
                0.0,
                0.0
              ],
              "uv": [
                24,
                15
              ],
              "inflate": 0
            }
          ],
          "parent": "bone"
        },
        {
          "name": "RightArm",
          "pivot": [
            -3,
            17,
            1
          ],
          "cubes": [
            {
              "origin": [
                -8.0,
                16.0,
                0.0
              ],
              "size": [
                6.0,
                2.0,
                2.0
              ],
              "uv": [
                28,
                57
              ],
              "inflate": 0
            }
          ],
          "parent": "Body",
          "rotation": [
            7.5,
            -10,
            -2.5
          ]
        },
        {
          "name": "bone7",
          "pivot": [
            -8,
            17,
            1
          ],
          "cubes": [
            {
              "origin": [
                -14.0,
                15.7,
                -0.1
              ],
              "size": [
                6.0,
                2.6,
                2.2
              ],
              "uv": [
                0,
                56
              ],
              "inflate": 0
            }
          ],
          "parent": "RightArm",
          "rotation": [
            2.5,
            -62.5,
            0
          ]
        },
        {
          "name": "bone9",
          "pivot": [
            -13,
            17,
            1
          ],
          "cubes": [
            {
              "origin": [
                -16.0,
                15.5,
                -0.5
              ],
              "size": [
                3.0,
                3.0,
                3.0
              ],
              "uv": [
                13,
                58
              ],
              "inflate": 0
            },
            {
              "origin": [
                -19.0,
                15.5,
                -0.5
              ],
              "size": [
                3.0,
                3.0,
                3.0
              ],
              "uv": [
                58,
                6
              ],
              "inflate": 0
            }
          ],
          "parent": "bone7",
          "rotation": [
            5,
            -27.5,
            0
          ]
        },
        {
          "name": "LeftArm",
          "pivot": [
            3,
            17,
            1
          ],
          "cubes": [
            {
              "origin": [
                2.0,
                16.0,
                0.0
              ],
              "size": [
                6.0,
                2.0,
                2.0
              ],
              "uv": [
                55,
                45
              ],
              "inflate": 0
            }
          ],
          "parent": "Body",
          "rotation": [
            7.5,
            10,
            2.5
          ]
        },
        {
          "name": "bone8",
          "pivot": [
            8,
            17,
            1
          ],
          "cubes": [
            {
              "origin": [
                8.0,
                15.7,
                -0.1
              ],
              "size": [
                6.0,
                2.6,
                2.2
              ],
              "uv": [
                52,
                26
              ],
              "inflate": 0
            }
          ],
          "parent": "LeftArm",
          "rotation": [
            2.5,
            62.5,
            0
          ]
        },
        {
          "name": "bone10",
          "pivot": [
            13,
            17,
            1
          ],
          "cubes": [
            {
              "origin": [
                13.0,
                15.5,
                -0.5
              ],
              "size": [
                3.0,
                3.0,
                3.0
              ],
              "uv": [
                56,
                57
              ],
              "inflate": 0
            },
            {
              "origin": [
                16.0,
                15.5,
                -0.5
              ],
              "size": [
                3.0,
                3.0,
                3.0
              ],
              "uv": [
                44,
                57
              ],
              "inflate": 0
            }
          ],
          "parent": "bone8",
          "rotation": [
            5,
            27.5,
            0
          ]
        },
        {
          "name": "Head",
          "pivot": [
            0,
            21,
            1
          ],
          "cubes": [
            {
              "origin": [
                -4.75,
                21.25,
                -4.0
              ],
              "size": [
                9.5,
                7.5,
                8.0
              ],
              "uv": [
                0,
                0
              ],
              "inflate": 0
            },
            {
              "origin": [
                -4.0,
                24.0,
                -6.0
              ],
              "size": [
                8.0,
                4.0,
                2.0
              ],
              "uv": [
                38,
                16
              ],
              "inflate": 0
            },
            {
              "origin": [
                -3.9,
                23.5,
                -5.9
              ],
              "size": [
                7.8,
                4.0,
                1.8
              ],
              "uv": [
                46,
                52
              ],
              "inflate": 0
            },
            {
              "origin": [
                -2.6,
                23.5,
                -10.9
              ],
              "size": [
                5.2,
                3.0,
                1.8
              ],
              "uv": [
                58,
                16
              ],
              "inflate": 0
            },
            {
              "origin": [
                -2.7,
                24.0,
                -11.0
              ],
              "size": [
                5.4,
                3.0,
                2.0
              ],
              "uv": [
                18,
                15
              ],
              "inflate": 0
            },
            {
              "origin": [
                -3.1,
                23.5,
                -8.9
              ],
              "size": [
                6.2,
                3.5,
                2.8
              ],
              "uv": [
                30,
                52
              ],
              "inflate": 0
            },
            {
              "origin": [
                -3.2,
                24.0,
                -9.0
              ],
              "size": [
                6.4,
                3.5,
                3.0
              ],
              "uv": [
                45,
                30
              ],
              "inflate": 0
            },
            {
              "origin": [
                -4.5,
                27.1,
                -5.0
              ],
              "size": [
                4.0,
                3.6,
                4.0
              ],
              "pivot": [
                0.0,
                -0.6,
                2.0
              ],
              "rotation": [
                0.0,
                10.0,
                0.0
              ],
              "uv": [
                14,
                51
              ],
              "inflate": 0
            },
            {
              "origin": [
                0.5,
                27.1,
                -5.0
              ],
              "size": [
                4.0,
                3.6,
                4.0
              ],
              "pivot": [
                0.0,
                -0.6,
                2.0
              ],
              "rotation": [
                0.0,
                -10.0,
                0.0
              ],
              "uv": [
                50,
                38
              ],
              "inflate": 0
            }
          ],
          "parent": "Body",
          "rotation": [
            -5,
            0,
            0
          ]
        },
        {
          "name": "bone11",
          "pivot": [
            0,
            22.5,
            -4
          ],
          "cubes": [
            {
              "origin": [
                -3.9,
                23.0,
                -5.9
              ],
              "size": [
                7.8,
                2.0,
                1.8
              ],
              "uv": [
                55,
                49
              ],
              "inflate": 0
            },
            {
              "origin": [
                -4.0,
                21.5,
                -6.0
              ],
              "size": [
                8.0,
                2.0,
                2.0
              ],
              "uv": [
                32,
                26
              ],
              "inflate": 0
            },
            {
              "origin": [
                -3.1,
                22.5,
                -8.9
              ],
              "size": [
                6.2,
                1.5,
                2.8
              ],
              "uv": [
                13,
                37
              ],
              "inflate": 0
            },
            {
              "origin": [
                -3.2,
                22.0,
                -9.0
              ],
              "size": [
                6.4,
                1.5,
                3.0
              ],
              "uv": [
                46,
                22
              ],
              "inflate": 0
            },
            {
              "origin": [
                -2.45,
                22.0,
                -11.0
              ],
              "size": [
                4.9,
                1.5,
                2.0
              ],
              "uv": [
                0,
                45
              ],
              "inflate": 0
            },
            {
              "origin": [
                -2.35,
                22.5,
                -10.9
              ],
              "size": [
                4.7,
                1.5,
                1.8
              ],
              "uv": [
                30,
                42
              ],
              "inflate": 0
            }
          ],
          "parent": "Head",
          "rotation": [
            7.5,
            0,
            0
          ]
        }
      ]
    }
  ]
}