{
  "format_version": "1.12.0",
  "minecraft:geometry": [
    {
      "description": {
        "identifier": "geometry.mr_yellow",
        "texture_width": 128,
        "texture_height": 128,
        "visible_bounds_width": 4,
        "visible_bounds_height": 4.5,
        "visible_bounds_offset": [
          0,
          1.75,
          0
        ]
      },
      "bones": [
        {
          "name": "Root"
        },
        {
          "name": "Body",
          "pivot": [
            0,
            15,
            0
          ],
          "cubes": [
            {
              "origin": [
                -3.7,
                14.0,
                -3.5
              ],
              "size": [
                7.4,
                14.0,
                7.0
              ],
              "uv": [
                58,
                55
              ],
              "inflate": 0
            },
            {
              "origin": [
                -3.9,
                21.2,
                -3.6
              ],
              "size": [
                7.8,
                7.0,
                7.2
              ],
              "uv": [
                60,
                27
              ],
              "inflate": 0
            }
          ],
          "parent": "Root",
          "rotation": [
            25,
            0,
            0
          ]
        },
        {
          "name": "bone6",
          "pivot": [
            0,
            15,
            3
          ],
          "cubes": [
            {
              "origin": [
                -2.5,
                13.0,
                1.0
              ],
              "size": [
                5.0,
                5.0,
                8.0
              ],
              "uv": [
                0,
                61
              ],
              "inflate": 0
            }
          ],
          "parent": "Body",
          "rotation": [
            -30,
            0,
            0
          ]
        },
        {
          "name": "bone7",
          "pivot": [
            0,
            15,
            9
          ],
          "cubes": [
            {
              "origin": [
                -2.0,
                13.5,
                8.0
              ],
              "size": [
                4.0,
                4.0,
                8.0
              ],
              "uv": [
                66,
                12
              ],
              "inflate": 0
            }
          ],
          "parent": "bone6",
          "rotation": [
            7.5,
            0,
            0
          ]
        },
        {
          "name": "bone8",
          "pivot": [
            0,
            15,
            16
          ],
          "cubes": [
            {
              "origin": [
                -1.5,
                14.0,
                15.0
              ],
              "size": [
                3.0,
                3.0,
                9.0
              ],
              "uv": [
                26,
                62
              ],
              "inflate": 0
            }
          ],
          "parent": "bone7",
          "rotation": [
            27.5,
            0,
            0
          ]
        },
        {
          "name": "bone11",
          "pivot": [
            0,
            25,
            3
          ],
          "cubes": [
            {
              "origin": [
                -0.5,
                24.5,
                3.0
              ],
              "size": [
                1.0,
                1.0,
                11.0
              ],
              "uv": [
                52,
                0
              ],
              "inflate": 0
            },
            {
              "origin": [
                -1.0,
                24.0,
                14.0
              ],
              "size": [
                2.0,
                2.0,
                1.0
              ],
              "uv": [
                0,
                26
              ],
              "inflate": 0
            },
            {
              "origin": [
                -13.0,
                12.0,
                14.1
              ],
              "size": [
                26.0,
                26.0,
                0.0
              ],
              "uv": [
                0,
                0
              ],
              "inflate": 0
            }
          ],
          "parent": "Body"
        },
        {
          "name": "bone3",
          "pivot": [
            0,
            28,
            0
          ],
          "cubes": [
            {
              "origin": [
                -1.5,
                28.0,
                -1.7
              ],
              "size": [
                3.0,
                7.0,
                3.4
              ],
              "uv": [
                27,
                48
              ],
              "inflate": 0
            }
          ],
          "parent": "Body"
        },
        {
          "name": "Head",
          "pivot": [
            0,
            31,
            0
          ],
          "cubes": [
            {
              "origin": [
                -3.8,
                32.0,
                -11.0
              ],
              "size": [
                7.6,
                3.0,
                14.0
              ],
              "uv": [
                32,
                31
              ],
              "inflate": 0
            },
            {
              "origin": [
                -3.7,
                31.5,
                -10.9
              ],
              "size": [
                7.4,
                3.0,
                13.8
              ],
              "uv": [
                0,
                45
              ],
              "inflate": 0
            },
            {
              "origin": [
                -3.7,
                33.0,
                -6.0
              ],
              "size": [
                7.4,
                3.0,
                6.0
              ],
              "pivot": [
                0.0,
                -7.0,
                2.0
              ],
              "rotation": [
                -7.5,
                0.0,
                0.0
              ],
              "uv": [
                65,
                0
              ],
              "inflate": 0
            },
            {
              "origin": [
                -3.8,
                35.0,
                -3.0
              ],
              "size": [
                7.6,
                3.0,
                6.0
              ],
              "uv": [
                68,
                42
              ],
              "inflate": 0
            },
            {
              "origin": [
                -3.9,
                33.0,
                9.0
              ],
              "size": [
                7.8,
                3.0,
                16.0
              ],
              "pivot": [
                0.0,
                -7.0,
                2.0
              ],
              "rotation": [
                25.0,
                0.0,
                0.0
              ],
              "uv": [
                0,
                26
              ],
              "inflate": 0
            },
            {
              "origin": [
                -4.3,
                33.0,
                -5.0
              ],
              "size": [
                8.6,
                3.0,
                3.0
              ],
              "uv": [
                15,
                74
              ],
              "inflate": 0
            }
          ],
          "parent": "bone3",
          "rotation": [
            -15,
            0,
            0
          ]
        },
        {
          "name": "bone14",
          "pivot": [
            0,
            36,
            2
          ],
          "cubes": [
            {
              "origin": [
                -3.5,
                30.5,
                -10.8
              ],
              "size": [
                7.0,
                1.5,
                14.1
              ],
              "uv": [
                38,
                12
              ],
              "inflate": 0
            },
            {
              "origin": [
                -3.4,
                31.1,
                -10.6
              ],
              "size": [
                6.8,
                1.5,
                13.7
              ],
              "uv": [
                27,
                48
              ],
              "inflate": 0
            }
          ],
          "parent": "Head",
          "rotation": [
            -2.5,
            0,
            0
          ]
        },
        {
          "name": "RightArm",
          "pivot": [
            -4,
            28,
            0.5
          ],
          "cubes": [
            {
              "origin": [
                -4.8,
                18.8,
                -2.4
              ],
              "size": [
                1.6,
                9.4,
                5.8
              ],
              "uv": [
                44,
                79
              ],
              "inflate": 0
            }
          ],
          "parent": "Body",
          "rotation": [
            -5,
            0,
            10
          ]
        },
        {
          "name": "bone9",
          "pivot": [
            -4,
            19,
            0.5
          ],
          "cubes": [
            {
              "origin": [
                -5.6,
                9.8,
                -2.9
              ],
              "size": [
                2.7,
                9.4,
                6.8
              ],
              "uv": [
                30,
                27
              ],
              "inflate": 0
            }
          ],
          "parent": "RightArm",
          "rotation": [
            -45,
            -5,
            0
          ]
        },
        {
          "name": "bone10",
          "pivot": [
            -4,
            10,
            0.5
          ],
          "cubes": [
            {
              "origin": [
                -5.3,
                7.3,
                -1.8
              ],
              "size": [
                2.6,
                2.9,
                4.6
              ],
              "uv": [
                52,
                54
              ],
              "inflate": 0
            }
          ],
          "parent": "bone9"
        },
        {
          "name": "LeftArm",
          "pivot": [
            4,
            28,
            0.5
          ],
          "cubes": [
            {
              "origin": [
                3.2,
                18.8,
                -2.4
              ],
              "size": [
                1.6,
                9.4,
                5.8
              ],
              "uv": [
                32,
                75
              ],
              "inflate": 0
            }
          ],
          "parent": "Body",
          "rotation": [
            -5,
            0,
            -10
          ]
        },
        {
          "name": "bone12",
          "pivot": [
            4,
            19,
            0.5
          ],
          "cubes": [
            {
              "origin": [
                2.9,
                9.8,
                -2.9
              ],
              "size": [
                2.7,
                9.4,
                6.8
              ],
              "uv": [
                0,
                26
              ],
              "inflate": 0
            }
          ],
          "parent": "LeftArm",
          "rotation": [
            -45,
            5,
            0
          ]
        },
        {
          "name": "bone13",
          "pivot": [
            4,
            10,
            0.5
          ],
          "cubes": [
            {
              "origin": [
                2.7,
                7.3,
                -1.8
              ],
              "size": [
                2.6,
                2.9,
                4.6
              ],
              "uv": [
                52,
                48
              ],
              "inflate": 0
            }
          ],
          "parent": "bone12"
        },
        {
          "name": "LeftLeg",
          "pivot": [
            2.5,
            17,
            0
          ],
          "cubes": [
            {
              "origin": [
                0.55,
                9.0,
                -1.75
              ],
              "size": [
                3.9,
                8.0,
                3.5
              ],
              "uv": [
                0,
                45
              ],
              "inflate": 0
            }
          ],
          "parent": "Root",
          "rotation": [
            -5,
            -2.5,
            -2.5
          ]
        },
        {
          "name": "bone4",
          "pivot": [
            2.5,
            10,
            0
          ],
          "cubes": [
            {
              "origin": [
                0.3,
                2.0,
                -2.3
              ],
              "size": [
                4.4,
                8.0,
                4.6
              ],
              "uv": [
                61,
                76
              ],
              "inflate": 0
            }
          ],
          "parent": "LeftLeg",
          "rotation": [
            15,
            0,
            0
          ]
        },
        {
          "name": "bone5",
          "pivot": [
            2.5,
            3,
            0
          ],
          "cubes": [
            {
              "origin": [
                0.05,
                0.0,
                -4.8
              ],
              "size": [
                4.9,
                3.0,
                7.6
              ],
              "uv": [
                43,
                69
              ],
              "inflate": 0
            }
          ],
          "parent": "bone4",
          "rotation": [
            -10,
            0,
            2.5
          ]
        },
        {
          "name": "RightLeg",
          "pivot": [
            -2.5,
            17,
            0
          ],
          "cubes": [
            {
              "origin": [
                -4.45,
                9.0,
                -1.75
              ],
              "size": [
                3.9,
                8.0,
                3.5
              ],
              "uv": [
                18,
                81
              ],
              "inflate": 0
            }
          ],
          "parent": "Root",
          "rotation": [
            -5,
            2.5,
            2.5
          ]
        },
        {
          "name": "bone",
          "pivot": [
            -2.5,
            10,
            0
          ],
          "cubes": [
            {
              "origin": [
                -4.7,
                2.0,
                -2.3
              ],
              "size": [
                4.4,
                8.0,
                4.6
              ],
              "uv": [
                77,
                76
              ],
              "inflate": 0
            }
          ],
          "parent": "RightLeg",
          "rotation": [
            15,
            0,
            0
          ]
        },
        {
          "name": "bone2",
          "pivot": [
            -2.5,
            3,
            0
          ],
          "cubes": [
            {
              "origin": [
                -4.95,
                0.0,
                -4.8
              ],
              "size": [
                4.9,
                3.0,
                7.6
              ],
              "uv": [
                0,
                74
              ],
              "inflate": 0
            }
          ],
          "parent": "bone",
          "rotation": [
            -10,
            0,
            -2.5
          ]
        }
      ]
    }
  ]
}