{
  "format_version": "1.12.0",
  "minecraft:geometry": [
    {
      "description": {
        "identifier": "geometry.pa_witch",
        "texture_width": 180,
        "texture_height": 180,
        "visible_bounds_width": 4,
        "visible_bounds_height": 4,
        "visible_bounds_offset": [
          0,
          0,
          0
        ]
      },
      "bones": [
        {
          "name": "Root"
        },
        {
          "name": "LeftArm",
          "pivot": [
            5,
            0,
            0
          ],
          "cubes": [
            {
              "origin": [
                4.0,
                0.0,
                -2.0
              ],
              "size": [
                3.0,
                9.0,
                3.0
              ],
              "uv": [
                0,
                0
              ],
              "inflate": 0
            }
          ],
          "parent": "Root",
          "rotation": [
            0,
            -2.5,
            5
          ]
        },
        {
          "name": "bone4",
          "pivot": [
            5.5,
            9,
            -0.5
          ],
          "cubes": [
            {
              "origin": [
                4.0,
                9.0,
                -2.0
              ],
              "size": [
                3.0,
                8.0,
                3.0
              ],
              "uv": [
                0,
                40
              ],
              "inflate": 0
            }
          ],
          "parent": "LeftArm",
          "rotation": [
            40,
            -2.5,
            0
          ]
        },
        {
          "name": "bone5",
          "pivot": [
            5.5,
            17,
            -0.5
          ],
          "cubes": [
            {
              "origin": [
                3.0,
                17.0,
                -2.0
              ],
              "size": [
                5.0,
                3.0,
                3.0
              ],
              "uv": [
                52,
                40
              ],
              "inflate": 0
            },
            {
              "origin": [
                3.0,
                20.0,
                -2.0
              ],
              "size": [
                5.0,
                4.0,
                3.0
              ],
              "uv": [
                0,
                12
              ],
              "inflate": 0
            },
            {
              "origin": [
                1.5,
                18.0,
                -0.5
              ],
              "size": [
                8.0,
                6.0,
                0.0
              ],
              "uv": [
                24,
                48
              ],
              "inflate": 0
            }
          ],
          "parent": "bone4",
          "rotation": [
            50,
            0,
            0
          ]
        },
        {
          "name": "Head",
          "pivot": [
            0,
            -19,
            0
          ],
          "cubes": [
            {
              "origin": [
                -16.0,
                -31.0,
                -3.0
              ],
              "size": [
                32.0,
                32.0,
                6.0
              ],
              "uv": [
                104,
                0
              ],
              "inflate": 0
            }
          ],
          "parent": "Root"
        },
        {
          "name": "bone6",
          "pivot": [
            0,
            -10,
            -3.3
          ],
          "cubes": [
            {
              "origin": [
                -11.0,
                -23.0,
                -3.3
              ],
              "size": [
                22.0,
                8.0,
                0.0
              ],
              "uv": [
                128,
                94
              ],
              "inflate": 0
            }
          ],
          "parent": "Head"
        },
        {
          "name": "bone8",
          "pivot": [
            0,
            -22,
            0
          ],
          "cubes": [
            {
              "origin": [
                -11.0,
                -27.0,
                -3.3
              ],
              "size": [
                22.0,
                8.0,
                0.0
              ],
              "uv": [
                0,
                172
              ],
              "inflate": 0
            }
          ],
          "parent": "Head"
        },
        {
          "name": "bone7",
          "pivot": [
            0,
            -23,
            -3.3
          ],
          "cubes": [
            {
              "origin": [
                -11.0,
                -28.0,
                -2.3
              ],
              "size": [
                22.0,
                8.0,
                0.0
              ],
              "uv": [
                9,
                137
              ],
              "inflate": 0
            }
          ],
          "parent": "Head"
        },
        {
          "name": "RightArm",
          "pivot": [
            -5,
            0,
            0
          ],
          "cubes": [
            {
              "origin": [
                -7.0,
                0.0,
                -2.0
              ],
              "size": [
                3.0,
                9.0,
                3.0
              ],
              "uv": [
                0,
                0
              ],
              "inflate": 0
            }
          ],
          "parent": "Root",
          "rotation": [
            0,
            2.5,
            -5
          ]
        },
        {
          "name": "bone",
          "pivot": [
            -5.5,
            9,
            -0.5
          ],
          "cubes": [
            {
              "origin": [
                -7.0,
                9.0,
                -2.0
              ],
              "size": [
                3.0,
                8.0,
                3.0
              ],
              "uv": [
                0,
                40
              ],
              "inflate": 0
            }
          ],
          "parent": "RightArm",
          "rotation": [
            40,
            2.5,
            0
          ]
        },
        {
          "name": "bone2",
          "pivot": [
            -5.5,
            17,
            -0.5
          ],
          "cubes": [
            {
              "origin": [
                -8.0,
                17.0,
                -2.0
              ],
              "size": [
                5.0,
                3.0,
                3.0
              ],
              "uv": [
                49,
                48
              ],
              "inflate": 0
            },
            {
              "origin": [
                -8.0,
                20.0,
                -2.0
              ],
              "size": [
                5.0,
                4.0,
                3.0
              ],
              "uv": [
                0,
                12
              ],
              "inflate": 0
            },
            {
              "origin": [
                -9.5,
                18.0,
                -0.5
              ],
              "size": [
                8.0,
                6.0,
                0.0
              ],
              "uv": [
                0,
                52
              ],
              "inflate": 0
            }
          ],
          "parent": "bone",
          "rotation": [
            50,
            0,
            0
          ]
        },
        {
          "name": "bone3",
          "cubes": [
            {
              "origin": [
                -12.0,
                1.0,
                -12.0
              ],
              "size": [
                24.0,
                8.0,
                24.0
              ],
              "uv": [
                0,
                66
              ],
              "inflate": 0
            }
          ],
          "parent": "Root"
        }
      ]
    }
  ]
}