{"format_version":"1.10.0","animation_controllers":{"controller.animation.yg_yellow.general":{"states":{"default":{"animations":["gazo_general","look_at_target"],"transitions":[{"attack0":"variable.attack_time > 0 && variable.random == 0"},{"jumpscare":"query.has_rider && !query.is_stunned"}],"blend_transition":0.1},"attack0":{"animations":["attack0"],"transitions":[{"default":"query.all_animations_finished"}],"blend_transition":0.1},"jumpscare":{"animations":["jumpscare"],"transitions":[{"default":"!query.has_rider"}],"blend_transition":0.4}}},"controller.animation.yg_yellow.move":{"states":{"default":{"animations":[{"moving":"query.modified_move_speed"}]}}},"controller.animation.yg_yellow.fly":{"initial_state":"floor_idle","states":{"floor_idle":{"animations":[{"general":"query.is_on_ground"}],"transitions":[{"fly_idle":"!query.is_on_ground"}],"blend_transition":0.3},"fly_idle":{"animations":[{"fly":"!query.is_on_ground"}],"transitions":[{"floor_idle":"query.is_on_ground"}],"blend_transition":0.2}}}}}