{
  "format_version": "1.12.0",
  "minecraft:geometry": [
    {
      "description": {
        "identifier": "geometry.stick_magikill_red",
        "texture_width": 64,
        "texture_height": 64,
        "visible_bounds_width": 3,
        "visible_bounds_height": 3.5,
        "visible_bounds_offset": [
          0,
          1.25,
          0
        ]
      },
      "bones": [
        {
          "name": "Head",
          "pivot": [
            0,
            24,
            0
          ],
          "cubes": [
            {
              "origin": [
                -4.0,
                24.0,
                -4.0
              ],
              "size": [
                8.0,
                8.0,
                8.0
              ],
              "uv": [
                0,
                0
              ],
              "inflate": 0
            },
            {
              "origin": [
                -4.0,
                24.0,
                -4.0
              ],
              "size": [
                8.0,
                8.0,
                8.0
              ],
              "uv": [
                32,
                0
              ],
              "inflate": 0.5
            }
          ]
        },
        {
          "name": "Hat",
          "pivot": [
            -1.9,
            12,
            0
          ],
          "cubes": [
            {
              "origin": [
                -4.9,
                32.0,
                -5.0
              ],
              "size": [
                10.0,
                1.0,
                10.0
              ],
              "uv": [
                0,
                16
              ],
              "inflate": 0
            },
            {
              "origin": [
                -3.0,
                33.0,
                -2.0
              ],
              "size": [
                6.0,
                2.0,
                5.0
              ],
              "uv": [
                0,
                41
              ],
              "inflate": 0
            },
            {
              "origin": [
                -1.9,
                35.0,
                -1.0
              ],
              "size": [
                4.0,
                2.0,
                3.0
              ],
              "uv": [
                24,
                16
              ],
              "inflate": 0
            },
            {
              "origin": [
                -0.9,
                37.0,
                0.0
              ],
              "size": [
                2.0,
                1.0,
                1.0
              ],
              "uv": [
                0,
                0
              ],
              "inflate": 0
            }
          ],
          "parent": "Head"
        },
        {
          "name": "Body",
          "pivot": [
            0,
            24,
            0
          ],
          "cubes": [
            {
              "origin": [
                -4.0,
                12.0,
                -2.0
              ],
              "size": [
                8.0,
                12.0,
                4.0
              ],
              "uv": [
                0,
                25
              ],
              "inflate": 0
            }
          ]
        },
        {
          "name": "RightArm",
          "pivot": [
            -5,
            22,
            0
          ],
          "cubes": [
            {
              "origin": [
                -8.0,
                -7.0,
                -24.0
              ],
              "size": [
                4.0,
                12.0,
                4.0
              ],
              "pivot": [
                0.0,
                0.0,
                0.0
              ],
              "rotation": [
                -90.0,
                -47.5,
                0.0
              ],
              "uv": [
                40,
                16
              ],
              "inflate": 0
            }
          ]
        },
        {
          "name": "LeftArm",
          "pivot": [
            5,
            22,
            0
          ],
          "cubes": [
            {
              "origin": [
                4.0,
                -4.0,
                -24.0
              ],
              "size": [
                4.0,
                12.0,
                4.0
              ],
              "pivot": [
                0.0,
                0.0,
                0.0
              ],
              "rotation": [
                -80.0,
                17.5,
                0.0
              ],
              "uv": [
                36,
                37
              ],
              "inflate": 0
            },
            {
              "origin": [
                2.0,
                0.0,
                -9.0
              ],
              "size": [
                1.0,
                18.0,
                1.0
              ],
              "uv": [
                22,
                41
              ],
              "inflate": 0
            },
            {
              "origin": [
                1.0,
                18.0,
                -10.0
              ],
              "size": [
                3.0,
                2.0,
                3.0
              ],
              "uv": [
                40,
                32
              ],
              "inflate": 0
            }
          ]
        },
        {
          "name": "RightLeg",
          "pivot": [
            -1.9,
            12,
            0
          ],
          "cubes": [
            {
              "origin": [
                -3.9,
                0.0,
                -2.0
              ],
              "size": [
                4.0,
                12.0,
                4.0
              ],
              "uv": [
                32,
                0
              ],
              "inflate": 0
            }
          ]
        },
        {
          "name": "LeftLeg",
          "pivot": [
            1.9,
            12,
            0
          ],
          "cubes": [
            {
              "origin": [
                -0.1,
                0.0,
                -2.0
              ],
              "size": [
                4.0,
                12.0,
                4.0
              ],
              "uv": [
                24,
                25
              ],
              "inflate": 0
            }
          ]
        }
      ]
    }
  ]
}