{
  "format_version": "1.12.0",
  "minecraft:geometry": [
    {
      "description": {
        "identifier": "geometry.stick_griffon",
        "texture_width": 64,
        "texture_height": 64,
        "visible_bounds_width": 4,
        "visible_bounds_height": 3.5,
        "visible_bounds_offset": [
          0,
          1.25,
          0
        ]
      },
      "bones": [
        {
          "name": "Head",
          "pivot": [
            0,
            24,
            0
          ],
          "cubes": [
            {
              "origin": [
                -4.0,
                24.0,
                -4.0
              ],
              "size": [
                8.0,
                8.0,
                8.0
              ],
              "uv": [
                0,
                0
              ],
              "inflate": 0
            }
          ]
        },
        {
          "name": "Body",
          "pivot": [
            0,
            24,
            0
          ],
          "cubes": [
            {
              "origin": [
                -4.0,
                12.0,
                -2.0
              ],
              "size": [
                8.0,
                12.0,
                4.0
              ],
              "uv": [
                0,
                16
              ],
              "inflate": 0
            }
          ]
        },
        {
          "name": "RightArm",
          "pivot": [
            -5,
            22,
            0
          ],
          "cubes": [
            {
              "origin": [
                -8.0,
                1.0,
                -20.0
              ],
              "size": [
                4.0,
                12.0,
                4.0
              ],
              "pivot": [
                0.0,
                0.0,
                0.0
              ],
              "rotation": [
                -57.5,
                0.0,
                0.0
              ],
              "uv": [
                16,
                32
              ],
              "inflate": 0
            },
            {
              "origin": [
                -7.0,
                14.0,
                -4.0
              ],
              "size": [
                2.0,
                14.0,
                1.0
              ],
              "pivot": [
                -5.0,
                22.0,
                0.0
              ],
              "rotation": [
                -42.5,
                0.0,
                0.0
              ],
              "uv": [
                40,
                16
              ],
              "inflate": 0
            },
            {
              "origin": [
                -8.0,
                28.0,
                -5.0
              ],
              "size": [
                4.0,
                6.0,
                3.0
              ],
              "pivot": [
                -5.0,
                22.0,
                0.0
              ],
              "rotation": [
                -40.0,
                0.0,
                0.0
              ],
              "uv": [
                32,
                32
              ],
              "inflate": 0
            }
          ]
        },
        {
          "name": "LeftArm",
          "pivot": [
            5,
            22,
            0
          ],
          "cubes": [
            {
              "origin": [
                3.0,
                -21.0,
                -13.0
              ],
              "size": [
                4.0,
                12.0,
                4.0
              ],
              "pivot": [
                0.0,
                0.0,
                0.0
              ],
              "rotation": [
                -150.00473,
                -0.21782,
                2.4905
              ],
              "uv": [
                32,
                0
              ],
              "inflate": 0
            },
            {
              "origin": [
                -4.0,
                -5.0,
                2.0
              ],
              "size": [
                2.0,
                8.0,
                1.0
              ],
              "pivot": [
                5.0,
                22.0,
                0.0
              ],
              "rotation": [
                27.11771,
                13.34855,
                -24.26701
              ],
              "uv": [
                0,
                48
              ],
              "inflate": 0
            },
            {
              "origin": [
                14.0,
                -4.0,
                2.0
              ],
              "size": [
                2.0,
                8.0,
                1.0
              ],
              "pivot": [
                5.0,
                22.0,
                0.0
              ],
              "rotation": [
                25.31123,
                -16.66577,
                31.23252
              ],
              "uv": [
                46,
                16
              ],
              "inflate": 0
            },
            {
              "origin": [
                3.0,
                -3.0,
                2.0
              ],
              "size": [
                4.0,
                4.0,
                1.0
              ],
              "pivot": [
                5.0,
                22.0,
                0.0
              ],
              "rotation": [
                30.0,
                0.0,
                0.0
              ],
              "uv": [
                46,
                34
              ],
              "inflate": 0
            },
            {
              "origin": [
                2.0,
                2.0,
                -8.0
              ],
              "size": [
                6.0,
                6.0,
                1.0
              ],
              "pivot": [
                5.0,
                22.0,
                0.0
              ],
              "rotation": [
                57.5,
                0.0,
                0.0
              ],
              "uv": [
                32,
                41
              ],
              "inflate": 0
            },
            {
              "origin": [
                6.0,
                5.0,
                1.0
              ],
              "size": [
                2.0,
                8.0,
                1.0
              ],
              "pivot": [
                5.0,
                22.0,
                0.0
              ],
              "rotation": [
                25.0,
                0.0,
                0.0
              ],
              "uv": [
                46,
                25
              ],
              "inflate": 0
            },
            {
              "origin": [
                -2.0,
                5.0,
                1.0
              ],
              "size": [
                2.0,
                8.0,
                1.0
              ],
              "pivot": [
                5.0,
                22.0,
                0.0
              ],
              "rotation": [
                26.69459,
                6.86379,
                -13.36965
              ],
              "uv": [
                46,
                39
              ],
              "inflate": 0
            }
          ]
        },
        {
          "name": "RightLeg",
          "pivot": [
            -1.9,
            12,
            0
          ],
          "cubes": [
            {
              "origin": [
                -3.9,
                0.0,
                -2.0
              ],
              "size": [
                4.0,
                12.0,
                4.0
              ],
              "uv": [
                0,
                32
              ],
              "inflate": 0
            }
          ]
        },
        {
          "name": "LeftLeg",
          "pivot": [
            1.9,
            12,
            0
          ],
          "cubes": [
            {
              "origin": [
                -0.1,
                0.0,
                -2.0
              ],
              "size": [
                4.0,
                12.0,
                4.0
              ],
              "uv": [
                24,
                16
              ],
              "inflate": 0
            }
          ]
        }
      ]
    }
  ]
}