{
  "format_version": "1.12.0",
  "minecraft:geometry": [
    {
      "description": {
        "identifier": "geometry.stick_medic_red",
        "texture_width": 64,
        "texture_height": 64,
        "visible_bounds_width": 2,
        "visible_bounds_height": 3.5,
        "visible_bounds_offset": [
          0,
          1.25,
          0
        ]
      },
      "bones": [
        {
          "name": "Head",
          "pivot": [
            0,
            24,
            0
          ],
          "cubes": [
            {
              "origin": [
                -4.0,
                24.0,
                -4.0
              ],
              "size": [
                8.0,
                8.0,
                8.0
              ],
              "uv": [
                26,
                27
              ],
              "inflate": 0
            }
          ]
        },
        {
          "name": "Body",
          "pivot": [
            0,
            24,
            0
          ],
          "cubes": [
            {
              "origin": [
                -4.0,
                0.0,
                -2.0
              ],
              "size": [
                8.0,
                24.0,
                5.0
              ],
              "uv": [
                0,
                27
              ],
              "inflate": 0
            },
            {
              "origin": [
                -4.0,
                17.0,
                -24.0
              ],
              "size": [
                8.0,
                4.0,
                4.0
              ],
              "pivot": [
                0.0,
                24.0,
                0.0
              ],
              "rotation": [
                90.0,
                0.0,
                0.0
              ],
              "uv": [
                0,
                0
              ],
              "inflate": 0
            },
            {
              "origin": [
                -4.0,
                4.0,
                3.0
              ],
              "size": [
                8.0,
                4.0,
                2.0
              ],
              "uv": [
                26,
                43
              ],
              "inflate": 0
            },
            {
              "origin": [
                -4.0,
                21.5,
                -3.0
              ],
              "size": [
                8.0,
                2.0,
                3.0
              ],
              "pivot": [
                -5.0,
                21.5,
                0.0
              ],
              "rotation": [
                40.0,
                0.0,
                0.0
              ],
              "uv": [
                30,
                16
              ],
              "inflate": 0
            }
          ]
        },
        {
          "name": "RightArm",
          "pivot": [
            -5,
            21.5,
            0
          ],
          "cubes": [
            {
              "origin": [
                -7.0,
                -9.5,
                -24.0
              ],
              "size": [
                3.0,
                12.0,
                4.0
              ],
              "pivot": [
                0.0,
                0.0,
                0.0
              ],
              "rotation": [
                -90.0,
                0.0,
                0.0
              ],
              "uv": [
                30,
                0
              ],
              "inflate": 0
            },
            {
              "origin": [
                -6.0,
                -8.5,
                -26.0
              ],
              "size": [
                1.0,
                1.0,
                26.0
              ],
              "pivot": [
                0.0,
                0.0,
                0.0
              ],
              "rotation": [
                -90.0,
                0.0,
                0.0
              ],
              "uv": [
                0,
                0
              ],
              "inflate": 0
            },
            {
              "origin": [
                -6.0,
                -9.5,
                -30.0
              ],
              "size": [
                1.0,
                3.0,
                4.0
              ],
              "pivot": [
                0.0,
                0.0,
                0.0
              ],
              "rotation": [
                -90.0,
                0.0,
                0.0
              ],
              "uv": [
                14,
                8
              ],
              "inflate": 0
            }
          ]
        },
        {
          "name": "LeftArm",
          "pivot": [
            5,
            21.5,
            0
          ],
          "cubes": [
            {
              "origin": [
                4.0,
                11.5,
                -2.0
              ],
              "size": [
                3.0,
                12.0,
                4.0
              ],
              "uv": [
                0,
                8
              ],
              "inflate": 0
            }
          ]
        }
      ]
    }
  ]
}