{
  "format_version": "1.12.0",
  "minecraft:geometry": [
    {
      "description": {
        "identifier": "geometry.stick_spearton",
        "texture_width": 64,
        "texture_height": 64,
        "visible_bounds_width": 3,
        "visible_bounds_height": 3.5,
        "visible_bounds_offset": [
          0,
          1.25,
          0
        ]
      },
      "bones": [
        {
          "name": "Head",
          "pivot": [
            0,
            24,
            0
          ],
          "cubes": [
            {
              "origin": [
                -4.0,
                24.0,
                -4.0
              ],
              "size": [
                8.0,
                8.0,
                8.0
              ],
              "uv": [
                0,
                0
              ],
              "inflate": 0
            },
            {
              "origin": [
                -1.0,
                32.0,
                -4.0
              ],
              "size": [
                2.0,
                4.0,
                8.0
              ],
              "uv": [
                28,
                29
              ],
              "inflate": 0
            }
          ]
        },
        {
          "name": "Body",
          "pivot": [
            0,
            24,
            0
          ],
          "cubes": [
            {
              "origin": [
                -4.0,
                12.0,
                -2.0
              ],
              "size": [
                8.0,
                12.0,
                4.0
              ],
              "uv": [
                0,
                16
              ],
              "inflate": 0
            }
          ]
        },
        {
          "name": "RightArm",
          "pivot": [
            -5,
            22,
            0
          ],
          "cubes": [
            {
              "origin": [
                -8.0,
                -10.0,
                -24.0
              ],
              "size": [
                4.0,
                12.0,
                4.0
              ],
              "pivot": [
                0.0,
                0.0,
                0.0
              ],
              "rotation": [
                -90.0,
                0.0,
                0.0
              ],
              "uv": [
                44,
                12
              ],
              "inflate": 0
            },
            {
              "origin": [
                -7.0,
                0.0,
                -9.0
              ],
              "size": [
                1.0,
                25.0,
                1.0
              ],
              "uv": [
                24,
                31
              ],
              "inflate": 0
            },
            {
              "origin": [
                -7.0,
                26.0,
                -9.0
              ],
              "size": [
                1.0,
                4.0,
                1.0
              ],
              "uv": [
                0,
                9
              ],
              "inflate": 0
            },
            {
              "origin": [
                -8.0,
                25.0,
                -9.0
              ],
              "size": [
                3.0,
                1.0,
                1.0
              ],
              "uv": [
                0,
                0
              ],
              "inflate": 0
            }
          ]
        },
        {
          "name": "LeftArm",
          "pivot": [
            5,
            22,
            0
          ],
          "cubes": [
            {
              "origin": [
                4.0,
                12.0,
                -2.0
              ],
              "size": [
                4.0,
                12.0,
                4.0
              ],
              "uv": [
                28,
                41
              ],
              "inflate": 0
            },
            {
              "origin": [
                -15.0,
                14.0,
                -14.0
              ],
              "size": [
                9.0,
                12.0,
                1.0
              ],
              "pivot": [
                -5.0,
                22.0,
                0.0
              ],
              "rotation": [
                87.5,
                0.0,
                -90.0
              ],
              "uv": [
                24,
                16
              ],
              "inflate": 0
            }
          ]
        },
        {
          "name": "RightLeg",
          "pivot": [
            -1.9,
            12,
            0
          ],
          "cubes": [
            {
              "origin": [
                -3.9,
                0.0,
                -2.0
              ],
              "size": [
                4.0,
                12.0,
                4.0
              ],
              "uv": [
                32,
                0
              ],
              "inflate": 0
            }
          ]
        },
        {
          "name": "LeftLeg",
          "pivot": [
            1.9,
            12,
            0
          ],
          "cubes": [
            {
              "origin": [
                -0.1,
                0.0,
                -2.0
              ],
              "size": [
                4.0,
                12.0,
                4.0
              ],
              "uv": [
                0,
                32
              ],
              "inflate": 0
            }
          ]
        }
      ]
    }
  ]
}