{
  "format_version": "1.12.0",
  "minecraft:geometry": [
    {
      "description": {
        "identifier": "geometry.stick_gold_mine",
        "texture_width": 64,
        "texture_height": 64,
        "visible_bounds_width": 2,
        "visible_bounds_height": 2.5,
        "visible_bounds_offset": [
          0,
          0.75,
          0
        ]
      },
      "bones": [
        {
          "name": "bb_main",
          "pivot": [
            0,
            0,
            0
          ],
          "cubes": [
            {
              "origin": [
                -5.0,
                0.0,
                -5.0
              ],
              "size": [
                10.0,
                2.0,
                10.0
              ],
              "uv": [
                0,
                0
              ],
              "inflate": 0
            },
            {
              "origin": [
                -1.0,
                2.0,
                -2.0
              ],
              "size": [
                2.0,
                6.0,
                2.0
              ],
              "pivot": [
                0.0,
                0.0,
                0.0
              ],
              "rotation": [
                -2.44081,
                -0.54094,
                -37.48848
              ],
              "uv": [
                8,
                22
              ],
              "inflate": 0
            },
            {
              "origin": [
                -2.0,
                2.0,
                1.0
              ],
              "size": [
                2.0,
                6.0,
                2.0
              ],
              "pivot": [
                0.0,
                0.0,
                0.0
              ],
              "rotation": [
                0.0,
                0.0,
                -25.0
              ],
              "uv": [
                18,
                20
              ],
              "inflate": 0
            },
            {
              "origin": [
                -1.0,
                2.0,
                -1.0
              ],
              "size": [
                2.0,
                6.0,
                2.0
              ],
              "pivot": [
                0.0,
                0.0,
                0.0
              ],
              "rotation": [
                0.0,
                0.0,
                35.0
              ],
              "uv": [
                0,
                21
              ],
              "inflate": 0
            },
            {
              "origin": [
                -3.0,
                1.0,
                -1.0
              ],
              "size": [
                2.0,
                8.0,
                2.0
              ],
              "pivot": [
                0.0,
                0.0,
                0.0
              ],
              "rotation": [
                50.18944,
                20.25437,
                14.97401
              ],
              "uv": [
                12,
                12
              ],
              "inflate": 0
            },
            {
              "origin": [
                -1.0,
                1.0,
                0.0
              ],
              "size": [
                2.0,
                8.0,
                2.0
              ],
              "pivot": [
                0.0,
                0.0,
                0.0
              ],
              "rotation": [
                35.0,
                0.0,
                0.0
              ],
              "uv": [
                0,
                0
              ],
              "inflate": 0
            },
            {
              "origin": [
                -2.0,
                1.0,
                -1.0
              ],
              "size": [
                3.0,
                6.0,
                3.0
              ],
              "pivot": [
                0.0,
                0.0,
                0.0
              ],
              "rotation": [
                -20.0,
                2.5,
                0.0
              ],
              "uv": [
                0,
                12
              ],
              "inflate": 0
            },
            {
              "origin": [
                1.0,
                1.0,
                -2.0
              ],
              "size": [
                2.0,
                6.0,
                2.0
              ],
              "pivot": [
                0.0,
                0.0,
                0.0
              ],
              "rotation": [
                0.02709,
                51.67078,
                27.39439
              ],
              "uv": [
                20,
                12
              ],
              "inflate": 0
            }
          ]
        }
      ]
    }
  ]
}