{
	"format_version": "1.16.100",
	"minecraft:item": {
		"description": {
			"category": "equipment",
			"identifier": "mdz:use_door_close"
		},
		"components": {
            "minecraft:icon":{
                "texture": "mdz:door_close"
            },
            "minecraft:max_stack_size": 1,
            "minecraft:foil": false,
			"minecraft:creative_category": {
				"parent": "itemGroup.name.stools"
			},
			"minecraft:on_use": {
				"on_use": {
					"event": "doors"
				}
			}
		},
		"events": {
			"doors": {
				"run_command": {
					"command": [
						"execute @e[type=mdz:gazel,c=1,r=4] ~~~ event entity @s door_close",
						"replaceitem entity @s slot.weapon.mainhand 0 mdz:use_door_open"
					],
					"target": "holder"
				}
			}
		}
	}
}