{
  "tiers": [
    {
      "trades": [
        {
          "wants": [
            {
              "item": "spk:egg",
              "quantity": 20
            }
          ],
          "gives": [
            {
              "item": "spk:chapel",
              "quantity": 1
            }
          ]
        },
        {
          "wants": [
            {
              "item": "spk:egg",
              "quantity": 20
            }
          ],
          "gives": [
            {
              "item": "spk:pancreas",
              "quantity": 1
            }
          ]
        },
        {
          "wants": [
            {
              "item": "spk:egg",
              "quantity": 20
            }
          ],
          "gives": [
            {
              "item": "spk:misery",
              "quantity": 1
            }
          ]
        }
      ]
    }
  ]
}