{
  "resource_pack_name": "vanilla",
  "texture_name": "atlas.items",
  "texture_data": {
    "yg:cyan": {
      "textures": "textures/items/yg_cyan"
    },
    "yg:purple": {
      "textures": "textures/items/yg_purple"
    },
    "yg:green": {
      "textures": "textures/items/yg_green"
    },
    "yg:orange": {
      "textures": "textures/items/yg_orange"
    },
    "yg:blue": {
      "textures": "textures/items/yg_blue"
    },
    "yg:red": {
      "textures": "textures/items/yg_red"
    },
    "yg:box": {
      "textures": "textures/items/yg_box"
    },
    "yg:yellow": {
      "textures": "textures/items/yg_yellow"
    }
  }
}