{
	"format_version": "1.8.0",
	"animations": {
		"animation.yg_indigo.move": {
			"loop": true,
			"animation_length": 1,
			"anim_time_update": "query.modified_distance_moved * 0.1",
			"bones": {
				"Head": {
					"rotation": {
						"0.0": {
							"post": [-14.78217, 2.57594, 9.6658],
							"lerp_mode": "catmullrom"
						},
						"0.25": {
							"post": [-51.24885, -30.38643, -14.08459],
							"lerp_mode": "catmullrom"
						},
						"0.5": {
							"post": [-4.80443, -1.63208, 6.96462],
							"lerp_mode": "catmullrom"
						},
						"0.75": {
							"post": [-50.0178, 17.96627, 22.72789],
							"lerp_mode": "catmullrom"
						},
						"1.0": {
							"post": [-14.78217, 2.57594, 9.6658],
							"lerp_mode": "catmullrom"
						}
					}
				},
				"Jaw": {
					"rotation": {
						"0.0": {
							"post": [5, 0, 0],
							"lerp_mode": "catmullrom"
						},
						"0.25": {
							"post": [32.5, 0, 0],
							"lerp_mode": "catmullrom"
						},
						"0.5": {
							"post": [7.5, 0, 0],
							"lerp_mode": "catmullrom"
						},
						"0.75": {
							"post": [30, 0, 0],
							"lerp_mode": "catmullrom"
						},
						"1.0": {
							"post": [5, 0, 0],
							"lerp_mode": "catmullrom"
						}
					}
				},
				"Body": {
					"rotation": {
						"0.0": {
							"post": [25, 0, 0],
							"lerp_mode": "catmullrom"
						},
						"0.25": {
							"post": [19.9299, 1.70818, -4.69986],
							"lerp_mode": "catmullrom"
						},
						"0.5": {
							"post": [19.9299, -1.70818, 4.69986],
							"lerp_mode": "catmullrom"
						},
						"0.75": {
							"post": [19.8423, 2.55868, -7.05239],
							"lerp_mode": "catmullrom"
						},
						"1.0": {
							"post": [25, 0, 0],
							"lerp_mode": "catmullrom"
						}
					}
				},
				"Rightarm": {
					"rotation": {
						"0.0": {
							"post": [-37.08682, 8.17773, 5.77509],
							"lerp_mode": "catmullrom"
						},
						"0.25": {
							"post": [-47.66527, 12.78045, 16.7934],
							"lerp_mode": "catmullrom"
						},
						"0.5": {
							"post": [-89.58682, 8.17773, 5.77509],
							"lerp_mode": "catmullrom"
						},
						"0.75": {
							"post": [-46.77915, 16.4516, 20.30218],
							"lerp_mode": "catmullrom"
						},
						"1.0": {
							"post": [-37.08682, 8.17773, 5.77509],
							"lerp_mode": "catmullrom"
						}
					}
				},
				"bone": {
					"rotation": {
						"0.0": {
							"post": [-55, 0, 0],
							"lerp_mode": "catmullrom"
						},
						"0.25": {
							"post": [-69.82552, -21.24609, -7.58402],
							"lerp_mode": "catmullrom"
						},
						"0.5": {
							"post": [-22.5, 0, 0],
							"lerp_mode": "catmullrom"
						},
						"0.75": {
							"post": [-71.41724, -15.84724, -23.66168],
							"lerp_mode": "catmullrom"
						},
						"1.0": {
							"post": [-55, 0, 0],
							"lerp_mode": "catmullrom"
						}
					}
				},
				"Leftarm": {
					"rotation": {
						"0.0": {
							"post": [-88.79631, -14.11063, -10.39448],
							"lerp_mode": "catmullrom"
						},
						"0.25": {
							"post": [-70.38343, -27.20328, -33.05392],
							"lerp_mode": "catmullrom"
						},
						"0.5": {
							"post": [-43.79631, -14.11063, -10.39448],
							"lerp_mode": "catmullrom"
						},
						"0.75": {
							"post": [-38.06754, -12.95626, -11.08522],
							"lerp_mode": "catmullrom"
						},
						"1.0": {
							"post": [-88.79631, -14.11063, -10.39448],
							"lerp_mode": "catmullrom"
						}
					}
				},
				"bone3": {
					"rotation": {
						"0.0": {
							"post": [-30.50112, -12.23161, -4.87346],
							"lerp_mode": "catmullrom"
						},
						"0.25": {
							"post": [-77.04578, 2.38226, -1.46993],
							"lerp_mode": "catmullrom"
						},
						"0.5": {
							"post": [-73.00112, -12.23161, -4.87346],
							"lerp_mode": "catmullrom"
						},
						"0.75": {
							"post": [-49.52401, 21.24237, 21.7889],
							"lerp_mode": "catmullrom"
						},
						"1.0": {
							"post": [-30.50112, -12.23161, -4.87346],
							"lerp_mode": "catmullrom"
						}
					}
				},
				"Rightleg": {
					"rotation": {
						"0.0": {
							"post": [-37.5, 0, 0],
							"lerp_mode": "catmullrom"
						},
						"0.25": {
							"post": [0, 0, 0],
							"lerp_mode": "catmullrom"
						},
						"0.5": {
							"post": [22.5, 0, 0],
							"lerp_mode": "catmullrom"
						},
						"0.75": {
							"post": [0, 0, 0],
							"lerp_mode": "catmullrom"
						},
						"1.0": {
							"post": [-37.5, 0, 0],
							"lerp_mode": "catmullrom"
						}
					}
				},
				"bone5": {
					"rotation": {
						"0.0": {
							"post": [37.5, 0, 0],
							"lerp_mode": "catmullrom"
						},
						"0.5": {
							"post": [31.85674, 0.11259, -6.48611],
							"lerp_mode": "catmullrom"
						},
						"0.75": {
							"post": [0, 0, 0],
							"lerp_mode": "catmullrom"
						},
						"1.0": {
							"post": [37.5, 0, 0],
							"lerp_mode": "catmullrom"
						}
					}
				},
				"bone6": {
					"rotation": {
						"0.0": {
							"post": [0, 0, 0],
							"lerp_mode": "catmullrom"
						}
					}
				},
				"Leftleg": {
					"rotation": {
						"0.0": {
							"post": [22.5, 0, 0],
							"lerp_mode": "catmullrom"
						},
						"0.25": {
							"post": [0, 0, 0],
							"lerp_mode": "catmullrom"
						},
						"0.5": {
							"post": [-37.5, 0, 0],
							"lerp_mode": "catmullrom"
						},
						"0.75": {
							"post": [0, 0, 0],
							"lerp_mode": "catmullrom"
						},
						"1.0": {
							"post": [22.5, 0, 0],
							"lerp_mode": "catmullrom"
						}
					}
				},
				"bone7": {
					"rotation": {
						"0.0": {
							"post": [31.85674, 0.11259, -6.48611],
							"lerp_mode": "catmullrom"
						},
						"0.25": {
							"post": [0, 0, 0],
							"lerp_mode": "catmullrom"
						},
						"0.5": {
							"post": [37.5, 0, 0],
							"lerp_mode": "catmullrom"
						},
						"1.0": {
							"post": [31.85674, 0.11259, -6.48611],
							"lerp_mode": "catmullrom"
						}
					}
				},
				"Root": {
					"position": {
						"0.0": [0, -2, 0],
						"0.25": [0, 0, 0],
						"0.5": [0, -2, 0],
						"0.75": [0, 0, 0],
						"1.0": [0, -2, 0]
					}
				}
			}
		},
		"animation.yg_indigo.general": {
			"loop": true,
			"animation_length": 2,
			"bones": {
				"Head": {
					"rotation": {
						"0.0": [-25, 0, 0],
						"1.0": [-32.5, 0, 0],
						"2.0": [-25, 0, 0]
					}
				},
				"Jaw": {
					"rotation": {
						"0.0": [5, 0, 0],
						"1.0": [20, 0, 0],
						"2.0": [5, 0, 0]
					}
				},
				"Body": {
					"rotation": {
						"0.0": [35, 0, 0],
						"1.0": [45, 0, 0],
						"2.0": [35, 0, 0]
					}
				},
				"Rightarm": {
					"rotation": {
						"0.0": [-29.78729, 3.74196, 6.50446],
						"1.0": [-39.78729, 3.74196, 6.50446],
						"2.0": [-29.78729, 3.74196, 6.50446]
					}
				},
				"bone": {
					"rotation": {
						"0.0": [-70, 0, 0],
						"1.0": [-77.5, 0, 0],
						"2.0": [-70, 0, 0]
					}
				},
				"bone2": {
					"rotation": [0, -55, 0]
				},
				"Leftarm": {
					"rotation": {
						"0.0": [-31.60836, -3.92827, -6.35841],
						"1.0": [-44.1247, -4.60559, -5.49499],
						"2.0": [-31.60836, -3.92827, -6.35841]
					}
				},
				"bone3": {
					"rotation": {
						"0.0": [-65, 0, 0],
						"1.0": [-77.28605, -0.10229, 2.31604],
						"2.0": [-65, 0, 0]
					}
				},
				"bone4": {
					"rotation": [0, 45, 0]
				},
				"Rightleg": {
					"rotation": {
						"0.0": {
							"post": [-37.5, 17.5, 0],
							"lerp_mode": "catmullrom"
						}
					}
				},
				"bone5": {
					"rotation": {
						"0.0": {
							"post": [37.5, 0, 0],
							"lerp_mode": "catmullrom"
						}
					}
				},
				"Leftleg": {
					"rotation": {
						"0.0": {
							"post": [-37.5, -17.5, 0],
							"lerp_mode": "catmullrom"
						}
					}
				},
				"bone7": {
					"rotation": {
						"0.0": {
							"post": [37.5, 0, 0],
							"lerp_mode": "catmullrom"
						}
					}
				},
				"Root": {
					"position": {
						"0.0": {
							"post": [0, -2, 3],
							"lerp_mode": "catmullrom"
						}
					}
				}
			}
		},
		"animation.yg_indigo.looking": {
			"loop": true,
			"bones": {
				"Head": {
					"rotation": ["query.target_x_rotation-this", "query.target_y_rotation-this", 0]
				}
			}
		},
		"animation.yg_indigo.attack": {
			"animation_length": 1.08333,
			"bones": {
				"Body": {
					"rotation": {
						"0.0": [0, 0, 0],
						"0.25": [-10, 0, 0],
						"0.5": [27.5, 0, 0],
						"0.9583": [13.39286, 0, 0],
						"1.0833": [0, 0, 0]
					}
				},
				"Head": {
					"rotation": {
						"0.0": [0, 0, 0],
						"0.25": [12.5, 0, 0],
						"0.5": [-5, 0, 0],
						"0.75": [-4.83045, -1.29256, -14.94548],
						"0.8333": [-4.88206, 1.08089, 12.45392],
						"0.9167": [-4.76968, -1.50179, -17.43745],
						"1.0": [-4.88206, 1.08089, 12.45392],
						"1.0833": [0, 0, 0]
					}
				},
				"Jaw": {
					"rotation": {
						"0.0": [0, 0, 0],
						"0.25": [-5, 0, 0],
						"0.5": [25, 0, 0],
						"1.0833": [0, 0, 0]
					}
				},
				"Rightarm": {
					"rotation": {
						"0.0": [0, 0, 0],
						"0.25": [0, 0, 22.5],
						"0.6667": [-30, 0, 22.5],
						"0.9583": [-26.5, 0, 6.75],
						"1.0833": [0, 0, 0]
					}
				},
				"bone": {
					"rotation": {
						"0.0": [0, 0, 0],
						"0.25": [-37.5, 0, 0],
						"0.6667": [-80, 0, 0],
						"0.9583": [-84, 0, 0],
						"1.0833": [0, 0, 0]
					}
				},
				"bone2": {
					"rotation": [0, 0, 0]
				},
				"Leftarm": {
					"rotation": {
						"0.0": [0, 0, 0],
						"0.25": [0, 0, -17.5],
						"0.6667": [-30, 0, -17.5],
						"0.9583": [-26.5, 0, -5.25],
						"1.0833": [0, 0, 0]
					}
				},
				"bone3": {
					"rotation": {
						"0.0": [0, 0, 0],
						"0.25": [-27.5, 0, 0],
						"0.6667": [-80, 0, 0],
						"0.9583": [-84, 0, 0],
						"1.0833": [0, 0, 0]
					}
				},
				"bone4": {
					"rotation": [0, 0, 0]
				}
			}
		}
	}
}