{"format_version":"1.8.0","animations":{"animation.yg_orange.general":{"loop":true,"animation_length":2,"bones":{"Rightarm":{"rotation":{"0.0":[0,0,-12.5],"1.0":[0,0,-20],"2.0":[0,0,-12.5]}},"Leftarm":{"rotation":{"0.0":[0,0,10],"1.0":[0,0,17.5],"2.0":[0,0,10]}}}},"animation.yg_orange.looking":{"loop":true,"bones":{"Head":{"rotation":["query.target_x_rotation-this","query.target_y_rotation-this",0]}}},"animation.yg_orange.move":{"loop":true,"animation_length":1,"anim_time_update":"query.modified_distance_moved * 0.1","bones":{"Body":{"rotation":{"0.0":[10,0,0],"0.25":[0,0,0],"0.5":[12.5,0,0],"0.75":[0,0,0],"1.0":[10,0,0]}},"bone":{"rotation":{"0.0":[35,0,0],"0.25":[17.5,0,0],"0.5":[35,0,0],"0.75":[12.5,0,0],"1.0":[35,0,0]}},"Rightarm":{"rotation":{"0.0":[0,0,-20],"0.25":[0,0,7.5],"0.5":[0,0,-20],"0.75":[0,0,-15],"1.0":[0,0,-20]}},"Leftarm":{"rotation":{"0.0":[0,0,12.5],"0.25":[0,0,-10],"0.5":[0,0,12.5],"0.75":[0,0,15],"1.0":[0,0,12.5]}},"Rightleg":{"rotation":{"0.0":[47.5,0,0],"0.25":[0,0,0],"0.5":[-40,0,0],"0.75":[0,0,0],"1.0":[47.5,0,0]}},"bone6":{"rotation":{"0.0":[0,47.5,0],"0.25":[0,0,0],"0.5":[0,-5,0],"0.75":[0,0,0],"1.0":[0,47.5,0]}},"Root":{"position":{"0.0":[0,-1,0],"0.25":[0,0,0],"0.5":[0,-1,0],"0.75":[0,0,0],"1.0":[0,-1,0]}},"Leftleg":{"rotation":{"0.0":[-35,0,0],"0.25":[0,0,0],"0.5":[12.5,0,0],"0.75":[0,0,0],"1.0":[-35,0,0]}},"bone8":{"rotation":{"0.0":[0,10,0],"0.25":[0,0,0],"0.5":[0,-85,0],"0.75":[0,0,0],"1.0":[0,10,0]}}}},"animation.yg_orange.attack":{"animation_length":0.91667,"bones":{"Body":{"rotation":{"0.0":[5,0,0],"0.25":[15,0,0],"0.5":[2.5,0,0],"0.75":[17.5,0,0],"0.9167":[5,0,0]}},"Head":{"rotation":{"0.0":[0,0,0],"0.25":[-3.38262,3.68425,47.39118],"0.5":[-10,0,0],"0.75":[-8.21888,5.71617,34.58897],"0.9167":[0,0,0]}},"bone":{"rotation":{"0.0":[0,0,0],"0.25":[32.5,0,0],"0.5":[15,0,0],"0.75":[50,0,0],"0.9167":[0,0,0]}},"Rightarm":{"rotation":{"0.0":[0,0,-5],"0.25":[0,-22.5,-5],"0.5":[0,-30,-5],"0.75":[0,-40,-5],"0.9167":[0,0,-5]}},"Leftarm":{"rotation":{"0.0":[0,0,7.5],"0.25":[0,27.5,7.5],"0.5":[0,30,7.5],"0.75":[0,45,7.5],"0.9167":[0,0,7.5]}}}}}}