{
  "format_version": "1.8.0",
  "animations": {
    "animation.yg_teal.general": {
      "loop": true,
      "animation_length": 1,
      "bones": {
        "Body": {
          "position": {
            "0.0": {
              "post": [
                0,
                0,
                0
              ],
              "lerp_mode": "catmullrom"
            },
            "0.5": {
              "post": [
                0,
                -1,
                0
              ],
              "lerp_mode": "catmullrom"
            },
            "1.0": {
              "post": [
                0,
                0,
                0
              ],
              "lerp_mode": "catmullrom"
            }
          }
        },
        "Rightarm": {
          "rotation": {
            "0.0": [
              0,
              0,
              0
            ],
            "0.25": [
              0,
              0,
              2.5
            ],
            "0.75": [
              0,
              0,
              5
            ],
            "1.0": [
              0,
              0,
              0
            ]
          },
          "position": {
            "0.0": {
              "post": [
                0,
                -2,
                0
              ],
              "lerp_mode": "catmullrom"
            },
            "0.5": {
              "post": [
                0,
                0,
                0
              ],
              "lerp_mode": "catmullrom"
            },
            "1.0": {
              "post": [
                0,
                -2,
                0
              ],
              "lerp_mode": "catmullrom"
            }
          }
        },
        "Leftarm": {
          "rotation": {
            "0.0": [
              0,
              0,
              0
            ],
            "0.25": [
              0,
              0,
              -2.5
            ],
            "0.75": [
              0,
              0,
              -5
            ],
            "1.0": [
              0,
              0,
              0
            ]
          },
          "position": {
            "0.0": {
              "post": [
                0,
                -2,
                0
              ],
              "lerp_mode": "catmullrom"
            },
            "0.5": {
              "post": [
                0,
                0,
                0
              ],
              "lerp_mode": "catmullrom"
            },
            "1.0": {
              "post": [
                0,
                -2,
                0
              ],
              "lerp_mode": "catmullrom"
            }
          }
        }
      }
    },
    "animation.yg_teal.looking": {
      "loop": true,
      "bones": {
        "Head": {
          "rotation": [
            "query.target_x_rotation-this",
            "query.target_y_rotation-this",
            0
          ]
        }
      }
    },
    "animation.yg_teal.move": {
      "loop": true,
      "animation_length": 1,
      "anim_time_update": "query.modified_distance_moved * 0.1",
      "bones": {
        "Body": {
          "rotation": {
            "0.0": {
              "post": [
                0,
                0,
                0
              ],
              "lerp_mode": "catmullrom"
            }
          }
        },
        "Rightleg": {
          "rotation": {
            "0.0": {
              "post": [
                -32.5,
                0,
                0
              ],
              "lerp_mode": "catmullrom"
            },
            "0.25": {
              "post": [
                0,
                0,
                0
              ],
              "lerp_mode": "catmullrom"
            },
            "0.5": {
              "post": [
                37.5,
                0,
                0
              ],
              "lerp_mode": "catmullrom"
            },
            "0.75": {
              "post": [
                0,
                0,
                0
              ],
              "lerp_mode": "catmullrom"
            },
            "1.0": {
              "post": [
                -32.5,
                0,
                0
              ],
              "lerp_mode": "catmullrom"
            }
          }
        },
        "bone5": {
          "rotation": {
            "0.0": {
              "post": [
                32.5,
                0,
                0
              ],
              "lerp_mode": "catmullrom"
            },
            "0.5": {
              "post": [
                35,
                0,
                0
              ],
              "lerp_mode": "catmullrom"
            },
            "0.75": {
              "post": [
                0,
                0,
                0
              ],
              "lerp_mode": "catmullrom"
            },
            "1.0": {
              "post": [
                32.5,
                0,
                0
              ],
              "lerp_mode": "catmullrom"
            }
          }
        },
        "Leftleg": {
          "rotation": {
            "0.0": {
              "post": [
                37.5,
                0,
                0
              ],
              "lerp_mode": "catmullrom"
            },
            "0.25": {
              "post": [
                0,
                0,
                0
              ],
              "lerp_mode": "catmullrom"
            },
            "0.5": {
              "post": [
                -32.5,
                0,
                0
              ],
              "lerp_mode": "catmullrom"
            },
            "0.75": {
              "post": [
                0,
                0,
                0
              ],
              "lerp_mode": "catmullrom"
            },
            "1.0": {
              "post": [
                37.5,
                0,
                0
              ],
              "lerp_mode": "catmullrom"
            }
          }
        },
        "bone7": {
          "rotation": {
            "0.0": {
              "post": [
                35,
                0,
                0
              ],
              "lerp_mode": "catmullrom"
            },
            "0.25": {
              "post": [
                0,
                0,
                0
              ],
              "lerp_mode": "catmullrom"
            },
            "0.5": {
              "post": [
                32.5,
                0,
                0
              ],
              "lerp_mode": "catmullrom"
            },
            "1.0": {
              "post": [
                35,
                0,
                0
              ],
              "lerp_mode": "catmullrom"
            }
          }
        },
        "Root": {
          "position": {
            "0.0": [
              0,
              -2,
              0
            ],
            "0.25": [
              0,
              0,
              0
            ],
            "0.5": [
              0,
              -2,
              0
            ],
            "0.7917": [
              0,
              0,
              0
            ],
            "1.0": [
              0,
              -2,
              0
            ]
          }
        },
        "Rightarm": {
          "rotation": {
            "0.0": [
              22.5,
              0,
              0
            ],
            "0.5": [
              -22.5,
              0,
              0
            ],
            "1.0": [
              22.5,
              0,
              0
            ]
          }
        },
        "bone": {
          "rotation": {
            "0.0": [
              -2.5,
              0,
              0
            ],
            "0.5": [
              -50,
              0,
              0
            ],
            "1.0": [
              -2.5,
              0,
              0
            ]
          }
        },
        "Leftarm": {
          "rotation": {
            "0.0": [
              -22.5,
              0,
              0
            ],
            "0.5": [
              22.5,
              0,
              0
            ],
            "1.0": [
              -22.5,
              0,
              0
            ]
          }
        },
        "bone3": {
          "rotation": {
            "0.0": [
              -50,
              0,
              0
            ],
            "0.5": [
              -5,
              0,
              0
            ],
            "1.0": [
              -50,
              0,
              0
            ]
          }
        }
      }
    },
    "animation.yg_teal.attack": {
      "animation_length": 0.5,
      "bones": {
        "Rightarm": {
          "rotation": {
            "0.0": [
              0,
              0,
              0
            ],
            "0.1667": [
              -62.5,
              0,
              0
            ],
            "0.3333": [
              -60,
              0,
              0
            ],
            "0.4167": [
              -60,
              0,
              0
            ],
            "0.5": [
              0,
              0,
              0
            ]
          },
          "position": [
            0,
            0,
            0
          ],
          "scale": {
            "0.0": [
              1,
              1,
              1
            ],
            "0.1667": [
              1,
              1,
              1
            ],
            "0.5": [
              1,
              1,
              1
            ]
          }
        },
        "bone": {
          "rotation": [
            0,
            0,
            0
          ],
          "position": [
            0,
            0,
            0
          ],
          "scale": {
            "0.0": [
              1,
              1,
              1
            ],
            "0.3333": [
              1,
              2,
              1
            ],
            "0.4167": [
              1,
              2,
              1
            ],
            "0.5": [
              1,
              1,
              1
            ]
          }
        },
        "bone2": {
          "rotation": [
            0,
            0,
            0
          ],
          "position": [
            0,
            0,
            0
          ],
          "scale": 1
        },
        "Leftarm": {
          "rotation": {
            "0.0": [
              0,
              0,
              0
            ],
            "0.1667": [
              -60,
              0,
              0
            ],
            "0.3333": [
              -62.5,
              0,
              0
            ],
            "0.4167": [
              -62.5,
              0,
              0
            ],
            "0.5": [
              0,
              0,
              0
            ]
          },
          "position": [
            0,
            0,
            0
          ],
          "scale": {
            "0.0": [
              1,
              1,
              1
            ],
            "0.1667": [
              1,
              1,
              1
            ],
            "0.5": [
              1,
              1,
              1
            ]
          }
        },
        "bone3": {
          "rotation": [
            0,
            0,
            0
          ],
          "position": [
            0,
            0,
            0
          ],
          "scale": {
            "0.0": [
              1,
              1,
              1
            ],
            "0.3333": [
              1,
              2.1,
              1
            ],
            "0.4167": [
              1,
              2.1,
              1
            ],
            "0.5": [
              1,
              1,
              1
            ]
          }
        },
        "bone4": {
          "rotation": [
            0,
            0,
            0
          ],
          "position": [
            0,
            0,
            0
          ],
          "scale": 1
        }
      }
    }
  }
}