{"format_version":"1.8.0","minecraft:entity":{"description":{"identifier":"yg:brown_morph","is_spawnable":true,"is_summonable":true,"is_experimental":false,"scripts":{"animate":["morph"]},"animations":{"morph":"controller.animation.morph"}},"components":{"minecraft:type_family":{"family":["morph"]},"minecraft:collision_box":{"width":0.6,"height":1.8},"minecraft:scale":{"value":1},"minecraft:fall_damage":{"value":0},"minecraft:is_stackable":{},"minecraft:push_through":{"value":1},"minecraft:health":{"value":{"range_min":40,"range_max":40}},"minecraft:navigation.walk":{"can_float":false},"minecraft:movement.basic":{},"minecraft:jump.static":{},"minecraft:nameable":{},"minecraft:horse.jump_strength":{"value":1},"minecraft:movement":{"value":0.2},"minecraft:damage_sensor":[{"on_damage":{"filters":{"test":"is_riding","subject":"player"}},"deals_damage":false},{"on_damage":{"filters":{"test":"is_family","subject":"other","value":"villager"}},"deals_damage":false}],"minecraft:fire_immune":true,"minecraft:rideable":{"seat_count":1,"rider_can_interact":true,"crouching_skip_interact":true,"family_types":["player"],"interact_text":"Morph","seats":{"position":[0,0.2,1.1]}},"minecraft:knockback_resistance":{"value":0},"minecraft:physics":{"has_gravity":true},"minecraft:is_saddled":{},"minecraft:input_ground_controlled":{},"minecraft:can_power_jump":{}}}}