{
	"format_version": "1.8.0",
	"animations": {
		"animation.green.jumpscare": {
			"animation_length": 1,
			"bones": {
				"Body": {
					"rotation": {
						"0.0": [0, 0, 0],
						"0.125": [0, 0, 0],
						"0.25": [0, 0, 0],
						"0.375": [0, 0, 0],
						"0.5": [0, 0, 0],
						"1.0": [0, 0, 0]
					},
					"position": {
						"0.0": [0, 0, 0],
						"0.125": [0, 1, 0],
						"0.25": [0, 0, 0],
						"0.375": [0, 1, 0],
						"0.5": [0, 0, 0],
						"1.0": [0, 0, 0]
					}
				},
				"bone5": {
					"rotation": {
						"0.0": [0, 0, 0],
						"0.125": [-10.98124, -9.84655, -17.49524],
						"0.25": [0, 0, 0],
						"0.375": [-16.8569, 7.13136, 10.29284],
						"0.5": [0, 0, 0],
						"0.875": [-52.5, 0, 0],
						"1.0": [0, 0, 0]
					},
					"position": {
						"0.0": [0, 0, 0],
						"0.5": [0, 0, 0],
						"1.0": [0, 0, 0]
					}
				},
				"RightArm": {
					"rotation": [0, -37.5, 0]
				},
				"bone11": {
					"rotation": [0, -85, 0]
				},
				"bone12": {
					"rotation": [0, -52.5, 0]
				},
				"LeftArm": {
					"rotation": [0, 37.5, 0]
				},
				"bone10": {
					"rotation": [0, 67.5, 0]
				},
				"bone13": {
					"rotation": [0, 77.5, 0]
				}
			}
		}
	}
}