{
	"format_version": "1.8.0",
	"animations": {
		"animation.green.general": {
			"loop": true,
			"animation_length": 6,
			"bones": {
				"Body": {
					"rotation": {
						"0.0": [0, 0, 0],
						"1.0": [-0.88045, 9.96156, -5.07673],
						"1.5": [0, 15, 0],
						"3.0": [0, 0, 0],
						"4.5": [0, -15, 0],
						"5.0": [-0.88045, -9.96156, 5.07673],
						"6.0": [0, 0, 0]
					},
					"position": {
						"0.0": [0, 0, 0],
						"1.5": [0, -0.5, 0],
						"3.0": [0, -1, 0],
						"4.5": [0, -0.5, 0],
						"6.0": [0, 0, 0]
					}
				},
				"bone5": {
					"rotation": {
						"0.0": [0, 0, 0],
						"1.5": [-10, 0, 0],
						"3.0": [0, 0, 0],
						"4.5": [-10, 0, 0],
						"6.0": [0, 0, 0]
					}
				},
				"bone9": {
					"rotation": [0, 0, 0],
					"position": {
						"0.0": [0, 0, 0],
						"1.0": [0, 0, 0],
						"1.5": [0, 0, 0],
						"2.0": [0, 0, 0],
						"3.0": [0, 0, 0],
						"4.0": [0, 0, 0],
						"4.5": [0.25, -0.5, -0.25],
						"5.0": [0, 0, 0],
						"6.0": [0, 0, 0]
					}
				},
				"bone8": {
					"position": {
						"0.0": [0, 0, 0],
						"1.0": [0, 0, 0],
						"1.25": [-0.3, -0.3, -0.2],
						"1.5": [0, -0.6, 0],
						"2.0": [0, 0, 0],
						"3.0": [0, 0, 0],
						"4.0": [0, 0, 0],
						"4.5": [0, 0, 0],
						"5.0": [0, 0, 0],
						"6.0": [0, 0, 0]
					}
				},
				"bone2": {
					"rotation": {
						"0.0": [0, 0, 0],
						"1.5": [-10, 15, 0],
						"3.0": [0, 0, 0],
						"4.5": [-18.4459, -18.39253, 10.4531],
						"6.0": [0, 0, 0]
					}
				},
				"bone4": {
					"rotation": {
						"0.0": [0, 0, 0],
						"1.5": [27.5, 0, 0],
						"3.0": [0, 0, 0],
						"4.5": [36.63035, -6.86379, -26.69458],
						"6.0": [0, 0, 0]
					}
				},
				"RightArm": {
					"rotation": {
						"0.0": [0, 0, 0],
						"1.5": [0.99793, -9.31444, 31.07441],
						"3.0": [0, 0, 0],
						"4.5": [0, -17.5, -20],
						"6.0": [0, 0, 0]
					}
				},
				"bone11": {
					"rotation": {
						"0.0": [0, 0, 0],
						"0.5": [0, 0, -28.33],
						"1.5": [0, 0, 20],
						"3.0": [0, 0, 0],
						"4.0": [0, 0, 36.67],
						"4.5": [0, 0, 17.5],
						"6.0": [0, 0, 0]
					}
				},
				"bone12": {
					"rotation": {
						"0.0": [0, 0, 0],
						"0.5": [1.49349, -0.45077, -23.60776],
						"1.5": [3.74794, -2.80307, -10.8362],
						"3.0": [0, 0, 0],
						"4.0": [0, 0, 41.67],
						"4.5": [0, 0, -35],
						"6.0": [0, 0, 0]
					}
				},
				"LeftArm": {
					"rotation": {
						"0.0": [0, 0, 0],
						"0.5": [1.08482, 4.88119, 16.71291],
						"1.5": [0, 15, 12.5],
						"3.0": [0, 0, 0],
						"4.5": [0, 0, -32.5],
						"6.0": [0, 0, 0]
					}
				},
				"bone10": {
					"rotation": {
						"0.0": [0, 0, 0],
						"0.5": [0, 0, -81.67],
						"1.5": [0, 0, -5],
						"3.0": [0, 0, 0],
						"4.0": [0, 0, 23.33],
						"4.5": [0, 0, -17.5],
						"6.0": [0, 0, 0]
					}
				},
				"bone13": {
					"rotation": {
						"0.0": [0, 0, 0],
						"1.5": [0, 0, 20],
						"3.0": [0, 0, 0],
						"4.0": [0, 0, -22.5],
						"4.5": [0, 0, 22.5],
						"6.0": [0, 0, 0]
					}
				}
			}
		}
	}
}