{
	"format_version": "1.8.0",
	"animations": {
		"animation.green.move": {
			"loop": true,
			"animation_length": 1,
			"bones": {
				"LeftLeg": {
					"rotation": {
						"0.0": [10, 0, 0],
						"0.25": [0, 0, 0],
						"0.5": [-10, 0, 0],
						"1.0": [10, 0, 0]
					},
					"position": {
						"0.0": [0, 0, 1],
						"0.25": [0, 1, 0],
						"0.5": [0, 0, -1],
						"1.0": [0, 0, 1]
					}
				},
				"bone3": {
					"rotation": {
						"0.0": [0, 0, 0],
						"0.25": [14.58578, 3.38458, -0.59343],
						"0.5": [0, 0, 0],
						"1.0": [0, 0, 0]
					}
				},
				"Body": {
					"rotation": {
						"0.0": [0, 2.5, 0],
						"0.25": [0, 0, -2.5],
						"0.5": [0, -2.5, 0],
						"0.75": [0, 0, 2.5],
						"1.0": [0, 2.5, 0]
					},
					"position": {
						"0.0": [0, 0, 0],
						"0.25": [0, 1, 0],
						"0.5": [0, 0, 0],
						"0.75": [0, 1, 0],
						"1.0": [0, 0, 0]
					}
				},
				"bone5": {
					"rotation": {
						"0.0": [0, 0, 0],
						"0.25": [-17.5, 0, 0],
						"0.5": [0, 0, 0],
						"0.75": [-17.5, 0, 0],
						"1.0": [0, 0, 0]
					}
				},
				"bone9": {
					"position": {
						"0.0": [0, 0, 0],
						"0.5": [0, 0, 0],
						"0.75": [-0.4, -0.7, 0],
						"1.0": [0, 0, 0]
					}
				},
				"bone8": {
					"position": {
						"0.0": [0, 0, 0],
						"0.25": [0.4, -0.7, 0],
						"0.5": [0, 0, 0],
						"1.0": [0, 0, 0]
					}
				},
				"bone2": {
					"rotation": {
						"0.0": [0, 0, 0],
						"0.25": [0, 12.5, 0],
						"0.5": [0, 0, 0],
						"0.75": [0, -12.5, 0],
						"1.0": [0, 0, 0]
					}
				},
				"bone4": {
					"rotation": {
						"0.0": [0, 0, 0],
						"0.25": [27.5, 0, 0],
						"0.5": [0, 0, 0],
						"0.75": [27.5, 0, 0],
						"1.0": [0, 0, 0]
					}
				},
				"RightArm": {
					"rotation": {
						"0.0": [0, 0, 0],
						"0.5": [2.74715, -12.19908, -12.79362],
						"1.0": [0, 0, 0]
					}
				},
				"bone11": {
					"rotation": {
						"0.0": [0, 0, 0],
						"0.5": [0, 0, -32.5],
						"1.0": [0, 0, 0]
					}
				},
				"bone12": {
					"rotation": {
						"0.0": [0, 0, 0],
						"0.5": [0, 0, 75],
						"1.0": [0, 0, 0]
					}
				},
				"LeftArm": {
					"rotation": {
						"0.0": [2.74715, 12.19908, 12.79362],
						"0.5": [0, 0, 0],
						"1.0": [2.74715, 12.19908, 12.79362]
					}
				},
				"bone10": {
					"rotation": {
						"0.0": [0, 0, 20],
						"0.5": [0, 0, 0],
						"1.0": [0, 0, 20]
					}
				},
				"bone13": {
					"rotation": {
						"0.0": [0, 0, -75],
						"0.5": [0, 0, 0],
						"1.0": [0, 0, -75]
					}
				},
				"RightLeg": {
					"rotation": {
						"0.0": [-10, 0, 0],
						"0.5": [10, 0, 0],
						"1.0": [-10, 0, 0]
					},
					"position": {
						"0.0": [0, 0, -1],
						"0.5": [0, 0, 1],
						"0.75": [0, 1, 0],
						"1.0": [0, 0, -1]
					}
				},
				"bone": {
					"rotation": {
						"0.0": [0, 0, 0],
						"0.5": [0, 0, 0],
						"0.75": [17.5, 0, 0],
						"1.0": [0, 0, 0]
					}
				}
			}
		}
	}
}