{
  "format_version": "1.10.0",
  "minecraft:client_entity": {
    "description": {
      "identifier": "os:tc",
      "materials": {
        "default": "pillager"
      },
      "textures": {
        "default": "textures/entity/pamobile/os_tc"
      },
      "geometry": {
        "default": "geometry.os_tc"
      },
      "spawn_egg": {
        "base_color": "#0F4432",
        "overlay_color": "#0B4B2E"
      },
      "scripts": {
        "pre_animation": [
          "variable.tcos0 \u003d (Math.cos(query.modified_distance_moved * 38.17) * query.modified_move_speed / variable.gliding_speed_value) * 57.3;"
        ],
        "animate": [
          "pillager_root_controller"
        ]
      },
      "animations": {
        "humanoid_base_pose": "animation.os_tc.base_pose",
        "look_at_target_default": "animation.os_tc.default",
        "look_at_target_gliding": "animation.os_tc.gliding",
        "look_at_target_swimming": "animation.os_tc.swimming",
        "riding.legs": "animation.os_tc.legs",
        "holding": "animation.os_tc.holding",
        "attack.rotations": "animation.os_tc.rotations",
        "bob": "animation.os_tc.bob",
        "crossbow_hold": "animation.os_tc.hold",
        "crossbow_charge": "animation.os_tc.charge",
        "celebrating": "animation.os_tc.celebrating",
        "controller_humanoid_base_pose": "animation.os_tc.base_pose",
        "controller_look_at_target": "animation.os_tc.look_at_target",
        "controller_move": "animation.os_tc.move",
        "controller_riding": "animation.os_tc.riding",
        "controller_attack": "animation.os_tc.attack",
        "controller_bob": "animation.os_tc.bob",
        "controller_pillager_attack": "animation.os_tc.attack",
        "pillager_root_controller": "animation.os_tc.root"
      },
      "render_controllers": [
        "controller.render.pillager"
      ],
      "enable_attachables": true
    }
  }
}