{
  "format_version": "1.12.0",
  "minecraft:geometry": [
    {
      "description": {
        "identifier": "geometry.bd_slow",
        "texture_width": 256,
        "texture_height": 256,
        "visible_bounds_width": 6,
        "visible_bounds_height": 5.5,
        "visible_bounds_offset": [
          0,
          2.25,
          0
        ]
      },
      "bones": [
        {
          "name": "bb_main",
          "pivot": [
            0,
            0,
            0
          ],
          "cubes": [
            {
              "origin": [
                -1,
                0,
                6
              ],
              "size": [
                2,
                2,
                2
              ],
              "uv": [
                16,
                10
              ]
            },
            {
              "origin": [
                -1,
                0,
                6
              ],
              "size": [
                2,
                2,
                2
              ],
              "uv": [
                16,
                6
              ]
            },
            {
              "origin": [
                -2,
                0,
                4
              ],
              "size": [
                4,
                3,
                2
              ],
              "uv": [
                0,
                15
              ]
            },
            {
              "origin": [
                -3,
                0,
                2
              ],
              "size": [
                6,
                4,
                2
              ],
              "uv": [
                16,
                0
              ]
            },
            {
              "origin": [
                -4,
                0,
                -38
              ],
              "size": [
                8,
                5,
                40
              ],
              "uv": [
                50,
                20
              ]
            },
            {
              "origin": [
                -4,
                5,
                -33
              ],
              "size": [
                8,
                2,
                33
              ],
              "uv": [
                102,
                65
              ]
            },
            {
              "origin": [
                -4,
                35,
                -31
              ],
              "size": [
                8,
                2,
                30
              ],
              "uv": [
                82,
                104
              ]
            },
            {
              "origin": [
                -4,
                32,
                -34
              ],
              "size": [
                8,
                2,
                35
              ],
              "uv": [
                51,
                67
              ]
            },
            {
              "origin": [
                -4,
                7,
                -34
              ],
              "size": [
                8,
                2,
                35
              ],
              "uv": [
                0,
                65
              ]
            },
            {
              "origin": [
                -4,
                33,
                -33
              ],
              "size": [
                8,
                2,
                33
              ],
              "uv": [
                0,
                102
              ]
            },
            {
              "origin": [
                -4,
                9,
                -35
              ],
              "size": [
                8,
                23,
                37
              ],
              "uv": [
                0,
                0
              ]
            },
            {
              "origin": [
                -4,
                -11,
                -47
              ],
              "size": [
                8,
                5,
                18
              ],
              "pivot": [
                0,
                0,
                -24
              ],
              "rotation": [
                -65,
                0,
                0
              ],
              "uv": [
                106,
                0
              ]
            },
            {
              "origin": [
                -4,
                -1.11235,
                -39.45038
              ],
              "size": [
                8,
                5,
                20
              ],
              "pivot": [
                0,
                19,
                -24
              ],
              "rotation": [
                -90,
                0,
                0
              ],
              "uv": [
                49,
                104
              ]
            },
            {
              "origin": [
                -12,
                -1.11235,
                -46.45038
              ],
              "size": [
                24,
                5,
                7
              ],
              "pivot": [
                0,
                19,
                -24
              ],
              "rotation": [
                -90,
                0,
                0
              ],
              "uv": [
                53,
                0
              ]
            },
            {
              "origin": [
                -9,
                0.88765,
                -60.45038
              ],
              "size": [
                1,
                1,
                14
              ],
              "pivot": [
                0,
                19,
                -24
              ],
              "rotation": [
                -90,
                0,
                0
              ],
              "uv": [
                0,
                15
              ]
            },
            {
              "origin": [
                7,
                -0.11235,
                -64.45038
              ],
              "size": [
                3,
                3,
                4
              ],
              "pivot": [
                0,
                19,
                -24
              ],
              "rotation": [
                -90,
                0,
                0
              ],
              "uv": [
                0,
                0
              ]
            },
            {
              "origin": [
                -10,
                -0.11235,
                -64.45038
              ],
              "size": [
                3,
                3,
                4
              ],
              "pivot": [
                0,
                19,
                -24
              ],
              "rotation": [
                -90,
                0,
                0
              ],
              "uv": [
                0,
                0
              ]
            },
            {
              "origin": [
                8,
                0.88765,
                -60.45038
              ],
              "size": [
                1,
                1,
                14
              ],
              "pivot": [
                0,
                19,
                -24
              ],
              "rotation": [
                -90,
                0,
                0
              ],
              "uv": [
                0,
                0
              ]
            }
          ]
        }
      ]
    }
  ]
}