{
  "format_version": "1.8.0",
  "minecraft:client_entity": {
    "description": {
      "identifier": "os:skibidi_toilet",
      "materials": {
        "default": "skeleton"
      },
      "textures": {
        "default": "textures/entity/pamobile/os_skibidi_toilet"
      },
      "geometry": {
        "default": "geometry.os_skibidi_toilet"
      },
      "scripts": {
        "pre_animation": [
          "variable.tcos0 \u003d (Math.cos(query.modified_distance_moved * 38.17) * query.modified_move_speed / variable.gliding_speed_value) * 57.3;"
        ]
      },
      "animations": {
        "jumpscare": "animation.os_skibidi_toilet.jumpscare",
        "hide": "animation.os_skibidi_toilet.hide",
        "look_at": "animation.look_at",
        "walk": "animation.os_skibidi_toilet.walk",
        "riding.arms": "animation.os_skibidi_toilet.arms",
        "riding.legs": "animation.os_skibidi_toilet.legs",
        "holding": "animation.os_skibidi_toilet.holding",
        "brandish_spear": "animation.os_skibidi_toilet.brandish_spear",
        "charging": "animation.os_skibidi_toilet.charging",
        "attack.rotations": "animation.os_skibidi_toilet.rotations",
        "sneaking": "animation.os_skibidi_toilet.sneaking",
        "bob": "animation.os_skibidi_toilet.bob",
        "damage_nearby_mobs": "animation.os_skibidi_toilet.damage_nearby_mobs",
        "bow_and_arrow": "animation.os_skibidi_toilet.bow_and_arrow",
        "swimming": "animation.os_skibidi_toilet.swimming",
        "use_item_progress": "animation.os_skibidi_toilet.use_item_progress",
        "skeleton_attack": "animation.os_skibidi_toilet.attack"
      },
      "animation_controllers": [
        {
          "skibidi_toilet": "controller.animation.skibidi_toilet"
        },
        {
          "look_at": "controller.animation.look_at"
        },
        {
          "riding": "controller.animation.humanoid.riding"
        },
        {
          "holding": "controller.animation.humanoid.holding"
        },
        {
          "brandish_spear": "controller.animation.humanoid.brandish_spear"
        },
        {
          "charging": "controller.animation.humanoid.charging"
        },
        {
          "attack": "controller.animation.humanoid.attack"
        },
        {
          "sneaking": "controller.animation.humanoid.sneaking"
        },
        {
          "bob": "controller.animation.humanoid.bob"
        },
        {
          "damage_nearby_mobs": "controller.animation.humanoid.damage_nearby_mobs"
        },
        {
          "bow_and_arrow": "controller.animation.humanoid.bow_and_arrow"
        },
        {
          "swimming": "controller.animation.humanoid.swimming"
        },
        {
          "use_item_progress": "controller.animation.humanoid.use_item_progress"
        },
        {
          "skeleton_attack": "controller.animation.skeleton.attack"
        }
      ],
      "spawn_egg": {
        "base_color": "#EFE9E4",
        "overlay_color": "#E1D9D9"
      },
      "render_controllers": [
        "controller.render.skeleton"
      ],
      "enable_attachables": true
    }
  }
}