{
  "format_version": "1.12.0",
  "minecraft:geometry": [
    {
      "description": {
        "identifier": "geometry.c_big",
        "texture_width": 128,
        "texture_height": 128,
        "visible_bounds_width": 3,
        "visible_bounds_height": 5,
        "visible_bounds_offset": [
          0,
          1.5,
          0
        ]
      },
      "bones": [
        {
          "name": "Head",
          "pivot": [
            0,
            28,
            0
          ],
          "cubes": [
            {
              "origin": [
                -1,
                30,
                -2
              ],
              "size": [
                2,
                3,
                2
              ],
              "pivot": [
                0,
                29,
                0
              ],
              "rotation": [
                -29.88345,
                -0.16074,
                0.21084
              ],
              "uv": [
                0,
                24
              ]
            },
            {
              "origin": [
                -1,
                30,
                1
              ],
              "size": [
                2,
                3,
                2
              ],
              "pivot": [
                0,
                29,
                0
              ],
              "rotation": [
                32.61655,
                -0.16074,
                0.21084
              ],
              "uv": [
                22,
                3
              ]
            },
            {
              "origin": [
                -1,
                29,
                -1
              ],
              "size": [
                2,
                2,
                2
              ],
              "uv": [
                28,
                1
              ]
            },
            {
              "origin": [
                -3,
                32,
                -7
              ],
              "size": [
                6,
                6,
                10
              ],
              "uv": [
                14,
                14
              ]
            },
            {
              "origin": [
                0,
                32,
                -3
              ],
              "size": [
                0,
                12,
                12
              ],
              "uv": [
                0,
                0
              ]
            },
            {
              "origin": [
                -3,
                32,
                -12
              ],
              "size": [
                6,
                6,
                5
              ],
              "uv": [
                0,
                0
              ]
            }
          ]
        },
        {
          "name": "Body",
          "pivot": [
            0,
            18,
            0
          ],
          "cubes": [
            {
              "origin": [
                -4,
                17,
                -2
              ],
              "size": [
                8,
                12,
                6
              ],
              "uv": [
                0,
                30
              ]
            }
          ]
        },
        {
          "name": "RightArm",
          "pivot": [
            -5,
            29,
            0
          ],
          "cubes": [
            {
              "origin": [
                -10,
                17,
                -2
              ],
              "size": [
                4,
                12,
                4
              ],
              "pivot": [
                0,
                0,
                0
              ],
              "rotation": [
                0,
                0,
                5
              ],
              "uv": [
                16,
                48
              ]
            }
          ]
        },
        {
          "name": "bone",
          "parent": "RightArm",
          "pivot": [
            -7,
            19,
            0
          ],
          "cubes": [
            {
              "origin": [
                -11,
                5,
                -10
              ],
              "size": [
                5,
                12,
                6
              ],
              "pivot": [
                0,
                0,
                0
              ],
              "rotation": [
                -22.5,
                0,
                5
              ],
              "uv": [
                28,
                30
              ]
            }
          ]
        },
        {
          "name": "LeftArm",
          "pivot": [
            6,
            29,
            0
          ],
          "cubes": [
            {
              "origin": [
                6,
                17,
                -2
              ],
              "size": [
                4,
                12,
                4
              ],
              "pivot": [
                0,
                0,
                0
              ],
              "rotation": [
                0,
                0,
                -5
              ],
              "uv": [
                46,
                18
              ]
            },
            {
              "origin": [
                4,
                12,
                -2
              ],
              "size": [
                4,
                12,
                4
              ],
              "inflate": 0.25,
              "uv": [
                32,
                0
              ]
            }
          ]
        },
        {
          "name": "bone2",
          "parent": "LeftArm",
          "pivot": [
            6,
            19,
            0
          ],
          "cubes": [
            {
              "origin": [
                6,
                5,
                -10
              ],
              "size": [
                5,
                12,
                6
              ],
              "pivot": [
                0,
                0,
                0
              ],
              "rotation": [
                -22.5,
                0,
                -5
              ],
              "uv": [
                36,
                0
              ]
            }
          ]
        },
        {
          "name": "RightLeg",
          "pivot": [
            -1.9,
            17,
            0
          ],
          "cubes": [
            {
              "origin": [
                -3.9,
                0,
                -2
              ],
              "size": [
                4,
                17,
                4
              ],
              "pivot": [
                0,
                0,
                0
              ],
              "rotation": [
                0,
                17.5,
                0
              ],
              "uv": [
                0,
                48
              ]
            },
            {
              "origin": [
                -3.9,
                0,
                -4
              ],
              "size": [
                4,
                1,
                2
              ],
              "pivot": [
                0,
                0,
                0
              ],
              "rotation": [
                0,
                17.5,
                0
              ],
              "uv": [
                17,
                0
              ]
            }
          ]
        },
        {
          "name": "LeftLeg",
          "pivot": [
            1.9,
            17,
            0
          ],
          "cubes": [
            {
              "origin": [
                -0.1,
                0,
                -2
              ],
              "size": [
                4,
                17,
                4
              ],
              "pivot": [
                0,
                0,
                0
              ],
              "rotation": [
                0,
                -25,
                0
              ],
              "uv": [
                46,
                44
              ]
            },
            {
              "origin": [
                -0.1,
                0,
                -4
              ],
              "size": [
                4,
                1,
                2
              ],
              "pivot": [
                0,
                0,
                0
              ],
              "rotation": [
                0,
                -25,
                0
              ],
              "uv": [
                20,
                9
              ]
            }
          ]
        }
      ]
    }
  ]
}