{
  "format_version": "1.12.0",
  "minecraft:geometry": [
    {
      "description": {
        "identifier": "geometry.c_sc",
        "texture_width": 256,
        "texture_height": 256,
        "visible_bounds_width": 7,
        "visible_bounds_height": 5.5,
        "visible_bounds_offset": [
          0,
          2.25,
          0
        ]
      },
      "bones": [
        {
          "name": "Head",
          "pivot": [
            0,
            55,
            -2
          ],
          "cubes": [
            {
              "origin": [
                -9,
                40,
                -24
              ],
              "size": [
                18,
                18,
                19
              ],
              "uv": [
                65,
                53
              ]
            },
            {
              "origin": [
                -14,
                44,
                -24
              ],
              "size": [
                5,
                8,
                34
              ],
              "uv": [
                178,
                196
              ]
            },
            {
              "origin": [
                -8,
                40,
                -5
              ],
              "size": [
                15,
                17,
                12
              ],
              "uv": [
                63,
                0
              ]
            },
            {
              "origin": [
                6,
                45,
                -18
              ],
              "size": [
                4,
                17,
                7
              ],
              "pivot": [
                0,
                39,
                0
              ],
              "rotation": [
                15,
                0,
                0
              ],
              "uv": [
                0,
                0
              ]
            },
            {
              "origin": [
                -9,
                40,
                7
              ],
              "size": [
                17,
                18,
                9
              ],
              "uv": [
                0,
                72
              ]
            },
            {
              "origin": [
                0,
                43,
                16
              ],
              "size": [
                0,
                15,
                10
              ],
              "uv": [
                0,
                176
              ]
            },
            {
              "origin": [
                -9,
                56,
                16
              ],
              "size": [
                17,
                2,
                11
              ],
              "uv": [
                51,
                35
              ]
            },
            {
              "origin": [
                -7,
                41,
                -26
              ],
              "size": [
                15,
                16,
                2
              ],
              "uv": [
                120,
                52
              ]
            },
            {
              "origin": [
                -10,
                40,
                -28
              ],
              "size": [
                22,
                18,
                2
              ],
              "uv": [
                52,
                90
              ]
            },
            {
              "origin": [
                -5,
                44,
                -32
              ],
              "size": [
                12,
                11,
                4
              ],
              "uv": [
                0,
                35
              ]
            },
            {
              "origin": [
                -8,
                36,
                -15
              ],
              "size": [
                16,
                4,
                31
              ],
              "uv": [
                0,
                0
              ]
            },
            {
              "origin": [
                8,
                40,
                -8
              ],
              "size": [
                19,
                18,
                2
              ],
              "uv": [
                46,
                110
              ]
            },
            {
              "origin": [
                -4,
                65,
                -24
              ],
              "size": [
                9,
                4,
                33
              ],
              "uv": [
                0,
                35
              ]
            },
            {
              "origin": [
                -4,
                57,
                -21
              ],
              "size": [
                9,
                4,
                14
              ],
              "pivot": [
                0,
                39,
                0
              ],
              "rotation": [
                -57.5,
                0,
                0
              ],
              "uv": [
                0,
                99
              ]
            },
            {
              "origin": [
                -4,
                40,
                -30
              ],
              "size": [
                9,
                4,
                14
              ],
              "pivot": [
                0,
                39,
                0
              ],
              "rotation": [
                -57.5,
                0,
                0
              ],
              "uv": [
                93,
                34
              ]
            },
            {
              "origin": [
                -4,
                63,
                -33
              ],
              "size": [
                9,
                8,
                9
              ],
              "uv": [
                117,
                0
              ]
            }
          ]
        },
        {
          "name": "bone9",
          "parent": "Head",
          "pivot": [
            0,
            37,
            -2
          ],
          "cubes": [
            {
              "origin": [
                -6,
                27,
                -9
              ],
              "size": [
                12,
                9,
                12
              ],
              "uv": [
                90,
                98
              ]
            }
          ]
        },
        {
          "name": "bone10",
          "parent": "bone9",
          "pivot": [
            0,
            27,
            -3
          ],
          "cubes": [
            {
              "origin": [
                -6,
                20,
                2
              ],
              "size": [
                12,
                15,
                7
              ],
              "pivot": [
                0,
                37,
                -3
              ],
              "rotation": [
                -62.5,
                0,
                0
              ],
              "uv": [
                0,
                117
              ]
            },
            {
              "origin": [
                -3,
                5,
                3
              ],
              "size": [
                6,
                15,
                5
              ],
              "pivot": [
                0,
                37,
                -3
              ],
              "rotation": [
                -62.5,
                0,
                0
              ],
              "uv": [
                124,
                119
              ]
            }
          ]
        },
        {
          "name": "bone",
          "parent": "Head",
          "pivot": [
            0,
            48,
            -1.5
          ]
        },
        {
          "name": "Body",
          "pivot": [
            0,
            31,
            0
          ],
          "cubes": [
            {
              "origin": [
                -3,
                33,
                -5
              ],
              "size": [
                6,
                7,
                10
              ],
              "uv": [
                38,
                5
              ]
            }
          ]
        },
        {
          "name": "bone4",
          "parent": "Body",
          "pivot": [
            -8,
            39,
            0
          ],
          "rotation": [
            0,
            -25,
            0
          ],
          "cubes": [
            {
              "origin": [
                -27,
                38,
                -1
              ],
              "size": [
                19,
                2,
                2
              ],
              "uv": [
                102,
                90
              ]
            }
          ]
        },
        {
          "name": "bone5",
          "parent": "bone4",
          "pivot": [
            -26,
            40,
            0
          ],
          "cubes": [
            {
              "origin": [
                -27,
                0,
                -2
              ],
              "size": [
                2,
                40,
                4
              ],
              "uv": [
                100,
                119
              ]
            }
          ]
        },
        {
          "name": "bone6",
          "parent": "Body",
          "pivot": [
            0,
            31,
            0
          ]
        },
        {
          "name": "bone8",
          "parent": "Body",
          "pivot": [
            0,
            39,
            9
          ],
          "cubes": [
            {
              "origin": [
                -24,
                38,
                7
              ],
              "size": [
                26,
                2,
                2
              ],
              "pivot": [
                0,
                31,
                8
              ],
              "rotation": [
                0,
                90,
                0
              ],
              "uv": [
                94,
                29
              ]
            }
          ]
        },
        {
          "name": "bone7",
          "parent": "bone8",
          "pivot": [
            0,
            40,
            31
          ],
          "cubes": [
            {
              "origin": [
                -24,
                0,
                6
              ],
              "size": [
                2,
                40,
                4
              ],
              "pivot": [
                0,
                31,
                8
              ],
              "rotation": [
                0,
                90,
                0
              ],
              "uv": [
                88,
                119
              ]
            }
          ]
        },
        {
          "name": "bone2",
          "parent": "Body",
          "pivot": [
            8,
            39,
            0
          ],
          "rotation": [
            -0.16318,
            19.99936,
            -0.0378
          ],
          "cubes": [
            {
              "origin": [
                8,
                38,
                -1
              ],
              "size": [
                19,
                2,
                2
              ],
              "uv": [
                51,
                48
              ]
            }
          ]
        },
        {
          "name": "bone3",
          "parent": "bone2",
          "pivot": [
            26,
            40,
            0
          ],
          "cubes": [
            {
              "origin": [
                25,
                0,
                -2
              ],
              "size": [
                2,
                40,
                4
              ],
              "uv": [
                112,
                119
              ]
            }
          ]
        },
        {
          "name": "RightArm",
          "pivot": [
            -5,
            22,
            0
          ]
        },
        {
          "name": "LeftArm",
          "pivot": [
            5,
            10,
            7
          ]
        },
        {
          "name": "RightLeg",
          "pivot": [
            -1.9,
            12,
            0
          ]
        },
        {
          "name": "LeftLeg",
          "pivot": [
            1.9,
            12,
            0
          ]
        }
      ]
    }
  ]
}