{
  "format_version": "1.12.0",
  "minecraft:geometry": [
    {
      "description": {
        "identifier": "geometry.c_speaker_spider",
        "texture_width": 256,
        "texture_height": 256,
        "visible_bounds_width": 7,
        "visible_bounds_height": 6,
        "visible_bounds_offset": [
          0,
          2,
          0
        ]
      },
      "bones": [
        {
          "name": "Head",
          "pivot": [
            0,
            55,
            -2
          ],
          "cubes": [
            {
              "origin": [
                -8,
                40,
                -5
              ],
              "size": [
                15,
                17,
                12
              ],
              "uv": [
                60,
                61
              ]
            },
            {
              "origin": [
                -11,
                25,
                11
              ],
              "size": [
                22,
                17,
                8
              ],
              "uv": [
                0,
                61
              ]
            },
            {
              "origin": [
                -11,
                24,
                -13
              ],
              "size": [
                22,
                37,
                24
              ],
              "uv": [
                0,
                0
              ]
            }
          ]
        },
        {
          "name": "bone9",
          "parent": "Head",
          "pivot": [
            0,
            37,
            -2
          ]
        },
        {
          "name": "bone10",
          "parent": "bone9",
          "pivot": [
            0,
            27,
            -3
          ]
        },
        {
          "name": "bone",
          "parent": "Head",
          "pivot": [
            0,
            48,
            -1.5
          ]
        },
        {
          "name": "Body",
          "pivot": [
            0,
            31,
            0
          ],
          "cubes": [
            {
              "origin": [
                -3,
                33,
                -5
              ],
              "size": [
                6,
                7,
                10
              ],
              "uv": [
                68,
                4
              ]
            }
          ]
        },
        {
          "name": "bone4",
          "parent": "Body",
          "pivot": [
            -8,
            39,
            0
          ],
          "rotation": [
            0,
            -25,
            0
          ],
          "cubes": [
            {
              "origin": [
                -27,
                38,
                -1
              ],
              "size": [
                19,
                2,
                2
              ],
              "uv": [
                90,
                8
              ]
            }
          ]
        },
        {
          "name": "bone5",
          "parent": "bone4",
          "pivot": [
            -26,
            40,
            0
          ],
          "cubes": [
            {
              "origin": [
                -27,
                0,
                -2
              ],
              "size": [
                2,
                40,
                4
              ],
              "uv": [
                24,
                86
              ]
            }
          ]
        },
        {
          "name": "bone6",
          "parent": "Body",
          "pivot": [
            0,
            31,
            0
          ]
        },
        {
          "name": "bone8",
          "parent": "Body",
          "pivot": [
            0,
            39,
            9
          ],
          "cubes": [
            {
              "origin": [
                -24,
                38,
                7
              ],
              "size": [
                26,
                2,
                2
              ],
              "pivot": [
                0,
                31,
                8
              ],
              "rotation": [
                0,
                90,
                0
              ],
              "uv": [
                68,
                0
              ]
            }
          ]
        },
        {
          "name": "bone7",
          "parent": "bone8",
          "pivot": [
            0,
            40,
            31
          ],
          "cubes": [
            {
              "origin": [
                -24,
                0,
                6
              ],
              "size": [
                2,
                40,
                4
              ],
              "pivot": [
                0,
                31,
                8
              ],
              "rotation": [
                0,
                90,
                0
              ],
              "uv": [
                12,
                86
              ]
            }
          ]
        },
        {
          "name": "bone2",
          "parent": "Body",
          "pivot": [
            8,
            39,
            0
          ],
          "rotation": [
            -0.16318,
            19.99936,
            -0.0378
          ],
          "cubes": [
            {
              "origin": [
                8,
                38,
                -1
              ],
              "size": [
                19,
                2,
                2
              ],
              "uv": [
                90,
                4
              ]
            }
          ]
        },
        {
          "name": "bone3",
          "parent": "bone2",
          "pivot": [
            26,
            40,
            0
          ],
          "cubes": [
            {
              "origin": [
                25,
                0,
                -2
              ],
              "size": [
                2,
                40,
                4
              ],
              "uv": [
                0,
                86
              ]
            }
          ]
        },
        {
          "name": "RightArm",
          "pivot": [
            -5,
            22,
            0
          ]
        },
        {
          "name": "LeftArm",
          "pivot": [
            5,
            10,
            7
          ]
        },
        {
          "name": "RightLeg",
          "pivot": [
            -1.9,
            12,
            0
          ]
        },
        {
          "name": "LeftLeg",
          "pivot": [
            1.9,
            12,
            0
          ]
        }
      ]
    }
  ]
}