{
  "format_version": "1.12.0",
  "minecraft:geometry": [
    {
      "description": {
        "identifier": "geometry.pa_heli",
        "texture_width": 256,
        "texture_height": 256,
        "visible_bounds_width": 7,
        "visible_bounds_height": 6,
        "visible_bounds_offset": [
          0,
          2,
          0
        ]
      },
      "bones": [
        {
          "name": "Head",
          "pivot": [
            0,
            11,
            -2
          ],
          "cubes": [
            {
              "origin": [
                -11,
                0,
                -13
              ],
              "size": [
                22,
                37,
                24
              ],
              "uv": [
                164,
                195
              ]
            },
            {
              "origin": [
                -1,
                37,
                -1
              ],
              "size": [
                2,
                8,
                2
              ],
              "uv": [
                248,
                28
              ]
            }
          ]
        },
        {
          "name": "bone11",
          "parent": "Head",
          "pivot": [
            0,
            45,
            0
          ],
          "cubes": [
            {
              "origin": [
                -18,
                45,
                -18
              ],
              "size": [
                36,
                0,
                36
              ],
              "uv": [
                -36,
                1
              ]
            }
          ]
        },
        {
          "name": "bone9",
          "parent": "Head",
          "pivot": [
            0,
            37,
            -2
          ]
        },
        {
          "name": "bone10",
          "parent": "bone9",
          "pivot": [
            0,
            27,
            -3
          ]
        },
        {
          "name": "bone",
          "parent": "Head",
          "pivot": [
            0,
            48,
            -1.5
          ]
        },
        {
          "name": "Body",
          "pivot": [
            0,
            31,
            0
          ]
        },
        {
          "name": "bone4",
          "parent": "Body",
          "pivot": [
            -8,
            39,
            0
          ],
          "rotation": [
            0,
            -25,
            0
          ]
        },
        {
          "name": "bone5",
          "parent": "bone4",
          "pivot": [
            -26,
            40,
            0
          ]
        },
        {
          "name": "bone6",
          "parent": "Body",
          "pivot": [
            0,
            31,
            0
          ]
        },
        {
          "name": "bone8",
          "parent": "Body",
          "pivot": [
            0,
            39,
            9
          ]
        },
        {
          "name": "bone7",
          "parent": "bone8",
          "pivot": [
            0,
            40,
            31
          ]
        },
        {
          "name": "bone2",
          "parent": "Body",
          "pivot": [
            8,
            39,
            0
          ],
          "rotation": [
            -0.16318,
            19.99936,
            -0.0378
          ]
        },
        {
          "name": "bone3",
          "parent": "bone2",
          "pivot": [
            26,
            40,
            0
          ]
        },
        {
          "name": "RightArm",
          "pivot": [
            -5,
            22,
            0
          ]
        },
        {
          "name": "LeftArm",
          "pivot": [
            5,
            10,
            7
          ]
        },
        {
          "name": "RightLeg",
          "pivot": [
            -1.9,
            12,
            0
          ]
        },
        {
          "name": "LeftLeg",
          "pivot": [
            1.9,
            12,
            0
          ]
        }
      ]
    }
  ]
}