{
  "format_version": "1.12.0",
  "minecraft:geometry": [
    {
      "description": {
        "identifier": "geometry.pa_skippity_man_calm",
        "texture_width": 174,
        "texture_height": 174,
        "visible_bounds_width": 4,
        "visible_bounds_height": 6.5,
        "visible_bounds_offset": [
          0,
          2.75,
          0
        ]
      },
      "bones": [
        {
          "name": "root",
          "pivot": [
            0,
            0,
            0
          ]
        },
        {
          "name": "body",
          "parent": "root",
          "pivot": [
            0,
            21,
            0
          ],
          "cubes": [
            {
              "origin": [
                -9,
                25,
                -4
              ],
              "size": [
                18,
                9,
                13
              ],
              "uv": [
                0,
                33
              ]
            },
            {
              "origin": [
                -9,
                31,
                7
              ],
              "size": [
                18,
                23,
                10
              ],
              "uv": [
                0,
                0
              ]
            },
            {
              "origin": [
                -8,
                16,
                -3
              ],
              "size": [
                16,
                9,
                11
              ],
              "uv": [
                51,
                44
              ]
            },
            {
              "origin": [
                -9,
                13,
                -4
              ],
              "size": [
                18,
                3,
                13
              ],
              "uv": [
                49,
                20
              ]
            }
          ]
        },
        {
          "name": "bone3",
          "parent": "body",
          "pivot": [
            0,
            28,
            3
          ],
          "cubes": [
            {
              "origin": [
                -20,
                10,
                3
              ],
              "size": [
                40,
                32,
                0
              ],
              "uv": [
                0,
                142
              ]
            }
          ]
        },
        {
          "name": "bone2",
          "parent": "body",
          "pivot": [
            0,
            24,
            10
          ],
          "cubes": [
            {
              "origin": [
                -9,
                13,
                9
              ],
              "size": [
                18,
                18,
                0
              ],
              "uv": [
                50,
                64
              ]
            }
          ]
        },
        {
          "name": "right_ribcage",
          "parent": "body",
          "pivot": [
            -7,
            23,
            -4
          ]
        },
        {
          "name": "left_ribcage",
          "parent": "body",
          "pivot": [
            7,
            23,
            -4
          ]
        },
        {
          "name": "head",
          "parent": "body",
          "pivot": [
            0,
            34,
            0
          ],
          "cubes": [
            {
              "origin": [
                -7,
                37,
                -5
              ],
              "size": [
                14,
                3,
                11
              ],
              "uv": [
                56,
                0
              ]
            },
            {
              "origin": [
                -6,
                40,
                -4
              ],
              "size": [
                12,
                11,
                9
              ],
              "uv": [
                53,
                106
              ]
            },
            {
              "origin": [
                -5,
                39,
                -4.1
              ],
              "size": [
                10,
                6,
                0
              ],
              "uv": {
                "north": {
                  "uv": [
                    86,
                    131
                  ],
                  "uv_size": [
                    44,
                    38
                  ]
                },
                "east": {
                  "uv": [
                    86,
                    131
                  ],
                  "uv_size": [
                    0,
                    38
                  ]
                },
                "south": {
                  "uv": [
                    130,
                    131
                  ],
                  "uv_size": [
                    44,
                    38
                  ]
                },
                "west": {
                  "uv": [
                    130,
                    131
                  ],
                  "uv_size": [
                    0,
                    38
                  ]
                },
                "up": {
                  "uv": [
                    86,
                    131
                  ],
                  "uv_size": [
                    44,
                    0
                  ]
                },
                "down": {
                  "uv": [
                    130,
                    131
                  ],
                  "uv_size": [
                    44,
                    0
                  ]
                }
              }
            },
            {
              "origin": [
                -3,
                34,
                -2
              ],
              "size": [
                6,
                3,
                5
              ],
              "uv": [
                49,
                36
              ]
            }
          ]
        },
        {
          "name": "bone",
          "parent": "head",
          "pivot": [
            0,
            50,
            0
          ],
          "cubes": [
            {
              "origin": [
                -7,
                40,
                -5
              ],
              "size": [
                14,
                12,
                11
              ],
              "uv": [
                0,
                55
              ]
            },
            {
              "origin": [
                -1,
                44,
                -6
              ],
              "size": [
                2,
                3,
                1
              ],
              "uv": [
                10,
                65
              ]
            }
          ]
        },
        {
          "name": "right_tendril",
          "parent": "head",
          "pivot": [
            -8,
            46,
            0
          ]
        },
        {
          "name": "left_tendril",
          "parent": "head",
          "pivot": [
            8,
            46,
            0
          ]
        },
        {
          "name": "right_arm",
          "parent": "body",
          "pivot": [
            -13,
            34,
            1
          ],
          "cubes": [
            {
              "origin": [
                -16,
                13,
                -2
              ],
              "size": [
                6,
                20,
                6
              ],
              "uv": [
                24,
                78
              ]
            },
            {
              "origin": [
                -16,
                7,
                -2
              ],
              "size": [
                6,
                6,
                6
              ],
              "uv": [
                94,
                36
              ]
            },
            {
              "origin": [
                -17,
                26,
                -3
              ],
              "size": [
                8,
                8,
                8
              ],
              "uv": [
                48,
                82
              ]
            }
          ]
        },
        {
          "name": "left_arm",
          "parent": "body",
          "pivot": [
            13,
            34,
            1
          ],
          "cubes": [
            {
              "origin": [
                10,
                13,
                -2
              ],
              "size": [
                6,
                20,
                6
              ],
              "uv": [
                0,
                78
              ]
            },
            {
              "origin": [
                10,
                7,
                -2
              ],
              "size": [
                6,
                6,
                6
              ],
              "uv": [
                80,
                90
              ]
            },
            {
              "origin": [
                9,
                26,
                -3
              ],
              "size": [
                8,
                8,
                8
              ],
              "uv": [
                78,
                74
              ]
            }
          ]
        },
        {
          "name": "right_leg",
          "parent": "root",
          "pivot": [
            -5.9,
            13,
            0
          ],
          "cubes": [
            {
              "origin": [
                -6,
                0,
                -2
              ],
              "size": [
                4,
                13,
                4
              ],
              "uv": [
                48,
                98
              ]
            }
          ]
        },
        {
          "name": "left_leg",
          "parent": "root",
          "pivot": [
            5.9,
            13,
            0
          ],
          "cubes": [
            {
              "origin": [
                2,
                0,
                -2
              ],
              "size": [
                4,
                13,
                4
              ],
              "uv": [
                98,
                14
              ]
            }
          ]
        },
        {
          "name": "bone4",
          "pivot": [
            0,
            44,
            12
          ],
          "cubes": [
            {
              "origin": [
                -9,
                31,
                12
              ],
              "size": [
                18,
                23,
                0
              ],
              "uv": [
                138,
                0
              ]
            },
            {
              "origin": [
                3,
                31,
                0
              ],
              "size": [
                18,
                23,
                0
              ],
              "pivot": [
                0,
                0,
                0
              ],
              "rotation": [
                0,
                -90,
                0
              ],
              "uv": [
                138,
                0
              ]
            }
          ]
        }
      ]
    }
  ]
}