{
  "format_version": "1.12.0",
  "minecraft:geometry": [
    {
      "description": {
        "identifier": "geometry.pa_titan_speaker",
        "texture_width": 256,
        "texture_height": 256,
        "visible_bounds_width": 7,
        "visible_bounds_height": 10,
        "visible_bounds_offset": [
          0,
          3,
          0
        ]
      },
      "bones": [
        {
          "name": "body",
          "pivot": [
            0,
            61,
            0
          ],
          "cubes": [
            {
              "origin": [
                -18.5,
                46,
                -5
              ],
              "size": [
                37,
                10,
                9
              ],
              "inflate": 0.5,
              "uv": [
                -3,
                67
              ]
            },
            {
              "origin": [
                -20,
                73,
                2
              ],
              "size": [
                15,
                38,
                13
              ],
              "pivot": [
                0,
                30,
                0
              ],
              "rotation": [
                0,
                0,
                22.5
              ],
              "uv": [
                123,
                124
              ]
            },
            {
              "origin": [
                5,
                73,
                2
              ],
              "size": [
                15,
                38,
                13
              ],
              "pivot": [
                0,
                30,
                0
              ],
              "rotation": [
                0,
                0,
                -22.5
              ],
              "uv": [
                149,
                0
              ]
            },
            {
              "origin": [
                4,
                37,
                -3
              ],
              "size": [
                21,
                15,
                5
              ],
              "pivot": [
                0,
                30,
                0
              ],
              "rotation": [
                0,
                0,
                -25
              ],
              "uv": [
                166,
                55
              ]
            },
            {
              "origin": [
                -20,
                52,
                -7
              ],
              "size": [
                40,
                26,
                13
              ],
              "uv": [
                0,
                0
              ]
            },
            {
              "origin": [
                -25,
                37,
                -3
              ],
              "size": [
                21,
                15,
                5
              ],
              "pivot": [
                0,
                30,
                0
              ],
              "rotation": [
                0,
                0,
                25
              ],
              "uv": [
                140,
                101
              ]
            },
            {
              "origin": [
                6,
                65,
                -11
              ],
              "size": [
                9,
                12,
                5
              ],
              "pivot": [
                0,
                71,
                0
              ],
              "rotation": [
                2.41492,
                -0.64686,
                14.98637
              ],
              "uv": [
                80,
                137
              ]
            },
            {
              "origin": [
                -4,
                63,
                -9
              ],
              "size": [
                9,
                10,
                3
              ],
              "pivot": [
                0,
                71,
                0
              ],
              "rotation": [
                2.5,
                0,
                0
              ],
              "uv": [
                118,
                175
              ]
            },
            {
              "origin": [
                -14,
                65,
                -11
              ],
              "size": [
                9,
                12,
                5
              ],
              "pivot": [
                0,
                71,
                0
              ],
              "rotation": [
                2.41492,
                0.64686,
                -14.98637
              ],
              "uv": [
                30,
                169
              ]
            },
            {
              "origin": [
                -11,
                52,
                6
              ],
              "size": [
                24,
                26,
                13
              ],
              "uv": [
                88,
                39
              ]
            }
          ]
        },
        {
          "name": "head",
          "parent": "body",
          "pivot": [
            0,
            75,
            -2
          ],
          "cubes": [
            {
              "origin": [
                -13,
                78,
                -8.5
              ],
              "size": [
                26,
                9,
                10
              ],
              "uv": [
                136,
                78
              ]
            },
            {
              "origin": [
                -7,
                87,
                -8.5
              ],
              "size": [
                14,
                24,
                10
              ],
              "uv": [
                70,
                159
              ]
            }
          ]
        },
        {
          "name": "arm0",
          "parent": "body",
          "pivot": [
            -26,
            78,
            0
          ],
          "cubes": [
            {
              "origin": [
                -30,
                17.5,
                -7
              ],
              "size": [
                10,
                60,
                12
              ],
              "uv": [
                0,
                39
              ]
            },
            {
              "origin": [
                -14,
                67.5,
                5
              ],
              "size": [
                12,
                47,
                12
              ],
              "pivot": [
                0,
                29,
                0
              ],
              "rotation": [
                0,
                0,
                -20
              ],
              "uv": [
                32,
                110
              ]
            },
            {
              "origin": [
                -30,
                16.5,
                -7
              ],
              "size": [
                4,
                7,
                12
              ],
              "pivot": [
                0,
                29,
                0
              ],
              "rotation": [
                0,
                0,
                -10
              ],
              "uv": [
                106,
                0
              ]
            }
          ]
        },
        {
          "name": "arm1",
          "parent": "body",
          "pivot": [
            26,
            78,
            0
          ],
          "cubes": [
            {
              "origin": [
                26,
                16.5,
                -7
              ],
              "size": [
                4,
                7,
                12
              ],
              "pivot": [
                0,
                29,
                0
              ],
              "rotation": [
                0,
                0,
                10
              ],
              "uv": [
                106,
                19
              ]
            },
            {
              "origin": [
                20,
                17.5,
                -7
              ],
              "size": [
                10,
                60,
                12
              ],
              "uv": [
                44,
                39
              ]
            },
            {
              "origin": [
                20,
                21.5,
                9
              ],
              "size": [
                10,
                39,
                12
              ],
              "uv": [
                212,
                205
              ]
            },
            {
              "origin": [
                26,
                26.5,
                5
              ],
              "size": [
                0,
                33,
                8
              ],
              "uv": [
                0,
                215
              ]
            },
            {
              "origin": [
                2,
                67.5,
                5
              ],
              "size": [
                12,
                47,
                12
              ],
              "pivot": [
                0,
                29,
                0
              ],
              "rotation": [
                0,
                0,
                20
              ],
              "uv": [
                88,
                78
              ]
            }
          ]
        },
        {
          "name": "leg0",
          "parent": "body",
          "pivot": [
            -8,
            38,
            0
          ],
          "cubes": [
            {
              "origin": [
                -11.5,
                0,
                -4
              ],
              "size": [
                8,
                38,
                7
              ],
              "uv": [
                0,
                156
              ]
            },
            {
              "origin": [
                -11.5,
                0,
                -11
              ],
              "size": [
                8,
                5,
                7
              ],
              "uv": [
                172,
                168
              ]
            }
          ]
        },
        {
          "name": "leg1",
          "parent": "body",
          "pivot": [
            5,
            43,
            0
          ],
          "mirror": true,
          "cubes": [
            {
              "origin": [
                -13.5,
                37,
                -3
              ],
              "size": [
                26,
                9,
                5
              ],
              "uv": [
                166,
                121
              ],
              "mirror": false
            }
          ]
        },
        {
          "name": "bone",
          "parent": "leg1",
          "pivot": [
            7,
            38,
            0
          ],
          "cubes": [
            {
              "origin": [
                2.5,
                0,
                -4
              ],
              "size": [
                8,
                38,
                7
              ],
              "uv": [
                0,
                111
              ]
            },
            {
              "origin": [
                2.5,
                0,
                -11
              ],
              "size": [
                8,
                5,
                7
              ],
              "uv": [
                126,
                0
              ]
            }
          ]
        }
      ]
    }
  ]
}