{
  "format_version": "1.12.0",
  "minecraft:geometry": [
    {
      "description": {
        "identifier": "geometry.pa_titan_camera",
        "texture_width": 256,
        "texture_height": 256,
        "visible_bounds_width": 7,
        "visible_bounds_height": 10,
        "visible_bounds_offset": [
          0,
          3,
          0
        ]
      },
      "bones": [
        {
          "name": "body",
          "pivot": [
            0,
            61,
            0
          ],
          "cubes": [
            {
              "origin": [
                -18.5,
                46,
                -5
              ],
              "size": [
                37,
                10,
                9
              ],
              "inflate": 0.5,
              "uv": [
                -3,
                67
              ]
            },
            {
              "origin": [
                5,
                72,
                -2
              ],
              "size": [
                5,
                10,
                3
              ],
              "pivot": [
                0,
                30,
                0
              ],
              "rotation": [
                0,
                0,
                -22.5
              ],
              "uv": [
                145,
                163
              ]
            },
            {
              "origin": [
                -10,
                72,
                -2
              ],
              "size": [
                5,
                10,
                3
              ],
              "pivot": [
                0,
                30,
                0
              ],
              "rotation": [
                0,
                0,
                22.5
              ],
              "uv": [
                159,
                107
              ]
            },
            {
              "origin": [
                3,
                82,
                -16
              ],
              "size": [
                9,
                8,
                19
              ],
              "pivot": [
                0,
                30,
                0
              ],
              "rotation": [
                0,
                0,
                -22.5
              ],
              "uv": [
                114,
                0
              ]
            },
            {
              "origin": [
                -12,
                82,
                -16
              ],
              "size": [
                9,
                8,
                19
              ],
              "pivot": [
                0,
                30,
                0
              ],
              "rotation": [
                0,
                0,
                22.5
              ],
              "uv": [
                95,
                47
              ]
            },
            {
              "origin": [
                4,
                37,
                -3
              ],
              "size": [
                21,
                15,
                5
              ],
              "pivot": [
                0,
                30,
                0
              ],
              "rotation": [
                0,
                0,
                -25
              ],
              "uv": [
                134,
                74
              ]
            },
            {
              "origin": [
                -20,
                52,
                -7
              ],
              "size": [
                40,
                26,
                13
              ],
              "uv": [
                0,
                66
              ]
            },
            {
              "origin": [
                -21,
                27,
                -8
              ],
              "size": [
                42,
                51,
                15
              ],
              "uv": {
                "north": {
                  "uv": [
                    15,
                    15
                  ],
                  "uv_size": [
                    42,
                    51
                  ]
                },
                "east": {
                  "uv": [
                    0,
                    15
                  ],
                  "uv_size": [
                    15,
                    51
                  ]
                },
                "south": {
                  "uv": [
                    72,
                    15
                  ],
                  "uv_size": [
                    42,
                    51
                  ]
                },
                "west": {
                  "uv": [
                    57,
                    15
                  ],
                  "uv_size": [
                    15,
                    51
                  ]
                },
                "up": {
                  "uv": [
                    15,
                    0
                  ],
                  "uv_size": [
                    42,
                    15
                  ]
                },
                "down": {
                  "uv": [
                    57,
                    15
                  ],
                  "uv_size": [
                    42,
                    -15
                  ]
                }
              }
            },
            {
              "origin": [
                -25,
                37,
                -3
              ],
              "size": [
                21,
                15,
                5
              ],
              "pivot": [
                0,
                30,
                0
              ],
              "rotation": [
                0,
                0,
                25
              ],
              "uv": [
                132,
                41
              ]
            },
            {
              "origin": [
                -5,
                63,
                -9
              ],
              "size": [
                10,
                10,
                3
              ],
              "pivot": [
                0,
                71,
                0
              ],
              "rotation": [
                2.5,
                0,
                0
              ],
              "uv": [
                159,
                94
              ]
            }
          ]
        },
        {
          "name": "head",
          "parent": "body",
          "pivot": [
            0,
            75,
            -2
          ],
          "cubes": [
            {
              "origin": [
                -7,
                78,
                -20.5
              ],
              "size": [
                14,
                15,
                25
              ],
              "uv": [
                81,
                80
              ]
            },
            {
              "origin": [
                -7,
                78,
                -29.5
              ],
              "size": [
                14,
                15,
                9
              ],
              "uv": [
                148,
                120
              ]
            }
          ]
        },
        {
          "name": "arm0",
          "parent": "body",
          "pivot": [
            -26,
            78,
            0
          ],
          "cubes": [
            {
              "origin": [
                -30,
                17.5,
                -7
              ],
              "size": [
                10,
                60,
                12
              ],
              "uv": [
                44,
                108
              ]
            },
            {
              "origin": [
                -30,
                16.5,
                -7
              ],
              "size": [
                4,
                7,
                12
              ],
              "pivot": [
                0,
                29,
                0
              ],
              "rotation": [
                0,
                0,
                -10
              ],
              "uv": [
                148,
                144
              ]
            }
          ]
        },
        {
          "name": "arm1",
          "parent": "body",
          "pivot": [
            26,
            78,
            0
          ],
          "cubes": [
            {
              "origin": [
                26,
                16.5,
                -7
              ],
              "size": [
                4,
                7,
                12
              ],
              "pivot": [
                0,
                29,
                0
              ],
              "rotation": [
                0,
                0,
                10
              ],
              "uv": [
                151,
                0
              ]
            },
            {
              "origin": [
                20,
                17.5,
                -7
              ],
              "size": [
                10,
                60,
                12
              ],
              "uv": [
                0,
                105
              ]
            },
            {
              "origin": [
                20,
                21.5,
                9
              ],
              "size": [
                10,
                39,
                12
              ],
              "uv": [
                212,
                205
              ]
            },
            {
              "origin": [
                26,
                26.5,
                5
              ],
              "size": [
                0,
                33,
                8
              ],
              "uv": [
                0,
                215
              ]
            }
          ]
        },
        {
          "name": "leg0",
          "parent": "body",
          "pivot": [
            -8,
            38,
            0
          ],
          "cubes": [
            {
              "origin": [
                -11.5,
                0,
                -4
              ],
              "size": [
                8,
                38,
                7
              ],
              "uv": [
                118,
                120
              ]
            },
            {
              "origin": [
                -11.5,
                0,
                -11
              ],
              "size": [
                8,
                5,
                7
              ],
              "uv": [
                151,
                61
              ]
            }
          ]
        },
        {
          "name": "leg1",
          "parent": "body",
          "pivot": [
            5,
            43,
            0
          ],
          "mirror": true,
          "cubes": [
            {
              "origin": [
                -13.5,
                38,
                -3
              ],
              "size": [
                26,
                9,
                5
              ],
              "uv": [
                114,
                27
              ],
              "mirror": false
            }
          ]
        },
        {
          "name": "bone",
          "parent": "leg1",
          "pivot": [
            7,
            38,
            0
          ],
          "cubes": [
            {
              "origin": [
                2.5,
                0,
                -4
              ],
              "size": [
                8,
                38,
                7
              ],
              "uv": [
                88,
                120
              ]
            },
            {
              "origin": [
                2.5,
                0,
                -11
              ],
              "size": [
                8,
                5,
                7
              ],
              "uv": [
                99,
                0
              ]
            }
          ]
        }
      ]
    }
  ]
}