{
  "format_version": "1.12.0",
  "minecraft:geometry": [
    {
      "description": {
        "identifier": "geometry.pa_up",
        "texture_width": 32,
        "texture_height": 32,
        "visible_bounds_width": 3,
        "visible_bounds_height": 3.5,
        "visible_bounds_offset": [
          0,
          1.25,
          0
        ]
      },
      "bones": [
        {
          "name": "RightArm",
          "pivot": [
            -5,
            22,
            0
          ],
          "cubes": [
            {
              "origin": [
                -8,
                12,
                -2
              ],
              "size": [
                4,
                12,
                4
              ],
              "uv": [
                12,
                12
              ]
            },
            {
              "origin": [
                -8,
                12,
                -2
              ],
              "size": [
                4,
                12,
                4
              ],
              "inflate": 0.25,
              "uv": [
                0,
                0
              ]
            },
            {
              "origin": [
                -5.1,
                13,
                -4.1
              ],
              "size": [
                1.1,
                1,
                2.1
              ],
              "inflate": 0.25,
              "uv": [
                12,
                0
              ]
            },
            {
              "origin": [
                -8.1,
                12,
                -2.1
              ],
              "size": [
                4.1,
                2,
                4.1
              ],
              "inflate": 0.25,
              "uv": [
                16,
                0
              ]
            }
          ]
        }
      ]
    }
  ]
}