{
  "format_version": "1.12.0",
  "minecraft:geometry": [
    {
      "description": {
        "identifier": "geometry.st_fast",
        "texture_width": 128,
        "texture_height": 128,
        "visible_bounds_width": 3,
        "visible_bounds_height": 3.5,
        "visible_bounds_offset": [
          0,
          1.25,
          0
        ]
      },
      "bones": [
        {
          "name": "Head",
          "pivot": [
            0,
            16,
            -2
          ],
          "cubes": [
            {
              "origin": [
                -4,
                16,
                -6
              ],
              "size": [
                8,
                8,
                8
              ],
              "uv": [
                32,
                40
              ]
            },
            {
              "origin": [
                -1,
                19,
                -8
              ],
              "size": [
                2,
                3,
                1
              ],
              "pivot": [
                0,
                0,
                0
              ],
              "rotation": [
                -5,
                0,
                0
              ],
              "uv": [
                122,
                0
              ]
            }
          ]
        },
        {
          "name": "bone",
          "parent": "Head",
          "pivot": [
            0,
            9,
            -1.5
          ],
          "cubes": [
            {
              "origin": [
                -2,
                9,
                -3.5
              ],
              "size": [
                4,
                7,
                4
              ],
              "pivot": [
                0,
                13,
                -1.5
              ],
              "rotation": [
                0,
                45,
                0
              ],
              "uv": [
                0,
                41
              ]
            }
          ]
        },
        {
          "name": "Body",
          "pivot": [
            0,
            0,
            0
          ],
          "cubes": [
            {
              "origin": [
                -5,
                0,
                -7
              ],
              "size": [
                10,
                1,
                14
              ],
              "uv": [
                0,
                0
              ]
            },
            {
              "origin": [
                -4,
                1,
                -6
              ],
              "size": [
                8,
                1,
                12
              ],
              "uv": [
                0,
                28
              ]
            },
            {
              "origin": [
                -3,
                2,
                -5
              ],
              "size": [
                6,
                7,
                10
              ],
              "uv": [
                38,
                5
              ]
            },
            {
              "origin": [
                -4,
                9,
                -6.5
              ],
              "size": [
                8,
                1,
                12.5
              ],
              "uv": [
                0,
                15
              ]
            },
            {
              "origin": [
                -5,
                9,
                3
              ],
              "size": [
                10,
                12,
                6
              ],
              "uv": [
                34,
                22
              ]
            },
            {
              "origin": [
                -1,
                21,
                5
              ],
              "size": [
                2,
                1,
                2
              ],
              "uv": [
                0,
                0
              ]
            },
            {
              "origin": [
                -0.5,
                16,
                5.5
              ],
              "size": [
                1,
                5,
                1
              ],
              "uv": [
                0,
                3
              ]
            }
          ]
        },
        {
          "name": "RightArm",
          "pivot": [
            -5,
            22,
            0
          ]
        },
        {
          "name": "LeftArm",
          "pivot": [
            5,
            10,
            7
          ]
        },
        {
          "name": "RightLeg",
          "pivot": [
            -1.9,
            12,
            0
          ]
        },
        {
          "name": "LeftLeg",
          "pivot": [
            1.9,
            12,
            0
          ]
        }
      ]
    }
  ]
}