{
  "format_version": "1.12.0",
  "minecraft:geometry": [
    {
      "description": {
        "identifier": "geometry.st_spider",
        "texture_width": 128,
        "texture_height": 128,
        "visible_bounds_width": 7,
        "visible_bounds_height": 4.5,
        "visible_bounds_offset": [
          0,
          1.75,
          0
        ]
      },
      "bones": [
        {
          "name": "Head",
          "pivot": [
            0,
            47,
            -2
          ],
          "cubes": [
            {
              "origin": [
                -4,
                47,
                -6
              ],
              "size": [
                8,
                8,
                8
              ],
              "uv": [
                32,
                40
              ]
            },
            {
              "origin": [
                -1,
                50,
                -8
              ],
              "size": [
                2,
                3,
                1
              ],
              "pivot": [
                0,
                31,
                0
              ],
              "rotation": [
                -5,
                0,
                0
              ],
              "uv": [
                122,
                0
              ]
            }
          ]
        },
        {
          "name": "bone",
          "parent": "Head",
          "pivot": [
            0,
            40,
            -1.5
          ],
          "cubes": [
            {
              "origin": [
                -2,
                40,
                -3.5
              ],
              "size": [
                4,
                7,
                4
              ],
              "pivot": [
                0,
                44,
                -1.5
              ],
              "rotation": [
                0,
                45,
                0
              ],
              "uv": [
                0,
                41
              ]
            }
          ]
        },
        {
          "name": "Body",
          "pivot": [
            0,
            31,
            0
          ],
          "cubes": [
            {
              "origin": [
                -5,
                31,
                -7
              ],
              "size": [
                10,
                1,
                14
              ],
              "uv": [
                0,
                0
              ]
            },
            {
              "origin": [
                -4,
                32,
                -6
              ],
              "size": [
                8,
                1,
                12
              ],
              "uv": [
                0,
                28
              ]
            },
            {
              "origin": [
                -3,
                33,
                -5
              ],
              "size": [
                6,
                7,
                10
              ],
              "uv": [
                38,
                5
              ]
            },
            {
              "origin": [
                -4,
                40,
                -6.5
              ],
              "size": [
                8,
                1,
                12.5
              ],
              "uv": [
                0,
                15
              ]
            },
            {
              "origin": [
                -5,
                40,
                3
              ],
              "size": [
                10,
                12,
                6
              ],
              "uv": [
                34,
                22
              ]
            },
            {
              "origin": [
                -1,
                52,
                5
              ],
              "size": [
                2,
                1,
                2
              ],
              "uv": [
                0,
                0
              ]
            },
            {
              "origin": [
                -0.5,
                47,
                5.5
              ],
              "size": [
                1,
                5,
                1
              ],
              "uv": [
                0,
                3
              ]
            }
          ]
        },
        {
          "name": "bone4",
          "parent": "Body",
          "pivot": [
            -3,
            39,
            0
          ],
          "cubes": [
            {
              "origin": [
                -22,
                38,
                -1
              ],
              "size": [
                19,
                2,
                2
              ],
              "uv": [
                0,
                79
              ]
            }
          ]
        },
        {
          "name": "bone5",
          "parent": "bone4",
          "pivot": [
            -21,
            40,
            0
          ],
          "cubes": [
            {
              "origin": [
                -22,
                0,
                -1
              ],
              "size": [
                2,
                40,
                2
              ],
              "uv": [
                49,
                86
              ]
            }
          ]
        },
        {
          "name": "bone6",
          "parent": "Body",
          "pivot": [
            0,
            31,
            0
          ]
        },
        {
          "name": "bone8",
          "parent": "Body",
          "pivot": [
            0,
            39,
            5
          ],
          "cubes": [
            {
              "origin": [
                -24,
                38,
                -1
              ],
              "size": [
                19,
                2,
                2
              ],
              "pivot": [
                0,
                31,
                0
              ],
              "rotation": [
                0,
                90,
                0
              ],
              "uv": [
                43,
                101
              ]
            }
          ]
        },
        {
          "name": "bone7",
          "parent": "bone8",
          "pivot": [
            0,
            40,
            23
          ],
          "cubes": [
            {
              "origin": [
                -24,
                0,
                -1
              ],
              "size": [
                2,
                40,
                2
              ],
              "pivot": [
                0,
                31,
                0
              ],
              "rotation": [
                0,
                90,
                0
              ],
              "uv": [
                0,
                86
              ]
            }
          ]
        },
        {
          "name": "bone2",
          "parent": "Body",
          "pivot": [
            3,
            39,
            0
          ],
          "cubes": [
            {
              "origin": [
                3,
                38,
                -1
              ],
              "size": [
                19,
                2,
                2
              ],
              "uv": [
                36,
                80
              ],
              "mirror": true
            }
          ]
        },
        {
          "name": "bone3",
          "parent": "bone2",
          "pivot": [
            21,
            40,
            0
          ],
          "cubes": [
            {
              "origin": [
                20,
                0,
                -1
              ],
              "size": [
                2,
                40,
                2
              ],
              "uv": [
                120,
                25
              ],
              "mirror": true
            }
          ]
        },
        {
          "name": "RightArm",
          "pivot": [
            -5,
            22,
            0
          ]
        },
        {
          "name": "LeftArm",
          "pivot": [
            5,
            10,
            7
          ]
        },
        {
          "name": "RightLeg",
          "pivot": [
            -1.9,
            12,
            0
          ]
        },
        {
          "name": "LeftLeg",
          "pivot": [
            1.9,
            12,
            0
          ]
        }
      ]
    }
  ]
}