{
	"file_path": "C:\\Users\\Usuario\\AppData\\Local\\Packages\\Microsoft.MinecraftUWP_8wekyb3d8bbwe\\LocalState\\games\\com.mojang\\development_resource_packs\\Mineral Finder v1_2 RP\\textures\\item_texture.json",
	"file_type": "item_texture",
	"format_version": 1,
	"file_uuid": "2ae72a7b_b6d4_40eb_8ef7_deb88e95b346",
	"file_version": 7,
	"cache_content": {
		"children": [
			{
				"data": "bridgeRP",
				"key": "resource_pack_name"
			},
			{
				"data": "atlas.items",
				"key": "texture_name"
			},
			{
				"open": {
					"resource_pack_name": "bridgeRP",
					"texture_name": "atlas.items",
					"texture_data": {
						"saplanadora": {
							"textures": [
								"textures/items/spawn/ssroller"
							]
						},
						"sbarrenadora": {
							"textures": [
								"textures/items/spawn/sbarrenadora"
							]
						},
						"sbasurero": {
							"textures": [
								"textures/items/spawn/sbasurero"
							]
						},
						"sddiamante": {
							"textures": [
								"textures/items/spawn/sddimante"
							]
						},
						"sdoro": {
							"textures": [
								"textures/items/spawn/sdoro"
							]
						},
						"sdesmeralda": {
							"textures": [
								"textures/items/spawn/sdesmeralda"
							]
						},
						"sdhierro": {
							"textures": [
								"textures/items/spawn/sdhierro"
							]
						},
						"sdnetherita": {
							"textures": [
								"textures/items/spawn/sdnetherite"
							]
						},
						"stdiamante": {
							"textures": [
								"textures/items/spawn/sjhammerd"
							]
						},
						"storo": {
							"textures": [
								"textures/items/spawn/sjhammerg"
							]
						},
						"sthierro": {
							"textures": [
								"textures/items/spawn/sjhammeri"
							]
						},
						"simancarbon": {
							"textures": [
								"textures/items/spawn/simancarbon"
							]
						},
						"simancobre": {
							"textures": [
								"textures/items/spawn/simancobre"
							]
						},
						"simandiamante": {
							"textures": [
								"textures/items/spawn/simandiamante"
							]
						},
						"simanoro": {
							"textures": [
								"textures/items/spawn/simanoro"
							]
						},
						"simanhierro": {
							"textures": [
								"textures/items/spawn/simanhierro"
							]
						},
						"simanesmeralda": {
							"textures": [
								"textures/items/spawn/simanesmeralda"
							]
						},
						"simancuarzo": {
							"textures": [
								"textures/items/spawn/simancuarzo"
							]
						},
						"simannetherita": {
							"textures": [
								"textures/items/spawn/simannetherita"
							]
						},
						"simanredstone": {
							"textures": [
								"textures/items/spawn/simanredstone"
							]
						},
						"simanlapis": {
							"textures": [
								"textures/items/spawn/simanlapis"
							]
						},
						"asdiamante": {
							"textures": [
								"textures/items/tasdiamante"
							]
						},
						"asoro": {
							"textures": [
								"textures/items/tasoro"
							]
						},
						"ashierro": {
							"textures": [
								"textures/items/tashierro"
							]
						},
						"ascobre": {
							"textures": [
								"textures/items/tascobre"
							]
						},
						"ascarbon": {
							"textures": [
								"textures/items/tascarbon"
							]
						},
						"ascuarzo": {
							"textures": [
								"textures/items/tascuarzo"
							]
						},
						"aslapis": {
							"textures": [
								"textures/items/taslapis"
							]
						},
						"asredstone": {
							"textures": [
								"textures/items/tasredstone"
							]
						},
						"asesmeralda": {
							"textures": [
								"textures/items/tasesmeralda"
							]
						},
						"asnetherita": {
							"textures": [
								"textures/items/tasnetherite"
							]
						}
					}
				},
				"key": "texture_data",
				"children": [
					{
						"key": "saplanadora",
						"is_minified": true,
						"children": {
							"textures": [
								"textures/items/spawn/ssroller"
							]
						}
					},
					{
						"key": "sbarrenadora",
						"is_minified": true,
						"children": {
							"textures": [
								"textures/items/spawn/sbarrenadora"
							]
						}
					},
					{
						"key": "sbasurero",
						"is_minified": true,
						"children": {
							"textures": [
								"textures/items/spawn/sbasurero"
							]
						}
					},
					{
						"key": "sddiamante",
						"children": [
							{
								"open": {
									"textures": [
										"textures/items/spawn/sddimante"
									]
								},
								"key": "textures",
								"is_minified": true,
								"children": [
									"textures/items/spawn/sddimante"
								]
							}
						]
					},
					{
						"key": "sdoro",
						"is_minified": true,
						"children": {
							"textures": [
								"textures/items/spawn/sdoro"
							]
						}
					},
					{
						"key": "sdesmeralda",
						"is_minified": true,
						"children": {
							"textures": [
								"textures/items/spawn/sdesmeralda"
							]
						}
					},
					{
						"key": "sdhierro",
						"is_minified": true,
						"children": {
							"textures": [
								"textures/items/spawn/sdhierro"
							]
						}
					},
					{
						"key": "sdnetherita",
						"is_minified": true,
						"children": {
							"textures": [
								"textures/items/spawn/sdnetherite"
							]
						}
					},
					{
						"key": "stdiamante",
						"is_minified": true,
						"children": {
							"textures": [
								"textures/items/spawn/sjhammerd"
							]
						}
					},
					{
						"key": "storo",
						"is_minified": true,
						"children": {
							"textures": [
								"textures/items/spawn/sjhammerg"
							]
						}
					},
					{
						"key": "sthierro",
						"is_minified": true,
						"children": {
							"textures": [
								"textures/items/spawn/sjhammeri"
							]
						}
					},
					{
						"key": "simancarbon",
						"children": [
							{
								"open": {
									"textures": [
										"textures/items/spawn/simancarbon"
									]
								},
								"key": "textures",
								"is_minified": true,
								"children": [
									"textures/items/spawn/simancarbon"
								]
							}
						]
					},
					{
						"key": "simancobre",
						"children": [
							{
								"open": {
									"textures": [
										"textures/items/spawn/simancobre"
									]
								},
								"key": "textures",
								"is_minified": true,
								"children": [
									"textures/items/spawn/simancobre"
								]
							}
						]
					},
					{
						"key": "simandiamante",
						"children": [
							{
								"open": {
									"textures": [
										"textures/items/spawn/simandiamante"
									]
								},
								"key": "textures",
								"is_minified": true,
								"children": [
									"textures/items/spawn/simandiamante"
								]
							}
						]
					},
					{
						"key": "simanoro",
						"children": [
							{
								"open": {
									"textures": [
										"textures/items/spawn/simanoro"
									]
								},
								"key": "textures",
								"is_minified": true,
								"children": [
									"textures/items/spawn/simanoro"
								]
							}
						]
					},
					{
						"key": "simanhierro",
						"children": [
							{
								"open": {
									"textures": [
										"textures/items/spawn/simanhierro"
									]
								},
								"key": "textures",
								"is_minified": true,
								"children": [
									"textures/items/spawn/simanhierro"
								]
							}
						]
					},
					{
						"key": "simanesmeralda",
						"children": [
							{
								"open": {
									"textures": [
										"textures/items/spawn/simanesmeralda"
									]
								},
								"key": "textures",
								"is_minified": true,
								"children": [
									"textures/items/spawn/simanesmeralda"
								]
							}
						]
					},
					{
						"key": "simancuarzo",
						"children": [
							{
								"open": {
									"textures": [
										"textures/items/spawn/simancuarzo"
									]
								},
								"key": "textures",
								"is_minified": true,
								"children": [
									"textures/items/spawn/simancuarzo"
								]
							}
						]
					},
					{
						"key": "simannetherita",
						"children": [
							{
								"open": {
									"textures": [
										"textures/items/spawn/simannetherita"
									]
								},
								"key": "textures",
								"is_minified": true,
								"children": [
									"textures/items/spawn/simannetherita"
								]
							}
						]
					},
					{
						"key": "simanredstone",
						"children": [
							{
								"open": {
									"textures": [
										"textures/items/spawn/simanredstone"
									]
								},
								"key": "textures",
								"is_minified": true,
								"children": [
									"textures/items/spawn/simanredstone"
								]
							}
						]
					},
					{
						"key": "simanlapis",
						"children": [
							{
								"open": {
									"textures": [
										"textures/items/spawn/simanlapis"
									]
								},
								"key": "textures",
								"is_minified": true,
								"children": [
									"textures/items/spawn/simanlapis"
								]
							}
						]
					},
					{
						"key": "asdiamante",
						"children": [
							{
								"open": {
									"textures": [
										"textures/items/tasdiamante"
									]
								},
								"key": "textures",
								"is_minified": true,
								"children": [
									"textures/items/tasdiamante"
								]
							}
						]
					},
					{
						"key": "asoro",
						"children": [
							{
								"open": {
									"textures": [
										"textures/items/tasoro"
									]
								},
								"key": "textures",
								"is_minified": true,
								"children": [
									"textures/items/tasoro"
								]
							}
						]
					},
					{
						"key": "ashierro",
						"children": [
							{
								"open": {
									"textures": [
										"textures/items/tashierro"
									]
								},
								"key": "textures",
								"is_minified": true,
								"children": [
									"textures/items/tashierro"
								]
							}
						]
					},
					{
						"key": "ascobre",
						"children": [
							{
								"open": {
									"textures": [
										"textures/items/tascobre"
									]
								},
								"key": "textures",
								"is_minified": true,
								"children": [
									"textures/items/tascobre"
								]
							}
						]
					},
					{
						"key": "ascarbon",
						"children": [
							{
								"open": {
									"textures": [
										"textures/items/tascarbon"
									]
								},
								"key": "textures",
								"is_minified": true,
								"children": [
									"textures/items/tascarbon"
								]
							}
						]
					},
					{
						"key": "ascuarzo",
						"children": [
							{
								"open": {
									"textures": [
										"textures/items/tascuarzo"
									]
								},
								"key": "textures",
								"is_minified": true,
								"children": [
									"textures/items/tascuarzo"
								]
							}
						]
					},
					{
						"key": "aslapis",
						"children": [
							{
								"open": {
									"textures": [
										"textures/items/taslapis"
									]
								},
								"key": "textures",
								"is_minified": true,
								"children": [
									"textures/items/taslapis"
								]
							}
						]
					},
					{
						"key": "asredstone",
						"children": [
							{
								"open": {
									"textures": [
										"textures/items/tasredstone"
									]
								},
								"key": "textures",
								"is_minified": true,
								"children": [
									"textures/items/tasredstone"
								]
							}
						]
					},
					{
						"key": "asesmeralda",
						"children": [
							{
								"open": {
									"textures": [
										"textures/items/tasesmeralda"
									]
								},
								"key": "textures",
								"is_minified": true,
								"children": [
									"textures/items/tasesmeralda"
								]
							}
						]
					},
					{
						"key": "asnetherita",
						"children": [
							{
								"open": {
									"textures": [
										"textures/items/tasnetherite"
									]
								},
								"key": "textures",
								"is_minified": true,
								"children": [
									"textures/items/tasnetherite"
								]
							}
						]
					}
				]
			}
		]
	}
}