{"mob.jumpscare1.attack":{"category":"hostile","max_distance":80,"sounds":["sounds/mob/jumpscare1"]},"mob.jumpscare2.attack":{"category":"hostile","max_distance":80,"sounds":["sounds/mob/jumpscare2"]},"mob.jumpscare3.attack":{"category":"hostile","max_distance":80,"sounds":["sounds/mob/jumpscare3"]},"mob.jumpscare4.attack":{"category":"hostile","max_distance":80,"sounds":["sounds/mob/seline_attack"]},"mob.yg_josh.ambient":{"max_distance":80,"sounds":["sounds/mob/josh_idle"]},"mob.yg_banban.ambient":{"max_distance":80,"sounds":["sounds/mob/banban_idle","sounds/mob/banban_idle2","sounds/mob/banban_idle3"]},"mob.yg_banbaleena.ambient":{"max_distance":80,"sounds":["sounds/mob/banbaleena_idle","sounds/mob/banbaleena_idle2","sounds/mob/banbaleena_idle3","sounds/mob/banbaleena_idle4"]},"mob.yg_slow_seline.ambient":{"max_distance":80,"sounds":["sounds/mob/seline_idle","sounds/mob/seline_idle2","sounds/mob/seline_idle3","sounds/mob/seline_idle4"]},"mob.yg_miniopila.ambient":{"max_distance":80,"sounds":["sounds/mob/miniopila_idle"]},"mob.yg_opila_bird.death":{"category":" neutral","sounds":["sounds/mob/opila_death"]},"mob.yg_banbaleena.death":{"category":" neutral","sounds":["sounds/mob/banbaleena_death"]},"mob.yg_miniopila.hurt":{"category":" neutral","sounds":["sounds/mob/miniopila_hurt"]},"mob.yg_nab_nab.step":{"max_distance":80,"sounds":["sounds/mob/nabnab_step"]},"mob.yg_slow_seline.step":{"max_distance":80,"sounds":["sounds/mob/seline_step"]}}