{
	"format_version": "1.10.0",
	"minecraft:client_entity": {
		"description": {
			"identifier": "tb:blue_cutout",
			"materials": {
				"default": "entity_alphatest"
			},
			"textures": {
				"default": "textures/entity/blue_cutout"
			},
			"geometry": {
				"default": "geometry.blue_cutout"
      },
      "animations": {
        "general": "animation.blue.pose"
      },
	  "scripts": {
		"animate": ["general"],
		  "pre_animation": ["variable.attack = Math.sin(variable.attack_time * 30.0);"]
			},
			"render_controllers": ["controller.render.default"],
			"spawn_egg": {
				"texture": "blue_cutout_spawn_egg"
				
			}
		}
	}
}