{
	"format_version": "1.10.0",
	"minecraft:client_entity": {
		"description": {
			"identifier": "tb:green",
			"materials": {
				"default": "entity_alphatest"
			},
			"textures": {
				"default": "textures/entity/green"
			},
			"geometry": {
				"default": "geometry.green"
      },
      "animations": {
        "moving": "animation.green.moving",
        "running": "animation.green.m88",
        "green_general": "animation.green.general",
        "jumpscare": "animation.green.attack",
        "attack1": "animation.green.attack6886",
        "eye": "animation.green.eye",
        "arm": "animation.green.arm",
        "climbing": "animation.green.climbing",
        "move": "controller.animation.green.move",
        "general": "controller.animation.green.general",
        "attack": "controller.animation.green.attack"
      },
	  "scripts": {
		"animate": ["move", "general", "attack", "eye", "arm"],
		  "pre_animation": ["variable.attack = Math.sin(variable.attack_time * 30.0);"]
			},
			"render_controllers": ["controller.render.default"],
			"spawn_egg": {
				"texture": "green_spawn_egg"
				
			}
		}
	}
}