{
	"format_version": "1.10.0",
	"minecraft:client_entity": {
		"description": {
			"identifier": "tb:orange",
			"materials": {
				"default": "entity_alphatest"
			},
			"textures": {
				"default": "textures/entity/orange"
			},
			"geometry": {
				"default": "geometry.orange"
      },
      "animations": {
        "moving": "animation.orange.moving",
        "running": "animation.orange.m88",
        "orange_general": "animation.orange.general",
        "head": "animation.orange.head",
        "jumpscare": "animation.orange.attack",
        "attack1": "animation.orange.attack089",
        "look_at_target": "animation.common.look_at_target",
        "climbing": "animation.orange.climbing",
        "move": "controller.animation.orange.move",
        "general": "controller.animation.orange.general",
        "attack": "controller.animation.orange.attack"
      },
	  "scripts": {
		"animate": ["move", "general", "attack", "look_at_target", "head"],
		  "pre_animation": ["variable.attack = Math.sin(variable.attack_time * 30.0);"]
			},
			"render_controllers": ["controller.render.default"],
			"spawn_egg": {
				"texture": "orange_spawn_egg"
				
			}
		}
	}
}