{
	"format_version": "1.10.0",
	"minecraft:client_entity": {
		"description": {
			"identifier": "tb:pink",
			"materials": {
				"default": "entity_alphatest"
			},
			"textures": {
				"default": "textures/entity/pink"
			},
			"geometry": {
				"default": "geometry.pink"
      },
      "animations": {
        "moving": "animation.pink.moving",
        "running": "animation.pink.Mmnbb",
        "pink_general": "animation.pink.general",
        "jumpscare": "animation.pink.attack",
        "attack1": "animation.pink.attack930",
        "look_at_target": "animation.common.look_at_target",
        "climbing": "animation.pink.climbing",
        "move": "controller.animation.pink.move",
        "general": "controller.animation.pink.general",
        "attack": "controller.animation.pink.attack"
      },
	  "scripts": {
		"animate": ["move", "general", "attack", "look_at_target"],
		  "pre_animation": ["variable.attack = Math.sin(variable.attack_time * 30.0);"]
			},
			"render_controllers": ["controller.render.default"],
			"spawn_egg": {
				"texture": "pink_spawn_egg"
				
			}
		}
	}
}