{
	"format_version": "1.10.0",
	"minecraft:client_entity": {
		"description": {
			"identifier": "tb:purple_vent",
			"materials": {
				"default": "entity_alphatest"
			},
			"textures": {
				"default": "textures/entity/purple_vent"
			},
			"geometry": {
				"default": "geometry.purple_vent"
      },
      "animations": {
        "moving": "animation.purple_vent.moving",
        "running": "animation.purple_vent.running",
        "purple_vent_general": "animation.purple_vent.general",
        "jumpscare": "animation.purple_vent.attack",
        "attack1": "animation.purple_vent.attack6886",
        "climbing": "animation.purple_vent.climbing",
        "move": "controller.animation.purple_vent.move",
        "general": "controller.animation.purple_vent.general",
        "attack": "controller.animation.purple_vent.attack"
      },
	  "scripts": {
		"animate": ["move", "general", "attack"],
		  "pre_animation": ["variable.attack = Math.sin(variable.attack_time * 30.0);"]
			},
			"render_controllers": ["controller.render.default"],
			"spawn_egg": {
				"texture": "purple_vent_spawn_egg"
				
			}
		}
	}
}