{
	"format_version": "1.10.0",
	"minecraft:client_entity": {
		"description": {
			"identifier": "tb:red",
			"materials": {
				"default": "entity_alphatest"
			},
			"textures": {
				"default": "textures/entity/red"
			},
			"geometry": {
				"default": "geometry.red"
      },
      "animations": {
        "moving": "animation.red.moving",
        "running": "animation.red.jjnb",
        "red_general": "animation.red.general",
        "resiz54332e": "animation.red.resi5433277654ze",
        "attack1": "animation.red.attack",
        "look_at_target": "animation.common.look_at_target",
        "climbing": "animation.red.climbing",
        "move": "controller.animation.red.move",
        "general": "controller.animation.red.general",
        "attack": "controller.animation.red.attack",
        "re": "controller.animation.red.re"
      },
	  "scripts": {
		"animate": ["move", "general", "attack", "look_at_target", "re"],
		  "pre_animation": ["variable.attack = Math.sin(variable.attack_time * 30.0);"]
			},
			"render_controllers": ["controller.render.default"],
			"spawn_egg": {
				"texture": "red_spawn_egg"
				
			}
		}
	}
}