{
	"format_version": "1.10.0",
	"minecraft:client_entity": {
		"description": {
			"identifier": "tb:yellow",
			"materials": {
				"default": "entity_alphatest"
			},
			"textures": {
				"default": "textures/entity/yellow"
			},
			"geometry": {
				"default": "geometry.yellow"
      },
      "animations": {
        "moving": "animation.yellow.moving",
        "running": "animation.yellow.moving",
        "yellow_general": "animation.yellow.general",
        "jumpscare": "animation.yellow.attack",
        "attack1": "animation.yellow.attack90087",
        "look_at_target": "animation.common.look_at_target",
        "climbing": "animation.yellow.climbing",
        "move": "controller.animation.yellow.move",
        "general": "controller.animation.yellow.general",
        "attack": "controller.animation.yellow.attack"
      },
	  "scripts": {
		"animate": ["move", "general", "attack", "look_at_target"],
		  "pre_animation": ["variable.attack = Math.sin(variable.attack_time * 30.0);"]
			},
			"render_controllers": ["controller.render.default"],
			"spawn_egg": {
				"texture": "yellow_spawn_egg"
				
			}
		}
	}
}