{
  "format_version": "1.12.0",
  "minecraft:geometry": [
    {
      "description": {
        "identifier": "geometry.os_banban",
        "texture_width": 64,
        "texture_height": 64,
        "visible_bounds_width": 3,
        "visible_bounds_height": 4,
        "visible_bounds_offset": [
          0,
          2,
          0
        ]
      },
      "bones": [
        {
          "name": "root"
        },
        {
          "name": "waist",
          "pivot": [
            0,
            12,
            0
          ],
          "parent": "root"
        },
        {
          "name": "body",
          "pivot": [
            0,
            13,
            0
          ],
          "cubes": [
            {
              "origin": [
                -4.0,
                13.0,
                -2.0
              ],
              "size": [
                8.0,
                12.0,
                4.0
              ],
              "uv": [
                0,
                14
              ],
              "inflate": 0
            }
          ],
          "parent": "waist"
        },
        {
          "name": "head",
          "pivot": [
            0,
            25,
            0
          ],
          "cubes": [
            {
              "origin": [
                -4.0,
                25.0,
                -3.0
              ],
              "size": [
                8.0,
                8.0,
                6.0
              ],
              "uv": [
                0,
                0
              ],
              "inflate": 0
            },
            {
              "origin": [
                -2.0,
                23.0,
                -3.0
              ],
              "size": [
                2.0,
                4.0,
                1.0
              ],
              "pivot": [
                -2.0,
                28.0,
                -2.5
              ],
              "rotation": [
                -10.15427,
                2.56246,
                12.23113
              ],
              "uv": [
                0,
                0
              ],
              "inflate": 0
            },
            {
              "origin": [
                1.0,
                33.0,
                -2.0
              ],
              "size": [
                3.0,
                4.0,
                4.0
              ],
              "uv": [
                0,
                56
              ],
              "inflate": 0
            },
            {
              "origin": [
                2.0,
                37.0,
                0.0
              ],
              "size": [
                0.0,
                4.0,
                1.0
              ],
              "pivot": [
                2.0,
                37.0,
                0.0
              ],
              "rotation": [
                0.0,
                0.0,
                -17.5
              ],
              "uv": [
                59,
                59
              ],
              "inflate": 0
            },
            {
              "origin": [
                -3.00001,
                36.99986,
                0.00759
              ],
              "size": [
                0.0,
                4.0,
                1.0
              ],
              "pivot": [
                -3.0,
                37.0,
                0.0
              ],
              "rotation": [
                0.01991,
                0.087,
                -17.50158
              ],
              "uv": [
                59,
                59
              ],
              "inflate": 0
            },
            {
              "origin": [
                -2.0,
                36.99989,
                -0.99393
              ],
              "size": [
                0.0,
                4.0,
                1.0
              ],
              "pivot": [
                -2.0,
                37.0,
                0.0
              ],
              "rotation": [
                0.01991,
                0.087,
                14.99842
              ],
              "uv": [
                59,
                59
              ],
              "inflate": 0
            },
            {
              "origin": [
                3.0,
                37.0,
                -1.0
              ],
              "size": [
                0.0,
                4.0,
                1.0
              ],
              "pivot": [
                3.0,
                37.0,
                0.0
              ],
              "rotation": [
                0.0,
                0.0,
                15.0
              ],
              "uv": [
                59,
                59
              ],
              "inflate": 0
            },
            {
              "origin": [
                2.0,
                37.0,
                0.0
              ],
              "size": [
                1.0,
                4.0,
                0.0
              ],
              "pivot": [
                3.0,
                37.0,
                0.0
              ],
              "rotation": [
                17.5,
                0.0,
                0.0
              ],
              "uv": [
                58,
                60
              ],
              "inflate": 0
            },
            {
              "origin": [
                2.0,
                37.0,
                0.0
              ],
              "size": [
                1.0,
                4.0,
                0.0
              ],
              "pivot": [
                3.0,
                37.0,
                0.0
              ],
              "rotation": [
                -22.5,
                0.0,
                0.0
              ],
              "uv": [
                58,
                60
              ],
              "inflate": 0
            },
            {
              "origin": [
                -4.0,
                33.0,
                -2.0
              ],
              "size": [
                3.0,
                4.0,
                4.0
              ],
              "uv": [
                0,
                56
              ],
              "inflate": 0
            },
            {
              "origin": [
                -3.0,
                37.0,
                0.0
              ],
              "size": [
                1.0,
                4.0,
                0.0
              ],
              "pivot": [
                -2.5,
                37.0,
                0.0
              ],
              "rotation": [
                -20.0,
                0.0,
                0.0
              ],
              "uv": [
                58,
                60
              ],
              "inflate": 0
            },
            {
              "origin": [
                -3.0,
                37.0,
                0.0
              ],
              "size": [
                1.0,
                4.0,
                0.0
              ],
              "pivot": [
                -2.5,
                37.0,
                0.0
              ],
              "rotation": [
                25.0,
                0.0,
                0.0
              ],
              "uv": [
                58,
                60
              ],
              "inflate": 0
            }
          ],
          "parent": "body"
        },
        {
          "name": "hat",
          "pivot": [
            1,
            25,
            0
          ],
          "parent": "head"
        },
        {
          "name": "cape",
          "pivot": [
            0,
            25,
            3
          ],
          "parent": "body"
        },
        {
          "name": "leftArm",
          "pivot": [
            5,
            23,
            0
          ],
          "cubes": [
            {
              "origin": [
                4.0,
                12.0,
                -2.0
              ],
              "size": [
                4.0,
                13.0,
                4.0
              ],
              "uv": [
                36,
                23
              ],
              "inflate": 0
            }
          ],
          "parent": "body"
        },
        {
          "name": "leftSleeve",
          "pivot": [
            5,
            23,
            0
          ],
          "parent": "leftArm"
        },
        {
          "name": "leftItem",
          "pivot": [
            6,
            16,
            1
          ],
          "parent": "leftArm"
        },
        {
          "name": "rightArm",
          "pivot": [
            -5,
            23,
            0
          ],
          "cubes": [
            {
              "origin": [
                -8.0,
                12.0,
                -2.0
              ],
              "size": [
                4.0,
                13.0,
                4.0
              ],
              "uv": [
                41,
                23
              ],
              "inflate": 0
            }
          ],
          "parent": "body"
        },
        {
          "name": "rightSleeve",
          "pivot": [
            -5,
            23,
            0
          ],
          "parent": "rightArm"
        },
        {
          "name": "rightItem",
          "pivot": [
            -6,
            16,
            1
          ],
          "parent": "rightArm"
        },
        {
          "name": "jacket",
          "pivot": [
            0,
            25,
            0
          ],
          "parent": "body"
        },
        {
          "name": "leftLeg",
          "pivot": [
            1.9,
            13,
            0
          ],
          "cubes": [
            {
              "origin": [
                -0.1,
                0.0,
                -2.0
              ],
              "size": [
                4.0,
                13.0,
                4.0
              ],
              "uv": [
                36,
                23
              ],
              "inflate": 0
            }
          ],
          "parent": "root"
        },
        {
          "name": "leftPants",
          "pivot": [
            1.9,
            13,
            0
          ],
          "parent": "leftLeg"
        },
        {
          "name": "rightLeg",
          "pivot": [
            -1.9,
            13,
            0
          ],
          "cubes": [
            {
              "origin": [
                -3.9,
                0.0,
                -2.0
              ],
              "size": [
                4.0,
                13.0,
                4.0
              ],
              "uv": [
                41,
                23
              ],
              "inflate": 0
            }
          ],
          "parent": "root"
        },
        {
          "name": "rightPants",
          "pivot": [
            -1.9,
            13,
            0
          ],
          "parent": "rightLeg"
        }
      ]
    }
  ]
}