{
  "format_version": "1.12.0",
  "minecraft:geometry": [
    {
      "description": {
        "identifier": "geometry.os_jumbo_josh",
        "texture_width": 256,
        "texture_height": 256,
        "visible_bounds_width": 3,
        "visible_bounds_height": 5.5,
        "visible_bounds_offset": [
          0,
          2.25,
          0
        ]
      },
      "bones": [
        {
          "name": "root"
        },
        {
          "name": "waist",
          "pivot": [
            0,
            18,
            0
          ],
          "parent": "root"
        },
        {
          "name": "body",
          "pivot": [
            0,
            18,
            0
          ],
          "cubes": [
            {
              "origin": [
                -7.0,
                18.0,
                -4.0
              ],
              "size": [
                14.0,
                8.0,
                8.0
              ],
              "uv": [
                60,
                34
              ],
              "inflate": 0
            }
          ],
          "parent": "waist"
        },
        {
          "name": "body2",
          "pivot": [
            0,
            26,
            0
          ],
          "cubes": [
            {
              "origin": [
                -8.0,
                26.0,
                -5.0
              ],
              "size": [
                16.0,
                10.0,
                10.0
              ],
              "uv": [
                56,
                57
              ],
              "inflate": 0
            }
          ],
          "parent": "body"
        },
        {
          "name": "body3",
          "pivot": [
            0,
            36,
            0
          ],
          "cubes": [
            {
              "origin": [
                -9.0,
                36.0,
                -5.0
              ],
              "size": [
                18.0,
                12.0,
                10.0
              ],
              "uv": [
                0,
                57
              ],
              "inflate": 0
            }
          ],
          "parent": "body2"
        },
        {
          "name": "head",
          "pivot": [
            0,
            48,
            0
          ],
          "cubes": [
            {
              "origin": [
                -10.0,
                48.0,
                -7.0
              ],
              "size": [
                20.0,
                1.0,
                14.0
              ],
              "uv": [
                0,
                42
              ],
              "inflate": 0
            },
            {
              "origin": [
                -10.0,
                62.0,
                -7.0
              ],
              "size": [
                20.0,
                1.0,
                14.0
              ],
              "uv": [
                0,
                27
              ],
              "inflate": 0
            },
            {
              "origin": [
                -11.0,
                49.0,
                -7.0
              ],
              "size": [
                22.0,
                13.0,
                14.0
              ],
              "uv": [
                0,
                0
              ],
              "inflate": 0
            },
            {
              "origin": [
                3.5,
                55.0,
                -7.5
              ],
              "size": [
                5.0,
                5.0,
                9.0
              ],
              "pivot": [
                6.0,
                57.5,
                -3.0
              ],
              "rotation": [
                0.0,
                -7.5,
                0.0
              ],
              "uv": [
                72,
                92
              ],
              "inflate": 0
            },
            {
              "origin": [
                -8.5,
                55.0,
                -7.5
              ],
              "size": [
                5.0,
                5.0,
                9.0
              ],
              "pivot": [
                -6.0,
                57.5,
                -3.0
              ],
              "rotation": [
                0.0,
                5.0,
                0.0
              ],
              "uv": [
                28,
                85
              ],
              "inflate": 0
            }
          ],
          "parent": "body3"
        },
        {
          "name": "rightArm",
          "pivot": [
            -9,
            45,
            0
          ],
          "cubes": [
            {
              "origin": [
                -13.0,
                39.0,
                -2.0
              ],
              "size": [
                4.0,
                8.0,
                4.0
              ],
              "uv": [
                38,
                67
              ],
              "inflate": 0
            }
          ],
          "parent": "body3"
        },
        {
          "name": "rightArm2",
          "pivot": [
            -10.5,
            41,
            -0.5
          ],
          "cubes": [
            {
              "origin": [
                -13.5,
                32.0,
                -2.5
              ],
              "size": [
                5.0,
                9.0,
                5.0
              ],
              "uv": [
                50,
                13
              ],
              "inflate": 0
            }
          ],
          "parent": "rightArm"
        },
        {
          "name": "rightArm3",
          "pivot": [
            -11,
            33,
            0
          ],
          "cubes": [
            {
              "origin": [
                -14.0,
                22.0,
                -3.0
              ],
              "size": [
                6.0,
                11.0,
                6.0
              ],
              "uv": [
                47,
                10
              ],
              "inflate": 0
            }
          ],
          "parent": "rightArm2"
        },
        {
          "name": "rightArm4",
          "pivot": [
            -10.5,
            23,
            -0.5
          ],
          "cubes": [
            {
              "origin": [
                -14.5,
                15.0,
                -3.5
              ],
              "size": [
                7.0,
                8.0,
                7.0
              ],
              "uv": [
                48,
                12
              ],
              "inflate": 0
            },
            {
              "origin": [
                -15.5,
                7.0,
                -4.5
              ],
              "size": [
                8.0,
                8.0,
                9.0
              ],
              "uv": [
                47,
                77
              ],
              "inflate": 0
            },
            {
              "origin": [
                -11.5,
                9.0,
                -5.5
              ],
              "size": [
                4.0,
                6.0,
                1.0
              ],
              "pivot": [
                -9.5,
                14.0,
                -5.0
              ],
              "rotation": [
                0.0,
                0.0,
                20.0
              ],
              "uv": [
                18,
                67
              ],
              "inflate": 0
            }
          ],
          "parent": "rightArm3"
        },
        {
          "name": "leftArm",
          "pivot": [
            9,
            45,
            0
          ],
          "cubes": [
            {
              "origin": [
                9.0,
                39.0,
                -2.0
              ],
              "size": [
                4.0,
                8.0,
                4.0
              ],
              "uv": [
                40,
                67
              ],
              "inflate": 0
            }
          ],
          "parent": "body3"
        },
        {
          "name": "leftArm2",
          "pivot": [
            11.5,
            41,
            -0.5
          ],
          "cubes": [
            {
              "origin": [
                8.5,
                32.0,
                -2.5
              ],
              "size": [
                5.0,
                9.0,
                5.0
              ],
              "uv": [
                51,
                12
              ],
              "inflate": 0
            }
          ],
          "parent": "leftArm"
        },
        {
          "name": "leftArm3",
          "pivot": [
            11,
            33,
            0
          ],
          "cubes": [
            {
              "origin": [
                8.0,
                22.0,
                -3.0
              ],
              "size": [
                6.0,
                11.0,
                6.0
              ],
              "uv": [
                49,
                10
              ],
              "inflate": 0
            }
          ],
          "parent": "leftArm2"
        },
        {
          "name": "leftArm4",
          "pivot": [
            11.5,
            23,
            -0.5
          ],
          "cubes": [
            {
              "origin": [
                7.5,
                15.0,
                -3.5
              ],
              "size": [
                7.0,
                8.0,
                7.0
              ],
              "uv": [
                47,
                12
              ],
              "inflate": 0
            },
            {
              "origin": [
                7.5,
                7.0,
                -4.5
              ],
              "size": [
                8.0,
                8.0,
                9.0
              ],
              "uv": [
                72,
                10
              ],
              "inflate": 0
            },
            {
              "origin": [
                7.5,
                9.0,
                -5.5
              ],
              "size": [
                4.0,
                6.0,
                1.0
              ],
              "pivot": [
                9.5,
                14.0,
                -5.0
              ],
              "rotation": [
                0.0,
                0.0,
                -15.0
              ],
              "uv": [
                38,
                69
              ],
              "inflate": 0
            }
          ],
          "parent": "leftArm3"
        },
        {
          "name": "rightLeg",
          "pivot": [
            -3.5,
            18,
            -0.5
          ],
          "cubes": [
            {
              "origin": [
                -6.5,
                11.0,
                -3.5
              ],
              "size": [
                6.0,
                7.0,
                6.0
              ],
              "uv": [
                49,
                14
              ],
              "inflate": 0
            }
          ],
          "parent": "root"
        },
        {
          "name": "rightLeg2",
          "pivot": [
            -3,
            11,
            -1
          ],
          "cubes": [
            {
              "origin": [
                -6.0,
                6.0,
                -3.0
              ],
              "size": [
                5.0,
                5.0,
                5.0
              ],
              "uv": [
                54,
                16
              ],
              "inflate": 0
            }
          ],
          "parent": "rightLeg"
        },
        {
          "name": "rightLeg3",
          "pivot": [
            -3.5,
            6,
            -0.5
          ],
          "cubes": [
            {
              "origin": [
                -5.5,
                0.0,
                -2.5
              ],
              "size": [
                4.0,
                6.0,
                4.0
              ],
              "uv": [
                59,
                16
              ],
              "inflate": 0
            }
          ],
          "parent": "rightLeg2"
        },
        {
          "name": "leftLeg",
          "pivot": [
            3.5,
            18,
            -0.5
          ],
          "cubes": [
            {
              "origin": [
                0.5,
                11.0,
                -3.5
              ],
              "size": [
                6.0,
                7.0,
                6.0
              ],
              "uv": [
                49,
                14
              ],
              "inflate": 0
            }
          ],
          "parent": "root"
        },
        {
          "name": "leftLeg2",
          "pivot": [
            4,
            11,
            -1
          ],
          "cubes": [
            {
              "origin": [
                1.0,
                6.0,
                -3.0
              ],
              "size": [
                5.0,
                5.0,
                5.0
              ],
              "uv": [
                51,
                17
              ],
              "inflate": 0
            }
          ],
          "parent": "leftLeg"
        },
        {
          "name": "leftLeg3",
          "pivot": [
            3.5,
            6,
            -0.5
          ],
          "cubes": [
            {
              "origin": [
                1.5,
                0.0,
                -2.5
              ],
              "size": [
                4.0,
                6.0,
                4.0
              ],
              "uv": [
                48,
                16
              ],
              "inflate": 0
            }
          ],
          "parent": "leftLeg2"
        }
      ]
    }
  ]
}