{
  "format_version": "1.12.0",
  "minecraft:geometry": [
    {
      "description": {
        "identifier": "geometry.os_nabnab",
        "texture_width": 128,
        "texture_height": 128,
        "visible_bounds_width": 4,
        "visible_bounds_height": 4.5,
        "visible_bounds_offset": [
          0,
          1.75,
          0
        ]
      },
      "bones": [
        {
          "name": "root",
          "pivot": [
            0,
            18,
            0
          ]
        },
        {
          "name": "waist",
          "pivot": [
            0,
            18,
            0
          ],
          "parent": "root"
        },
        {
          "name": "head",
          "pivot": [
            0,
            29.93847,
            -1.09004
          ],
          "cubes": [
            {
              "origin": [
                -6.0,
                18.0,
                -3.0
              ],
              "size": [
                1.0,
                14.0,
                5.0
              ],
              "uv": [
                13,
                4
              ],
              "inflate": 0
            },
            {
              "origin": [
                -5.0,
                32.0,
                -2.0
              ],
              "size": [
                1.0,
                7.0,
                4.0
              ],
              "uv": [
                1,
                24
              ],
              "inflate": 0
            },
            {
              "origin": [
                4.0,
                32.0,
                -2.0
              ],
              "size": [
                1.0,
                7.0,
                4.0
              ],
              "uv": [
                15,
                10
              ],
              "inflate": 0
            },
            {
              "origin": [
                5.0,
                18.0,
                -3.0
              ],
              "size": [
                1.0,
                14.0,
                5.0
              ],
              "uv": [
                13,
                4
              ],
              "inflate": 0
            },
            {
              "origin": [
                -5.0,
                39.0,
                -2.0
              ],
              "size": [
                10.0,
                1.0,
                4.0
              ],
              "uv": [
                26,
                5
              ],
              "inflate": 0
            },
            {
              "origin": [
                -1.0,
                39.0,
                -2.0
              ],
              "size": [
                5.0,
                4.0,
                4.0
              ],
              "pivot": [
                1.5,
                39.5,
                0.0
              ],
              "rotation": [
                0.0,
                0.0,
                15.0
              ],
              "uv": [
                0,
                121
              ],
              "inflate": 0
            },
            {
              "origin": [
                0.0,
                42.0,
                -1.0
              ],
              "size": [
                3.0,
                3.0,
                2.0
              ],
              "pivot": [
                1.5,
                39.5,
                0.0
              ],
              "rotation": [
                0.0,
                0.0,
                15.0
              ],
              "uv": [
                2,
                123
              ],
              "inflate": 0
            },
            {
              "origin": [
                -5.0,
                18.0,
                -2.0
              ],
              "size": [
                10.0,
                1.0,
                4.0
              ],
              "uv": [
                26,
                0
              ],
              "inflate": 0
            },
            {
              "origin": [
                -6.0,
                18.0,
                2.0
              ],
              "size": [
                12.0,
                14.0,
                1.0
              ],
              "uv": [
                0,
                0
              ],
              "inflate": 0
            },
            {
              "origin": [
                -5.0,
                18.0,
                -3.0
              ],
              "size": [
                10.0,
                2.0,
                1.0
              ],
              "uv": [
                50,
                0
              ],
              "inflate": 0
            },
            {
              "origin": [
                -5.0,
                32.0,
                -3.0
              ],
              "size": [
                10.0,
                8.0,
                1.0
              ],
              "uv": [
                28,
                10
              ],
              "inflate": 0
            },
            {
              "origin": [
                -5.0,
                32.0,
                2.0
              ],
              "size": [
                10.0,
                8.0,
                1.0
              ],
              "uv": [
                23,
                119
              ],
              "inflate": 0
            },
            {
              "origin": [
                -3.0,
                30.0,
                -3.0
              ],
              "size": [
                6.0,
                2.0,
                0.0
              ],
              "pivot": [
                0.0,
                32.0,
                -3.0
              ],
              "rotation": [
                -25.0,
                0.0,
                0.0
              ],
              "uv": [
                47,
                32
              ],
              "inflate": 0
            },
            {
              "origin": [
                -3.0,
                20.0,
                -3.0
              ],
              "size": [
                6.0,
                2.0,
                0.0
              ],
              "pivot": [
                0.0,
                20.0,
                -3.0
              ],
              "rotation": [
                17.5,
                0.0,
                0.0
              ],
              "uv": [
                47,
                23
              ],
              "inflate": 0
            },
            {
              "origin": [
                -5.0,
                20.0,
                -3.0
              ],
              "size": [
                2.0,
                12.0,
                1.0
              ],
              "uv": [
                13,
                10
              ],
              "inflate": 0
            },
            {
              "origin": [
                3.0,
                20.0,
                -3.0
              ],
              "size": [
                2.0,
                12.0,
                1.0
              ],
              "uv": [
                12,
                23
              ],
              "inflate": 0
            },
            {
              "origin": [
                2.0,
                20.0,
                -3.0
              ],
              "size": [
                1.0,
                12.0,
                0.0
              ],
              "pivot": [
                3.0,
                25.0,
                0.0
              ],
              "rotation": [
                0.0,
                -7.5,
                0.0
              ],
              "uv": [
                45,
                116
              ],
              "inflate": 0
            },
            {
              "origin": [
                -3.0,
                20.0,
                -3.0
              ],
              "size": [
                1.0,
                12.0,
                0.0
              ],
              "pivot": [
                -3.0,
                25.0,
                0.0
              ],
              "rotation": [
                0.0,
                12.5,
                0.0
              ],
              "uv": [
                45,
                116
              ],
              "inflate": 0
            }
          ],
          "parent": "waist"
        },
        {
          "name": "rightArm",
          "pivot": [
            -5,
            33,
            0
          ],
          "cubes": [
            {
              "origin": [
                -14.0,
                32.0,
                -1.0
              ],
              "size": [
                9.0,
                2.0,
                2.0
              ],
              "uv": [
                47,
                28
              ],
              "inflate": 0
            }
          ],
          "parent": "head"
        },
        {
          "name": "rightArm2",
          "pivot": [
            -14,
            33,
            0
          ],
          "cubes": [
            {
              "origin": [
                -23.0,
                32.0,
                -1.0
              ],
              "size": [
                9.0,
                2.0,
                2.0
              ],
              "uv": [
                47,
                28
              ],
              "inflate": 0
            }
          ],
          "parent": "rightArm"
        },
        {
          "name": "leftArm",
          "pivot": [
            5,
            33,
            0
          ],
          "cubes": [
            {
              "origin": [
                5.0,
                32.0,
                -1.0
              ],
              "size": [
                9.0,
                2.0,
                2.0
              ],
              "uv": [
                47,
                28
              ],
              "inflate": 0
            }
          ],
          "parent": "head"
        },
        {
          "name": "leftArm2",
          "pivot": [
            14,
            33,
            0
          ],
          "cubes": [
            {
              "origin": [
                14.0,
                32.0,
                -1.0
              ],
              "size": [
                9.0,
                2.0,
                2.0
              ],
              "uv": [
                47,
                28
              ],
              "inflate": 0
            }
          ],
          "parent": "leftArm"
        },
        {
          "name": "lida",
          "pivot": [
            0,
            23,
            2
          ],
          "cubes": [
            {
              "origin": [
                -2.0,
                22.0,
                -4.0
              ],
              "size": [
                4.0,
                2.0,
                6.0
              ],
              "uv": [
                33,
                28
              ],
              "inflate": 0
            }
          ],
          "parent": "head"
        },
        {
          "name": "lida2",
          "pivot": [
            0,
            23,
            -4
          ],
          "cubes": [
            {
              "origin": [
                -2.0,
                22.0,
                -10.0
              ],
              "size": [
                4.0,
                2.0,
                6.0
              ],
              "uv": [
                33,
                19
              ],
              "inflate": 0
            }
          ],
          "parent": "lida"
        },
        {
          "name": "eyes",
          "pivot": [
            0,
            20,
            -1.5
          ],
          "cubes": [
            {
              "origin": [
                -1.0,
                37.0,
                -3.5
              ],
              "size": [
                2.0,
                2.0,
                1.0
              ],
              "uv": [
                4,
                8
              ],
              "inflate": 0
            },
            {
              "origin": [
                3.0,
                34.0,
                -3.5
              ],
              "size": [
                1.0,
                1.0,
                1.0
              ],
              "uv": [
                4,
                8
              ],
              "inflate": 0
            },
            {
              "origin": [
                -4.0,
                34.0,
                -3.5
              ],
              "size": [
                1.0,
                1.0,
                1.0
              ],
              "uv": [
                4,
                8
              ],
              "inflate": 0
            }
          ],
          "parent": "head"
        },
        {
          "name": "rightLeg",
          "pivot": [
            -3,
            18,
            0
          ],
          "cubes": [
            {
              "origin": [
                -12.0,
                17.0,
                -1.0
              ],
              "size": [
                9.0,
                2.0,
                2.0
              ],
              "uv": [
                47,
                28
              ],
              "inflate": 0
            }
          ],
          "parent": "root",
          "rotation": [
            0,
            0,
            -90
          ]
        },
        {
          "name": "rightLeg2",
          "pivot": [
            -12,
            18,
            0
          ],
          "cubes": [
            {
              "origin": [
                -21.0,
                17.0,
                -1.0
              ],
              "size": [
                9.0,
                2.0,
                2.0
              ],
              "uv": [
                47,
                28
              ],
              "inflate": 0
            }
          ],
          "parent": "rightLeg"
        },
        {
          "name": "leftLeg",
          "pivot": [
            3,
            18,
            0
          ],
          "cubes": [
            {
              "origin": [
                -6.0,
                17.0,
                -1.0
              ],
              "size": [
                9.0,
                2.0,
                2.0
              ],
              "uv": [
                47,
                28
              ],
              "inflate": 0
            }
          ],
          "parent": "root",
          "rotation": [
            0,
            0,
            -90
          ]
        },
        {
          "name": "leftLeg2",
          "pivot": [
            -6,
            18,
            0
          ],
          "cubes": [
            {
              "origin": [
                -15.0,
                17.0,
                -1.0
              ],
              "size": [
                9.0,
                2.0,
                2.0
              ],
              "uv": [
                47,
                28
              ],
              "inflate": 0
            }
          ],
          "parent": "leftLeg"
        }
      ]
    }
  ]
}