{
  "format_version": "1.12.0",
  "minecraft:geometry": [
    {
      "description": {
        "identifier": "geometry.os_opila_bird",
        "texture_width": 64,
        "texture_height": 64,
        "visible_bounds_width": 3,
        "visible_bounds_height": 3.5,
        "visible_bounds_offset": [
          0,
          1.25,
          0
        ]
      },
      "bones": [
        {
          "name": "root"
        },
        {
          "name": "waist",
          "parent": "root"
        },
        {
          "name": "body",
          "pivot": [
            0,
            11,
            0
          ],
          "cubes": [
            {
              "origin": [
                -3.0,
                12.0,
                -9.0
              ],
              "size": [
                6.0,
                7.0,
                5.0
              ],
              "pivot": [
                0.0,
                15.5,
                -4.5
              ],
              "rotation": [
                -25.0,
                0.0,
                0.0
              ],
              "uv": [
                22,
                20
              ],
              "inflate": 0
            },
            {
              "origin": [
                -2.06543,
                13.34697,
                9.03369
              ],
              "size": [
                4.0,
                5.0,
                3.0
              ],
              "pivot": [
                -0.10905,
                15.5,
                9.50238
              ],
              "rotation": [
                22.5,
                2.5,
                0.0
              ],
              "uv": [
                0,
                11
              ],
              "inflate": 0
            },
            {
              "origin": [
                0.02411,
                16.21385,
                11.77891
              ],
              "size": [
                0.0,
                1.0,
                4.0
              ],
              "pivot": [
                0.11135,
                16.55461,
                11.55022
              ],
              "rotation": [
                37.5,
                2.5,
                0.0
              ],
              "uv": [
                0,
                6
              ],
              "inflate": 0
            },
            {
              "origin": [
                0.02411,
                16.21385,
                11.77891
              ],
              "size": [
                0.0,
                1.0,
                4.0
              ],
              "pivot": [
                0.11135,
                16.55461,
                11.55022
              ],
              "rotation": [
                22.95087,
                -11.34738,
                -5.79794
              ],
              "uv": [
                0,
                5
              ],
              "inflate": 0
            },
            {
              "origin": [
                0.02411,
                16.21385,
                11.77891
              ],
              "size": [
                0.0,
                1.0,
                4.0
              ],
              "pivot": [
                0.11135,
                16.55461,
                11.55022
              ],
              "rotation": [
                5.70784,
                14.02583,
                4.89748
              ],
              "uv": [
                0,
                4
              ],
              "inflate": 0
            },
            {
              "origin": [
                -3.15267,
                12.0,
                7.00143
              ],
              "size": [
                6.0,
                7.0,
                3.0
              ],
              "pivot": [
                -0.10905,
                15.5,
                7.50238
              ],
              "rotation": [
                10.0,
                2.5,
                0.0
              ],
              "uv": [
                27,
                0
              ],
              "inflate": 0
            },
            {
              "origin": [
                -4.0,
                11.0,
                5.0
              ],
              "size": [
                8.0,
                9.0,
                3.0
              ],
              "pivot": [
                0.0,
                11.0,
                6.0
              ],
              "rotation": [
                7.5,
                0.0,
                0.0
              ],
              "uv": [
                8,
                8
              ],
              "inflate": 0
            },
            {
              "origin": [
                -4.0,
                11.0,
                -6.0
              ],
              "size": [
                8.0,
                9.0,
                11.0
              ],
              "uv": [
                0,
                0
              ],
              "inflate": 0
            }
          ],
          "parent": "waist"
        },
        {
          "name": "head",
          "pivot": [
            0,
            15,
            -8
          ],
          "cubes": [
            {
              "origin": [
                -2.0,
                15.0,
                -10.0
              ],
              "size": [
                4.0,
                9.0,
                4.0
              ],
              "uv": [
                0,
                32
              ],
              "inflate": 0
            },
            {
              "origin": [
                -2.0,
                24.0,
                -10.0
              ],
              "size": [
                4.0,
                5.0,
                4.0
              ],
              "pivot": [
                0.0,
                24.0,
                -6.0
              ],
              "rotation": [
                5.0,
                0.0,
                0.0
              ],
              "uv": [
                16,
                32
              ],
              "inflate": 0
            }
          ],
          "parent": "body"
        },
        {
          "name": "mout",
          "pivot": [
            0,
            22.97595,
            -9.35958
          ],
          "cubes": [
            {
              "origin": [
                -1.0,
                22.0,
                -12.0
              ],
              "size": [
                2.0,
                2.0,
                4.0
              ],
              "pivot": [
                0.0,
                23.0,
                -8.0
              ],
              "rotation": [
                -7.5,
                0.0,
                0.0
              ],
              "uv": [
                38,
                10
              ],
              "inflate": 0
            },
            {
              "origin": [
                -1.0,
                22.53066,
                -13.90369
              ],
              "size": [
                2.0,
                2.0,
                2.0
              ],
              "pivot": [
                0.0,
                24.0,
                -12.0
              ],
              "rotation": [
                12.5,
                0.0,
                0.0
              ],
              "uv": [
                12,
                32
              ],
              "inflate": 0
            },
            {
              "origin": [
                -1.0,
                22.09778,
                -16.9511
              ],
              "size": [
                2.0,
                2.0,
                3.0
              ],
              "pivot": [
                0.0,
                24.0,
                -14.0
              ],
              "rotation": [
                47.5,
                0.0,
                0.0
              ],
              "uv": [
                47,
                14
              ],
              "inflate": 0
            }
          ],
          "parent": "head"
        },
        {
          "name": "mout2",
          "pivot": [
            0,
            20.97595,
            -9.35958
          ],
          "cubes": [
            {
              "origin": [
                -1.0,
                21.0,
                -12.0
              ],
              "size": [
                2.0,
                1.0,
                4.0
              ],
              "pivot": [
                0.0,
                21.0,
                -8.0
              ],
              "rotation": [
                -7.5,
                0.0,
                0.0
              ],
              "uv": [
                39,
                16
              ],
              "inflate": 0
            },
            {
              "origin": [
                -1.0,
                21.53066,
                -13.90369
              ],
              "size": [
                2.0,
                1.0,
                2.0
              ],
              "pivot": [
                0.0,
                22.0,
                -12.0
              ],
              "rotation": [
                -10.0,
                0.0,
                0.0
              ],
              "uv": [
                19,
                20
              ],
              "inflate": 0
            }
          ],
          "parent": "head"
        },
        {
          "name": "hair",
          "pivot": [
            0,
            28.84339,
            -9.4627
          ],
          "cubes": [
            {
              "origin": [
                0.0,
                28.0,
                -9.0
              ],
              "size": [
                1.0,
                4.0,
                0.0
              ],
              "pivot": [
                0.5,
                29.0,
                -9.0
              ],
              "rotation": [
                -30.90686,
                10.58927,
                17.06488
              ],
              "uv": [
                0,
                32
              ],
              "inflate": 0
            },
            {
              "origin": [
                0.0,
                28.0,
                -9.0
              ],
              "size": [
                1.0,
                4.0,
                0.0
              ],
              "pivot": [
                0.5,
                29.0,
                -9.0
              ],
              "rotation": [
                -32.40109,
                -2.68407,
                -4.22005
              ],
              "uv": [
                8,
                0
              ],
              "inflate": 0
            },
            {
              "origin": [
                -1.0,
                28.0,
                -9.0
              ],
              "size": [
                1.0,
                4.0,
                0.0
              ],
              "pivot": [
                -0.5,
                29.0,
                -9.0
              ],
              "rotation": [
                -32.10382,
                -5.35355,
                -8.45862
              ],
              "uv": [
                8,
                4
              ],
              "inflate": 0
            }
          ],
          "parent": "head"
        },
        {
          "name": "rightWing",
          "pivot": [
            -4.5,
            17.23237,
            -3.50722
          ],
          "cubes": [
            {
              "origin": [
                -5.0,
                15.0,
                -4.0
              ],
              "size": [
                1.0,
                3.0,
                3.0
              ],
              "pivot": [
                -4.0,
                15.0,
                -4.0
              ],
              "rotation": [
                15.0,
                0.0,
                0.0
              ],
              "uv": [
                0,
                50
              ],
              "inflate": 0
            },
            {
              "origin": [
                -5.0,
                15.0,
                -2.0
              ],
              "size": [
                1.0,
                4.0,
                3.0
              ],
              "uv": [
                35,
                45
              ],
              "inflate": 0
            },
            {
              "origin": [
                -5.0,
                15.21346,
                2.88974
              ],
              "size": [
                1.0,
                3.0,
                3.0
              ],
              "pivot": [
                -4.0,
                15.0,
                3.0
              ],
              "rotation": [
                17.5,
                0.0,
                0.0
              ],
              "uv": [
                28,
                49
              ],
              "inflate": 0
            },
            {
              "origin": [
                -5.0,
                16.90743,
                5.3809
              ],
              "size": [
                1.0,
                2.0,
                2.0
              ],
              "pivot": [
                -4.0,
                17.0,
                5.0
              ],
              "rotation": [
                47.5,
                0.0,
                0.0
              ],
              "uv": [
                6,
                45
              ],
              "inflate": 0
            },
            {
              "origin": [
                -5.0,
                15.0,
                1.0
              ],
              "size": [
                1.0,
                4.0,
                3.0
              ],
              "pivot": [
                -4.0,
                19.0,
                1.0
              ],
              "rotation": [
                -17.5,
                0.0,
                0.0
              ],
              "uv": [
                46,
                7
              ],
              "inflate": 0
            }
          ],
          "parent": "body",
          "rotation": [
            -17.5,
            0,
            0
          ]
        },
        {
          "name": "leftWing",
          "pivot": [
            4.5,
            17.23237,
            -3.50722
          ],
          "cubes": [
            {
              "origin": [
                4.0,
                15.0,
                -4.0
              ],
              "size": [
                1.0,
                3.0,
                3.0
              ],
              "pivot": [
                5.0,
                15.0,
                -4.0
              ],
              "rotation": [
                15.0,
                0.0,
                0.0
              ],
              "uv": [
                0,
                50
              ],
              "inflate": 0
            },
            {
              "origin": [
                4.0,
                15.0,
                -2.0
              ],
              "size": [
                1.0,
                4.0,
                3.0
              ],
              "uv": [
                46,
                7
              ],
              "inflate": 0
            },
            {
              "origin": [
                4.0,
                15.21346,
                2.88974
              ],
              "size": [
                1.0,
                3.0,
                3.0
              ],
              "pivot": [
                5.0,
                15.0,
                3.0
              ],
              "rotation": [
                17.5,
                0.0,
                0.0
              ],
              "uv": [
                28,
                49
              ],
              "inflate": 0
            },
            {
              "origin": [
                4.0,
                16.90743,
                5.3809
              ],
              "size": [
                1.0,
                2.0,
                2.0
              ],
              "pivot": [
                5.0,
                17.0,
                5.0
              ],
              "rotation": [
                47.5,
                0.0,
                0.0
              ],
              "uv": [
                6,
                45
              ],
              "inflate": 0
            },
            {
              "origin": [
                4.0,
                15.0,
                1.0
              ],
              "size": [
                1.0,
                4.0,
                3.0
              ],
              "pivot": [
                5.0,
                19.0,
                1.0
              ],
              "rotation": [
                -17.5,
                0.0,
                0.0
              ],
              "uv": [
                35,
                45
              ],
              "inflate": 0
            }
          ],
          "parent": "body",
          "rotation": [
            -17.5,
            0,
            0
          ]
        },
        {
          "name": "rightLeg",
          "pivot": [
            -2,
            11,
            0
          ],
          "cubes": [
            {
              "origin": [
                -3.0,
                5.0,
                -1.0
              ],
              "size": [
                2.0,
                6.0,
                2.0
              ],
              "uv": [
                30,
                40
              ],
              "inflate": 0
            }
          ],
          "parent": "root"
        },
        {
          "name": "rightLeg2",
          "pivot": [
            -2,
            5,
            0
          ],
          "cubes": [
            {
              "origin": [
                -3.0,
                1.0,
                -1.0
              ],
              "size": [
                2.0,
                4.0,
                2.0
              ],
              "uv": [
                45,
                0
              ],
              "inflate": 0
            },
            {
              "origin": [
                -3.0,
                0.0,
                -2.0
              ],
              "size": [
                2.0,
                1.0,
                3.0
              ],
              "uv": [
                39,
                12
              ],
              "inflate": 0
            },
            {
              "origin": [
                -3.0,
                0.0,
                -3.0
              ],
              "size": [
                1.0,
                1.0,
                4.0
              ],
              "pivot": [
                -3.0,
                0.5,
                -0.5
              ],
              "rotation": [
                0.0,
                37.5,
                0.0
              ],
              "uv": [
                40,
                16
              ],
              "inflate": 0
            },
            {
              "origin": [
                -3.0,
                0.0,
                -4.0
              ],
              "size": [
                1.0,
                1.0,
                4.0
              ],
              "uv": [
                41,
                16
              ],
              "inflate": 0
            },
            {
              "origin": [
                -1.98289,
                0.0,
                -4.26105
              ],
              "size": [
                1.0,
                1.0,
                4.0
              ],
              "pivot": [
                -1.0,
                0.5,
                -0.5
              ],
              "rotation": [
                0.0,
                -12.5,
                0.0
              ],
              "uv": [
                41,
                16
              ],
              "inflate": 0
            },
            {
              "origin": [
                -2.19933,
                0.0,
                -3.23735
              ],
              "size": [
                1.0,
                1.0,
                4.0
              ],
              "pivot": [
                -1.0,
                0.5,
                0.5
              ],
              "rotation": [
                0.0,
                -40.0,
                0.0
              ],
              "uv": [
                41,
                16
              ],
              "inflate": 0
            }
          ],
          "parent": "rightLeg"
        },
        {
          "name": "leftLeg",
          "pivot": [
            2,
            11,
            0
          ],
          "cubes": [
            {
              "origin": [
                1.0,
                5.0,
                -1.0
              ],
              "size": [
                2.0,
                6.0,
                2.0
              ],
              "uv": [
                30,
                40
              ],
              "inflate": 0
            }
          ],
          "parent": "root"
        },
        {
          "name": "leftLeg2",
          "pivot": [
            2,
            5,
            0
          ],
          "cubes": [
            {
              "origin": [
                1.0,
                1.0,
                -1.0
              ],
              "size": [
                2.0,
                4.0,
                2.0
              ],
              "uv": [
                45,
                0
              ],
              "inflate": 0
            },
            {
              "origin": [
                1.0,
                0.0,
                -2.0
              ],
              "size": [
                2.0,
                1.0,
                3.0
              ],
              "uv": [
                39,
                12
              ],
              "inflate": 0
            },
            {
              "origin": [
                1.0,
                0.0,
                -3.0
              ],
              "size": [
                1.0,
                1.0,
                4.0
              ],
              "pivot": [
                1.0,
                0.5,
                -0.5
              ],
              "rotation": [
                0.0,
                37.5,
                0.0
              ],
              "uv": [
                41,
                16
              ],
              "inflate": 0
            },
            {
              "origin": [
                1.0,
                0.0,
                -4.0
              ],
              "size": [
                1.0,
                1.0,
                4.0
              ],
              "uv": [
                41,
                16
              ],
              "inflate": 0
            },
            {
              "origin": [
                2.01711,
                0.0,
                -4.26105
              ],
              "size": [
                1.0,
                1.0,
                4.0
              ],
              "pivot": [
                3.0,
                0.5,
                -0.5
              ],
              "rotation": [
                0.0,
                -12.5,
                0.0
              ],
              "uv": [
                41,
                16
              ],
              "inflate": 0
            },
            {
              "origin": [
                1.80067,
                0.0,
                -3.23735
              ],
              "size": [
                1.0,
                1.0,
                4.0
              ],
              "pivot": [
                3.0,
                0.5,
                0.5
              ],
              "rotation": [
                0.0,
                -40.0,
                0.0
              ],
              "uv": [
                41,
                16
              ],
              "inflate": 0
            }
          ],
          "parent": "leftLeg"
        }
      ]
    }
  ]
}