{
  "format_version": "1.12.0",
  "minecraft:geometry": [
    {
      "description": {
        "identifier": "geometry.os_queen",
        "texture_width": 128,
        "texture_height": 128,
        "visible_bounds_width": 4,
        "visible_bounds_height": 3.5,
        "visible_bounds_offset": [
          0,
          1.25,
          0
        ]
      },
      "bones": [
        {
          "name": "root",
          "pivot": [
            0,
            8,
            0
          ]
        },
        {
          "name": "waist",
          "pivot": [
            0,
            8,
            0
          ],
          "parent": "root"
        },
        {
          "name": "body",
          "pivot": [
            0,
            8,
            0
          ],
          "cubes": [
            {
              "origin": [
                -5.0,
                9.0,
                -7.0
              ],
              "size": [
                10.0,
                10.0,
                13.0
              ],
              "uv": [
                0,
                0
              ],
              "inflate": 0
            },
            {
              "origin": [
                -4.0,
                11.0,
                -9.0
              ],
              "size": [
                8.0,
                8.0,
                2.0
              ],
              "uv": [
                8,
                13
              ],
              "inflate": 0
            },
            {
              "origin": [
                -3.0,
                12.0,
                -10.0
              ],
              "size": [
                6.0,
                5.0,
                1.0
              ],
              "uv": [
                14,
                14
              ],
              "inflate": 0
            },
            {
              "origin": [
                -3.0,
                10.0,
                6.0
              ],
              "size": [
                6.0,
                7.0,
                4.0
              ],
              "uv": [
                8,
                10
              ],
              "inflate": 0
            },
            {
              "origin": [
                -2.0,
                12.0,
                7.0
              ],
              "size": [
                4.0,
                5.0,
                6.0
              ],
              "pivot": [
                0.0,
                13.5,
                6.5
              ],
              "rotation": [
                -12.5,
                0.0,
                0.0
              ],
              "uv": [
                7,
                10
              ],
              "inflate": 0
            },
            {
              "origin": [
                -1.0,
                13.56712,
                8.04741
              ],
              "size": [
                2.0,
                3.0,
                9.0
              ],
              "pivot": [
                0.0,
                13.5,
                8.5
              ],
              "rotation": [
                -24.99131,
                0.33395,
                -0.36492
              ],
              "uv": [
                8,
                8
              ],
              "inflate": 0
            }
          ],
          "parent": "waist"
        },
        {
          "name": "head",
          "pivot": [
            0,
            16.5,
            -7.58333
          ],
          "cubes": [
            {
              "origin": [
                -3.0,
                28.0,
                -11.0
              ],
              "size": [
                6.0,
                6.0,
                6.0
              ],
              "uv": [
                22,
                23
              ],
              "inflate": 0
            },
            {
              "origin": [
                -2.0,
                34.0,
                -10.0
              ],
              "size": [
                4.0,
                4.0,
                4.0
              ],
              "uv": [
                52,
                15
              ],
              "inflate": 0
            },
            {
              "origin": [
                3.0,
                34.0,
                -10.0
              ],
              "size": [
                0.0,
                6.0,
                4.0
              ],
              "pivot": [
                3.0,
                34.0,
                -8.0
              ],
              "rotation": [
                0.0,
                0.0,
                20.0
              ],
              "uv": [
                44,
                51
              ],
              "inflate": 0
            },
            {
              "origin": [
                -3.0,
                34.0,
                -10.0
              ],
              "size": [
                0.0,
                6.0,
                4.0
              ],
              "pivot": [
                -3.0,
                34.0,
                -8.0
              ],
              "rotation": [
                0.0,
                0.0,
                -22.5
              ],
              "uv": [
                36,
                49
              ],
              "inflate": 0
            },
            {
              "origin": [
                -2.0,
                28.0,
                -14.0
              ],
              "size": [
                4.0,
                4.0,
                3.0
              ],
              "uv": [
                0,
                39
              ],
              "inflate": 0
            },
            {
              "origin": [
                -1.0,
                31.0,
                -15.0
              ],
              "size": [
                2.0,
                1.0,
                1.0
              ],
              "uv": [
                30,
                35
              ],
              "inflate": 0
            },
            {
              "origin": [
                -3.0,
                17.0,
                -10.0
              ],
              "size": [
                6.0,
                11.0,
                5.0
              ],
              "uv": [
                6,
                9
              ],
              "inflate": 0
            }
          ],
          "parent": "body"
        },
        {
          "name": "rightArm",
          "pivot": [
            -3,
            13.54613,
            -6.87353
          ],
          "cubes": [
            {
              "origin": [
                -4.0,
                13.0,
                -12.0
              ],
              "size": [
                2.0,
                2.0,
                6.0
              ],
              "pivot": [
                -3.0,
                14.0,
                -6.0
              ],
              "rotation": [
                32.5,
                0.0,
                0.0
              ],
              "uv": [
                18,
                15
              ],
              "inflate": 0
            },
            {
              "origin": [
                -4.0,
                9.55212,
                -14.35191
              ],
              "size": [
                2.0,
                2.0,
                3.0
              ],
              "pivot": [
                -3.0,
                11.1643,
                -11.59052
              ],
              "rotation": [
                70.0,
                0.0,
                0.0
              ],
              "uv": [
                14,
                5
              ],
              "inflate": 0
            },
            {
              "origin": [
                -5.0,
                10.55212,
                -18.35191
              ],
              "size": [
                4.0,
                0.0,
                4.0
              ],
              "pivot": [
                -3.0,
                11.1643,
                -11.59052
              ],
              "rotation": [
                70.0,
                0.0,
                0.0
              ],
              "uv": [
                0,
                4
              ],
              "inflate": 0
            },
            {
              "origin": [
                -3.0,
                8.55212,
                -16.35191
              ],
              "size": [
                1.0,
                6.0,
                1.0
              ],
              "pivot": [
                -3.0,
                11.1643,
                -11.59052
              ],
              "rotation": [
                70.0,
                0.0,
                0.0
              ],
              "uv": [
                0,
                0
              ],
              "inflate": 0
            },
            {
              "origin": [
                -4.0,
                14.55212,
                -15.35191
              ],
              "size": [
                3.0,
                3.0,
                0.0
              ],
              "pivot": [
                -3.0,
                11.1643,
                -11.59052
              ],
              "rotation": [
                70.0,
                0.0,
                0.0
              ],
              "uv": [
                7,
                8
              ],
              "inflate": 0
            }
          ],
          "parent": "body"
        },
        {
          "name": "leftArm",
          "pivot": [
            3,
            13.54613,
            -6.87353
          ],
          "cubes": [
            {
              "origin": [
                2.0,
                13.0,
                -12.0
              ],
              "size": [
                2.0,
                2.0,
                6.0
              ],
              "pivot": [
                3.0,
                14.0,
                -6.0
              ],
              "rotation": [
                32.5,
                0.0,
                0.0
              ],
              "uv": [
                8,
                8
              ],
              "inflate": 0
            },
            {
              "origin": [
                2.0,
                9.55212,
                -14.35191
              ],
              "size": [
                2.0,
                2.0,
                3.0
              ],
              "pivot": [
                3.0,
                11.1643,
                -11.59052
              ],
              "rotation": [
                70.0,
                0.0,
                0.0
              ],
              "uv": [
                13,
                13
              ],
              "inflate": 0
            },
            {
              "origin": [
                1.0,
                10.55212,
                -18.35191
              ],
              "size": [
                4.0,
                0.0,
                4.0
              ],
              "pivot": [
                3.0,
                11.1643,
                -11.59052
              ],
              "rotation": [
                70.0,
                0.0,
                0.0
              ],
              "uv": [
                0,
                0
              ],
              "inflate": 0
            }
          ],
          "parent": "body"
        },
        {
          "name": "leg",
          "pivot": [
            -5,
            10,
            3
          ],
          "cubes": [
            {
              "origin": [
                -6.0,
                7.0,
                0.0
              ],
              "size": [
                3.0,
                6.0,
                5.0
              ],
              "uv": [
                11,
                11
              ],
              "inflate": 0
            },
            {
              "origin": [
                -5.0,
                1.0,
                1.0
              ],
              "size": [
                2.0,
                6.0,
                2.0
              ],
              "pivot": [
                -4.0,
                7.0,
                2.0
              ],
              "rotation": [
                -25.0,
                0.0,
                0.0
              ],
              "uv": [
                14,
                0
              ],
              "inflate": 0
            },
            {
              "origin": [
                -6.0,
                -0.20061,
                -4.39417
              ],
              "size": [
                4.0,
                2.0,
                5.0
              ],
              "uv": [
                9,
                14
              ],
              "inflate": 0
            }
          ],
          "parent": "root"
        },
        {
          "name": "leg3",
          "pivot": [
            5.16667,
            11.02682,
            1.44599
          ],
          "cubes": [
            {
              "origin": [
                3.0,
                1.0,
                1.0
              ],
              "size": [
                2.0,
                6.0,
                2.0
              ],
              "pivot": [
                4.0,
                7.0,
                2.0
              ],
              "rotation": [
                -25.0,
                0.0,
                0.0
              ],
              "uv": [
                15,
                2
              ],
              "inflate": 0
            },
            {
              "origin": [
                2.0,
                -0.20061,
                -4.39417
              ],
              "size": [
                4.0,
                2.0,
                5.0
              ],
              "uv": [
                10,
                14
              ],
              "inflate": 0
            },
            {
              "origin": [
                3.0,
                7.0,
                0.0
              ],
              "size": [
                3.0,
                6.0,
                5.0
              ],
              "uv": [
                12,
                11
              ],
              "inflate": 0
            }
          ],
          "parent": "root"
        }
      ]
    }
  ]
}