{
  "format_version": "1.12.0",
  "minecraft:geometry": [
    {
      "description": {
        "identifier": "geometry.os_stringer",
        "texture_width": 512,
        "texture_height": 512,
        "visible_bounds_width": 18,
        "visible_bounds_height": 12.5,
        "visible_bounds_offset": [
          0,
          5.75,
          0
        ]
      },
      "bones": [
        {
          "name": "root"
        },
        {
          "name": "waist",
          "pivot": [
            0,
            12,
            0
          ],
          "parent": "root"
        },
        {
          "name": "body",
          "pivot": [
            0,
            5.25,
            0
          ],
          "cubes": [
            {
              "origin": [
                -42.0,
                4.0,
                -33.0
              ],
              "size": [
                83.0,
                18.0,
                69.0
              ],
              "uv": [
                0,
                143
              ],
              "inflate": 0
            },
            {
              "origin": [
                -36.0,
                22.0,
                -28.0
              ],
              "size": [
                71.0,
                84.0,
                59.0
              ],
              "uv": [
                0,
                0
              ],
              "inflate": 0
            },
            {
              "origin": [
                -34.0,
                105.0,
                -26.0
              ],
              "size": [
                67.0,
                5.0,
                55.0
              ],
              "uv": [
                0,
                230
              ],
              "inflate": 0
            }
          ],
          "parent": "waist"
        },
        {
          "name": "eyeball",
          "pivot": [
            0,
            83.04167,
            -30.16666
          ],
          "cubes": [
            {
              "origin": [
                -5.0,
                76.58333,
                -32.33333
              ],
              "size": [
                10.0,
                13.0,
                4.0
              ],
              "uv": [
                40,
                165
              ],
              "inflate": 0
            },
            {
              "origin": [
                -15.0,
                74.0,
                -32.0
              ],
              "size": [
                30.0,
                18.0,
                4.0
              ],
              "uv": [
                0,
                143
              ],
              "inflate": 0
            }
          ],
          "parent": "body"
        },
        {
          "name": "rightArm",
          "pivot": [
            -36,
            54.25,
            -1
          ],
          "cubes": [
            {
              "origin": [
                -86.0,
                49.25,
                -6.0
              ],
              "size": [
                50.0,
                11.0,
                10.0
              ],
              "uv": [
                58,
                212
              ],
              "inflate": 0
            }
          ],
          "parent": "body",
          "rotation": [
            0,
            0,
            -65
          ]
        },
        {
          "name": "rightArm2",
          "pivot": [
            -85,
            54.25,
            -1
          ],
          "cubes": [
            {
              "origin": [
                -135.0,
                49.25,
                -6.0
              ],
              "size": [
                50.0,
                11.0,
                10.0
              ],
              "uv": [
                59,
                211
              ],
              "inflate": 0
            }
          ],
          "parent": "rightArm",
          "rotation": [
            0,
            0,
            65
          ]
        },
        {
          "name": "leftArm",
          "pivot": [
            35,
            54.25,
            -1
          ],
          "cubes": [
            {
              "origin": [
                35.0,
                49.25,
                -6.0
              ],
              "size": [
                50.0,
                11.0,
                10.0
              ],
              "uv": [
                59,
                211
              ],
              "inflate": 0
            }
          ],
          "parent": "body",
          "rotation": [
            0,
            0,
            52.5
          ]
        },
        {
          "name": "leftArm2",
          "pivot": [
            85,
            54.25,
            -1
          ],
          "cubes": [
            {
              "origin": [
                85.0,
                49.25,
                -6.0
              ],
              "size": [
                50.0,
                11.0,
                10.0
              ],
              "uv": [
                58,
                212
              ],
              "inflate": 0
            }
          ],
          "parent": "leftArm",
          "rotation": [
            0,
            0,
            -40
          ]
        },
        {
          "name": "leftLeg",
          "pivot": [
            15,
            3.75,
            -10
          ],
          "cubes": [
            {
              "origin": [
                10.0,
                -28.75,
                -15.0
              ],
              "size": [
                10.0,
                33.0,
                10.0
              ],
              "uv": [
                188,
                101
              ],
              "inflate": 0
            }
          ],
          "parent": "body",
          "rotation": [
            -81.00143,
            -64.05412,
            -8.66738
          ]
        },
        {
          "name": "leftLeg2",
          "pivot": [
            15,
            -29.25,
            -10
          ],
          "cubes": [
            {
              "origin": [
                10.0,
                -67.75,
                -15.0
              ],
              "size": [
                10.0,
                39.0,
                10.0
              ],
              "uv": [
                184,
                58
              ],
              "inflate": 0
            }
          ],
          "parent": "leftLeg",
          "rotation": [
            0,
            0,
            -5
          ]
        },
        {
          "name": "leftLeg3",
          "pivot": [
            -14,
            3.75,
            -11
          ],
          "cubes": [
            {
              "origin": [
                -19.0,
                -28.75,
                -16.0
              ],
              "size": [
                10.0,
                33.0,
                10.0
              ],
              "uv": [
                92,
                59
              ],
              "inflate": 0
            }
          ],
          "parent": "body",
          "rotation": [
            -52.5,
            0,
            90
          ]
        },
        {
          "name": "leftLeg4",
          "pivot": [
            -14,
            -29.25,
            -11
          ],
          "cubes": [
            {
              "origin": [
                -19.0,
                -67.75,
                -16.0
              ],
              "size": [
                10.0,
                39.0,
                10.0
              ],
              "uv": [
                91,
                92
              ],
              "inflate": 0
            }
          ],
          "parent": "leftLeg3",
          "rotation": [
            -17.5,
            0,
            0
          ]
        },
        {
          "name": "leftLeg5",
          "pivot": [
            5,
            3.75,
            15
          ],
          "cubes": [
            {
              "origin": [
                0.0,
                -28.75,
                10.0
              ],
              "size": [
                10.0,
                33.0,
                10.0
              ],
              "uv": [
                171,
                99
              ],
              "inflate": 0
            }
          ],
          "parent": "body",
          "rotation": [
            90,
            -50,
            0
          ]
        },
        {
          "name": "leftLeg6",
          "pivot": [
            5,
            -29.25,
            15
          ],
          "cubes": [
            {
              "origin": [
                0.0,
                -67.75,
                10.0
              ],
              "size": [
                10.0,
                39.0,
                10.0
              ],
              "uv": [
                101,
                91
              ],
              "inflate": 0
            }
          ],
          "parent": "leftLeg5",
          "rotation": [
            0,
            0,
            -22.5
          ]
        },
        {
          "name": "leftLeg7",
          "pivot": [
            15,
            3.75,
            15
          ],
          "cubes": [
            {
              "origin": [
                10.0,
                -28.75,
                10.0
              ],
              "size": [
                10.0,
                33.0,
                10.0
              ],
              "uv": [
                46,
                58
              ],
              "inflate": 0
            }
          ],
          "parent": "body",
          "rotation": [
            50.39875,
            8.42145,
            -94.58793
          ]
        },
        {
          "name": "leftLeg8",
          "pivot": [
            15,
            -29.25,
            15
          ],
          "cubes": [
            {
              "origin": [
                10.0,
                -67.75,
                10.0
              ],
              "size": [
                10.0,
                39.0,
                10.0
              ],
              "uv": [
                49,
                80
              ],
              "inflate": 0
            }
          ],
          "parent": "leftLeg7",
          "rotation": [
            0,
            0,
            17.5
          ]
        }
      ]
    }
  ]
}