{
  "format_version": "1.12.0",
  "minecraft:geometry": [
    {
      "description": {
        "identifier": "geometry.os_tc",
        "texture_width": 128,
        "texture_height": 128,
        "visible_bounds_width": 5,
        "visible_bounds_height": 3.5,
        "visible_bounds_offset": [
          0,
          1.25,
          0
        ]
      },
      "bones": [
        {
          "name": "root",
          "pivot": [
            0,
            11,
            0
          ]
        },
        {
          "name": "waist",
          "pivot": [
            0,
            11,
            0
          ],
          "parent": "root"
        },
        {
          "name": "body",
          "pivot": [
            0,
            11,
            0
          ],
          "cubes": [
            {
              "origin": [
                -10.0,
                11.0,
                -12.0
              ],
              "size": [
                20.0,
                2.0,
                28.0
              ],
              "uv": [
                1,
                43
              ],
              "inflate": 0
            },
            {
              "origin": [
                -4.0,
                11.0,
                16.0
              ],
              "size": [
                8.0,
                5.0,
                4.0
              ],
              "pivot": [
                0.0,
                13.5,
                15.0
              ],
              "rotation": [
                12.34199,
                -0.96308,
                -1.84309
              ],
              "uv": [
                0,
                58
              ],
              "inflate": 0
            },
            {
              "origin": [
                -4.08404,
                12.06858,
                20.11624
              ],
              "size": [
                8.0,
                11.0,
                11.0
              ],
              "pivot": [
                0.0,
                13.5,
                20.0
              ],
              "rotation": [
                4.87869,
                -0.22889,
                -1.89531
              ],
              "uv": [
                69,
                42
              ],
              "inflate": 0
            },
            {
              "origin": [
                -11.0,
                13.0,
                -13.0
              ],
              "size": [
                22.0,
                12.0,
                30.0
              ],
              "uv": [
                0,
                0
              ],
              "inflate": 0
            }
          ],
          "parent": "waist"
        },
        {
          "name": "T_h",
          "pivot": [
            -7,
            17,
            -13
          ],
          "cubes": [
            {
              "origin": [
                -10.0,
                14.0,
                -22.0
              ],
              "size": [
                6.0,
                6.0,
                10.0
              ],
              "uv": [
                44,
                57
              ],
              "inflate": 0
            }
          ],
          "parent": "body"
        },
        {
          "name": "bone",
          "pivot": [
            -7.5,
            17.5,
            -22
          ],
          "cubes": [
            {
              "origin": [
                -12.0,
                12.0,
                -30.0
              ],
              "size": [
                9.0,
                11.0,
                8.0
              ],
              "uv": [
                0,
                73
              ],
              "inflate": 0
            }
          ],
          "parent": "T_h"
        },
        {
          "name": "c_h",
          "pivot": [
            7,
            17,
            -13
          ],
          "cubes": [
            {
              "origin": [
                4.0,
                14.0,
                -22.0
              ],
              "size": [
                6.0,
                6.0,
                10.0
              ],
              "uv": [
                44,
                57
              ],
              "inflate": 0
            }
          ],
          "parent": "body"
        },
        {
          "name": "bone2",
          "pivot": [
            6.5,
            17.5,
            -22
          ],
          "cubes": [
            {
              "origin": [
                3.0,
                16.0,
                -30.0
              ],
              "size": [
                8.0,
                5.0,
                8.0
              ],
              "uv": [
                74,
                0
              ],
              "inflate": 0
            },
            {
              "origin": [
                3.0,
                13.0,
                -30.0
              ],
              "size": [
                8.0,
                3.0,
                8.0
              ],
              "pivot": [
                7.0,
                15.5,
                -21.0
              ],
              "rotation": [
                20.0,
                0.0,
                0.0
              ],
              "uv": [
                74,
                13
              ],
              "inflate": 0
            },
            {
              "origin": [
                5.0,
                16.0,
                -31.0
              ],
              "size": [
                4.0,
                1.0,
                9.0
              ],
              "pivot": [
                7.0,
                15.5,
                -21.0
              ],
              "rotation": [
                20.0,
                0.0,
                0.0
              ],
              "uv": [
                0,
                0
              ],
              "inflate": 0
            },
            {
              "origin": [
                0.0,
                16.0,
                -28.0
              ],
              "size": [
                3.0,
                4.0,
                4.0
              ],
              "uv": [
                26,
                73
              ],
              "inflate": 0
            },
            {
              "origin": [
                11.0,
                16.0,
                -28.0
              ],
              "size": [
                3.0,
                4.0,
                4.0
              ],
              "uv": [
                16,
                22
              ],
              "inflate": 0
            }
          ],
          "parent": "c_h"
        },
        {
          "name": "leg4",
          "pivot": [
            -7,
            11,
            9
          ],
          "cubes": [
            {
              "origin": [
                -9.0,
                0.0,
                6.0
              ],
              "size": [
                5.0,
                11.0,
                5.0
              ],
              "uv": [
                49,
                89
              ],
              "inflate": 0
            },
            {
              "origin": [
                -9.0,
                0.0,
                3.0
              ],
              "size": [
                2.0,
                2.0,
                3.0
              ],
              "pivot": [
                -8.0,
                1.0,
                5.5
              ],
              "rotation": [
                0.0,
                25.0,
                0.0
              ],
              "uv": [
                34,
                18
              ],
              "inflate": 0
            },
            {
              "origin": [
                -7.0,
                0.0,
                3.0
              ],
              "size": [
                2.0,
                2.0,
                3.0
              ],
              "pivot": [
                -5.0,
                1.0,
                5.5
              ],
              "rotation": [
                0.0,
                5.0,
                0.0
              ],
              "uv": [
                39,
                19
              ],
              "inflate": 0
            },
            {
              "origin": [
                -6.0,
                0.0,
                3.0
              ],
              "size": [
                2.0,
                2.0,
                3.0
              ],
              "pivot": [
                -5.0,
                1.0,
                5.5
              ],
              "rotation": [
                0.0,
                -40.0,
                0.0
              ],
              "uv": [
                39,
                27
              ],
              "inflate": 0
            }
          ],
          "parent": "root"
        },
        {
          "name": "leg3",
          "pivot": [
            6,
            11,
            9
          ],
          "cubes": [
            {
              "origin": [
                4.0,
                0.0,
                6.0
              ],
              "size": [
                5.0,
                11.0,
                5.0
              ],
              "uv": [
                49,
                89
              ],
              "inflate": 0
            },
            {
              "origin": [
                4.0,
                0.0,
                3.0
              ],
              "size": [
                2.0,
                2.0,
                3.0
              ],
              "pivot": [
                5.0,
                1.0,
                5.5
              ],
              "rotation": [
                0.0,
                25.0,
                0.0
              ],
              "uv": [
                40,
                22
              ],
              "inflate": 0
            },
            {
              "origin": [
                6.0,
                0.0,
                3.0
              ],
              "size": [
                2.0,
                2.0,
                3.0
              ],
              "pivot": [
                8.0,
                1.0,
                5.5
              ],
              "rotation": [
                0.0,
                5.0,
                0.0
              ],
              "uv": [
                37,
                17
              ],
              "inflate": 0
            },
            {
              "origin": [
                7.0,
                0.0,
                3.0
              ],
              "size": [
                2.0,
                2.0,
                3.0
              ],
              "pivot": [
                8.0,
                1.0,
                5.5
              ],
              "rotation": [
                0.0,
                -40.0,
                0.0
              ],
              "uv": [
                34,
                21
              ],
              "inflate": 0
            }
          ],
          "parent": "root"
        },
        {
          "name": "leg2",
          "pivot": [
            6,
            11,
            -7
          ],
          "cubes": [
            {
              "origin": [
                4.0,
                0.0,
                -10.0
              ],
              "size": [
                5.0,
                11.0,
                5.0
              ],
              "uv": [
                49,
                89
              ],
              "inflate": 0
            },
            {
              "origin": [
                4.0,
                0.0,
                -13.0
              ],
              "size": [
                2.0,
                2.0,
                3.0
              ],
              "pivot": [
                5.0,
                1.0,
                -10.5
              ],
              "rotation": [
                0.0,
                25.0,
                0.0
              ],
              "uv": [
                34,
                15
              ],
              "inflate": 0
            },
            {
              "origin": [
                6.0,
                0.0,
                -13.0
              ],
              "size": [
                2.0,
                2.0,
                3.0
              ],
              "pivot": [
                8.0,
                1.0,
                -10.5
              ],
              "rotation": [
                0.0,
                5.0,
                0.0
              ],
              "uv": [
                58,
                35
              ],
              "inflate": 0
            },
            {
              "origin": [
                7.0,
                0.0,
                -13.0
              ],
              "size": [
                2.0,
                2.0,
                3.0
              ],
              "pivot": [
                8.0,
                1.0,
                -10.5
              ],
              "rotation": [
                0.0,
                -40.0,
                0.0
              ],
              "uv": [
                35,
                26
              ],
              "inflate": 0
            }
          ],
          "parent": "root"
        },
        {
          "name": "leg",
          "pivot": [
            -7,
            11,
            -7
          ],
          "cubes": [
            {
              "origin": [
                -9.0,
                0.0,
                -10.0
              ],
              "size": [
                5.0,
                11.0,
                5.0
              ],
              "uv": [
                49,
                89
              ],
              "inflate": 0
            },
            {
              "origin": [
                -9.0,
                0.0,
                -13.0
              ],
              "size": [
                2.0,
                2.0,
                3.0
              ],
              "pivot": [
                -8.0,
                1.0,
                -10.5
              ],
              "rotation": [
                0.0,
                25.0,
                0.0
              ],
              "uv": [
                37,
                17
              ],
              "inflate": 0
            },
            {
              "origin": [
                -7.0,
                0.0,
                -13.0
              ],
              "size": [
                2.0,
                2.0,
                3.0
              ],
              "pivot": [
                -5.0,
                1.0,
                -10.5
              ],
              "rotation": [
                0.0,
                5.0,
                0.0
              ],
              "uv": [
                41,
                15
              ],
              "inflate": 0
            },
            {
              "origin": [
                -6.0,
                0.0,
                -13.0
              ],
              "size": [
                2.0,
                2.0,
                3.0
              ],
              "pivot": [
                -5.0,
                1.0,
                -10.5
              ],
              "rotation": [
                0.0,
                -40.0,
                0.0
              ],
              "uv": [
                37,
                20
              ],
              "inflate": 0
            }
          ],
          "parent": "root"
        }
      ]
    }
  ]
}