{
	"individual_event_sounds": {
		"events": {}
	},
	"block_sounds": {},
	"entity_sounds": {
		"defaults": {
			"volume": 1,
			"pitch": [
				0.8,
				1.2
			],
			"events": {
				"fall.big": {
					"sound": "damage.fallbig",
					"volume": 0.75,
					"pitch": 1
				},
				"fall.small": {
					"sound": "damage.fallsmall",
					"volume": 0.75,
					"pitch": 1
				},
				"splash": {
					"sound": "random.splash",
					"pitch": [
						0.6,
						1.4
					]
				},
				"swim": {
					"sound": "random.swim",
					"pitch": [
						0.6,
						1.4
					]
				},
				"fizz": {
					"sound": "random.fizz",
					"volume": 0.7,
					"pitch": [
						1.2,
						2
					]
				},
				"drink": {
					"sound": "random.drink",
					"volume": 0.5,
					"pitch": [
						0.9,
						1
					]
				},
				"eat": {
					"sound": "random.eat",
					"volume": [
						0.5,
						1.5
					],
					"pitch": [
						0.8,
						1.2
					]
				},
				"ambient": {},
				"flop": {},
				"hurt": "game.player.hurt",
				"death": "game.player.die",
				"ambient.in.water": {},
				"hurt.in.water": {},
				"death.in.water": {},
				"ambient.in.raid": {}
			}
		},
		"entities": {
			"mr:blue": {
				"volume": 50,
				"pitch": 100,
				"events": {
					"ambient": {
						"volume": 50,
						"pitch": 1,
						"sound": "mob.blue.idle"
					},
					"step": {
						"volume": 8,
						"pitch": 1,
						"sound": "mob.blue.step"
					},
					"attack": {
						"volume": 50,
						"pitch": 1,
						"sound": "random.rainbowfriendsjumpscare"
					}
				}
			},
			"mr:green": {
				"volume": 50,
				"pitch": 100,
				"events": {
					"ambient": {
						"volume": 50,
						"pitch": 1,
						"sound": "mob.green.idle"
					},
					"step": {
						"volume": 8,
						"pitch": 1,
						"sound": "mob.green.step"
					},
					"attack": {
						"volume": 50,
						"pitch": 1,
						"sound": "random.rainbowfriendsjumpscare"
					}
				}
			},
			"mr:orange": {
				"volume": 50,
				"pitch": 100,
				"events": {
					"step": {
						"volume": 8,
						"pitch": 1,
						"sound": "mob.orange.step"
					},
					"attack": {
						"volume": 50,
						"pitch": 1,
						"sound": "random.rainbowfriendsjumpscare"
					}
				}
			},
			"mr:test": {
				"events": {
					"ambient": "mob.test.say",
					"death": "mob.test.death",
					"hurt": "mob.test.say",
					"step": {
						"pitch": [
							0.9,
							1.1
						],
						"sound": "mob.test.step",
						"volume": 0.35
					}
				},
				"pitch": [
					0.8,
					1.2
				],
				"volume": 1
			}
		}
	}
}