{
  "format_version": "1.12.0",
  "minecraft:geometry": [
    {
      "description": {
        "identifier": "geometry.mr_nabnab",
        "texture_width": 64,
        "texture_height": 64,
        "visible_bounds_width": 3,
        "visible_bounds_height": 3.5,
        "visible_bounds_offset": [
          0,
          1.25,
          0
        ]
      },
      "bones": [
        {
          "name": "Root",
          "pivot": [
            0,
            0,
            1
          ]
        },
        {
          "name": "Body",
          "pivot": [
            0,
            14,
            1
          ],
          "cubes": [
            {
              "origin": [
                -5.0,
                14.0,
                -3.0
              ],
              "size": [
                10.0,
                11.0,
                7.0
              ],
              "uv": [
                0,
                0
              ],
              "inflate": 0
            },
            {
              "origin": [
                -4.5,
                25.0,
                -2.9
              ],
              "size": [
                9.0,
                6.0,
                6.8
              ],
              "uv": [
                0,
                18
              ],
              "inflate": 0
            }
          ],
          "parent": "Root"
        },
        {
          "name": "bone7",
          "pivot": [
            0,
            32,
            0.5
          ],
          "cubes": [
            {
              "origin": [
                -2.2,
                29.9,
                -1.7
              ],
              "size": [
                4.4,
                2.2,
                4.4
              ],
              "uv": [
                24,
                18
              ],
              "inflate": 0
            }
          ],
          "parent": "Body"
        },
        {
          "name": "bone10",
          "pivot": [
            0,
            33,
            0.5
          ],
          "cubes": [
            {
              "origin": [
                -1.7,
                31.9,
                -1.2
              ],
              "size": [
                3.4,
                2.2,
                3.4
              ],
              "uv": [
                34,
                5
              ],
              "inflate": 0
            },
            {
              "origin": [
                -1.2,
                32.9,
                -0.7
              ],
              "size": [
                2.4,
                3.2,
                2.4
              ],
              "uv": [
                16,
                39
              ],
              "inflate": 0
            }
          ],
          "parent": "bone7"
        },
        {
          "name": "bone11",
          "pivot": [
            0,
            29,
            -3
          ],
          "cubes": [
            {
              "origin": [
                -1.3,
                27.73486,
                -3.60152
              ],
              "size": [
                2.6,
                2.6,
                2.0
              ],
              "uv": [
                40,
                38
              ],
              "inflate": 0
            },
            {
              "origin": [
                -1.0,
                28.03486,
                -3.70152
              ],
              "size": [
                2.0,
                2.0,
                1.0
              ],
              "uv": [
                2,
                51
              ],
              "inflate": 0
            }
          ],
          "parent": "Body",
          "rotation": [
            -5,
            0,
            0
          ]
        },
        {
          "name": "bone12",
          "pivot": [
            -3,
            26,
            -3
          ],
          "cubes": [
            {
              "origin": [
                -3.93486,
                24.16717,
                -3.64662
              ],
              "size": [
                2.6,
                2.6,
                2.0
              ],
              "uv": [
                39,
                30
              ],
              "inflate": 0
            },
            {
              "origin": [
                -3.63486,
                24.46717,
                -3.74662
              ],
              "size": [
                2.0,
                2.0,
                1.0
              ],
              "uv": [
                2,
                50
              ],
              "inflate": 0
            }
          ],
          "parent": "Body",
          "rotation": [
            5,
            5,
            0
          ]
        },
        {
          "name": "bone13",
          "pivot": [
            3,
            26,
            -3
          ],
          "cubes": [
            {
              "origin": [
                1.33486,
                24.16717,
                -3.64662
              ],
              "size": [
                2.6,
                2.6,
                2.0
              ],
              "uv": [
                38,
                34
              ],
              "inflate": 0
            },
            {
              "origin": [
                1.63486,
                24.46717,
                -3.74662
              ],
              "size": [
                2.0,
                2.0,
                1.0
              ],
              "uv": [
                2,
                52
              ],
              "inflate": 0
            }
          ],
          "parent": "Body",
          "rotation": [
            5,
            -5,
            0
          ]
        },
        {
          "name": "bone14",
          "pivot": [
            0,
            19,
            -2
          ],
          "cubes": [
            {
              "origin": [
                -2.4,
                18.0,
                -3.0
              ],
              "size": [
                4.8,
                2.0,
                1.0
              ],
              "uv": [
                36,
                19
              ],
              "inflate": 0
            },
            {
              "origin": [
                -2.4,
                13.0,
                -3.0
              ],
              "size": [
                4.8,
                1.0,
                1.0
              ],
              "uv": [
                27,
                5
              ],
              "inflate": 0
            },
            {
              "origin": [
                -3.2,
                14.0,
                -3.0
              ],
              "size": [
                6.4,
                4.0,
                1.0
              ],
              "uv": [
                27,
                0
              ],
              "inflate": 0
            }
          ],
          "parent": "Body",
          "rotation": [
            -15,
            0,
            0
          ]
        },
        {
          "name": "bone15",
          "pivot": [
            0,
            13,
            -2.5
          ],
          "cubes": [
            {
              "origin": [
                -3.1,
                4.0,
                -2.5
              ],
              "size": [
                6.2,
                9.0,
                0.0
              ],
              "uv": [
                0,
                30
              ],
              "inflate": 0
            }
          ],
          "parent": "bone14",
          "rotation": [
            20,
            0,
            0
          ]
        },
        {
          "name": "RightArm",
          "pivot": [
            -4,
            25,
            0.5
          ],
          "cubes": [
            {
              "origin": [
                -6.8,
                18.0,
                -0.8
              ],
              "size": [
                2.6,
                7.0,
                2.6
              ],
              "uv": [
                24,
                36
              ],
              "inflate": 0
            }
          ],
          "parent": "Body",
          "rotation": [
            5,
            0,
            7.5
          ]
        },
        {
          "name": "bone5",
          "pivot": [
            -5.5,
            18,
            0.5
          ],
          "cubes": [
            {
              "origin": [
                -6.5,
                12.0,
                -0.5
              ],
              "size": [
                2.0,
                6.0,
                2.0
              ],
              "uv": [
                38,
                22
              ],
              "inflate": 0
            }
          ],
          "parent": "RightArm",
          "rotation": [
            -15,
            0,
            0
          ]
        },
        {
          "name": "bone6",
          "pivot": [
            -5.5,
            12,
            0.5
          ],
          "cubes": [
            {
              "origin": [
                -6.3,
                7.0,
                -0.3
              ],
              "size": [
                1.6,
                5.0,
                1.6
              ],
              "uv": [
                0,
                18
              ],
              "inflate": 0
            }
          ],
          "parent": "bone5"
        },
        {
          "name": "LeftArm",
          "pivot": [
            4,
            25,
            0.5
          ],
          "cubes": [
            {
              "origin": [
                4.2,
                18.0,
                -0.8
              ],
              "size": [
                2.6,
                7.0,
                2.6
              ],
              "uv": [
                36,
                10
              ],
              "inflate": 0
            }
          ],
          "parent": "Body",
          "rotation": [
            5,
            0,
            -7.5
          ]
        },
        {
          "name": "bone8",
          "pivot": [
            5.5,
            18,
            0.5
          ],
          "cubes": [
            {
              "origin": [
                4.5,
                12.0,
                -0.5
              ],
              "size": [
                2.0,
                6.0,
                2.0
              ],
              "uv": [
                32,
                36
              ],
              "inflate": 0
            }
          ],
          "parent": "LeftArm",
          "rotation": [
            -15,
            0,
            0
          ]
        },
        {
          "name": "bone9",
          "pivot": [
            5.5,
            12,
            0.5
          ],
          "cubes": [
            {
              "origin": [
                4.7,
                7.0,
                -0.3
              ],
              "size": [
                1.6,
                5.0,
                1.6
              ],
              "uv": [
                0,
                0
              ],
              "inflate": 0
            }
          ],
          "parent": "bone8"
        },
        {
          "name": "LeftLeg",
          "pivot": [
            2.5,
            14,
            1
          ],
          "cubes": [
            {
              "origin": [
                1.5,
                9.0,
                -1.0
              ],
              "size": [
                3.0,
                6.0,
                3.0
              ],
              "uv": [
                27,
                27
              ],
              "inflate": 0
            }
          ],
          "parent": "Root",
          "rotation": [
            -7.5,
            0,
            -2.5
          ]
        },
        {
          "name": "bone3",
          "pivot": [
            3,
            9,
            0.5
          ],
          "cubes": [
            {
              "origin": [
                1.8,
                4.0,
                -0.7
              ],
              "size": [
                2.4,
                6.0,
                2.4
              ],
              "uv": [
                0,
                39
              ],
              "inflate": 0
            }
          ],
          "parent": "LeftLeg",
          "rotation": [
            15,
            0,
            0
          ]
        },
        {
          "name": "bone2",
          "pivot": [
            3,
            4,
            0.5
          ],
          "cubes": [
            {
              "origin": [
                2.2,
                0.0,
                -0.3
              ],
              "size": [
                1.6,
                4.0,
                1.6
              ],
              "uv": [
                40,
                42
              ],
              "inflate": 0
            }
          ],
          "parent": "bone3",
          "rotation": [
            -7.5,
            0,
            0
          ]
        },
        {
          "name": "RightLeg",
          "pivot": [
            -2.5,
            14,
            1
          ],
          "cubes": [
            {
              "origin": [
                -4.5,
                9.0,
                -1.0
              ],
              "size": [
                3.0,
                6.0,
                3.0
              ],
              "uv": [
                12,
                30
              ],
              "inflate": 0
            }
          ],
          "parent": "Root",
          "rotation": [
            -7.5,
            0,
            2.5
          ]
        },
        {
          "name": "bone",
          "pivot": [
            -3,
            9,
            0.5
          ],
          "cubes": [
            {
              "origin": [
                -4.2,
                4.0,
                -0.7
              ],
              "size": [
                2.4,
                6.0,
                2.4
              ],
              "uv": [
                8,
                39
              ],
              "inflate": 0
            }
          ],
          "parent": "RightLeg",
          "rotation": [
            15,
            0,
            0
          ]
        },
        {
          "name": "bone4",
          "pivot": [
            -3,
            4,
            0.5
          ],
          "cubes": [
            {
              "origin": [
                -3.8,
                0.0,
                -0.3
              ],
              "size": [
                1.6,
                4.0,
                1.6
              ],
              "uv": [
                41,
                0
              ],
              "inflate": 0
            }
          ],
          "parent": "bone",
          "rotation": [
            -7.5,
            0,
            0
          ]
        }
      ]
    }
  ]
}