{"format_version":"1.10.0","minecraft:client_entity":{"description":{"identifier":"yg:blocks","materials":{"default":"villager"},"textures":{"farmer":"textures/entity/yg_blocks/a.png","librarian":"textures/entity/yg_blocks/b.png","priest":"textures/entity/yg_blocks/c.png","smith":"textures/entity/yg_blocks/d.png","butcher":"textures/entity/yg_blocks/e.png"},"geometry":{"default":"geometry.yg_blocks"},"render_controllers":["controller.render.villager"],"spawn_egg":{"texture":"yg:blocks","texture_index":0}}}}