{
  "format_version": "1.8.0",
  "animations": {
    "animation.r_chef_pogster.move": {
      "loop": true,
      "animation_length": 1,
      "bones": {
        "Body": {
          "rotation": {
            "0.0": [
              0,
              2.5,
              0
            ],
            "0.25": [
              0,
              0,
              -2.5
            ],
            "0.5": [
              0,
              -2.5,
              0
            ],
            "0.75": [
              0,
              0,
              2.5
            ],
            "1.0": [
              0,
              2.5,
              0
            ]
          },
          "position": {
            "0.0": [
              0,
              -0.3,
              0
            ],
            "0.25": [
              0,
              1,
              0
            ],
            "0.5": [
              0,
              -0.3,
              0
            ],
            "0.75": [
              0,
              1,
              0
            ],
            "1.0": [
              0,
              -0.3,
              0
            ]
          }
        },
        "bone4": {
          "relative_to": {
            "rotation": "entity"
          },
          "rotation": [
            0,
            0,
            0.01
          ]
        },
        "bone2": {
          "scale": {
            "0.0": [
              1,
              1,
              1
            ],
            "0.5": [
              1,
              1.1,
              1
            ],
            "1.0": [
              1,
              1,
              1
            ]
          }
        },
        "bone5": {
          "relative_to": {
            "rotation": "entity"
          },
          "rotation": [
            0,
            0,
            0.01
          ]
        },
        "RightArm": {
          "rotation": {
            "0.0": [
              7.5,
              0,
              0
            ],
            "0.5": [
              -7.5,
              0,
              0
            ],
            "1.0": [
              7.5,
              0,
              0
            ]
          }
        },
        "bone6": {
          "rotation": {
            "0.0": [
              0,
              0,
              0
            ],
            "0.5": [
              -10,
              0,
              0
            ],
            "1.0": [
              0,
              0,
              0
            ]
          }
        },
        "LeftArm": {
          "rotation": {
            "0.0": [
              -7.5,
              0,
              0
            ],
            "0.5": [
              7.5,
              0,
              0
            ],
            "1.0": [
              -7.5,
              0,
              0
            ]
          }
        },
        "bone8": {
          "rotation": {
            "0.0": [
              -10,
              0,
              0
            ],
            "0.5": [
              0,
              0,
              0
            ],
            "1.0": [
              -10,
              0,
              0
            ]
          }
        },
        "bone10": {
          "scale": {
            "0.0": [
              1,
              1,
              1
            ],
            "0.5": [
              1.1,
              1,
              1
            ],
            "1.0": [
              1,
              1,
              1
            ]
          }
        },
        "bone7": {
          "relative_to": {
            "rotation": "entity"
          },
          "rotation": [
            0,
            0,
            0.01
          ]
        },
        "bone11": {
          "rotation": {
            "0.0": [
              0,
              0,
              0
            ],
            "0.5": [
              0,
              0,
              -10
            ],
            "1.0": [
              0,
              0,
              0
            ]
          }
        },
        "bone9": {
          "rotation": {
            "0.0": [
              0,
              0,
              0
            ],
            "0.5": [
              0,
              0,
              10
            ],
            "1.0": [
              0,
              0,
              0
            ]
          }
        },
        "bone12": {
          "relative_to": {
            "rotation": "entity"
          },
          "rotation": [
            0,
            0,
            0.01
          ]
        },
        "LeftLeg": {
          "rotation": {
            "0.0": [
              15,
              0,
              0
            ],
            "0.5": [
              -12.38189,
              -0.53866,
              -2.44414
            ],
            "1.0": [
              15,
              0,
              0
            ]
          },
          "position": {
            "0.0": [
              0,
              0,
              1
            ],
            "0.25": [
              0,
              1.4,
              0
            ],
            "0.5": [
              0,
              0,
              -1
            ],
            "1.0": [
              0,
              0,
              1
            ]
          }
        },
        "bone3": {
          "rotation": {
            "0.0": [
              0,
              0,
              0
            ],
            "0.5": [
              5,
              0,
              0
            ],
            "1.0": [
              0,
              0,
              0
            ]
          }
        },
        "RightLeg": {
          "rotation": {
            "0.0": [
              -12.38189,
              0.53866,
              2.44414
            ],
            "0.5": [
              15,
              0,
              0
            ],
            "0.75": [
              1.25,
              0,
              0
            ],
            "1.0": [
              -12.38189,
              0.53866,
              2.44414
            ]
          },
          "position": {
            "0.0": [
              0,
              0,
              -1
            ],
            "0.5": [
              0,
              0,
              1
            ],
            "0.75": [
              0,
              1.3,
              0
            ],
            "1.0": [
              0,
              0,
              -1
            ]
          }
        },
        "bone": {
          "rotation": {
            "0.0": [
              5,
              0,
              0
            ],
            "0.5": [
              0,
              0,
              0
            ],
            "1.0": [
              5,
              0,
              0
            ]
          }
        }
      }
    },
    "animation.r_chef_pogster.general": {
      "loop": true,
      "animation_length": 2,
      "bones": {
        "Body": {
          "rotation": {
            "0.0": [
              0,
              0,
              0
            ],
            "1.0": [
              2.5,
              0,
              0
            ],
            "2.0": [
              0,
              0,
              0
            ]
          },
          "position": {
            "0.0": [
              0,
              0,
              0
            ],
            "1.0": [
              0,
              -0.5,
              0
            ],
            "2.0": [
              0,
              0,
              0
            ]
          }
        },
        "bone2": {
          "scale": {
            "0.0": [
              1,
              1,
              1
            ],
            "1.0": [
              1.1,
              1.1,
              1
            ],
            "2.0": [
              1,
              1,
              1
            ]
          }
        },
        "RightArm": {
          "rotation": {
            "0.0": [
              0,
              0,
              0
            ],
            "1.0": [
              0,
              0,
              2.5
            ],
            "2.0": [
              0,
              0,
              0
            ]
          }
        },
        "LeftArm": {
          "rotation": {
            "0.0": [
              0,
              0,
              0
            ],
            "1.0": [
              0,
              0,
              -2.5
            ],
            "2.0": [
              0,
              0,
              0
            ]
          }
        },
        "bone11": {
          "rotation": {
            "0.0": [
              0,
              0,
              0
            ],
            "1.0": [
              0,
              0,
              -7.5
            ],
            "2.0": [
              0,
              0,
              0
            ]
          }
        },
        "bone9": {
          "rotation": {
            "0.0": [
              0,
              0,
              0
            ],
            "1.0": [
              0,
              0,
              7.5
            ],
            "2.0": [
              0,
              0,
              0
            ]
          }
        }
      }
    }
  }
}