{"format_version":"1.10.0","minecraft:client_entity":{"description":{"identifier":"yg:black","materials":{"default":"witch"},"textures":{"default":"textures/entity/yg_black"},"geometry":{"default":"geometry.yg_black"},"scripts":{"animate":["floating","attack_controllers","looking_at"],"pre_animation":["variable.attack = Math.sin(variable.attack_time * 30.0);"]},"animations":{"attack":"animation.yg_black.attack","attack_controllers":"controller.animation.yg_black.attack","floating":"animation.yg_black.floating","looking":"animation.yg_black.looking","looking_at":"controller.animation.yg_black.looking_at"},"render_controllers":["controller.render.witch"],"spawn_egg":{"texture":"yg:black","texture_index":0}}}}