{"format_version":"1.10.0","minecraft:client_entity":{"description":{"identifier":"yg:brown","materials":{"default":"witch"},"textures":{"default":"textures/entity/yg_brown"},"geometry":{"default":"geometry.yg_brown"},"scripts":{"animate":["move","general","attack_controllers","looking_at"],"pre_animation":["variable.attack = Math.sin(variable.attack_time * 30.0);"]},"animations":{"attack":"animation.yg_brown.attack","attack_controllers":"controller.animation.yg_brown.attack","general":"controller.animation.yg_brown.general","gazo_general":"animation.yg_brown.general","looking":"animation.yg_brown.looking","looking_at":"controller.animation.yg_brown.looking_at","move":"controller.animation.yg_brown.move","moving":"animation.yg_brown.move"},"render_controllers":["controller.render.witch"],"spawn_egg":{"texture":"yg:brown","texture_index":0}}}}