{"format_version":"1.10.0","minecraft:client_entity":{"description":{"identifier":"yg:blocks_entity","materials":{"default":"villager"},"textures":{"farmer":"textures/entity/yg_blocks/ba.png","librarian":"textures/entity/yg_blocks/bb.png","priest":"textures/entity/yg_blocks/bc.png","smith":"textures/entity/yg_blocks/bd.png","butcher":"textures/entity/yg_blocks/be.png"},"geometry":{"default":"geometry.yg_blocks_entity"},"render_controllers":["controller.render.villager"],"spawn_egg":{"texture":"yg:blocks","texture_index":0}}}}