{"format_version":"1.10.0","minecraft:client_entity":{"description":{"identifier":"yg:fuse_entity","materials":{"default":"villager"},"textures":{"farmer":"textures/entity/yg_fuse/fuse_red.png","librarian":"textures/entity/yg_fuse/fuse_blue.png","priest":"textures/entity/yg_fuse/fuse_orange.png","smith":"textures/entity/yg_fuse/fuse_green.png","butcher":"textures/entity/yg_fuse/fuse_purple.png"},"geometry":{"default":"geometry.yg_fuse_entity"},"scripts":{"scale":"0.7"},"render_controllers":["controller.render.villager"],"spawn_egg":{"texture":"yg:fuse","texture_index":0}}}}