{"format_version":"1.10.0","minecraft:client_entity":{"description":{"identifier":"yg:lime","materials":{"default":"witch"},"textures":{"default":"textures/entity/yg_lime"},"geometry":{"default":"geometry.yg_lime"},"scripts":{"animate":["move","general","attack_controllers","looking_at"],"pre_animation":["variable.attack = Math.sin(variable.attack_time * 30.0);"]},"animations":{"attack":"animation.yg_lime.attack","attack_controllers":"controller.animation.yg_lime.attack","general":"controller.animation.yg_lime.general","gazo_general":"animation.yg_lime.general","looking":"animation.yg_lime.looking","looking_at":"controller.animation.yg_lime.looking_at","move":"controller.animation.yg_lime.move","moving":"animation.yg_lime.move"},"render_controllers":["controller.render.witch"],"spawn_egg":{"texture":"yg:lime","texture_index":0}}}}