{"format_version":"1.10.0","minecraft:client_entity":{"description":{"identifier":"yg:purplefm","materials":{"default":"witch"},"textures":{"default":"textures/entity/yg_purplefm"},"geometry":{"default":"geometry.yg_purplefm"},"scripts":{"scale":"2","animate":["move","general","attack_controllers","looking_at"],"pre_animation":["variable.attack = Math.sin(variable.attack_time * 30.0);"]},"animations":{"attack":"animation.yg_purplefm.attack","attack_controllers":"controller.animation.yg_purplefm.attack","general":"controller.animation.yg_purplefm.general","gazo_general":"animation.yg_purplefm.general","looking":"animation.yg_purplefm.looking","looking_at":"controller.animation.yg_purplefm.looking_at","move":"controller.animation.yg_purplefm.move","moving":"animation.yg_purplefm.move"},"render_controllers":["controller.render.witch"],"spawn_egg":{"texture":"yg:purple","texture_index":0}}}}