{"format_version":"1.10.0","minecraft:client_entity":{"description":{"identifier":"yg:red_observer","materials":{"default":"witch"},"textures":{"default":"textures/entity/yg_red"},"geometry":{"default":"geometry.yg_red_observer"},"scripts":{"animate":["move","general","attack_controllers","looking_at"],"pre_animation":["variable.attack = Math.sin(variable.attack_time * 30.0);"]},"animations":{"attack":"animation.yg_red.attack","attack_controllers":"controller.animation.yg_red.attack","general":"controller.animation.yg_red.general","gazo_general":"animation.yg_red.general","looking":"animation.yg_red.looking","looking_at":"controller.animation.yg_red.looking_at","move":"controller.animation.yg_red.move","moving":"animation.yg_red.move"},"render_controllers":["controller.render.witch"],"spawn_egg":{"texture":"yg:red","texture_index":0}}}}