{"format_version":"1.10.0","minecraft:client_entity":{"description":{"identifier":"yg:white","materials":{"default":"witch"},"textures":{"default":"textures/entity/yg_white"},"geometry":{"default":"geometry.yg_white"},"scripts":{"animate":["move","general","attack_controllers","looking_at"],"pre_animation":["variable.attack = Math.sin(variable.attack_time * 30.0);"]},"animations":{"attack":"animation.yg_white.attack","attack_controllers":"controller.animation.yg_white.attack","general":"controller.animation.yg_white.general","gazo_general":"animation.yg_white.general","looking":"animation.yg_white.looking","looking_at":"controller.animation.yg_white.looking_at","move":"controller.animation.yg_white.move","moving":"animation.yg_white.move"},"render_controllers":["controller.render.witch"],"spawn_egg":{"texture":"yg:white","texture_index":0}}}}