{
	"format_version": "1.10.0",
	"minecraft:client_entity": {
		"description": {
			"identifier": "bridge:angel_skibidi_toilet",
			"materials": {
				"default": "entity_alphatest"
			},
			"textures": {
				"default": "textures/entity/Angel skibidi toilet 1"
			},
			"geometry": {
				"default": "geometry.angel_skibidi_toilet"
			},
			"render_controllers": [
				"controller.render.angel_skibidi_toilet"
			],
			"spawn_egg": {
				"base_color": "#000000",
				"overlay_color": "#FFFFFF"
			},
			"animations": {
				"walk": "animation.angel_skibidi_toilet.walk",
				"idle": "animation.angel_skibidi_toilet.idle",
				"attack": "animation.angel_skibidi_toilet.attack",
				"controller": "controller.animation.mob1"
			},
			"scripts": {
				"animate": [
					"controller"
				]
			}
		}
	}
}