{
	"format_version": "1.10.0",
	"minecraft:client_entity": {
		"description": {
			"identifier": "bridge:radioman",
			"materials": {
				"default": "entity_alphatest"
			},
			"textures": {
				"default": "textures/entity/Radioman"
			},
			"geometry": {
				"default": "geometry.radioman"
			},
			"render_controllers": [
				"controller.render.radioman"
			],
			"spawn_egg": {
				"base_color": "#000000",
				"overlay_color": "#FFFFFF"
			},
			"animations": {
				"controller": "controller.animation.mob1",
				"walk": "animation.Radioman.walk",
				"idle": "animation.radioman.idle",
				"attack": "animation.radioman.attack"
			},
			"scripts": {
				"animate": [
					"controller"
				]
			}
		}
	}
}