{
  "format_version": "1.12.0",
  "minecraft:geometry": [
    {
      "description": {
        "identifier": "geometry.yg_black_morph",
        "texture_width": 64,
        "texture_height": 64,
        "visible_bounds_width": 3,
        "visible_bounds_height": 3.5,
        "visible_bounds_offset": [
          0,
          1.25,
          0
        ]
      },
      "bones": [
        {
          "name": "Root",
          "pivot": [
            0,
            21,
            0
          ]
        },
        {
          "name": "Body",
          "pivot": [
            0,
            12.21833,
            1.83251
          ],
          "cubes": [
            {
              "origin": [
                -1.0,
                19.0,
                -1.0
              ],
              "size": [
                2.0,
                3.0,
                2.0
              ],
              "uv": [
                0,
                0
              ],
              "inflate": 0
            },
            {
              "origin": [
                -3.0,
                13.0,
                -3.0
              ],
              "size": [
                6.0,
                7.0,
                6.0
              ],
              "uv": [
                0,
                16
              ],
              "inflate": 0
            },
            {
              "origin": [
                -2.5,
                8.15077,
                -1.64495
              ],
              "size": [
                5.0,
                6.0,
                5.0
              ],
              "pivot": [
                0.0,
                11.15077,
                0.85505
              ],
              "rotation": [
                20.0,
                0.0,
                0.0
              ],
              "uv": [
                24,
                16
              ],
              "inflate": 0
            },
            {
              "origin": [
                -2.0,
                4.36059,
                1.32538
              ],
              "size": [
                4.0,
                6.0,
                4.0
              ],
              "pivot": [
                0.0,
                7.36059,
                3.32538
              ],
              "rotation": [
                47.5,
                0.0,
                0.0
              ],
              "uv": [
                20,
                27
              ],
              "inflate": 0
            },
            {
              "origin": [
                -1.5,
                1.79864,
                5.31465
              ],
              "size": [
                3.0,
                6.0,
                3.0
              ],
              "pivot": [
                0.0,
                4.79864,
                6.81465
              ],
              "rotation": [
                65.0,
                0.0,
                0.0
              ],
              "uv": [
                0,
                29
              ],
              "inflate": 0
            }
          ],
          "parent": "Root",
          "locators": {}
        },
        {
          "name": "Head",
          "pivot": [
            0,
            21,
            0
          ],
          "cubes": [
            {
              "origin": [
                -4.0,
                21.0,
                -4.0
              ],
              "size": [
                8.0,
                8.0,
                8.0
              ],
              "uv": [
                0,
                0
              ],
              "inflate": 0
            },
            {
              "origin": [
                -5.0,
                24.0,
                -4.5
              ],
              "size": [
                4.0,
                4.0,
                1.0
              ],
              "uv": [
                24,
                0
              ],
              "inflate": 0
            },
            {
              "origin": [
                1.0,
                23.0,
                -4.5
              ],
              "size": [
                4.0,
                4.0,
                1.0
              ],
              "uv": [
                18,
                16
              ],
              "inflate": 0
            }
          ],
          "parent": "Body"
        }
      ]
    }
  ]
}