{
  "format_version": "1.12.0",
  "minecraft:geometry": [
    {
      "description": {
        "identifier": "geometry.yg_green_morph",
        "texture_width": 128,
        "texture_height": 128,
        "visible_bounds_width": 13,
        "visible_bounds_height": 5.5,
        "visible_bounds_offset": [
          0,
          2.25,
          0
        ]
      },
      "bones": [
        {
          "name": "Root",
          "pivot": [
            0,
            21,
            0
          ]
        },
        {
          "name": "Body",
          "pivot": [
            0,
            19.5,
            0
          ],
          "cubes": [
            {
              "origin": [
                -4.0,
                16.0,
                -4.0
              ],
              "size": [
                8.0,
                35.0,
                8.0
              ],
              "uv": [
                0,
                0
              ],
              "inflate": 0
            },
            {
              "origin": [
                -4.0,
                51.0,
                -4.0
              ],
              "size": [
                8.0,
                1.0,
                8.0
              ],
              "uv": [
                24,
                54
              ],
              "inflate": 0
            }
          ],
          "parent": "Root"
        },
        {
          "name": "Head",
          "pivot": [
            0,
            52,
            4
          ],
          "cubes": [
            {
              "origin": [
                -4.0,
                53.0,
                -4.0
              ],
              "size": [
                8.0,
                10.0,
                8.0
              ],
              "uv": [
                32,
                27
              ],
              "inflate": 0
            },
            {
              "origin": [
                -4.0,
                52.0,
                -4.0
              ],
              "size": [
                8.0,
                1.0,
                8.0
              ],
              "uv": [
                0,
                52
              ],
              "inflate": 0
            },
            {
              "origin": [
                -5.77674,
                57.0,
                -5.12326
              ],
              "size": [
                5.0,
                5.0,
                2.0
              ],
              "pivot": [
                -3.27674,
                59.5,
                -4.12326
              ],
              "rotation": [
                0.0,
                35.0,
                0.0
              ],
              "uv": [
                56,
                25
              ],
              "inflate": 0
            },
            {
              "origin": [
                0.77674,
                57.0,
                -5.12326
              ],
              "size": [
                5.0,
                5.0,
                2.0
              ],
              "pivot": [
                3.27674,
                59.5,
                -4.12326
              ],
              "rotation": [
                0.0,
                -35.0,
                0.0
              ],
              "uv": [
                56,
                25
              ],
              "inflate": 0,
              "mirror": true
            }
          ],
          "parent": "Body"
        },
        {
          "name": "Dila",
          "pivot": [
            0,
            51.5,
            3
          ],
          "cubes": [
            {
              "origin": [
                -1.5,
                51.0,
                -3.0
              ],
              "size": [
                3.0,
                1.0,
                6.0
              ],
              "uv": [
                48,
                54
              ],
              "inflate": 0
            }
          ],
          "parent": "Body"
        },
        {
          "name": "Rightarm",
          "pivot": [
            -3.5,
            45,
            0
          ],
          "cubes": [
            {
              "origin": [
                -14.0,
                44.0,
                -3.0
              ],
              "size": [
                11.0,
                3.0,
                6.0
              ],
              "uv": [
                36,
                45
              ],
              "inflate": 0
            }
          ],
          "parent": "Body"
        },
        {
          "name": "bone",
          "pivot": [
            -14,
            45,
            0
          ],
          "cubes": [
            {
              "origin": [
                -26.0,
                44.0,
                -3.0
              ],
              "size": [
                12.0,
                3.0,
                6.0
              ],
              "uv": [
                0,
                43
              ],
              "inflate": 0
            }
          ],
          "parent": "Rightarm"
        },
        {
          "name": "bone2",
          "pivot": [
            -26,
            45,
            0
          ],
          "cubes": [
            {
              "origin": [
                -38.0,
                44.0,
                -3.0
              ],
              "size": [
                12.0,
                3.0,
                6.0
              ],
              "uv": [
                0,
                43
              ],
              "inflate": 0
            }
          ],
          "parent": "bone"
        },
        {
          "name": "bone3",
          "pivot": [
            -38,
            45,
            0
          ],
          "cubes": [
            {
              "origin": [
                -50.0,
                44.0,
                -3.0
              ],
              "size": [
                12.0,
                3.0,
                6.0
              ],
              "uv": [
                0,
                43
              ],
              "inflate": 0
            }
          ],
          "parent": "bone2"
        },
        {
          "name": "bone4",
          "pivot": [
            -50,
            45,
            0
          ],
          "cubes": [
            {
              "origin": [
                -62.0,
                44.0,
                -3.0
              ],
              "size": [
                12.0,
                3.0,
                6.0
              ],
              "uv": [
                0,
                43
              ],
              "inflate": 0
            }
          ],
          "parent": "bone3"
        },
        {
          "name": "bone5",
          "pivot": [
            -62.578,
            44.56543,
            0
          ],
          "cubes": [
            {
              "origin": [
                -74.0,
                44.0,
                -3.0
              ],
              "size": [
                12.0,
                3.0,
                6.0
              ],
              "uv": [
                0,
                43
              ],
              "inflate": 0
            },
            {
              "origin": [
                -85.0,
                44.5,
                -1.0
              ],
              "size": [
                11.0,
                2.0,
                2.0
              ],
              "uv": [
                52,
                0
              ],
              "inflate": 0
            },
            {
              "origin": [
                -85.0,
                44.5,
                -3.0
              ],
              "size": [
                11.0,
                2.0,
                2.0
              ],
              "pivot": [
                -73.5,
                45.5,
                -2.0
              ],
              "rotation": [
                0.0,
                -5.0,
                0.0
              ],
              "uv": [
                52,
                0
              ],
              "inflate": 0
            },
            {
              "origin": [
                -85.0,
                44.5,
                1.0
              ],
              "size": [
                11.0,
                2.0,
                2.0
              ],
              "pivot": [
                -73.5,
                45.5,
                2.0
              ],
              "rotation": [
                0.0,
                5.0,
                0.0
              ],
              "uv": [
                52,
                0
              ],
              "inflate": 0
            }
          ],
          "parent": "bone4"
        },
        {
          "name": "Leftarm",
          "pivot": [
            3.5,
            45,
            0
          ],
          "cubes": [
            {
              "origin": [
                3.0,
                44.0,
                -3.0
              ],
              "size": [
                11.0,
                3.0,
                6.0
              ],
              "uv": [
                36,
                45
              ],
              "inflate": 0,
              "mirror": true
            }
          ],
          "parent": "Body"
        },
        {
          "name": "bone6",
          "pivot": [
            14,
            45,
            0
          ],
          "cubes": [
            {
              "origin": [
                14.0,
                44.0,
                -3.0
              ],
              "size": [
                12.0,
                3.0,
                6.0
              ],
              "uv": [
                0,
                43
              ],
              "inflate": 0,
              "mirror": true
            }
          ],
          "parent": "Leftarm"
        },
        {
          "name": "bone7",
          "pivot": [
            26,
            45,
            0
          ],
          "cubes": [
            {
              "origin": [
                26.0,
                44.0,
                -3.0
              ],
              "size": [
                12.0,
                3.0,
                6.0
              ],
              "uv": [
                0,
                43
              ],
              "inflate": 0,
              "mirror": true
            }
          ],
          "parent": "bone6"
        },
        {
          "name": "bone8",
          "pivot": [
            38,
            45,
            0
          ],
          "cubes": [
            {
              "origin": [
                38.0,
                44.0,
                -3.0
              ],
              "size": [
                12.0,
                3.0,
                6.0
              ],
              "uv": [
                0,
                43
              ],
              "inflate": 0,
              "mirror": true
            }
          ],
          "parent": "bone7"
        },
        {
          "name": "bone9",
          "pivot": [
            50,
            45,
            0
          ],
          "cubes": [
            {
              "origin": [
                50.0,
                44.0,
                -3.0
              ],
              "size": [
                12.0,
                3.0,
                6.0
              ],
              "uv": [
                0,
                43
              ],
              "inflate": 0,
              "mirror": true
            }
          ],
          "parent": "bone8"
        },
        {
          "name": "bone10",
          "pivot": [
            62.578,
            44.56543,
            0
          ],
          "cubes": [
            {
              "origin": [
                62.0,
                44.0,
                -3.0
              ],
              "size": [
                12.0,
                3.0,
                6.0
              ],
              "uv": [
                0,
                43
              ],
              "inflate": 0,
              "mirror": true
            },
            {
              "origin": [
                74.0,
                44.5,
                1.0
              ],
              "size": [
                11.0,
                2.0,
                2.0
              ],
              "pivot": [
                73.5,
                45.5,
                2.0
              ],
              "rotation": [
                0.0,
                -5.0,
                0.0
              ],
              "uv": [
                52,
                0
              ],
              "inflate": 0
            },
            {
              "origin": [
                74.0,
                44.5,
                -1.0
              ],
              "size": [
                11.0,
                2.0,
                2.0
              ],
              "uv": [
                52,
                0
              ],
              "inflate": 0
            },
            {
              "origin": [
                74.0,
                44.5,
                -3.0
              ],
              "size": [
                11.0,
                2.0,
                2.0
              ],
              "pivot": [
                73.5,
                45.5,
                -2.0
              ],
              "rotation": [
                0.0,
                7.5,
                0.0
              ],
              "uv": [
                52,
                0
              ],
              "inflate": 0
            }
          ],
          "parent": "bone9"
        },
        {
          "name": "Rightleg",
          "pivot": [
            -3.95969,
            18.69737,
            0
          ],
          "cubes": [
            {
              "origin": [
                -10.45969,
                0.19737,
                -3.0
              ],
              "size": [
                7.0,
                21.0,
                6.0
              ],
              "uv": [
                32,
                0
              ],
              "inflate": 0
            }
          ],
          "parent": "Root"
        },
        {
          "name": "Leftleg",
          "pivot": [
            4.04031,
            18.69737,
            0
          ],
          "cubes": [
            {
              "origin": [
                3.54031,
                0.19737,
                -3.0
              ],
              "size": [
                7.0,
                21.0,
                6.0
              ],
              "uv": [
                32,
                0
              ],
              "inflate": 0
            }
          ],
          "parent": "Root"
        }
      ]
    }
  ]
}