{"format_version":"1.12.0","minecraft:geometry":[{"description":{"identifier":"geometry.yg_orange_morph","texture_width":128,"texture_height":128,"visible_bounds_width":5,"visible_bounds_height":3.5,"visible_bounds_offset":[0,1.25,0]},"bones":[{"name":"Root","pivot":[0,4,0]},{"name":"Body","parent":"Root","pivot":[0,8.91228,4.65014],"cubes":[{"origin":[-2,19,1],"size":[4,5,4],"pivot":[0,21.5,3],"rotation":[17.5,0,0],"uv":[0,44]},{"origin":[-2.2,7.6577,2.20033],"size":[4.4,5.5,4.4],"pivot":[0,10.4077,4.40033],"rotation":[17.5,0,0],"uv":[40,25]},{"origin":[-2.04,5.14242,3.78224],"size":[4.08,4.08,6.12],"pivot":[0,7.18242,6.84224],"rotation":[-37.5,0,0],"uv":[0,34]},{"origin":[-2,3.36074,8.24017],"size":[4,4,6],"pivot":[0,5.36074,11.24017],"rotation":[-7.5,0,0],"uv":[26,28]},{"origin":[-1.5,3.3057,13.7589],"size":[3,3,6],"pivot":[0,4.8057,16.7589],"rotation":[-5,0,0],"uv":[36,38]},{"origin":[-2.3712,12.06752,1.288],"size":[4.7424,8.2992,4.7424],"uv":[20,38]}]},{"name":"Head","parent":"Body","pivot":[0,24.8,2.6],"cubes":[{"origin":[-4,23,-4],"size":[8,5,8],"uv":[0,0]},{"origin":[1,26,-2],"size":[4,4,4],"uv":[32,47]},{"origin":[-5,26,-2],"size":[4,4,4],"uv":[46,15]},{"origin":[-3.5,26,-13],"size":[7,2,9],"uv":[23,4]},{"origin":[-3.5,25,-13],"size":[7,1,9],"uv":[23,15]}]},{"name":"bone","parent":"Head","pivot":[0,24.75,-4.5],"cubes":[{"origin":[-3.5,23,-13],"size":[7,2,9],"uv":[0,13]},{"origin":[-3.5,25,-13],"size":[7,1,9],"uv":[0,24]}]},{"name":"Rightarm","parent":"Body","pivot":[-2,19,4],"cubes":[{"origin":[-9,18,3],"size":[8,2,2],"uv":[46,8]}]},{"name":"bone2","parent":"Rightarm","pivot":[-9.5,19,4],"rotation":[0,-80,0],"cubes":[{"origin":[-16,18,3],"size":[7,2,2],"uv":[14,51]}]},{"name":"bone3","parent":"bone2","pivot":[-15.5153,18.7723,4],"rotation":[-60,0,0],"cubes":[{"origin":[-18,18.5,3],"size":[2,1,2],"uv":[23,15]},{"origin":[-19.9924,18.5,4.08682],"size":[3,1,1],"pivot":[-18.4924,19,4.58682],"rotation":[0,10,0],"uv":[0,24]},{"origin":[-21.45116,17.99456,4.43221],"size":[2,1,1],"pivot":[-20.45116,18.49456,4.93221],"rotation":[-6.12673,7.9185,-37.92445],"uv":[20,34]},{"origin":[-18.00544,18.5,2.01103],"size":[2,1,1],"pivot":[-17.00544,19,2.51103],"rotation":[0,-52.5,0],"uv":[20,36]},{"origin":[-18.85739,17.95577,0.90074],"size":[2,1,1],"pivot":[-17.85739,18.45577,1.40074],"rotation":[41.36219,-35.79744,-56.40206],"uv":[14,36]},{"origin":[-19.98296,18.5,2.87059],"size":[3,1,1],"pivot":[-18.48296,19,3.37059],"rotation":[0,-15,0],"uv":[23,20]},{"origin":[-21.31772,17.95577,2.37897],"size":[2,1,1],"pivot":[-20.31772,18.45577,2.87897],"rotation":[10.26078,-11.00072,-43.49069],"uv":[0,36]}]},{"name":"Leftarm","parent":"Body","pivot":[2,19,4],"cubes":[{"origin":[1,18,3],"size":[8,2,2],"uv":[46,4]}]},{"name":"bone4","parent":"Leftarm","pivot":[9.5,19,4],"rotation":[0,80,0],"cubes":[{"origin":[9,18,3],"size":[7,2,2],"uv":[48,38]}]},{"name":"bone5","parent":"bone4","pivot":[14.5153,18.7723,4],"rotation":[-60,0,0],"cubes":[{"origin":[16,18.5,3],"size":[2,1,2],"uv":[0,19]},{"origin":[17,18.5,4],"size":[3,1,1],"pivot":[18,19,4.5],"rotation":[0,-10,0],"uv":[23,18]},{"origin":[19.45116,17.99456,4.43221],"size":[2,1,1],"pivot":[20.45116,18.49456,4.93221],"rotation":[-6.12673,-7.9185,37.92445],"uv":[14,34]},{"origin":[16.00544,18.5,2.01103],"size":[2,1,1],"pivot":[17.00544,19,2.51103],"rotation":[0,52.5,0],"uv":[0,34]},{"origin":[16.85739,17.95577,0.90074],"size":[2,1,1],"pivot":[17.85739,18.45577,1.40074],"rotation":[41.36219,35.79744,56.40206],"uv":[33,25]},{"origin":[16.98296,18.5,2.87059],"size":[3,1,1],"pivot":[18.48296,19,3.37059],"rotation":[0,15,0],"uv":[0,6]},{"origin":[19.31772,17.95577,2.37897],"size":[2,1,1],"pivot":[20.31772,18.45577,2.87897],"rotation":[10.26078,11.00072,43.49069],"uv":[23,31]}]},{"name":"Rightleg","parent":"Root","pivot":[-2,9,5],"rotation":[0,0,-12.5],"cubes":[{"origin":[-9,8,4],"size":[8,2,2],"uv":[44,0]}]},{"name":"bone6","parent":"Rightleg","pivot":[-9.5,9,5],"rotation":[0,0,-77.5],"cubes":[{"origin":[-16,8,4],"size":[7,2,2],"uv":[44,47]}]},{"name":"bone7","parent":"bone6","pivot":[-16.5,8.98916,5],"cubes":[{"origin":[-17,7.5,3],"size":[1,3,3],"uv":[0,13]},{"origin":[-17,9.5,1],"size":[1,1,2],"pivot":[-16.5,10,3],"rotation":[-5,0,0],"uv":[29,25]},{"origin":[-17,8.5,1],"size":[1,1,2],"uv":[0,29]},{"origin":[-17,7.5,1],"size":[1,1,2],"pivot":[-16.5,8,3],"rotation":[7.5,0,0],"uv":[23,28]}]},{"name":"Leftleg","parent":"Root","pivot":[2,9,5],"rotation":[0,0,12.5],"cubes":[{"origin":[1,8,4],"size":[8,2,2],"uv":[24,0]}]},{"name":"bone8","parent":"Leftleg","pivot":[9.5,9,5],"rotation":[0,0,77.5],"cubes":[{"origin":[9,8,4],"size":[7,2,2],"uv":[46,34]}]},{"name":"bone9","parent":"bone8","pivot":[16.5,8.98916,5],"cubes":[{"origin":[16,7.5,3],"size":[1,3,3],"uv":[0,0]},{"origin":[16,9.5,1],"size":[1,1,2],"pivot":[16.5,10,3],"rotation":[-5,0,0],"uv":[0,26]},{"origin":[16,8.5,1],"size":[1,1,2],"uv":[23,25]},{"origin":[16,7.5,1],"size":[1,1,2],"pivot":[16.5,8,3],"rotation":[7.5,0,0],"uv":[24,4]}]}]}]}