{
  "format_version": "1.12.0",
  "minecraft:geometry": [
    {
      "description": {
        "identifier": "geometry.yg_purple_morph",
        "texture_width": 64,
        "texture_height": 64,
        "visible_bounds_width": 4,
        "visible_bounds_height": 2.5,
        "visible_bounds_offset": [
          0,
          0.75,
          0
        ]
      },
      "bones": [
        {
          "name": "Root"
        },
        {
          "name": "Vent",
          "cubes": [
            {
              "origin": [
                -8.0,
                9.0,
                6.0
              ],
              "size": [
                16.0,
                1.0,
                3.0
              ],
              "uv": [
                21,
                0
              ],
              "inflate": 0
            },
            {
              "origin": [
                -9.0,
                0.0,
                6.0
              ],
              "size": [
                1.0,
                10.0,
                3.0
              ],
              "uv": [
                0,
                28
              ],
              "inflate": 0
            },
            {
              "origin": [
                8.0,
                0.0,
                6.0
              ],
              "size": [
                1.0,
                10.0,
                3.0
              ],
              "uv": [
                0,
                0
              ],
              "inflate": 0
            },
            {
              "origin": [
                -8.0,
                0.0,
                9.0
              ],
              "size": [
                16.0,
                9.0,
                1.0
              ],
              "uv": [
                0,
                18
              ],
              "inflate": 0
            }
          ],
          "parent": "Root"
        },
        {
          "name": "Vent2",
          "pivot": [
            0,
            0.5,
            7.78571
          ],
          "cubes": [
            {
              "origin": [
                -8.0,
                0.0,
                7.0
              ],
              "size": [
                16.0,
                1.0,
                1.0
              ],
              "uv": [
                21,
                6
              ],
              "inflate": 0
            },
            {
              "origin": [
                7.0,
                1.0,
                7.0
              ],
              "size": [
                1.0,
                7.0,
                1.0
              ],
              "uv": [
                16,
                33
              ],
              "inflate": 0
            },
            {
              "origin": [
                -8.0,
                8.0,
                7.0
              ],
              "size": [
                16.0,
                1.0,
                1.0
              ],
              "uv": [
                21,
                4
              ],
              "inflate": 0
            },
            {
              "origin": [
                2.0,
                1.0,
                7.0
              ],
              "size": [
                1.0,
                7.0,
                1.0
              ],
              "uv": [
                12,
                33
              ],
              "inflate": 0
            },
            {
              "origin": [
                -3.0,
                1.0,
                7.0
              ],
              "size": [
                1.0,
                7.0,
                1.0
              ],
              "uv": [
                8,
                33
              ],
              "inflate": 0
            },
            {
              "origin": [
                -8.0,
                1.0,
                7.0
              ],
              "size": [
                1.0,
                7.0,
                1.0
              ],
              "uv": [
                8,
                0
              ],
              "inflate": 0
            }
          ],
          "parent": "Vent"
        },
        {
          "name": "Eye",
          "cubes": [
            {
              "origin": [
                -5.0,
                3.5,
                8.0
              ],
              "size": [
                4.0,
                4.0,
                1.0
              ],
              "uv": [
                30,
                28
              ],
              "inflate": 0
            },
            {
              "origin": [
                1.0,
                3.5,
                8.0
              ],
              "size": [
                4.0,
                4.0,
                1.0
              ],
              "uv": [
                20,
                28
              ],
              "inflate": 0
            }
          ],
          "parent": "Root"
        },
        {
          "name": "Rightarm",
          "pivot": [
            -5.15759,
            2.60691,
            19.13873
          ],
          "cubes": [
            {
              "origin": [
                -7.0,
                1.0,
                5.0
              ],
              "size": [
                3.0,
                3.0,
                15.0
              ],
              "uv": [
                0,
                0
              ],
              "inflate": 0
            },
            {
              "origin": [
                -7.0,
                1.5,
                2.0
              ],
              "size": [
                3.0,
                2.0,
                3.0
              ],
              "uv": [
                8,
                28
              ],
              "inflate": 0
            },
            {
              "origin": [
                -7.17365,
                2.5,
                0.01519
              ],
              "size": [
                1.0,
                1.0,
                2.0
              ],
              "pivot": [
                -6.67365,
                3.0,
                1.01519
              ],
              "rotation": [
                0.0,
                10.0,
                0.0
              ],
              "uv": [
                36,
                34
              ],
              "inflate": 0
            },
            {
              "origin": [
                -7.46798,
                2.12423,
                -1.65406
              ],
              "size": [
                1.0,
                1.0,
                2.0
              ],
              "pivot": [
                -6.96798,
                2.62423,
                -0.65406
              ],
              "rotation": [
                25.0,
                10.0,
                0.0
              ],
              "uv": [
                32,
                36
              ],
              "inflate": 0
            },
            {
              "origin": [
                -6.0,
                2.5,
                0.0
              ],
              "size": [
                1.0,
                1.0,
                2.0
              ],
              "uv": [
                26,
                36
              ],
              "inflate": 0
            },
            {
              "origin": [
                -6.0,
                2.22244,
                -1.80336
              ],
              "size": [
                1.0,
                1.0,
                2.0
              ],
              "pivot": [
                -5.5,
                2.72244,
                -0.80336
              ],
              "rotation": [
                17.5,
                0.0,
                0.0
              ],
              "uv": [
                20,
                36
              ],
              "inflate": 0
            },
            {
              "origin": [
                -4.86947,
                2.5,
                0.00856
              ],
              "size": [
                1.0,
                1.0,
                2.0
              ],
              "pivot": [
                -4.36947,
                3.0,
                1.00856
              ],
              "rotation": [
                0.0,
                -7.5,
                0.0
              ],
              "uv": [
                36,
                12
              ],
              "inflate": 0
            },
            {
              "origin": [
                -4.63409,
                2.22244,
                -1.77938
              ],
              "size": [
                1.0,
                1.0,
                2.0
              ],
              "pivot": [
                -4.13409,
                2.72244,
                -0.77938
              ],
              "rotation": [
                17.5,
                -7.5,
                0.0
              ],
              "uv": [
                35,
                8
              ],
              "inflate": 0
            },
            {
              "origin": [
                -4.45682,
                1.5,
                1.91945
              ],
              "size": [
                1.0,
                1.0,
                3.0
              ],
              "pivot": [
                -3.95682,
                2.0,
                3.41945
              ],
              "rotation": [
                0.0,
                -20.0,
                0.0
              ],
              "uv": [
                30,
                10
              ],
              "inflate": 0
            },
            {
              "origin": [
                -3.97394,
                1.5,
                0.18092
              ],
              "size": [
                1.0,
                1.0,
                2.0
              ],
              "uv": [
                34,
                25
              ],
              "inflate": 0
            }
          ],
          "parent": "Root"
        },
        {
          "name": "Leaftarm",
          "pivot": [
            5.15759,
            2.60691,
            19.13873
          ],
          "cubes": [
            {
              "origin": [
                4.0,
                1.0,
                5.0
              ],
              "size": [
                3.0,
                3.0,
                15.0
              ],
              "uv": [
                0,
                0
              ],
              "inflate": 0
            },
            {
              "origin": [
                4.0,
                1.5,
                2.0
              ],
              "size": [
                3.0,
                2.0,
                3.0
              ],
              "uv": [
                21,
                8
              ],
              "inflate": 0
            },
            {
              "origin": [
                6.17365,
                2.5,
                0.01519
              ],
              "size": [
                1.0,
                1.0,
                2.0
              ],
              "pivot": [
                6.67365,
                3.0,
                1.01519
              ],
              "rotation": [
                0.0,
                -10.0,
                0.0
              ],
              "uv": [
                34,
                22
              ],
              "inflate": 0
            },
            {
              "origin": [
                6.46798,
                2.12423,
                -1.65406
              ],
              "size": [
                1.0,
                1.0,
                2.0
              ],
              "pivot": [
                6.96798,
                2.62423,
                -0.65406
              ],
              "rotation": [
                25.0,
                -10.0,
                0.0
              ],
              "uv": [
                34,
                19
              ],
              "inflate": 0
            },
            {
              "origin": [
                5.0,
                2.5,
                0.0
              ],
              "size": [
                1.0,
                1.0,
                2.0
              ],
              "uv": [
                34,
                16
              ],
              "inflate": 0
            },
            {
              "origin": [
                5.0,
                2.22244,
                -1.80336
              ],
              "size": [
                1.0,
                1.0,
                2.0
              ],
              "pivot": [
                5.5,
                2.72244,
                -0.80336
              ],
              "rotation": [
                17.5,
                0.0,
                0.0
              ],
              "uv": [
                32,
                33
              ],
              "inflate": 0
            },
            {
              "origin": [
                3.86947,
                2.5,
                0.00856
              ],
              "size": [
                1.0,
                1.0,
                2.0
              ],
              "pivot": [
                4.36947,
                3.0,
                1.00856
              ],
              "rotation": [
                0.0,
                7.5,
                0.0
              ],
              "uv": [
                26,
                33
              ],
              "inflate": 0
            },
            {
              "origin": [
                3.63409,
                2.22244,
                -1.77938
              ],
              "size": [
                1.0,
                1.0,
                2.0
              ],
              "pivot": [
                4.13409,
                2.72244,
                -0.77938
              ],
              "rotation": [
                17.5,
                7.5,
                0.0
              ],
              "uv": [
                20,
                33
              ],
              "inflate": 0
            },
            {
              "origin": [
                3.45682,
                1.5,
                1.91945
              ],
              "size": [
                1.0,
                1.0,
                3.0
              ],
              "pivot": [
                3.95682,
                2.0,
                3.41945
              ],
              "rotation": [
                0.0,
                20.0,
                0.0
              ],
              "uv": [
                5,
                10
              ],
              "inflate": 0
            },
            {
              "origin": [
                2.97394,
                1.5,
                0.18092
              ],
              "size": [
                1.0,
                1.0,
                2.0
              ],
              "uv": [
                5,
                28
              ],
              "inflate": 0
            }
          ],
          "parent": "Root"
        }
      ]
    }
  ]
}