{
  "format_version": "1.12.0",
  "minecraft:geometry": [
    {
      "description": {
        "identifier": "geometry.yg_yellow_morph",
        "texture_width": 64,
        "texture_height": 64,
        "visible_bounds_width": 3,
        "visible_bounds_height": 3.5,
        "visible_bounds_offset": [
          0,
          1.25,
          0
        ]
      },
      "bones": [
        {
          "name": "Root"
        },
        {
          "name": "Body",
          "pivot": [
            -0.05,
            11.47232,
            1.45412
          ],
          "cubes": [
            {
              "origin": [
                -3.5,
                11.0,
                -1.0
              ],
              "size": [
                7.0,
                10.0,
                6.0
              ],
              "uv": [
                0,
                18
              ],
              "inflate": 0
            },
            {
              "origin": [
                -2.8,
                11.34227,
                4.42984
              ],
              "size": [
                5.3,
                3.18,
                2.12
              ],
              "pivot": [
                0.79,
                12.93227,
                5.38598
              ],
              "rotation": [
                -47.5,
                0.0,
                0.0
              ],
              "uv": [
                42,
                28
              ],
              "inflate": 0
            },
            {
              "origin": [
                -1.5,
                12.6897,
                6.16811
              ],
              "size": [
                3.0,
                3.0,
                2.0
              ],
              "pivot": [
                0.0,
                14.6897,
                7.16811
              ],
              "rotation": [
                -40.0,
                0.0,
                0.0
              ],
              "uv": [
                46,
                46
              ],
              "inflate": 0
            }
          ],
          "parent": "Root"
        },
        {
          "name": "Head",
          "pivot": [
            0,
            21,
            2
          ],
          "cubes": [
            {
              "origin": [
                -4.5,
                21.0,
                -2.5
              ],
              "size": [
                9.0,
                9.0,
                9.0
              ],
              "uv": [
                0,
                0
              ],
              "inflate": 0
            },
            {
              "origin": [
                -3.0,
                23.0,
                -9.0
              ],
              "size": [
                6.0,
                3.0,
                7.0
              ],
              "uv": [
                26,
                18
              ],
              "inflate": 0
            }
          ],
          "parent": "Body"
        },
        {
          "name": "bone5",
          "pivot": [
            0,
            22,
            -2
          ],
          "cubes": [
            {
              "origin": [
                -2.5,
                21.0,
                -8.0
              ],
              "size": [
                5.0,
                2.0,
                6.0
              ],
              "uv": [
                36,
                10
              ],
              "inflate": 0
            }
          ],
          "parent": "Head"
        },
        {
          "name": "Rightarm",
          "pivot": [
            -4,
            19.25,
            2
          ],
          "cubes": [
            {
              "origin": [
                -5.0,
                16.0,
                0.0
              ],
              "size": [
                2.0,
                4.0,
                4.0
              ],
              "uv": [
                36,
                40
              ],
              "inflate": 0
            },
            {
              "origin": [
                -5.0,
                13.0,
                0.5
              ],
              "size": [
                2.0,
                3.0,
                3.0
              ],
              "uv": [
                45,
                18
              ],
              "inflate": 0
            }
          ],
          "parent": "Body"
        },
        {
          "name": "Leftarm",
          "pivot": [
            4,
            19.25,
            2
          ],
          "cubes": [
            {
              "origin": [
                3.0,
                16.0,
                0.0
              ],
              "size": [
                2.0,
                4.0,
                4.0
              ],
              "uv": [
                27,
                0
              ],
              "inflate": 0
            },
            {
              "origin": [
                3.0,
                13.0,
                0.5
              ],
              "size": [
                2.0,
                3.0,
                3.0
              ],
              "uv": [
                0,
                44
              ],
              "inflate": 0
            }
          ],
          "parent": "Body"
        },
        {
          "name": "Rightleg",
          "pivot": [
            -2,
            11,
            2
          ],
          "cubes": [
            {
              "origin": [
                -3.14,
                6.72,
                0.86
              ],
              "size": [
                2.28,
                4.56,
                2.28
              ],
              "uv": [
                12,
                36
              ],
              "inflate": 0
            }
          ],
          "parent": "Root"
        },
        {
          "name": "bone",
          "pivot": [
            -2,
            7.5,
            2
          ],
          "cubes": [
            {
              "origin": [
                -3.0,
                2.0,
                1.0
              ],
              "size": [
                2.0,
                5.0,
                2.0
              ],
              "uv": [
                30,
                28
              ],
              "inflate": 0
            }
          ],
          "parent": "Rightleg"
        },
        {
          "name": "bone2",
          "pivot": [
            -1.97005,
            2,
            2.00236
          ],
          "cubes": [
            {
              "origin": [
                -3.0,
                0.0,
                -5.0
              ],
              "size": [
                2.0,
                2.0,
                8.0
              ],
              "uv": [
                24,
                40
              ],
              "inflate": 0
            },
            {
              "origin": [
                -3.5,
                0.0,
                1.0
              ],
              "size": [
                3.0,
                2.0,
                3.0
              ],
              "uv": [
                42,
                33
              ],
              "inflate": 0
            },
            {
              "origin": [
                -3.0,
                0.0,
                -5.0
              ],
              "size": [
                2.0,
                2.0,
                8.0
              ],
              "pivot": [
                -2.0,
                1.0,
                2.0
              ],
              "rotation": [
                0.0,
                22.5,
                0.0
              ],
              "uv": [
                12,
                38
              ],
              "inflate": 0
            },
            {
              "origin": [
                -3.0,
                0.0,
                -5.0
              ],
              "size": [
                2.0,
                2.0,
                8.0
              ],
              "pivot": [
                -2.0,
                1.0,
                2.0
              ],
              "rotation": [
                0.0,
                -25.0,
                0.0
              ],
              "uv": [
                36,
                0
              ],
              "inflate": 0
            }
          ],
          "parent": "bone"
        },
        {
          "name": "Leftleg",
          "pivot": [
            2,
            11,
            2
          ],
          "cubes": [
            {
              "origin": [
                0.86,
                6.72,
                0.86
              ],
              "size": [
                2.28,
                4.56,
                2.28
              ],
              "uv": [
                0,
                34
              ],
              "inflate": 0
            }
          ],
          "parent": "Root"
        },
        {
          "name": "bone3",
          "pivot": [
            2,
            6.5,
            2
          ],
          "cubes": [
            {
              "origin": [
                1.0,
                2.0,
                1.0
              ],
              "size": [
                2.0,
                5.0,
                2.0
              ],
              "uv": [
                0,
                0
              ],
              "inflate": 0
            }
          ],
          "parent": "Leftleg"
        },
        {
          "name": "bone4",
          "pivot": [
            2.02995,
            2,
            2.00236
          ],
          "cubes": [
            {
              "origin": [
                1.0,
                0.0,
                -5.0
              ],
              "size": [
                2.0,
                2.0,
                8.0
              ],
              "uv": [
                0,
                34
              ],
              "inflate": 0
            },
            {
              "origin": [
                0.5,
                0.0,
                1.0
              ],
              "size": [
                3.0,
                2.0,
                3.0
              ],
              "uv": [
                20,
                18
              ],
              "inflate": 0
            },
            {
              "origin": [
                1.0,
                0.0,
                -5.0
              ],
              "size": [
                2.0,
                2.0,
                8.0
              ],
              "pivot": [
                2.0,
                1.0,
                2.0
              ],
              "rotation": [
                0.0,
                22.5,
                0.0
              ],
              "uv": [
                30,
                30
              ],
              "inflate": 0
            },
            {
              "origin": [
                1.0,
                0.0,
                -5.0
              ],
              "size": [
                2.0,
                2.0,
                8.0
              ],
              "pivot": [
                2.0,
                1.0,
                2.0
              ],
              "rotation": [
                0.0,
                -25.0,
                0.0
              ],
              "uv": [
                18,
                28
              ],
              "inflate": 0
            }
          ],
          "parent": "bone3"
        }
      ]
    }
  ]
}