{
  "format_version": "1.8.0",
  "animations": {
    "animation.mr_chata_scen.scene": {
      "animation_length": 15,
      "bones": {
        "Root": {
          "rotation": {
            "0.0": [
              0,
              0,
              0
            ],
            "3.0": [
              0,
              0,
              0
            ],
            "3.25": [
              -42.5,
              0,
              0
            ],
            "3.5": [
              -42.5,
              0,
              0
            ],
            "3.75": [
              -42.60882,
              3.68425,
              -3.38262
            ],
            "4.0": [
              -42.60882,
              -3.68425,
              3.38262
            ],
            "4.25": [
              -42.60882,
              3.68425,
              -3.38262
            ],
            "4.5": [
              -42.5,
              0,
              0
            ],
            "5.0": [
              -42.5,
              0,
              0
            ],
            "5.25": [
              -42.5,
              0,
              0
            ],
            "6.2917": [
              -42.5,
              0,
              0
            ],
            "6.5": [
              -42.5,
              0,
              0
            ],
            "6.75": [
              -46.80935,
              5.60527,
              -26.27409
            ],
            "7.0": [
              -129.68816,
              86.01847,
              -216.66421
            ]
          },
          "position": {
            "0.0": [
              0,
              101,
              0
            ],
            "3.0": [
              0,
              101,
              0
            ],
            "3.25": [
              0,
              108,
              -3
            ],
            "3.5": [
              0,
              108,
              -3
            ],
            "4.5": [
              0,
              108,
              -1
            ],
            "5.0": [
              0,
              108,
              -3
            ],
            "5.25": [
              0,
              108,
              2
            ],
            "6.2917": [
              -12.5,
              108,
              2
            ],
            "6.5": [
              -15,
              108,
              2
            ],
            "6.75": [
              -15,
              103,
              2
            ],
            "7.0": [
              -15,
              79,
              2
            ],
            "8.0": [
              -15,
              -151,
              2
            ]
          }
        },
        "Head": {
          "rotation": {
            "0.25": [
              0,
              0,
              0
            ],
            "0.5": [
              0,
              0,
              0
            ],
            "1.75": [
              0,
              0,
              0
            ],
            "2.25": [
              0,
              0,
              0
            ],
            "2.75": [
              0,
              0,
              0
            ],
            "3.0": [
              -25.04155,
              12.26918,
              -23.35613
            ],
            "3.75": [
              -25.04,
              12.27,
              -23.36
            ],
            "4.0": [
              -27.18714,
              -21.43994,
              -13.56769
            ],
            "4.375": [
              -25.67393,
              24.32721,
              -26.72388
            ]
          }
        },
        "Head2": {
          "rotation": {
            "0.25": [
              0,
              0,
              0
            ],
            "0.5": [
              -30,
              0,
              0
            ],
            "0.75": [
              0,
              0,
              0
            ],
            "1.75": [
              0,
              0,
              0
            ],
            "2.25": [
              0,
              0,
              0
            ],
            "2.75": [
              0,
              0,
              0
            ],
            "3.0": [
              -21.98671,
              -2.0441,
              42.51087
            ],
            "3.75": [
              -21.99,
              -2.04,
              42.51
            ],
            "4.0": [
              -23.33595,
              -33.79186,
              49.6618
            ],
            "4.375": [
              -21.9413,
              -9.37749,
              44.06464
            ]
          },
          "position": {
            "2.75": [
              0,
              0,
              0
            ],
            "3.0": [
              0,
              2,
              0
            ]
          },
          "scale": 1
        },
        "bone17": {
          "rotation": {
            "0.0": [
              0,
              0,
              0
            ],
            "0.5": [
              0,
              0,
              0
            ],
            "0.75": [
              15,
              0,
              0
            ],
            "1.75": [
              15,
              0,
              0
            ],
            "2.0": [
              0.68487,
              -3.44009,
              -2.48971
            ]
          }
        },
        "bone13": {
          "rotation": {
            "0.25": [
              0,
              0,
              0
            ],
            "0.5": [
              0,
              0,
              0
            ],
            "0.75": [
              12.5,
              0,
              0
            ],
            "1.75": [
              12.5,
              0,
              0
            ],
            "2.0": [
              0,
              0,
              0
            ]
          }
        },
        "bone14": {
          "rotation": {
            "0.5": [
              -2.5,
              0,
              0
            ],
            "0.75": [
              -10,
              0,
              0
            ],
            "1.5": [
              -12.5,
              0,
              0
            ],
            "1.75": [
              -10,
              0,
              0
            ],
            "2.0": [
              0,
              0,
              0
            ]
          },
          "scale": {
            "0.5": [
              1,
              1,
              1
            ],
            "0.75": [
              1,
              1,
              5.2
            ],
            "1.75": [
              1,
              1,
              5.2
            ],
            "2.0": [
              1,
              1,
              0.9
            ]
          }
        },
        "bone15": {
          "rotation": {
            "0.5": [
              0,
              0,
              0
            ],
            "0.75": [
              -55,
              0,
              0
            ],
            "3.75": [
              -55,
              0,
              0
            ],
            "3.9583": [
              -52.37472,
              -31.26463,
              -9.36302
            ],
            "4.375": [
              -55,
              0,
              0
            ],
            "4.75": [
              18.01615,
              -1.5216,
              -37.47365
            ],
            "5.2917": [
              -21.98385,
              -1.5216,
              -37.47365
            ],
            "5.8333": [
              -21.05027,
              -9.82587,
              -46.8711
            ]
          }
        },
        "Tail": {
          "rotation": {
            "0.0": [
              0,
              0,
              0
            ],
            "0.75": [
              12.5,
              0,
              0
            ],
            "2.25": [
              47.5,
              0,
              0
            ],
            "3.75": [
              22.60217,
              13.04169,
              13.59349
            ],
            "5.0833": [
              22.64055,
              -14.22449,
              9.98039
            ],
            "5.625": [
              23.38531,
              27.89792,
              15.81384
            ]
          }
        },
        "LeftLeg2": {
          "rotation": {
            "3.0": [
              0,
              0,
              0
            ],
            "3.25": [
              42.5,
              0,
              0
            ],
            "4.0": [
              42.5,
              0,
              0
            ],
            "4.25": [
              42.5,
              0,
              0
            ],
            "4.5": [
              39.10406,
              18.17696,
              -20.99692
            ],
            "5.25": [
              39.1,
              18.18,
              -21
            ],
            "5.5": [
              42.38843,
              3.37967,
              -3.69264
            ],
            "5.75": [
              34.46831,
              3.82965,
              -5.397
            ],
            "6.0": [
              63.3646,
              19.34333,
              -9.54596
            ],
            "6.25": [
              29.12857,
              4.97659,
              -8.45656
            ],
            "6.5": [
              49.26206,
              -2.59644,
              -1.92411
            ]
          },
          "position": {
            "3.5": [
              0,
              0,
              0
            ],
            "3.75": [
              0,
              1,
              1
            ],
            "4.0": [
              0,
              0,
              0
            ],
            "4.25": [
              0,
              1,
              1
            ],
            "4.5": [
              0,
              0,
              0
            ]
          }
        },
        "bone10": {
          "position": {
            "3.5": [
              0,
              0,
              0
            ],
            "3.75": [
              0,
              0,
              0
            ],
            "4.0": [
              0,
              0,
              0
            ]
          }
        },
        "LeftLeg": {
          "rotation": {
            "3.5": [
              0,
              0,
              0
            ],
            "3.75": [
              34.0724,
              8.53726,
              -12.37961
            ]
          }
        },
        "RightLeg2": {
          "rotation": {
            "3.0": [
              0,
              0,
              0
            ],
            "3.25": [
              42.5,
              0,
              0
            ],
            "5.5": [
              42.5,
              0,
              0
            ],
            "5.75": [
              41.15088,
              -11.72145,
              13.0867
            ],
            "6.0": [
              42.5,
              0,
              0
            ],
            "6.25": [
              40.73074,
              -13.35981,
              15.02126
            ]
          },
          "position": {
            "3.5": [
              0,
              1,
              1
            ],
            "3.75": [
              0,
              0,
              0
            ],
            "4.0": [
              0,
              1,
              1
            ]
          }
        },
        "RightLeg": {
          "rotation": {
            "3.5": [
              0,
              0,
              0
            ],
            "3.75": [
              20.94102,
              -8.42106,
              20.94102
            ]
          }
        }
      }
    }
  }
}