{
  "format_version": "1.8.0",
  "animations": {
    "animation.mr_jumbo_josh.move": {
      "loop": true,
      "animation_length": 1,
      "bones": {
        "Body": {
          "rotation": {
            "0.0": [
              50,
              0,
              0
            ],
            "0.25": [
              50.02686,
              1.60667,
              1.91561
            ],
            "0.5": [
              50,
              0,
              0
            ],
            "0.75": [
              50.10753,
              -3.21154,
              -3.83424
            ],
            "1.0": [
              50,
              0,
              0
            ]
          },
          "position": {
            "0.0": [
              0,
              -0.4,
              0
            ],
            "0.25": [
              0,
              0,
              0
            ],
            "0.5": [
              0,
              -0.4,
              0
            ],
            "0.75": [
              0,
              0,
              0
            ],
            "1.0": [
              0,
              -0.4,
              0
            ]
          }
        },
        "bone2": {
          "rotation": [
            7.5,
            0,
            0
          ]
        },
        "bone4": {
          "rotation": [
            -20,
            0,
            0
          ]
        },
        "Head": {
          "rotation": {
            "0.0": [
              -30,
              0,
              0
            ],
            "0.25": [
              -30.0273,
              -3.41481,
              -0.91438
            ],
            "0.5": [
              -30,
              0,
              0
            ],
            "0.75": [
              -30.0273,
              3.41481,
              0.91438
            ],
            "1.0": [
              -30,
              0,
              0
            ]
          }
        },
        "RightArm": {
          "rotation": {
            "0.0": [
              -37.19775,
              1.43411,
              -1.63933
            ],
            "0.5": [
              -49.7,
              1.43,
              -1.64
            ],
            "0.75": [
              -43.38146,
              3.30008,
              0.02064
            ],
            "1.0": [
              -37.2,
              1.43,
              -1.64
            ]
          },
          "position": {
            "0.0": [
              0,
              -1,
              1
            ],
            "0.25": [
              0,
              1,
              1
            ],
            "0.5": [
              0,
              1,
              -1
            ],
            "1.0": [
              0,
              -1,
              1
            ]
          }
        },
        "bone6": {
          "rotation": {
            "0.0": [
              0,
              0,
              0
            ],
            "0.25": [
              7.5,
              0,
              0
            ],
            "0.5": [
              0,
              0,
              0
            ]
          }
        },
        "LeftArm": {
          "rotation": {
            "0.0": [
              -47.65857,
              0.58395,
              -0.64148
            ],
            "0.25": [
              -41.39955,
              -1.22872,
              -2.36461
            ],
            "0.5": [
              -35.16,
              0.58,
              -0.64
            ],
            "1.0": [
              -47.66,
              0.58,
              -0.64
            ]
          },
          "position": {
            "0.0": [
              0,
              1,
              -1
            ],
            "0.5": [
              0,
              -1,
              1
            ],
            "0.75": [
              0,
              1,
              1
            ],
            "1.0": [
              0,
              1,
              -1
            ]
          }
        },
        "bone10": {
          "rotation": {
            "0.0": [
              0,
              0,
              0
            ],
            "0.5": [
              0,
              0,
              0
            ],
            "0.75": [
              7.5,
              0,
              0
            ],
            "1.0": [
              0,
              0,
              0
            ]
          }
        },
        "LeftLeg": {
          "rotation": {
            "0.0": [
              10,
              0,
              0
            ],
            "0.5": [
              -9.37641,
              2.04211,
              -2.99036
            ],
            "1.0": [
              10,
              0,
              0
            ]
          },
          "position": {
            "0.0": [
              0,
              0,
              1
            ],
            "0.25": [
              0,
              1,
              0
            ],
            "0.5": [
              0,
              0,
              -1
            ],
            "1.0": [
              0,
              0,
              1
            ]
          }
        },
        "bone3": {
          "rotation": {
            "0.0": [
              0,
              0,
              0
            ],
            "0.25": [
              20,
              0,
              0
            ],
            "0.5": [
              0,
              0,
              0
            ],
            "1.0": [
              0,
              0,
              0
            ]
          }
        },
        "RightLeg": {
          "rotation": {
            "0.0": [
              -10,
              0,
              0
            ],
            "0.5": [
              10,
              0,
              0
            ],
            "1.0": [
              -10,
              0,
              0
            ]
          },
          "position": {
            "0.0": [
              0,
              0,
              -1
            ],
            "0.5": [
              0,
              0,
              1
            ],
            "0.75": [
              0,
              1,
              0
            ],
            "1.0": [
              0,
              0,
              -1
            ]
          }
        },
        "bone": {
          "rotation": {
            "0.0": [
              0,
              0,
              0
            ],
            "0.5": [
              0,
              0,
              0
            ],
            "0.75": [
              20,
              0,
              0
            ],
            "1.0": [
              0,
              0,
              0
            ]
          }
        }
      }
    },
    "animation.mr_jumbo_josh.general": {
      "loop": true,
      "animation_length": 2,
      "bones": {
        "Body": {
          "rotation": {
            "0.0": [
              0,
              0,
              0
            ],
            "1.0": [
              0,
              0,
              0
            ],
            "2.0": [
              0,
              0,
              0
            ]
          },
          "position": {
            "0.0": [
              0,
              0,
              0
            ],
            "1.0": [
              0,
              -0.6,
              0
            ],
            "2.0": [
              0,
              0,
              0
            ]
          }
        },
        "bone4": {
          "rotation": {
            "0.0": [
              0,
              0,
              0
            ],
            "1.0": [
              2.5,
              0,
              0
            ],
            "2.0": [
              0,
              0,
              0
            ]
          }
        },
        "bone13": {
          "scale": {
            "0.0": [
              1,
              1,
              1
            ],
            "1.0": [
              1.04,
              1.07,
              1
            ],
            "2.0": [
              1,
              1,
              1
            ]
          }
        },
        "RightArm": {
          "rotation": {
            "0.0": [
              0,
              0,
              0
            ],
            "1.0": [
              0,
              0,
              2.5
            ],
            "2.0": [
              0,
              0,
              0
            ]
          }
        },
        "LeftArm": {
          "rotation": {
            "0.0": [
              0,
              0,
              0
            ],
            "1.0": [
              0,
              0,
              -2.5
            ],
            "2.0": [
              0,
              0,
              0
            ]
          }
        }
      }
    }
  }
}