{
	"format_version": "1.12.0",
	"minecraft:geometry": [
		{
			"description": {
				"identifier": "geometry.control_of_the_drone",
				"texture_width": 16,
				"texture_height": 16,
				"visible_bounds_width": 2,
				"visible_bounds_height": 2,
				"visible_bounds_offset": [0, 1, 0]
			},
			"bones": [
				{
					"name": "root",
					"pivot": [0, 0, 0]
				},
				{
					"name": "waist",
					"parent": "root",
					"pivot": [0, 12, 0]
				},
				{
					"name": "body",
					"parent": "waist",
					"pivot": [0, 24, 0]
				},
				{
					"name": "head",
					"parent": "body",
					"pivot": [0, 24, 0]
				},
				{
					"name": "hat",
					"parent": "head",
					"pivot": [0, 24, 0]
				},
				{
					"name": "cape",
					"parent": "body",
					"pivot": [0, 24, 3]
				},
				{
					"name": "leftArm",
					"parent": "body",
					"pivot": [5, 22, 0]
				},
				{
					"name": "leftSleeve",
					"parent": "leftArm",
					"pivot": [5, 22, 0]
				},
				{
					"name": "leftItem",
					"parent": "leftArm",
					"pivot": [6, 15, 1]
				},
				{
					"name": "rightArm",
					"parent": "body",
					"pivot": [-5, 22, 0]
				},
				{
					"name": "rightSleeve",
					"parent": "rightArm",
					"pivot": [-5, 22, 0]
				},
				{
					"name": "rightItem",
					"parent": "rightArm",
					"pivot": [-6, 15, 1]
				},
				{
					"name": "control_of_the_drone",
					"parent": "rightItem",
					"pivot": [0, 3, 0],
					"cubes": [
						{"origin": [-0.5, 5.8, -0.5], "size": [1, 3, 1], "inflate": -0.1, "uv": [6, 8]},
						{"origin": [-1, 2.7, -1.5], "size": [2, 2, 1], "inflate": 0.1, "uv": [0, 8]},
						{"origin": [-2, 0, -1], "size": [4, 6, 2], "uv": [0, 0]}
					]
				},
				{
					"name": "bone",
					"parent": "control_of_the_drone",
					"pivot": [0, 9, 0],
					"cubes": [
						{"origin": [-0.5, 9, -0.5], "size": [1, 1, 1], "inflate": 0.3, "uv": [1, 9]}
					]
				},
				{
					"name": "jacket",
					"parent": "body",
					"pivot": [0, 24, 0]
				},
				{
					"name": "leftLeg",
					"parent": "root",
					"pivot": [1.9, 12, 0]
				},
				{
					"name": "leftPants",
					"parent": "leftLeg",
					"pivot": [1.9, 12, 0]
				},
				{
					"name": "rightLeg",
					"parent": "root",
					"pivot": [-1.9, 12, 0]
				},
				{
					"name": "rightPants",
					"parent": "rightLeg",
					"pivot": [-1.9, 12, 0]
				}
			]
		}
	]
}