{
	"format_version": "1.12.0",
	"minecraft:geometry": [
		{
			"description": {
				"identifier": "geometry.drone",
				"texture_width": 64,
				"texture_height": 64,
				"visible_bounds_width": 2,
				"visible_bounds_height": 1.5,
				"visible_bounds_offset": [0, 0.25, 0]
			},
			"bones": [
				{
					"name": "drone",
					"pivot": [0, 1, 0],
					"cubes": [
						{"origin": [-5, 1, -5], "size": [10, 0, 10], "pivot": [0, -3, 0], "rotation": [0, 90, 0], "uv": [0, 0]},
						{"origin": [-5, 1, -5], "size": [10, 0, 10], "pivot": [0, -3, 0], "rotation": [0, 180, 0], "uv": [0, 0]},
						{"origin": [-5, 1, -5], "size": [10, 0, 10], "pivot": [0, -3, 0], "rotation": [0, -90, 0], "uv": [0, 0]},
						{"origin": [-5, 1, -5], "size": [10, 0, 10], "uv": [0, 0]},
						{"origin": [-1, 0, -1], "size": [2, 2, 2], "uv": [0, 0]}
					]
				},
				{
					"name": "bone",
					"parent": "drone",
					"pivot": [0, -3, 0],
					"cubes": [
						{"origin": [-6, 0.5, -6], "size": [5, 1, 5], "uv": [0, 10]}
					]
				},
				{
					"name": "bone3",
					"parent": "bone",
					"pivot": [-3.5, 1, -3.5],
					"cubes": [
						{"origin": [-4, 1, -6], "size": [1, 0, 5], "uv": [-5, 23]}
					]
				},
				{
					"name": "bone2",
					"parent": "bone",
					"pivot": [-3, 1, 0],
					"cubes": [
						{"origin": [-6, 0.5, -6], "size": [5, 1, 5], "inflate": 0.01, "uv": [0, 17]}
					]
				},
				{
					"name": "bone4",
					"parent": "drone",
					"pivot": [7, -3, 0],
					"cubes": [
						{"origin": [1, 0.5, -6], "size": [5, 1, 5], "uv": [0, 10]}
					]
				},
				{
					"name": "bone5",
					"parent": "bone4",
					"pivot": [3.5, 1, -3.5],
					"cubes": [
						{"origin": [3, 1, -6], "size": [1, 0, 5], "uv": [-5, 23]}
					]
				},
				{
					"name": "bone6",
					"parent": "bone4",
					"pivot": [4, 1, 0],
					"cubes": [
						{"origin": [1, 0.5, -6], "size": [5, 1, 5], "inflate": 0.01, "uv": [0, 17]}
					]
				},
				{
					"name": "bone7",
					"parent": "drone",
					"pivot": [7, -3, 7],
					"cubes": [
						{"origin": [1, 0.5, 1], "size": [5, 1, 5], "uv": [0, 10]}
					]
				},
				{
					"name": "bone8",
					"parent": "bone7",
					"pivot": [3.5, 1, 3.5],
					"cubes": [
						{"origin": [3, 1, 1], "size": [1, 0, 5], "uv": [-5, 23]}
					]
				},
				{
					"name": "bone9",
					"parent": "bone7",
					"pivot": [4, 1, 7],
					"cubes": [
						{"origin": [1, 0.5, 1], "size": [5, 1, 5], "inflate": 0.01, "uv": [0, 17]}
					]
				},
				{
					"name": "bone10",
					"parent": "drone",
					"pivot": [0, -3, 7],
					"cubes": [
						{"origin": [-6, 0.5, 1], "size": [5, 1, 5], "uv": [0, 10]}
					]
				},
				{
					"name": "bone11",
					"parent": "bone10",
					"pivot": [-3.5, 1, 3.5],
					"cubes": [
						{"origin": [-4, 1, 1], "size": [1, 0, 5], "uv": [-5, 23]}
					]
				},
				{
					"name": "bone12",
					"parent": "bone10",
					"pivot": [-3, 1, 7],
					"cubes": [
						{"origin": [-6, 0.5, 1], "size": [5, 1, 5], "inflate": 0.01, "uv": [0, 17]}
					]
				}
			]
		}
	]
}