{
	"format_version": "1.12.0",
	"minecraft:geometry": [
		{
			"description": {
				"identifier": "geometry.jumbo_josh",
				"texture_width": 128,
				"texture_height": 128,
				"visible_bounds_width": 3,
				"visible_bounds_height": 5.5,
				"visible_bounds_offset": [0, 2.25, 0]
			},
			"bones": [
				{
					"name": "root",
					"pivot": [0, 0, 0]
				},
				{
					"name": "waist",
					"parent": "root",
					"pivot": [0, 10, 0]
				},
				{
					"name": "body",
					"parent": "waist",
					"pivot": [0, 0, 0]
				},
				{
					"name": "bone",
					"parent": "body",
					"pivot": [0, 30, 0]
				},
				{
					"name": "bone5",
					"parent": "bone",
					"pivot": [0, 3, 0],
					"cubes": [
						{"origin": [-8, 24, -4], "size": [16, 19, 8], "inflate": 0.01, "uv": [0, 28]}
					]
				},
				{
					"name": "bone7",
					"parent": "bone",
					"pivot": [0, 43, 0],
					"cubes": [
						{"origin": [-7, 41, -3], "size": [14, 4, 6], "uv": [60, 0]}
					]
				},
				{
					"name": "head",
					"parent": "bone7",
					"pivot": [0, 44, 0],
					"cubes": [
						{"origin": [-12, 44, -6], "size": [24, 14, 12], "uv": [0, 0]},
						{"origin": [-12, 44, -6], "size": [12, 7, 0], "inflate": 0.01, "uv": [62, 121]},
						{"origin": [0, 44, -6], "size": [12, 7, 0], "inflate": 0.01, "uv": [62, 121], "mirror": true}
					]
				},
				{
					"name": "bone15",
					"parent": "head",
					"pivot": [0, 3, 0],
					"cubes": [
						{"origin": [3, 51.3, -6.2], "size": [6, 6, 1], "uv": [114, 121]},
						{"origin": [4.5, 52.8, -6.5], "size": [3, 3, 1], "uv": [117, 116]}
					]
				},
				{
					"name": "bone14",
					"parent": "head",
					"pivot": [-6.5, 54.5, 0],
					"cubes": [
						{"origin": [-9, 51.3, -6.2], "size": [6, 6, 1], "uv": [114, 121]},
						{"origin": [-7.5, 52.8, -6.5], "size": [3, 3, 1], "uv": [117, 116]}
					]
				},
				{
					"name": "bone8",
					"parent": "bone",
					"pivot": [-8, 39, 0],
					"cubes": [
						{"origin": [-14, 30, -2.5], "size": [6, 11, 5], "uv": [82, 31]}
					]
				},
				{
					"name": "bone9",
					"parent": "bone8",
					"pivot": [-12, 32, 0],
					"cubes": [
						{"origin": [-15, 18, -3.5], "size": [7, 14, 7], "uv": [74, 10]}
					]
				},
				{
					"name": "bone10",
					"parent": "bone9",
					"pivot": [-11, 22, 0],
					"cubes": [
						{"origin": [-15.5, 11, -4], "size": [9, 11, 8], "uv": [0, 55]}
					]
				},
				{
					"name": "bone11",
					"parent": "bone",
					"pivot": [8, 39, 0],
					"cubes": [
						{"origin": [8, 30, -2.5], "size": [6, 11, 5], "uv": [72, 74]}
					]
				},
				{
					"name": "bone12",
					"parent": "bone11",
					"pivot": [12, 32, 0],
					"cubes": [
						{"origin": [8, 18, -3.5], "size": [7, 14, 7], "uv": [0, 74]}
					]
				},
				{
					"name": "bone13",
					"parent": "bone12",
					"pivot": [11, 22, 0],
					"cubes": [
						{"origin": [6.5, 11, -4], "size": [9, 11, 8], "uv": [48, 28]}
					]
				},
				{
					"name": "bone4",
					"parent": "body",
					"pivot": [0, 0, 0],
					"cubes": [
						{"origin": [-8, 10, -4], "size": [16, 19, 8], "uv": [40, 47]}
					]
				},
				{
					"name": "bone3",
					"parent": "root",
					"pivot": [4.5, 10, 0],
					"cubes": [
						{"origin": [2, 0, -3], "size": [5, 12, 6], "uv": [28, 74]}
					]
				},
				{
					"name": "bone2",
					"parent": "root",
					"pivot": [-4.5, 10, 0],
					"cubes": [
						{"origin": [-7, 0, -3], "size": [5, 12, 6], "uv": [50, 74]}
					]
				}
			]
		}
	]
}