{
	"format_version": "1.12.0",
	"minecraft:geometry": [
		{
			"description": {
				"identifier": "geometry.opila_bird",
				"texture_width": 128,
				"texture_height": 128,
				"visible_bounds_width": 4,
				"visible_bounds_height": 3.5,
				"visible_bounds_offset": [0, 1.25, 0]
			},
			"bones": [
				{
					"name": "root",
					"pivot": [0, 0, 0],
					"rotation": [0, -90, 0]
				},
				{
					"name": "waist",
					"parent": "root",
					"pivot": [0, 10, 0]
				},
				{
					"name": "body",
					"parent": "waist",
					"pivot": [0, 0, 0]
				},
				{
					"name": "bone10",
					"parent": "body",
					"pivot": [-6, 16, 0],
					"cubes": [
						{"origin": [-12.31361, 13.62205, -3], "size": [8, 6, 6], "inflate": 0.01, "pivot": [-6, 15, 0], "rotation": [0, 0, 40], "uv": [44, 0]}
					]
				},
				{
					"name": "bone11",
					"parent": "bone10",
					"pivot": [-9, 19, 0],
					"cubes": [
						{"origin": [-25.11787, 10.4649, -3], "size": [9, 6, 6], "pivot": [-9.80426, 11.84285, 0], "rotation": [0, 0, 85], "uv": [0, 20]}
					]
				},
				{
					"name": "head",
					"parent": "bone11",
					"pivot": [-9.80426, 25.34285, 0],
					"cubes": [
						{"origin": [-29.83885, 9.47464, -3.5], "size": [8, 7, 7], "inflate": 0.01, "pivot": [-9.52524, 11.85259, 0], "rotation": [0, 0, 85], "uv": [27, 25]},
						{"origin": [-28.93885, 9.17464, 0.3], "size": [3, 1, 3], "inflate": -0.2, "pivot": [-9.52524, 12.05259, 0], "rotation": [0, 0, 85], "uv": [0, 124]},
						{"origin": [-28.93885, 8.77464, 0.3], "size": [3, 2, 3], "inflate": -0.5, "pivot": [-9.52524, 12.05259, 0], "rotation": [0, 0, 85], "uv": [0, 119]},
						{"origin": [-29.03885, 8.37464, 1.4], "size": [2, 2, 2], "inflate": -0.8, "pivot": [-9.52524, 12.05259, 0], "rotation": [0, 0, 85], "uv": [16, 124]},
						{"origin": [-29.03885, 8.37464, -2.3], "size": [2, 2, 2], "inflate": -0.8, "pivot": [-9.52524, 12.05259, 0], "rotation": [0, 0, 85], "uv": [16, 124]},
						{"origin": [-28.93885, 8.77464, -3.3], "size": [3, 2, 3], "inflate": -0.5, "pivot": [-9.52524, 12.05259, 0], "rotation": [0, 0, 85], "uv": [0, 119]},
						{"origin": [-28.93885, 9.17464, -3.3], "size": [3, 1, 3], "inflate": -0.2, "pivot": [-9.52524, 12.05259, 0], "rotation": [0, 0, 85], "uv": [0, 124]}
					]
				},
				{
					"name": "bone5",
					"parent": "head",
					"pivot": [-13.02524, 25.15259, 0],
					"cubes": [
						{"origin": [-17.20249, 25.34971, -1], "size": [3, 2, 2], "inflate": 0.01, "pivot": [-17.52524, 28.15259, 0], "rotation": [0, 0, 75], "uv": [28, 20]},
						{"origin": [-25.83885, 4.77464, -2], "size": [3, 5, 4], "inflate": 0.01, "pivot": [-9.52524, 12.15259, 0], "rotation": [0, 0, 85], "uv": [44, 47]}
					]
				},
				{
					"name": "bone9",
					"parent": "head",
					"pivot": [-9.52524, 11.85259, 0],
					"cubes": [
						{"origin": [-16.9729, 32.19476, -3.5], "size": [7, 0, 7], "inflate": 0.01, "pivot": [-10.02524, 32.25259, 0], "rotation": [0, 0, 85], "uv": [5, 32]}
					]
				},
				{
					"name": "bone4",
					"parent": "head",
					"pivot": [-13.42524, 25.15259, 0],
					"cubes": [
						{"origin": [-22.83885, 5.77464, -2], "size": [1, 4, 4], "inflate": 0.01, "pivot": [-9.52524, 12.15259, 0], "rotation": [0, 0, 85], "uv": [0, 0]}
					]
				},
				{
					"name": "bone6",
					"parent": "body",
					"pivot": [-2, 19, 5],
					"cubes": [
						{"origin": [-5, 12, 5], "size": [12, 7, 1], "uv": [44, 12]}
					]
				},
				{
					"name": "bone7",
					"parent": "body",
					"pivot": [-2, 19, -5],
					"cubes": [
						{"origin": [-7, 12, 5], "size": [12, 7, 1], "pivot": [0, 0, 0], "rotation": [0, 180, 0], "uv": [44, 12], "mirror": true}
					]
				},
				{
					"name": "bone8",
					"parent": "body",
					"pivot": [7.29663, 16.13453, -0.01],
					"cubes": [
						{"origin": [-8.01698, 51.35658, -3.51], "size": [7, 0, 7], "inflate": 0.01, "pivot": [5.29663, 34.13453, 1.49], "rotation": [0, 0, -165], "uv": [5, 32]}
					]
				},
				{
					"name": "bone3",
					"parent": "body",
					"pivot": [0, 0, 0],
					"cubes": [
						{"origin": [-6, 10, -5], "size": [12, 10, 10], "uv": [0, 0]},
						{"origin": [6, 11, -5], "size": [1, 9, 10], "uv": [22, 39]},
						{"origin": [-7, 11, -5], "size": [1, 9, 10], "uv": [0, 32]}
					]
				},
				{
					"name": "bone",
					"parent": "root",
					"pivot": [0, 10, 2.3],
					"cubes": [
						{"origin": [-3, 0, 0.8], "size": [4, 1, 1], "pivot": [-1, 0, 1.8], "rotation": [0, -22.5, 0], "uv": [34, 2]},
						{"origin": [-3, 0, 1.8], "size": [4, 1, 1], "uv": [34, 8]},
						{"origin": [-3, 0, 2.8], "size": [4, 1, 1], "pivot": [-1, 0, 2.8], "rotation": [0, 22.5, 0], "uv": [34, 4]},
						{"origin": [-1, 0, 1.8], "size": [4, 1, 1], "uv": [34, 6]},
						{"origin": [-1, 0, 1.3], "size": [2, 10, 2], "uv": [0, 51]}
					]
				},
				{
					"name": "bone2",
					"parent": "root",
					"pivot": [0, 10, -2.3],
					"cubes": [
						{"origin": [-3, 0, -3.8], "size": [4, 1, 1], "pivot": [-1, 0, -2.8], "rotation": [0, -22.5, 0], "uv": [34, 0]},
						{"origin": [-3, 0, -2.8], "size": [4, 1, 1], "uv": [0, 34]},
						{"origin": [-3, 0, -1.8], "size": [4, 1, 1], "pivot": [-1, 0, -1.8], "rotation": [0, 22.5, 0], "uv": [0, 32]},
						{"origin": [-1, 0, -2.8], "size": [4, 1, 1], "uv": [0, 8]},
						{"origin": [-1, 0, -3.3], "size": [2, 10, 2], "uv": [50, 20]}
					]
				}
			]
		}
	]
}