{
  "format_version": "1.12.0",
  "minecraft:geometry": [
    {
      "description": {
        "identifier": "geometry.pa_peppernam",
        "texture_width": 164,
        "texture_height": 164,
        "visible_bounds_width": 4,
        "visible_bounds_height": 4.5,
        "visible_bounds_offset": [
          0,
          1.75,
          0
        ]
      },
      "bones": [
        {
          "name": "Root",
          "pivot": [
            0,
            12,
            3
          ],
          "cubes": [
            {
              "origin": [
                -5,
                30,
                0
              ],
              "size": [
                7,
                4,
                6
              ],
              "pivot": [
                0,
                7,
                0
              ],
              "rotation": [
                19.71975,
                -3.40487,
                9.40804
              ],
              "uv": [
                87,
                56
              ]
            },
            {
              "origin": [
                -3,
                11,
                -4
              ],
              "size": [
                9,
                19,
                11
              ],
              "pivot": [
                0,
                7,
                0
              ],
              "rotation": [
                -0.34627,
                13.33009,
                14.89597
              ],
              "uv": [
                29,
                37
              ]
            },
            {
              "origin": [
                -17,
                23,
                -5
              ],
              "size": [
                9,
                9,
                10
              ],
              "pivot": [
                0,
                7,
                0
              ],
              "rotation": [
                -1.5584,
                0.44267,
                17.05311
              ],
              "uv": [
                69,
                37
              ]
            },
            {
              "origin": [
                -6,
                11,
                -4
              ],
              "size": [
                9,
                19,
                11
              ],
              "pivot": [
                0,
                7,
                0
              ],
              "rotation": [
                -0.34627,
                -13.33009,
                -14.89597
              ],
              "uv": [
                0,
                18
              ]
            },
            {
              "origin": [
                15,
                14,
                -1
              ],
              "size": [
                9,
                9,
                10
              ],
              "pivot": [
                0,
                7,
                0
              ],
              "rotation": [
                43.31069,
                -36.54752,
                -46.06934
              ],
              "uv": [
                28,
                76
              ]
            },
            {
              "origin": [
                -24,
                14,
                -1
              ],
              "size": [
                9,
                9,
                10
              ],
              "pivot": [
                0,
                7,
                0
              ],
              "rotation": [
                43.31069,
                36.54752,
                46.06934
              ],
              "uv": [
                66,
                76
              ]
            },
            {
              "origin": [
                -11,
                11,
                -1
              ],
              "size": [
                9,
                19,
                10
              ],
              "pivot": [
                0,
                7,
                0
              ],
              "rotation": [
                -3.07558,
                54.1683,
                -15.44246
              ],
              "uv": [
                0,
                57
              ]
            },
            {
              "origin": [
                8,
                23,
                -5
              ],
              "size": [
                9,
                9,
                10
              ],
              "pivot": [
                0,
                7,
                0
              ],
              "rotation": [
                -1.5584,
                -0.44267,
                -17.05311
              ],
              "uv": [
                59,
                57
              ]
            },
            {
              "origin": [
                2,
                11,
                -1
              ],
              "size": [
                9,
                19,
                10
              ],
              "pivot": [
                0,
                7,
                0
              ],
              "rotation": [
                -3.07558,
                -54.1683,
                15.44246
              ],
              "uv": [
                50,
                8
              ]
            },
            {
              "origin": [
                -2,
                30,
                0
              ],
              "size": [
                7,
                4,
                6
              ],
              "pivot": [
                0,
                7,
                0
              ],
              "rotation": [
                19.71975,
                3.40487,
                -9.40804
              ],
              "uv": [
                94,
                70
              ]
            },
            {
              "origin": [
                -1,
                36,
                1
              ],
              "size": [
                2,
                4,
                2
              ],
              "uv": [
                0,
                56
              ]
            },
            {
              "origin": [
                -1,
                36,
                1
              ],
              "size": [
                2,
                4,
                2
              ],
              "pivot": [
                0,
                39,
                2
              ],
              "rotation": [
                135,
                0,
                0
              ],
              "uv": [
                39,
                18
              ]
            },
            {
              "origin": [
                -7.90328,
                14.76241,
                -9
              ],
              "size": [
                2,
                6,
                5
              ],
              "pivot": [
                -8,
                20,
                -6
              ],
              "rotation": [
                22.5,
                0,
                -35
              ],
              "uv": [
                112,
                117
              ],
              "mirror": true
            },
            {
              "origin": [
                -8,
                20,
                -9
              ],
              "size": [
                16,
                10,
                5
              ],
              "uv": [
                78,
                0
              ]
            },
            {
              "origin": [
                5.90328,
                14.76241,
                -9
              ],
              "size": [
                2,
                6,
                5
              ],
              "pivot": [
                8,
                20,
                -6
              ],
              "rotation": [
                22.5,
                0,
                35
              ],
              "uv": [
                112,
                117
              ]
            },
            {
              "origin": [
                -6,
                17,
                -9
              ],
              "size": [
                12,
                3,
                1
              ],
              "uv": {
                "north": {
                  "uv": [
                    1,
                    126
                  ],
                  "uv_size": [
                    12,
                    2
                  ]
                },
                "east": {
                  "uv": [
                    0,
                    126
                  ],
                  "uv_size": [
                    1,
                    2
                  ]
                },
                "south": {
                  "uv": [
                    14,
                    126
                  ],
                  "uv_size": [
                    12,
                    2
                  ]
                },
                "west": {
                  "uv": [
                    13,
                    126
                  ],
                  "uv_size": [
                    1,
                    2
                  ]
                },
                "up": {
                  "uv": [
                    1,
                    125
                  ],
                  "uv_size": [
                    12,
                    1
                  ]
                },
                "down": {
                  "uv": [
                    13,
                    126
                  ],
                  "uv_size": [
                    12,
                    -1
                  ]
                }
              }
            },
            {
              "origin": [
                -8,
                32,
                -4
              ],
              "size": [
                16,
                4,
                14
              ],
              "uv": [
                0,
                0
              ]
            }
          ]
        },
        {
          "name": "bone10",
          "parent": "Root",
          "pivot": [
            0,
            13,
            -7
          ],
          "cubes": [
            {
              "origin": [
                1.16419,
                13.42867,
                -5.05785
              ],
              "size": [
                9,
                5,
                6
              ],
              "pivot": [
                3,
                13,
                0
              ],
              "rotation": [
                82.60895,
                73.04439,
                82.79253
              ],
              "uv": [
                2,
                89
              ]
            },
            {
              "origin": [
                1.16419,
                13.42867,
                -7.05785
              ],
              "size": [
                9,
                5,
                6
              ],
              "pivot": [
                3,
                13,
                0
              ],
              "rotation": [
                82.60895,
                73.04439,
                82.79253
              ],
              "uv": [
                2,
                89
              ]
            }
          ]
        },
        {
          "name": "bone2",
          "parent": "Root",
          "pivot": [
            11,
            25,
            0
          ],
          "cubes": [
            {
              "origin": [
                10,
                13,
                -1
              ],
              "size": [
                2,
                13,
                2
              ],
              "uv": [
                42,
                95
              ]
            }
          ]
        },
        {
          "name": "bone5",
          "parent": "bone2",
          "pivot": [
            11,
            14,
            0
          ],
          "cubes": [
            {
              "origin": [
                11,
                10,
                -2
              ],
              "size": [
                2,
                3,
                4
              ],
              "uv": [
                0,
                0
              ]
            },
            {
              "origin": [
                9.5,
                11,
                -2
              ],
              "size": [
                1,
                2,
                1
              ],
              "pivot": [
                9,
                12,
                -2
              ],
              "rotation": [
                -25,
                0,
                -45
              ],
              "uv": [
                0,
                0
              ]
            },
            {
              "origin": [
                9,
                10,
                -2
              ],
              "size": [
                2,
                1,
                4
              ],
              "uv": [
                46,
                8
              ]
            },
            {
              "origin": [
                9,
                13,
                -2
              ],
              "size": [
                4,
                1,
                4
              ],
              "uv": [
                46,
                3
              ]
            }
          ]
        },
        {
          "name": "bone",
          "parent": "Root",
          "pivot": [
            -11,
            25,
            0
          ],
          "cubes": [
            {
              "origin": [
                -12,
                13,
                -1
              ],
              "size": [
                2,
                13,
                2
              ],
              "uv": [
                34,
                95
              ]
            }
          ]
        },
        {
          "name": "bone3",
          "parent": "bone",
          "pivot": [
            -11,
            14,
            0
          ],
          "cubes": [
            {
              "origin": [
                -13,
                13,
                -2
              ],
              "size": [
                4,
                1,
                4
              ],
              "uv": [
                10,
                48
              ]
            },
            {
              "origin": [
                -11,
                10,
                -2
              ],
              "size": [
                2,
                1,
                4
              ],
              "uv": [
                62,
                3
              ]
            },
            {
              "origin": [
                -13,
                10,
                -2
              ],
              "size": [
                2,
                3,
                4
              ],
              "uv": [
                0,
                7
              ]
            },
            {
              "origin": [
                -10.5,
                11,
                -2
              ],
              "size": [
                1,
                2,
                1
              ],
              "pivot": [
                -9,
                12,
                -2
              ],
              "rotation": [
                -25,
                0,
                45
              ],
              "uv": [
                0,
                7
              ]
            }
          ]
        },
        {
          "name": "bone4",
          "parent": "bone3",
          "pivot": [
            -10,
            11,
            2
          ],
          "cubes": [
            {
              "origin": [
                -10.5,
                9.5,
                -11
              ],
              "size": [
                0,
                5,
                8
              ],
              "pivot": [
                -10.5,
                12,
                -6
              ],
              "rotation": [
                0,
                0,
                -90
              ],
              "uv": [
                148,
                -8
              ]
            },
            {
              "origin": [
                -11,
                11,
                -5
              ],
              "size": [
                1,
                1,
                10
              ],
              "uv": [
                38,
                117
              ]
            },
            {
              "origin": [
                -10.5,
                9,
                -11
              ],
              "size": [
                0,
                5,
                8
              ],
              "uv": [
                148,
                -8
              ]
            }
          ]
        },
        {
          "name": "bone8",
          "parent": "Root",
          "pivot": [
            4,
            10,
            3
          ],
          "cubes": [
            {
              "origin": [
                3,
                2,
                2
              ],
              "size": [
                2,
                8,
                2
              ],
              "uv": [
                0,
                18
              ]
            },
            {
              "origin": [
                2,
                2,
                1
              ],
              "size": [
                4,
                1,
                4
              ],
              "uv": [
                58,
                37
              ]
            }
          ]
        },
        {
          "name": "bone9",
          "parent": "bone8",
          "pivot": [
            4,
            1,
            3
          ],
          "cubes": [
            {
              "origin": [
                3,
                0,
                -2
              ],
              "size": [
                2,
                2,
                6
              ],
              "uv": [
                29,
                18
              ]
            }
          ]
        },
        {
          "name": "bone6",
          "parent": "Root",
          "pivot": [
            -4,
            10,
            3
          ],
          "cubes": [
            {
              "origin": [
                -5,
                2,
                2
              ],
              "size": [
                2,
                8,
                2
              ],
              "uv": [
                40,
                26
              ]
            },
            {
              "origin": [
                -6,
                2,
                1
              ],
              "size": [
                4,
                1,
                4
              ],
              "uv": [
                58,
                42
              ]
            }
          ]
        },
        {
          "name": "bone7",
          "parent": "bone6",
          "pivot": [
            -4,
            1,
            3
          ],
          "cubes": [
            {
              "origin": [
                -5,
                0,
                -2
              ],
              "size": [
                2,
                2,
                6
              ],
              "uv": [
                0,
                48
              ]
            }
          ]
        },
        {
          "name": "bone12",
          "parent": "Root",
          "pivot": [
            -4,
            25,
            -9
          ],
          "cubes": [
            {
              "origin": [
                -7,
                24,
                -10
              ],
              "size": [
                5,
                3,
                2
              ],
              "uv": [
                84,
                121
              ]
            }
          ]
        },
        {
          "name": "bone11",
          "parent": "Root",
          "pivot": [
            5,
            27,
            0
          ],
          "cubes": [
            {
              "origin": [
                2,
                24,
                -10
              ],
              "size": [
                5,
                3,
                2
              ],
              "uv": [
                84,
                121
              ]
            }
          ]
        }
      ]
    }
  ]
}