{
  "format_version": "1.12.0",
  "minecraft:geometry": [
    {
      "description": {
        "identifier": "geometry.pa_spider",
        "texture_width": 128,
        "texture_height": 128,
        "visible_bounds_width": 4,
        "visible_bounds_height": 5,
        "visible_bounds_offset": [
          0,
          1.5,
          0
        ]
      },
      "bones": [
        {
          "name": "Head",
          "pivot": [
            0,
            25,
            0
          ],
          "cubes": [
            {
              "origin": [
                -13,
                18.01519,
                -4.17365
              ],
              "size": [
                8,
                1,
                7
              ],
              "pivot": [
                0,
                -4,
                0
              ],
              "rotation": [
                0,
                0,
                10
              ],
              "uv": [
                48,
                32
              ]
            },
            {
              "origin": [
                -3,
                18.5,
                -4.17365
              ],
              "size": [
                6,
                1,
                7
              ],
              "uv": [
                0,
                53
              ]
            },
            {
              "origin": [
                -3,
                19.5,
                3.82635
              ],
              "size": [
                6,
                1,
                7
              ],
              "pivot": [
                0,
                -4,
                0
              ],
              "rotation": [
                17.5,
                0,
                0
              ],
              "uv": [
                50,
                18
              ]
            },
            {
              "origin": [
                5,
                18.01519,
                -4.17365
              ],
              "size": [
                8,
                1,
                7
              ],
              "pivot": [
                0,
                -4,
                0
              ],
              "rotation": [
                0,
                0,
                -10
              ],
              "uv": [
                30,
                45
              ]
            }
          ]
        },
        {
          "name": "bone4",
          "parent": "Head",
          "pivot": [
            0,
            25.01519,
            -0.17365
          ],
          "cubes": [
            {
              "origin": [
                8,
                20.01519,
                -4.17365
              ],
              "size": [
                1,
                5,
                7
              ],
              "uv": [
                16,
                61
              ]
            },
            {
              "origin": [
                -9,
                20.01519,
                -4.17365
              ],
              "size": [
                1,
                5,
                7
              ],
              "uv": [
                0,
                61
              ]
            },
            {
              "origin": [
                -9,
                19.01519,
                2.82635
              ],
              "size": [
                18,
                6,
                0
              ],
              "uv": [
                24,
                26
              ]
            },
            {
              "origin": [
                -9,
                24.01519,
                -4.17365
              ],
              "size": [
                18,
                1,
                7
              ],
              "uv": [
                0,
                18
              ]
            },
            {
              "origin": [
                -1,
                21.01519,
                -3.17365
              ],
              "size": [
                2,
                3,
                0
              ],
              "uv": [
                0,
                22
              ]
            }
          ]
        },
        {
          "name": "bone2",
          "parent": "bone4",
          "pivot": [
            3,
            30.01519,
            -3.67365
          ],
          "rotation": [
            0,
            0,
            15
          ]
        },
        {
          "name": "bone",
          "parent": "bone4",
          "pivot": [
            -3,
            29.01519,
            -4.17365
          ],
          "rotation": [
            0,
            0,
            -17.5
          ]
        },
        {
          "name": "bone5",
          "parent": "bone4",
          "pivot": [
            0,
            25.01519,
            -0.17365
          ],
          "cubes": [
            {
              "origin": [
                3,
                26.01519,
                -0.17365
              ],
              "size": [
                2,
                3,
                1
              ],
              "uv": [
                0,
                18
              ]
            },
            {
              "origin": [
                -5,
                26.01519,
                -0.17365
              ],
              "size": [
                2,
                3,
                1
              ],
              "uv": [
                0,
                4
              ]
            },
            {
              "origin": [
                -4,
                25.01519,
                -4.17365
              ],
              "size": [
                8,
                6,
                8
              ],
              "uv": [
                0,
                26
              ]
            },
            {
              "origin": [
                -1,
                23.01519,
                -5.17365
              ],
              "size": [
                2,
                3,
                1
              ],
              "uv": [
                0,
                0
              ]
            },
            {
              "origin": [
                -7,
                23.01519,
                -4.9
              ],
              "size": [
                14,
                5,
                0
              ],
              "uv": [
                44,
                53
              ]
            }
          ]
        },
        {
          "name": "Hat",
          "parent": "bone5",
          "pivot": [
            0,
            29.01519,
            -0.17365
          ],
          "rotation": [
            0,
            0,
            7.5
          ],
          "cubes": [
            {
              "origin": [
                -3,
                29.01519,
                -3.17365
              ],
              "size": [
                6,
                4,
                6
              ],
              "uv": [
                26,
                53
              ]
            },
            {
              "origin": [
                9,
                29.01519,
                -4.17365
              ],
              "size": [
                7,
                5,
                8
              ],
              "pivot": [
                0,
                -2.98481,
                -0.17365
              ],
              "rotation": [
                0,
                0,
                -17.5
              ],
              "uv": [
                0,
                40
              ]
            },
            {
              "origin": [
                -6,
                31.01519,
                -4.17365
              ],
              "size": [
                8,
                5,
                8
              ],
              "uv": [
                24,
                32
              ]
            }
          ]
        },
        {
          "name": "RightArm",
          "pivot": [
            -7,
            17,
            0
          ],
          "rotation": [
            2.60753,
            3.21154,
            3.83424
          ],
          "cubes": [
            {
              "origin": [
                -9,
                15,
                -1
              ],
              "size": [
                3,
                4,
                2
              ],
              "inflate": 0.25,
              "uv": [
                48,
                71
              ]
            }
          ]
        },
        {
          "name": "bone7",
          "parent": "RightArm",
          "pivot": [
            -8,
            14,
            0
          ],
          "rotation": [
            0,
            0,
            35
          ],
          "cubes": [
            {
              "origin": [
                -10,
                8,
                -2
              ],
              "size": [
                4,
                7,
                4
              ],
              "pivot": [
                -8,
                15,
                0
              ],
              "rotation": [
                -10,
                0,
                -35
              ],
              "uv": [
                64,
                0
              ]
            }
          ]
        },
        {
          "name": "bone10",
          "parent": "bone7",
          "pivot": [
            -3,
            7,
            0
          ],
          "cubes": [
            {
              "origin": [
                -5.92988,
                10.23724,
                -4
              ],
              "size": [
                3,
                5,
                6
              ],
              "pivot": [
                -4,
                10,
                -1
              ],
              "rotation": [
                1.02143,
                7.07566,
                147.61301
              ],
              "uv": [
                44,
                58
              ]
            }
          ]
        },
        {
          "name": "LeftArm",
          "pivot": [
            7,
            17,
            0
          ],
          "rotation": [
            0.10922,
            -3.53329,
            -3.54002
          ],
          "cubes": [
            {
              "origin": [
                6,
                14,
                -1
              ],
              "size": [
                3,
                5,
                2
              ],
              "inflate": 0.25,
              "uv": [
                71,
                13
              ]
            }
          ]
        },
        {
          "name": "bone6",
          "parent": "LeftArm",
          "pivot": [
            8,
            14,
            0
          ],
          "rotation": [
            0,
            0,
            37.5
          ]
        },
        {
          "name": "bone9",
          "parent": "bone6",
          "pivot": [
            8,
            14,
            0
          ],
          "rotation": [
            -0.95528,
            4.4676,
            -34.74709
          ],
          "cubes": [
            {
              "origin": [
                6,
                7,
                -2
              ],
              "size": [
                4,
                7,
                4
              ],
              "uv": [
                62,
                58
              ]
            }
          ]
        },
        {
          "name": "bone8",
          "parent": "bone9",
          "pivot": [
            8,
            7,
            0
          ],
          "rotation": [
            -159.5044,
            -69.52008,
            105.10221
          ],
          "cubes": [
            {
              "origin": [
                7,
                3,
                -4
              ],
              "size": [
                3,
                5,
                6
              ],
              "pivot": [
                9,
                7,
                0
              ],
              "rotation": [
                119.1621,
                43.66264,
                103.96233
              ],
              "uv": [
                53,
                40
              ]
            }
          ]
        },
        {
          "name": "RightLeg",
          "pivot": [
            -3.9,
            12,
            0
          ]
        },
        {
          "name": "bone11",
          "parent": "RightLeg",
          "pivot": [
            -2,
            0,
            0
          ],
          "cubes": [
            {
              "origin": [
                -5.4,
                1,
                -2
              ],
              "size": [
                2.5,
                8,
                3
              ],
              "uv": [
                71,
                26
              ]
            }
          ]
        },
        {
          "name": "bone12",
          "parent": "bone11",
          "pivot": [
            -2,
            0,
            0
          ],
          "cubes": [
            {
              "origin": [
                -5.4,
                0,
                -6
              ],
              "size": [
                2.5,
                1,
                7
              ],
              "uv": [
                64,
                44
              ]
            },
            {
              "origin": [
                -5.4,
                1,
                -6
              ],
              "size": [
                2.5,
                1,
                3
              ],
              "uv": [
                19,
                53
              ]
            }
          ]
        },
        {
          "name": "LeftLeg",
          "pivot": [
            3.9,
            12,
            0
          ]
        },
        {
          "name": "bone13",
          "parent": "LeftLeg",
          "pivot": [
            2,
            0,
            0
          ],
          "cubes": [
            {
              "origin": [
                -1.6,
                1,
                -1
              ],
              "size": [
                2.5,
                8,
                3
              ],
              "pivot": [
                2,
                0,
                0
              ],
              "rotation": [
                0,
                -177.5,
                0
              ],
              "uv": [
                62,
                69
              ]
            }
          ]
        },
        {
          "name": "bone14",
          "parent": "bone13",
          "pivot": [
            2,
            0,
            0
          ],
          "cubes": [
            {
              "origin": [
                -1.6,
                0,
                -1
              ],
              "size": [
                2.5,
                1,
                7
              ],
              "pivot": [
                2,
                0,
                0
              ],
              "rotation": [
                0,
                -177.5,
                0
              ],
              "uv": [
                32,
                63
              ]
            },
            {
              "origin": [
                -1.6,
                1,
                3
              ],
              "size": [
                2.5,
                1,
                3
              ],
              "pivot": [
                2,
                0,
                0
              ],
              "rotation": [
                0,
                -177.5,
                0
              ],
              "uv": [
                43,
                18
              ]
            }
          ]
        },
        {
          "name": "Body",
          "pivot": [
            0,
            9,
            0
          ],
          "cubes": [
            {
              "origin": [
                -6,
                9,
                -4
              ],
              "size": [
                12,
                10,
                8
              ],
              "uv": [
                0,
                0
              ]
            },
            {
              "origin": [
                -6,
                0,
                6
              ],
              "size": [
                12,
                18,
                0
              ],
              "pivot": [
                0,
                -3,
                0
              ],
              "rotation": [
                5,
                0,
                0
              ],
              "uv": [
                40,
                0
              ]
            }
          ]
        },
        {
          "name": "bone15",
          "parent": "Body",
          "pivot": [
            0,
            -3,
            0
          ]
        },
        {
          "name": "bone3",
          "pivot": [
            0,
            20,
            -1
          ]
        }
      ]
    }
  ]
}