{
  "format_version": "1.12.0",
  "minecraft:geometry": [
    {
      "description": {
        "identifier": "geometry.pizza_vig",
        "texture_width": 128,
        "texture_height": 128,
        "visible_bounds_width": 4,
        "visible_bounds_height": 3.5,
        "visible_bounds_offset": [
          0,
          1.25,
          0
        ]
      },
      "bones": [
        {
          "name": "Root",
          "pivot": [
            0,
            9.5,
            0
          ],
          "cubes": [
            {
              "origin": [
                -14,
                7.5,
                2.5
              ],
              "size": [
                4,
                10,
                1
              ],
              "pivot": [
                0,
                9.5,
                0
              ],
              "rotation": [
                65.22925,
                20.88939,
                37.45156
              ],
              "uv": [
                0,
                0
              ]
            },
            {
              "origin": [
                -4,
                8.5,
                8.5
              ],
              "size": [
                7,
                7,
                9
              ],
              "pivot": [
                0,
                9.5,
                0
              ],
              "rotation": [
                59.8346,
                -0.10095,
                3.41958
              ],
              "uv": [
                37,
                46
              ]
            },
            {
              "origin": [
                9,
                7.5,
                1.5
              ],
              "size": [
                4,
                10,
                1
              ],
              "pivot": [
                0,
                9.5,
                0
              ],
              "rotation": [
                67.72925,
                -20.88939,
                -37.45156
              ],
              "uv": [
                0,
                15
              ]
            },
            {
              "origin": [
                -6,
                7.5,
                7.5
              ],
              "size": [
                12,
                10,
                1
              ],
              "pivot": [
                0,
                9.5,
                0
              ],
              "rotation": [
                59.8346,
                -0.10095,
                3.41958
              ],
              "uv": [
                42,
                0
              ]
            }
          ]
        },
        {
          "name": "bone4",
          "parent": "Root",
          "pivot": [
            -10,
            7,
            -7
          ],
          "cubes": [
            {
              "origin": [
                -13,
                4,
                -8
              ],
              "size": [
                6,
                8,
                6
              ],
              "pivot": [
                2,
                0,
                -3
              ],
              "rotation": [
                12.5,
                0,
                0
              ],
              "uv": [
                104,
                113
              ]
            }
          ]
        },
        {
          "name": "bone5",
          "parent": "bone4",
          "pivot": [
            -10,
            12,
            -7
          ],
          "cubes": [
            {
              "origin": [
                -11,
                9,
                -6
              ],
              "size": [
                1,
                5,
                2
              ],
              "pivot": [
                2,
                0,
                -3
              ],
              "rotation": [
                10,
                0,
                0
              ],
              "uv": [
                42,
                77
              ]
            },
            {
              "origin": [
                -12,
                14,
                -8
              ],
              "size": [
                3,
                3,
                4
              ],
              "pivot": [
                2,
                0,
                -3
              ],
              "rotation": [
                10,
                0,
                0
              ],
              "uv": [
                0,
                121
              ]
            },
            {
              "origin": [
                -11,
                14,
                -12
              ],
              "size": [
                1,
                2,
                4
              ],
              "pivot": [
                2,
                0,
                -3
              ],
              "rotation": [
                10,
                0,
                0
              ],
              "uv": [
                118,
                0
              ]
            },
            {
              "origin": [
                -11,
                17,
                -6
              ],
              "size": [
                1,
                1,
                4
              ],
              "pivot": [
                2,
                0,
                -3
              ],
              "rotation": [
                10,
                0,
                0
              ],
              "uv": [
                37,
                81
              ]
            }
          ]
        },
        {
          "name": "Body",
          "parent": "Root",
          "pivot": [
            0,
            0,
            0
          ],
          "cubes": [
            {
              "origin": [
                -7,
                0,
                -7
              ],
              "size": [
                14,
                1,
                14
              ],
              "uv": [
                0,
                0
              ]
            },
            {
              "origin": [
                -6,
                0,
                -6
              ],
              "size": [
                12,
                10,
                12
              ],
              "uv": [
                0,
                15
              ]
            }
          ]
        },
        {
          "name": "bone",
          "parent": "Body",
          "pivot": [
            0,
            9.5,
            0
          ],
          "cubes": [
            {
              "origin": [
                -6,
                7.5,
                -6.5
              ],
              "size": [
                12,
                9,
                12
              ],
              "pivot": [
                0,
                9.5,
                0
              ],
              "rotation": [
                25,
                0,
                0
              ],
              "uv": [
                36,
                25
              ]
            }
          ]
        },
        {
          "name": "bone2",
          "parent": "bone",
          "pivot": [
            0,
            0,
            0
          ],
          "cubes": [
            {
              "origin": [
                -4,
                15,
                -11
              ],
              "size": [
                3,
                3,
                2
              ],
              "uv": [
                0,
                42
              ]
            },
            {
              "origin": [
                1,
                15,
                -11
              ],
              "size": [
                3,
                3,
                2
              ],
              "uv": [
                0,
                37
              ]
            },
            {
              "origin": [
                -11,
                16,
                -11
              ],
              "size": [
                4,
                2,
                7
              ],
              "pivot": [
                0,
                0,
                0
              ],
              "rotation": [
                0,
                0,
                22.5
              ],
              "uv": [
                51,
                11
              ]
            },
            {
              "origin": [
                -6,
                13,
                -9
              ],
              "size": [
                12,
                5,
                11
              ],
              "uv": [
                0,
                37
              ]
            },
            {
              "origin": [
                7,
                16,
                -11
              ],
              "size": [
                4,
                2,
                7
              ],
              "pivot": [
                0,
                0,
                0
              ],
              "rotation": [
                0,
                0,
                -22.5
              ],
              "uv": [
                36,
                15
              ]
            }
          ]
        },
        {
          "name": "bone3",
          "parent": "bone2",
          "pivot": [
            0,
            9.5,
            0
          ],
          "cubes": [
            {
              "origin": [
                -6,
                9.5,
                -6.9
              ],
              "size": [
                12,
                7,
                2
              ],
              "pivot": [
                0,
                9.5,
                0
              ],
              "rotation": [
                25,
                0,
                0
              ],
              "uv": [
                90,
                83
              ]
            }
          ]
        }
      ]
    }
  ]
}