{
  "format_version": "1.12.0",
  "minecraft:geometry": [
    {
      "description": {
        "identifier": "geometry.pt_fake",
        "texture_width": 128,
        "texture_height": 128,
        "visible_bounds_width": 4,
        "visible_bounds_height": 5,
        "visible_bounds_offset": [
          0,
          1.5,
          0
        ]
      },
      "bones": [
        {
          "name": "Head",
          "pivot": [
            0,
            39,
            0
          ],
          "cubes": [
            {
              "origin": [
                8,
                33.01519,
                -4.17365
              ],
              "size": [
                1,
                5,
                7
              ],
              "uv": [
                9,
                66
              ]
            },
            {
              "origin": [
                -9,
                32.01519,
                2.82635
              ],
              "size": [
                18,
                6,
                1
              ],
              "uv": [
                28,
                16
              ]
            },
            {
              "origin": [
                -9,
                33.01519,
                -4.17365
              ],
              "size": [
                1,
                5,
                7
              ],
              "uv": [
                65,
                63
              ]
            },
            {
              "origin": [
                -9,
                32.01519,
                -4.17365
              ],
              "size": [
                18,
                1,
                7
              ],
              "uv": [
                0,
                8
              ]
            },
            {
              "origin": [
                -9,
                33.01519,
                -3.17365
              ],
              "size": [
                18,
                2,
                0
              ],
              "uv": [
                36,
                27
              ]
            }
          ]
        },
        {
          "name": "bone4",
          "parent": "Head",
          "pivot": [
            0,
            39.01519,
            -0.17365
          ],
          "cubes": [
            {
              "origin": [
                8,
                34.01519,
                -4.17365
              ],
              "size": [
                1,
                5,
                7
              ],
              "uv": [
                25,
                68
              ]
            },
            {
              "origin": [
                -9,
                34.01519,
                -4.17365
              ],
              "size": [
                1,
                5,
                7
              ],
              "uv": [
                41,
                70
              ]
            },
            {
              "origin": [
                -9,
                34.01519,
                2.82635
              ],
              "size": [
                18,
                5,
                1
              ],
              "uv": [
                32,
                30
              ]
            },
            {
              "origin": [
                -9,
                38.01519,
                -4.17365
              ],
              "size": [
                18,
                1,
                7
              ],
              "uv": [
                0,
                0
              ]
            },
            {
              "origin": [
                -9,
                35.01519,
                -3.17365
              ],
              "size": [
                18,
                3,
                0
              ],
              "uv": [
                36,
                23
              ]
            }
          ]
        },
        {
          "name": "bone15",
          "parent": "bone4",
          "pivot": [
            0,
            38,
            0
          ],
          "cubes": [
            {
              "origin": [
                -9,
                34.01519,
                -0.17365
              ],
              "size": [
                18,
                0,
                6
              ],
              "pivot": [
                0,
                38,
                0
              ],
              "rotation": [
                -90,
                0,
                0
              ],
              "uv": [
                60,
                102
              ]
            }
          ]
        },
        {
          "name": "bone2",
          "parent": "bone4",
          "pivot": [
            3,
            44.01519,
            -3.67365
          ],
          "rotation": [
            0,
            0,
            15
          ]
        },
        {
          "name": "bone",
          "parent": "bone4",
          "pivot": [
            -3,
            43.01519,
            -4.17365
          ],
          "rotation": [
            0,
            0,
            -17.5
          ]
        },
        {
          "name": "bone5",
          "parent": "bone4",
          "pivot": [
            0,
            39.01519,
            -0.17365
          ],
          "cubes": [
            {
              "origin": [
                3,
                40.01519,
                -0.17365
              ],
              "size": [
                2,
                3,
                1
              ],
              "uv": [
                122,
                124
              ]
            },
            {
              "origin": [
                -5,
                40.01519,
                -0.17365
              ],
              "size": [
                2,
                3,
                1
              ],
              "uv": [
                122,
                124
              ]
            },
            {
              "origin": [
                -4,
                39.01519,
                -4.17365
              ],
              "size": [
                8,
                6,
                8
              ],
              "uv": [
                0,
                16
              ]
            },
            {
              "origin": [
                -1,
                35.01519,
                -7.17365
              ],
              "size": [
                2,
                5,
                1
              ],
              "pivot": [
                0,
                10,
                0
              ],
              "rotation": [
                -5,
                0,
                0
              ],
              "uv": {
                "north": {
                  "uv": [
                    1,
                    1
                  ],
                  "uv_size": [
                    2,
                    3
                  ]
                },
                "east": {
                  "uv": [
                    0,
                    1
                  ],
                  "uv_size": [
                    1,
                    3
                  ]
                },
                "south": {
                  "uv": [
                    4,
                    1
                  ],
                  "uv_size": [
                    2,
                    3
                  ]
                },
                "west": {
                  "uv": [
                    3,
                    1
                  ],
                  "uv_size": [
                    1,
                    3
                  ]
                },
                "up": {
                  "uv": [
                    1,
                    0
                  ],
                  "uv_size": [
                    2,
                    1
                  ]
                },
                "down": {
                  "uv": [
                    3,
                    1
                  ],
                  "uv_size": [
                    2,
                    -1
                  ]
                }
              }
            },
            {
              "origin": [
                -5,
                36.01519,
                -4.9
              ],
              "size": [
                10,
                3,
                0
              ],
              "pivot": [
                0,
                37.01519,
                -5.17365
              ],
              "rotation": [
                -27.5,
                0,
                0
              ],
              "uv": [
                43,
                10
              ]
            }
          ]
        },
        {
          "name": "Hat",
          "parent": "bone5",
          "pivot": [
            0,
            43.01519,
            -0.17365
          ],
          "rotation": [
            0,
            0,
            7.5
          ],
          "cubes": [
            {
              "origin": [
                -3,
                43.01519,
                -3.17365
              ],
              "size": [
                6,
                4,
                6
              ],
              "uv": [
                0,
                44
              ]
            },
            {
              "origin": [
                -2,
                45.01519,
                -4.17365
              ],
              "size": [
                17,
                5,
                8
              ],
              "pivot": [
                0,
                11.01519,
                -0.17365
              ],
              "rotation": [
                0,
                0,
                -10
              ],
              "uv": {
                "north": {
                  "uv": [
                    8,
                    124
                  ],
                  "uv_size": [
                    5,
                    5
                  ]
                },
                "east": {
                  "uv": [
                    0,
                    124
                  ],
                  "uv_size": [
                    8,
                    5
                  ]
                },
                "south": {
                  "uv": [
                    21,
                    124
                  ],
                  "uv_size": [
                    5,
                    5
                  ]
                },
                "west": {
                  "uv": [
                    13,
                    124
                  ],
                  "uv_size": [
                    8,
                    5
                  ]
                },
                "up": {
                  "uv": [
                    8,
                    116
                  ],
                  "uv_size": [
                    5,
                    8
                  ]
                },
                "down": {
                  "uv": [
                    13,
                    124
                  ],
                  "uv_size": [
                    5,
                    -8
                  ]
                }
              }
            }
          ]
        },
        {
          "name": "RightArm",
          "pivot": [
            -7,
            29,
            0
          ],
          "rotation": [
            -39.89247,
            3.21154,
            3.83424
          ],
          "cubes": [
            {
              "origin": [
                -10,
                27,
                -2
              ],
              "size": [
                4,
                4,
                4
              ],
              "inflate": 0.25,
              "uv": [
                66,
                6
              ]
            }
          ]
        },
        {
          "name": "bone7",
          "parent": "RightArm",
          "pivot": [
            -7,
            25,
            0
          ],
          "cubes": [
            {
              "origin": [
                -10,
                16,
                -2
              ],
              "size": [
                4,
                11,
                4
              ],
              "pivot": [
                -8,
                27,
                0
              ],
              "rotation": [
                -10,
                0,
                -35
              ],
              "uv": {
                "north": {
                  "uv": [
                    70,
                    37
                  ],
                  "uv_size": [
                    4,
                    7
                  ]
                },
                "east": {
                  "uv": [
                    66,
                    37
                  ],
                  "uv_size": [
                    4,
                    7
                  ]
                },
                "south": {
                  "uv": [
                    78,
                    37
                  ],
                  "uv_size": [
                    4,
                    7
                  ]
                },
                "west": {
                  "uv": [
                    74,
                    37
                  ],
                  "uv_size": [
                    4,
                    7
                  ]
                },
                "up": {
                  "uv": [
                    70,
                    33
                  ],
                  "uv_size": [
                    4,
                    4
                  ]
                },
                "down": {
                  "uv": [
                    74,
                    37
                  ],
                  "uv_size": [
                    4,
                    -4
                  ]
                }
              }
            }
          ]
        },
        {
          "name": "bone10",
          "parent": "bone7",
          "pivot": [
            -2,
            19,
            -2
          ],
          "cubes": [
            {
              "origin": [
                -1.92988,
                22.23724,
                -3
              ],
              "size": [
                3,
                5,
                6
              ],
              "pivot": [
                -4,
                22,
                -1
              ],
              "rotation": [
                -54.32505,
                42.43793,
                64.18368
              ],
              "uv": [
                110,
                39
              ]
            }
          ]
        },
        {
          "name": "LeftArm",
          "pivot": [
            7,
            30,
            0
          ],
          "rotation": [
            -52.39078,
            -3.53329,
            -3.54002
          ],
          "cubes": [
            {
              "origin": [
                6,
                27,
                -2
              ],
              "size": [
                4,
                5,
                4
              ],
              "inflate": 0.25,
              "uv": [
                56,
                54
              ]
            }
          ]
        },
        {
          "name": "bone6",
          "parent": "LeftArm",
          "pivot": [
            8,
            27,
            0
          ],
          "rotation": [
            0,
            0,
            37.5
          ]
        },
        {
          "name": "bone9",
          "parent": "bone6",
          "pivot": [
            8,
            25,
            0
          ],
          "cubes": [
            {
              "origin": [
                6,
                14,
                -2
              ],
              "size": [
                4,
                13,
                4
              ],
              "uv": {
                "north": {
                  "uv": [
                    4,
                    61
                  ],
                  "uv_size": [
                    4,
                    7
                  ]
                },
                "east": {
                  "uv": [
                    0,
                    61
                  ],
                  "uv_size": [
                    4,
                    7
                  ]
                },
                "south": {
                  "uv": [
                    12,
                    61
                  ],
                  "uv_size": [
                    4,
                    7
                  ]
                },
                "west": {
                  "uv": [
                    8,
                    61
                  ],
                  "uv_size": [
                    4,
                    7
                  ]
                },
                "up": {
                  "uv": [
                    4,
                    57
                  ],
                  "uv_size": [
                    4,
                    4
                  ]
                },
                "down": {
                  "uv": [
                    8,
                    61
                  ],
                  "uv_size": [
                    4,
                    -4
                  ]
                }
              }
            }
          ]
        },
        {
          "name": "bone8",
          "parent": "bone9",
          "pivot": [
            8,
            15,
            0
          ],
          "cubes": [
            {
              "origin": [
                11,
                12,
                -3
              ],
              "size": [
                3,
                5,
                6
              ],
              "pivot": [
                8,
                20,
                0
              ],
              "rotation": [
                99.1621,
                43.66264,
                103.96233
              ],
              "uv": [
                62,
                117
              ]
            }
          ]
        },
        {
          "name": "RightLeg",
          "pivot": [
            -3.9,
            18,
            0
          ],
          "cubes": [
            {
              "origin": [
                -5.9,
                9,
                -2
              ],
              "size": [
                3,
                9,
                4
              ],
              "uv": {
                "north": {
                  "uv": [
                    44,
                    58
                  ],
                  "uv_size": [
                    4,
                    3
                  ]
                },
                "east": {
                  "uv": [
                    40,
                    58
                  ],
                  "uv_size": [
                    4,
                    3
                  ]
                },
                "south": {
                  "uv": [
                    52,
                    58
                  ],
                  "uv_size": [
                    4,
                    3
                  ]
                },
                "west": {
                  "uv": [
                    48,
                    58
                  ],
                  "uv_size": [
                    4,
                    3
                  ]
                },
                "up": {
                  "uv": [
                    44,
                    54
                  ],
                  "uv_size": [
                    4,
                    4
                  ]
                },
                "down": {
                  "uv": [
                    48,
                    58
                  ],
                  "uv_size": [
                    4,
                    -4
                  ]
                }
              }
            }
          ]
        },
        {
          "name": "bone11",
          "parent": "RightLeg",
          "pivot": [
            -4,
            9,
            0
          ],
          "cubes": [
            {
              "origin": [
                -5.4,
                1,
                -2
              ],
              "size": [
                2.5,
                8,
                3
              ],
              "uv": [
                41,
                55
              ]
            }
          ]
        },
        {
          "name": "bone12",
          "parent": "bone11",
          "pivot": [
            -2,
            0,
            0
          ],
          "cubes": [
            {
              "origin": [
                -5.4,
                0,
                -3
              ],
              "size": [
                2.5,
                1,
                4
              ],
              "uv": [
                40,
                54
              ]
            }
          ]
        },
        {
          "name": "LeftLeg",
          "pivot": [
            4.9,
            18,
            0
          ],
          "cubes": [
            {
              "origin": [
                2.9,
                9,
                -2
              ],
              "size": [
                3,
                9,
                4
              ],
              "uv": {
                "north": {
                  "uv": [
                    28,
                    56
                  ],
                  "uv_size": [
                    4,
                    3
                  ]
                },
                "east": {
                  "uv": [
                    24,
                    56
                  ],
                  "uv_size": [
                    4,
                    3
                  ]
                },
                "south": {
                  "uv": [
                    36,
                    56
                  ],
                  "uv_size": [
                    4,
                    3
                  ]
                },
                "west": {
                  "uv": [
                    32,
                    56
                  ],
                  "uv_size": [
                    4,
                    3
                  ]
                },
                "up": {
                  "uv": [
                    28,
                    52
                  ],
                  "uv_size": [
                    4,
                    4
                  ]
                },
                "down": {
                  "uv": [
                    32,
                    56
                  ],
                  "uv_size": [
                    4,
                    -4
                  ]
                }
              }
            }
          ]
        },
        {
          "name": "bone13",
          "parent": "LeftLeg",
          "pivot": [
            5,
            9,
            0
          ],
          "cubes": [
            {
              "origin": [
                -1.6,
                1,
                -1
              ],
              "size": [
                2.5,
                8,
                3
              ],
              "pivot": [
                2,
                0,
                0
              ],
              "rotation": [
                0,
                -177.5,
                0
              ],
              "uv": [
                25,
                53
              ]
            }
          ]
        },
        {
          "name": "bone14",
          "parent": "bone13",
          "pivot": [
            2,
            0,
            0
          ],
          "cubes": [
            {
              "origin": [
                -1.6,
                0,
                -1
              ],
              "size": [
                2.5,
                1,
                4
              ],
              "pivot": [
                2,
                0,
                0
              ],
              "rotation": [
                0,
                -177.5,
                0
              ],
              "uv": [
                24,
                52
              ]
            }
          ]
        },
        {
          "name": "Body",
          "pivot": [
            0,
            12,
            0
          ],
          "cubes": [
            {
              "origin": [
                -6,
                18,
                -4
              ],
              "size": [
                12,
                14,
                8
              ],
              "uv": {
                "north": {
                  "uv": [
                    96,
                    8
                  ],
                  "uv_size": [
                    12,
                    10
                  ]
                },
                "east": {
                  "uv": [
                    88,
                    8
                  ],
                  "uv_size": [
                    8,
                    10
                  ]
                },
                "south": {
                  "uv": [
                    116,
                    8
                  ],
                  "uv_size": [
                    12,
                    10
                  ]
                },
                "west": {
                  "uv": [
                    108,
                    8
                  ],
                  "uv_size": [
                    8,
                    10
                  ]
                },
                "up": {
                  "uv": [
                    96,
                    0
                  ],
                  "uv_size": [
                    12,
                    8
                  ]
                },
                "down": {
                  "uv": [
                    108,
                    8
                  ],
                  "uv_size": [
                    12,
                    -8
                  ]
                }
              }
            }
          ]
        },
        {
          "name": "bone3",
          "pivot": [
            0,
            20,
            -1
          ],
          "cubes": [
            {
              "origin": [
                -4,
                16,
                -2
              ],
              "size": [
                8,
                8,
                7
              ],
              "uv": [
                25,
                37
              ]
            }
          ]
        }
      ]
    }
  ]
}