{
  "format_version": "1.12.0",
  "minecraft:geometry": [
    {
      "description": {
        "identifier": "geometry.pt_pizza_face",
        "texture_width": 128,
        "texture_height": 128,
        "visible_bounds_width": 5,
        "visible_bounds_height": 4.5,
        "visible_bounds_offset": [
          0,
          1.75,
          0
        ]
      },
      "bones": [
        {
          "name": "Body",
          "pivot": [
            -1,
            25,
            0
          ],
          "cubes": [
            {
              "origin": [
                -43.71865,
                12.62584,
                0.59137
              ],
              "size": [
                23,
                2,
                2
              ],
              "pivot": [
                -21,
                14,
                0
              ],
              "rotation": [
                -1.18151,
                1.7145,
                90.13926
              ],
              "uv": [
                0,
                48
              ]
            },
            {
              "origin": [
                -8,
                4,
                -1
              ],
              "size": [
                16,
                2,
                2
              ],
              "uv": [
                0,
                60
              ]
            },
            {
              "origin": [
                20.70257,
                34.27953,
                0.00128
              ],
              "size": [
                16,
                2,
                2
              ],
              "pivot": [
                21,
                36,
                0
              ],
              "rotation": [
                8.38349,
                0.28911,
                -141.91611
              ],
              "uv": [
                0,
                56
              ]
            },
            {
              "origin": [
                -8,
                4,
                -1
              ],
              "size": [
                16,
                2,
                2
              ],
              "pivot": [
                8,
                5,
                0
              ],
              "rotation": [
                -2.49016,
                5.87363,
                147.32042
              ],
              "uv": [
                56,
                42
              ]
            },
            {
              "origin": [
                -8,
                4,
                -1
              ],
              "size": [
                16,
                2,
                2
              ],
              "pivot": [
                -8,
                5,
                0
              ],
              "rotation": [
                -2.49016,
                -5.87363,
                -147.32042
              ],
              "uv": [
                34,
                58
              ]
            },
            {
              "origin": [
                -10,
                45,
                0
              ],
              "size": [
                19,
                2,
                2
              ],
              "uv": [
                48,
                50
              ]
            },
            {
              "origin": [
                -20,
                6,
                1
              ],
              "size": [
                41,
                39,
                1
              ],
              "uv": {
                "north": {
                  "uv": [
                    1,
                    1
                  ],
                  "uv_size": [
                    41,
                    39
                  ]
                },
                "east": {
                  "uv": [
                    0,
                    1
                  ],
                  "uv_size": [
                    1,
                    39
                  ]
                },
                "south": {
                  "uv": [
                    43,
                    1
                  ],
                  "uv_size": [
                    41,
                    39
                  ]
                },
                "west": {
                  "uv": [
                    42,
                    1
                  ],
                  "uv_size": [
                    1,
                    39
                  ]
                },
                "up": {
                  "uv": [
                    1,
                    0
                  ],
                  "uv_size": [
                    41,
                    1
                  ]
                },
                "down": {
                  "uv": [
                    42,
                    1
                  ],
                  "uv_size": [
                    41,
                    -1
                  ]
                }
              }
            },
            {
              "origin": [
                20.71865,
                12.62584,
                0.59137
              ],
              "size": [
                23,
                2,
                2
              ],
              "pivot": [
                21,
                14,
                0
              ],
              "rotation": [
                -1.1811,
                0.78497,
                -90.1908
              ],
              "uv": [
                50,
                46
              ]
            },
            {
              "origin": [
                -36.70257,
                34.27953,
                1.00128
              ],
              "size": [
                16,
                2,
                2
              ],
              "pivot": [
                -21,
                36,
                0
              ],
              "rotation": [
                4.68139,
                -4.33649,
                142.37446
              ],
              "uv": [
                34,
                54
              ]
            }
          ]
        },
        {
          "name": "bone",
          "parent": "Body",
          "pivot": [
            7,
            40,
            0
          ],
          "cubes": [
            {
              "origin": [
                0,
                40,
                -1
              ],
              "size": [
                11,
                3,
                1
              ],
              "pivot": [
                8,
                46,
                0
              ],
              "rotation": [
                0,
                0,
                -25
              ],
              "uv": [
                60,
                66
              ]
            },
            {
              "origin": [
                4,
                37,
                -1
              ],
              "size": [
                6,
                3,
                1
              ],
              "pivot": [
                8,
                46,
                0
              ],
              "rotation": [
                0,
                0,
                35
              ],
              "uv": [
                42,
                78
              ]
            },
            {
              "origin": [
                -1,
                43,
                -1
              ],
              "size": [
                6,
                3,
                1
              ],
              "pivot": [
                8,
                46,
                0
              ],
              "rotation": [
                0,
                0,
                -120
              ],
              "uv": [
                56,
                78
              ]
            }
          ]
        },
        {
          "name": "bone2",
          "parent": "Body",
          "pivot": [
            -9,
            39,
            0
          ],
          "cubes": [
            {
              "origin": [
                -11,
                38,
                -1
              ],
              "size": [
                11,
                3,
                1
              ],
              "pivot": [
                -8,
                46,
                0
              ],
              "rotation": [
                0,
                0,
                25
              ],
              "uv": [
                0,
                68
              ]
            },
            {
              "origin": [
                -10,
                35,
                -1
              ],
              "size": [
                3,
                3,
                1
              ],
              "pivot": [
                -8,
                46,
                0
              ],
              "rotation": [
                0,
                0,
                -35
              ],
              "uv": [
                24,
                68
              ]
            },
            {
              "origin": [
                -3,
                43,
                -1
              ],
              "size": [
                6,
                3,
                1
              ],
              "pivot": [
                -8,
                46,
                0
              ],
              "rotation": [
                0,
                0,
                120
              ],
              "uv": [
                28,
                78
              ]
            }
          ]
        },
        {
          "name": "bone4",
          "parent": "Body",
          "pivot": [
            8,
            35,
            0
          ],
          "cubes": [
            {
              "origin": [
                3,
                29,
                0
              ],
              "size": [
                11,
                11,
                1
              ],
              "uv": [
                36,
                62
              ]
            }
          ]
        },
        {
          "name": "bone3",
          "parent": "Body",
          "pivot": [
            -10,
            35,
            0
          ],
          "cubes": [
            {
              "origin": [
                -13,
                31,
                0
              ],
              "size": [
                7,
                7,
                1
              ],
              "uv": [
                60,
                70
              ]
            }
          ]
        },
        {
          "name": "bone5",
          "parent": "Body",
          "pivot": [
            -1,
            16,
            0
          ],
          "cubes": [
            {
              "origin": [
                2.50724,
                18.82601,
                -0.2181
              ],
              "size": [
                13,
                2,
                2
              ],
              "pivot": [
                15,
                22,
                0
              ],
              "rotation": [
                -1.84373,
                -1.68868,
                -42.47283
              ],
              "uv": [
                0,
                64
              ]
            },
            {
              "origin": [
                -12,
                19,
                0
              ],
              "size": [
                24,
                2,
                2
              ],
              "pivot": [
                0,
                27,
                0
              ],
              "rotation": [
                -2.5,
                0,
                0
              ],
              "uv": [
                0,
                44
              ]
            },
            {
              "origin": [
                10.50724,
                20.82601,
                -0.2181
              ],
              "size": [
                5,
                2,
                2
              ],
              "pivot": [
                15,
                22,
                0
              ],
              "rotation": [
                2.26603,
                -1.05627,
                -155.02089
              ],
              "uv": [
                76,
                70
              ]
            },
            {
              "origin": [
                6,
                14,
                0
              ],
              "size": [
                5,
                2,
                2
              ],
              "pivot": [
                0,
                27,
                0
              ],
              "rotation": [
                -2.16541,
                -1.2497,
                -29.97638
              ],
              "uv": [
                44,
                74
              ]
            },
            {
              "origin": [
                -11,
                14,
                0
              ],
              "size": [
                5,
                2,
                2
              ],
              "pivot": [
                0,
                27,
                0
              ],
              "rotation": [
                -2.16541,
                1.2497,
                29.97638
              ],
              "uv": [
                14,
                76
              ]
            },
            {
              "origin": [
                -15.50724,
                20.82601,
                -0.2181
              ],
              "size": [
                5,
                2,
                2
              ],
              "pivot": [
                -15,
                22,
                0
              ],
              "rotation": [
                2.26603,
                1.05627,
                155.02089
              ],
              "uv": [
                30,
                74
              ]
            },
            {
              "origin": [
                -15.50724,
                18.82601,
                -0.2181
              ],
              "size": [
                13,
                2,
                2
              ],
              "pivot": [
                -15,
                22,
                0
              ],
              "rotation": [
                -1.84373,
                1.68868,
                42.47283
              ],
              "uv": [
                60,
                62
              ]
            },
            {
              "origin": [
                -8,
                11,
                0
              ],
              "size": [
                16,
                2,
                2
              ],
              "pivot": [
                0,
                27,
                0
              ],
              "rotation": [
                -2.5,
                0,
                0
              ],
              "uv": [
                0,
                52
              ]
            }
          ]
        },
        {
          "name": "bone6",
          "parent": "Body",
          "pivot": [
            -1,
            27,
            0
          ],
          "cubes": [
            {
              "origin": [
                -4,
                24,
                0
              ],
              "size": [
                6,
                6,
                2
              ],
              "pivot": [
                0,
                27,
                0
              ],
              "rotation": [
                -20,
                0,
                0
              ],
              "uv": [
                70,
                54
              ]
            },
            {
              "origin": [
                -14,
                24,
                0
              ],
              "size": [
                27,
                2,
                2
              ],
              "pivot": [
                0,
                27,
                0
              ],
              "rotation": [
                -2.5,
                0,
                0
              ],
              "uv": [
                0,
                40
              ]
            },
            {
              "origin": [
                -4,
                22,
                0
              ],
              "size": [
                6,
                2,
                2
              ],
              "pivot": [
                0,
                27,
                0
              ],
              "rotation": [
                -16.60179,
                11.31335,
                33.34411
              ],
              "uv": [
                16,
                72
              ]
            },
            {
              "origin": [
                -4,
                23,
                0
              ],
              "size": [
                6,
                2,
                2
              ],
              "pivot": [
                0,
                27,
                0
              ],
              "rotation": [
                -16.60179,
                -11.31335,
                -33.34411
              ],
              "uv": [
                0,
                72
              ]
            },
            {
              "origin": [
                9,
                18,
                0
              ],
              "size": [
                5,
                2,
                2
              ],
              "pivot": [
                0,
                27,
                0
              ],
              "rotation": [
                -2.16541,
                -1.2497,
                -29.97638
              ],
              "uv": [
                0,
                76
              ]
            },
            {
              "origin": [
                -16,
                17,
                0
              ],
              "size": [
                5,
                2,
                2
              ],
              "pivot": [
                0,
                27,
                0
              ],
              "rotation": [
                -2.16541,
                1.2497,
                29.97638
              ],
              "uv": [
                74,
                76
              ]
            }
          ]
        }
      ]
    }
  ]
}