{
  "format_version": "1.12.0",
  "minecraft:geometry": [
    {
      "description": {
        "identifier": "geometry.pt_peppino",
        "texture_width": 128,
        "texture_height": 128,
        "visible_bounds_width": 4,
        "visible_bounds_height": 5,
        "visible_bounds_offset": [
          0,
          1.5,
          0
        ]
      },
      "bones": [
        {
          "name": "Head",
          "pivot": [
            0,
            29,
            0
          ],
          "cubes": [
            {
              "origin": [
                8,
                23.01519,
                -4.17365
              ],
              "size": [
                1,
                5,
                7
              ],
              "uv": [
                9,
                66
              ]
            },
            {
              "origin": [
                -9,
                22.01519,
                2.82635
              ],
              "size": [
                18,
                6,
                1
              ],
              "uv": [
                28,
                16
              ]
            },
            {
              "origin": [
                -9,
                23.01519,
                -4.17365
              ],
              "size": [
                1,
                5,
                7
              ],
              "uv": [
                65,
                63
              ]
            },
            {
              "origin": [
                -9,
                22.01519,
                -4.17365
              ],
              "size": [
                18,
                1,
                7
              ],
              "uv": [
                0,
                8
              ]
            },
            {
              "origin": [
                -9,
                23.01519,
                -3.17365
              ],
              "size": [
                18,
                2,
                0
              ],
              "uv": [
                36,
                27
              ]
            }
          ]
        },
        {
          "name": "bone4",
          "parent": "Head",
          "pivot": [
            0,
            29.01519,
            -0.17365
          ],
          "cubes": [
            {
              "origin": [
                8,
                24.01519,
                -4.17365
              ],
              "size": [
                1,
                5,
                7
              ],
              "uv": [
                25,
                68
              ]
            },
            {
              "origin": [
                -9,
                24.01519,
                -4.17365
              ],
              "size": [
                1,
                5,
                7
              ],
              "uv": [
                41,
                70
              ]
            },
            {
              "origin": [
                -9,
                24.01519,
                2.82635
              ],
              "size": [
                18,
                5,
                1
              ],
              "uv": [
                32,
                30
              ]
            },
            {
              "origin": [
                -9,
                28.01519,
                -4.17365
              ],
              "size": [
                18,
                1,
                7
              ],
              "uv": [
                0,
                0
              ]
            },
            {
              "origin": [
                -9,
                25.01519,
                -3.17365
              ],
              "size": [
                18,
                3,
                0
              ],
              "uv": [
                36,
                23
              ]
            }
          ]
        },
        {
          "name": "bone2",
          "parent": "bone4",
          "pivot": [
            3,
            34.01519,
            -3.67365
          ],
          "rotation": [
            0,
            0,
            15
          ],
          "cubes": [
            {
              "origin": [
                1.61382,
                34.09281,
                -4.68216
              ],
              "size": [
                3,
                1,
                1
              ],
              "uv": [
                0,
                18
              ]
            },
            {
              "origin": [
                0.61382,
                35.09281,
                -4.68216
              ],
              "size": [
                3,
                1,
                1
              ],
              "uv": [
                0,
                18
              ]
            },
            {
              "origin": [
                2.61382,
                33.09281,
                -4.68216
              ],
              "size": [
                3,
                1,
                1
              ],
              "uv": [
                0,
                18
              ]
            }
          ]
        },
        {
          "name": "bone",
          "parent": "bone4",
          "pivot": [
            -3,
            33.01519,
            -4.17365
          ],
          "rotation": [
            0,
            0,
            -17.5
          ],
          "cubes": [
            {
              "origin": [
                -4,
                34.01519,
                -4.67365
              ],
              "size": [
                3,
                1,
                1
              ],
              "uv": [
                0,
                16
              ]
            },
            {
              "origin": [
                -3,
                35.01519,
                -4.67365
              ],
              "size": [
                3,
                1,
                1
              ],
              "uv": [
                0,
                16
              ]
            },
            {
              "origin": [
                -5,
                33.01519,
                -4.67365
              ],
              "size": [
                3,
                1,
                1
              ],
              "uv": [
                0,
                16
              ]
            }
          ]
        },
        {
          "name": "bone5",
          "parent": "bone4",
          "pivot": [
            0,
            29.01519,
            -0.17365
          ],
          "cubes": [
            {
              "origin": [
                3,
                30.01519,
                -0.17365
              ],
              "size": [
                2,
                3,
                1
              ],
              "uv": [
                122,
                124
              ]
            },
            {
              "origin": [
                -5,
                30.01519,
                -0.17365
              ],
              "size": [
                2,
                3,
                1
              ],
              "uv": [
                122,
                124
              ]
            },
            {
              "origin": [
                -4,
                29.01519,
                -4.17365
              ],
              "size": [
                8,
                6,
                8
              ],
              "uv": [
                0,
                16
              ]
            },
            {
              "origin": [
                -1,
                27.01519,
                -5.17365
              ],
              "size": [
                2,
                3,
                1
              ],
              "uv": [
                0,
                0
              ]
            },
            {
              "origin": [
                -5,
                26.01519,
                -4.9
              ],
              "size": [
                10,
                3,
                0
              ],
              "pivot": [
                0,
                27.01519,
                -5.17365
              ],
              "rotation": [
                -27.5,
                0,
                0
              ],
              "uv": [
                43,
                10
              ]
            }
          ]
        },
        {
          "name": "Hat",
          "parent": "bone5",
          "pivot": [
            0,
            33.01519,
            -0.17365
          ],
          "rotation": [
            0,
            0,
            7.5
          ],
          "cubes": [
            {
              "origin": [
                -3,
                33.01519,
                -3.17365
              ],
              "size": [
                6,
                4,
                6
              ],
              "uv": [
                0,
                44
              ]
            },
            {
              "origin": [
                -4,
                36.01519,
                -4.17365
              ],
              "size": [
                7,
                5,
                8
              ],
              "pivot": [
                0,
                1.01519,
                -0.17365
              ],
              "rotation": [
                0,
                0,
                5
              ],
              "uv": {
                "north": {
                  "uv": [
                    8,
                    123
                  ],
                  "uv_size": [
                    5,
                    5
                  ]
                },
                "east": {
                  "uv": [
                    0,
                    123
                  ],
                  "uv_size": [
                    8,
                    5
                  ]
                },
                "south": {
                  "uv": [
                    21,
                    123
                  ],
                  "uv_size": [
                    5,
                    5
                  ]
                },
                "west": {
                  "uv": [
                    13,
                    123
                  ],
                  "uv_size": [
                    8,
                    5
                  ]
                },
                "up": {
                  "uv": [
                    8,
                    115
                  ],
                  "uv_size": [
                    5,
                    8
                  ]
                },
                "down": {
                  "uv": [
                    13,
                    123
                  ],
                  "uv_size": [
                    5,
                    -8
                  ]
                }
              }
            },
            {
              "origin": [
                4,
                35.01519,
                -4.17365
              ],
              "size": [
                8,
                5,
                8
              ],
              "pivot": [
                0,
                1.01519,
                -0.17365
              ],
              "rotation": [
                0,
                0,
                -17.5
              ],
              "uv": {
                "north": {
                  "uv": [
                    8,
                    124
                  ],
                  "uv_size": [
                    5,
                    5
                  ]
                },
                "east": {
                  "uv": [
                    0,
                    124
                  ],
                  "uv_size": [
                    8,
                    5
                  ]
                },
                "south": {
                  "uv": [
                    21,
                    124
                  ],
                  "uv_size": [
                    5,
                    5
                  ]
                },
                "west": {
                  "uv": [
                    13,
                    124
                  ],
                  "uv_size": [
                    8,
                    5
                  ]
                },
                "up": {
                  "uv": [
                    8,
                    116
                  ],
                  "uv_size": [
                    5,
                    8
                  ]
                },
                "down": {
                  "uv": [
                    13,
                    124
                  ],
                  "uv_size": [
                    5,
                    -8
                  ]
                }
              }
            }
          ]
        },
        {
          "name": "RightArm",
          "pivot": [
            -7,
            20,
            0
          ],
          "rotation": [
            -39.89247,
            3.21154,
            3.83424
          ],
          "cubes": [
            {
              "origin": [
                -10,
                18,
                -2
              ],
              "size": [
                4,
                4,
                4
              ],
              "inflate": 0.25,
              "uv": [
                66,
                6
              ]
            }
          ]
        },
        {
          "name": "bone7",
          "parent": "RightArm",
          "pivot": [
            -2,
            -2,
            0
          ],
          "cubes": [
            {
              "origin": [
                -10,
                11,
                -2
              ],
              "size": [
                4,
                7,
                4
              ],
              "pivot": [
                -8,
                18,
                0
              ],
              "rotation": [
                -10,
                0,
                -35
              ],
              "uv": [
                66,
                33
              ]
            },
            {
              "origin": [
                -5.92988,
                13.23724,
                -4
              ],
              "size": [
                3,
                5,
                6
              ],
              "pivot": [
                -4,
                13,
                -1
              ],
              "rotation": [
                -54.32505,
                42.43793,
                64.18368
              ],
              "uv": [
                110,
                39
              ]
            }
          ]
        },
        {
          "name": "bone10",
          "parent": "bone7",
          "pivot": [
            7,
            10,
            0
          ]
        },
        {
          "name": "LeftArm",
          "pivot": [
            7,
            20,
            0
          ],
          "rotation": [
            -44.89078,
            -3.53329,
            -3.54002
          ],
          "cubes": [
            {
              "origin": [
                6,
                17,
                -2
              ],
              "size": [
                4,
                5,
                4
              ],
              "inflate": 0.25,
              "uv": [
                56,
                54
              ]
            }
          ]
        },
        {
          "name": "bone6",
          "parent": "LeftArm",
          "pivot": [
            8,
            17,
            0
          ],
          "rotation": [
            0,
            0,
            37.5
          ]
        },
        {
          "name": "bone9",
          "parent": "bone6",
          "pivot": [
            2,
            -2,
            0
          ],
          "cubes": [
            {
              "origin": [
                6,
                10,
                -2
              ],
              "size": [
                4,
                7,
                4
              ],
              "uv": [
                0,
                57
              ]
            }
          ]
        },
        {
          "name": "bone8",
          "parent": "bone9",
          "pivot": [
            2,
            -2,
            0
          ],
          "cubes": [
            {
              "origin": [
                6,
                5,
                -3
              ],
              "size": [
                3,
                5,
                6
              ],
              "pivot": [
                8,
                10,
                0
              ],
              "rotation": [
                99.1621,
                43.66264,
                103.96233
              ],
              "uv": [
                62,
                117
              ]
            }
          ]
        },
        {
          "name": "RightLeg",
          "pivot": [
            -3.9,
            12,
            0
          ],
          "cubes": [
            {
              "origin": [
                -5.9,
                9,
                -2
              ],
              "size": [
                4,
                3,
                4
              ],
              "uv": [
                40,
                54
              ]
            }
          ]
        },
        {
          "name": "bone11",
          "parent": "RightLeg",
          "pivot": [
            -2,
            0,
            0
          ],
          "cubes": [
            {
              "origin": [
                -5.4,
                1,
                -2
              ],
              "size": [
                2.5,
                8,
                3
              ],
              "uv": [
                41,
                55
              ]
            }
          ]
        },
        {
          "name": "bone12",
          "parent": "bone11",
          "pivot": [
            -2,
            0,
            0
          ],
          "cubes": [
            {
              "origin": [
                -5.4,
                0,
                -3
              ],
              "size": [
                2.5,
                1,
                4
              ],
              "uv": [
                40,
                54
              ]
            }
          ]
        },
        {
          "name": "LeftLeg",
          "pivot": [
            3.9,
            12,
            0
          ],
          "cubes": [
            {
              "origin": [
                1.9,
                9,
                -2
              ],
              "size": [
                4,
                3,
                4
              ],
              "uv": [
                24,
                52
              ]
            }
          ]
        },
        {
          "name": "bone13",
          "parent": "LeftLeg",
          "pivot": [
            2,
            0,
            0
          ],
          "cubes": [
            {
              "origin": [
                -1.6,
                1,
                -1
              ],
              "size": [
                2.5,
                8,
                3
              ],
              "pivot": [
                2,
                0,
                0
              ],
              "rotation": [
                0,
                -177.5,
                0
              ],
              "uv": [
                25,
                53
              ]
            }
          ]
        },
        {
          "name": "bone14",
          "parent": "bone13",
          "pivot": [
            2,
            0,
            0
          ],
          "cubes": [
            {
              "origin": [
                -1.6,
                0,
                -1
              ],
              "size": [
                2.5,
                1,
                4
              ],
              "pivot": [
                2,
                0,
                0
              ],
              "rotation": [
                0,
                -177.5,
                0
              ],
              "uv": [
                24,
                52
              ]
            }
          ]
        },
        {
          "name": "Body",
          "pivot": [
            0,
            12,
            0
          ],
          "cubes": [
            {
              "origin": [
                -6,
                12,
                -4
              ],
              "size": [
                12,
                10,
                8
              ],
              "uv": [
                88,
                0
              ]
            }
          ]
        },
        {
          "name": "bone3",
          "pivot": [
            0,
            20,
            -1
          ],
          "cubes": [
            {
              "origin": [
                -4,
                16,
                -2
              ],
              "size": [
                8,
                8,
                7
              ],
              "uv": [
                25,
                37
              ]
            }
          ]
        }
      ]
    }
  ]
}