{
  "format_version": "1.12.0",
  "minecraft:geometry": [
    {
      "description": {
        "identifier": "geometry.pa_blue",
        "texture_width": 64,
        "texture_height": 64,
        "visible_bounds_width": 3,
        "visible_bounds_height": 3.5,
        "visible_bounds_offset": [
          0,
          1.25,
          0
        ]
      },
      "bones": [
        {
          "name": "Root",
          "pivot": [
            0,
            0,
            0
          ]
        },
        {
          "name": "Body",
          "parent": "Root",
          "pivot": [
            -0.5,
            10.5,
            -1.5
          ],
          "cubes": [
            {
              "origin": [
                -5,
                16,
                -5
              ],
              "size": [
                9,
                8,
                7
              ],
              "uv": [
                0,
                16
              ]
            },
            {
              "origin": [
                -4.5,
                10,
                -5
              ],
              "size": [
                8,
                6,
                7
              ],
              "uv": [
                25,
                9
              ]
            }
          ]
        },
        {
          "name": "Head",
          "parent": "Body",
          "pivot": [
            -0.525,
            24,
            -1.5
          ],
          "cubes": [
            {
              "origin": [
                -4.5,
                24,
                -5.5
              ],
              "size": [
                8,
                8,
                8
              ],
              "uv": [
                0,
                0
              ]
            },
            {
              "origin": [
                -3.5,
                32,
                -4.5
              ],
              "size": [
                6,
                4,
                6
              ],
              "uv": [
                0,
                31
              ]
            },
            {
              "origin": [
                -4.3,
                27.5,
                -6
              ],
              "size": [
                3,
                3,
                1
              ],
              "uv": [
                0,
                4
              ]
            },
            {
              "origin": [
                0.2,
                27.5,
                -6
              ],
              "size": [
                3,
                3,
                1
              ],
              "uv": [
                0,
                0
              ]
            }
          ]
        },
        {
          "name": "Rightarm",
          "parent": "Body",
          "pivot": [
            -5,
            23,
            -1.5
          ],
          "cubes": [
            {
              "origin": [
                -9,
                17,
                -3.5
              ],
              "size": [
                4,
                7,
                4
              ],
              "uv": [
                28,
                27
              ]
            }
          ]
        },
        {
          "name": "bone4",
          "parent": "Rightarm",
          "pivot": [
            -7,
            17,
            -2
          ],
          "cubes": [
            {
              "origin": [
                -9,
                10,
                -3.5
              ],
              "size": [
                4,
                7,
                4
              ],
              "uv": [
                28,
                27
              ]
            }
          ]
        },
        {
          "name": "Leaftarm",
          "parent": "Body",
          "pivot": [
            4,
            23,
            -1.5
          ],
          "cubes": [
            {
              "origin": [
                4,
                17,
                -3.5
              ],
              "size": [
                4,
                7,
                4
              ],
              "uv": [
                28,
                27
              ]
            }
          ]
        },
        {
          "name": "bone3",
          "parent": "Leaftarm",
          "pivot": [
            6,
            17,
            -2
          ],
          "cubes": [
            {
              "origin": [
                4,
                10,
                -3.5
              ],
              "size": [
                4,
                7,
                4
              ],
              "uv": [
                28,
                27
              ]
            }
          ]
        },
        {
          "name": "Rightleg",
          "parent": "Root",
          "pivot": [
            -3,
            10,
            -1.5
          ],
          "cubes": [
            {
              "origin": [
                -5,
                5,
                -3.5
              ],
              "size": [
                4,
                5,
                4
              ],
              "uv": [
                0,
                41
              ]
            }
          ]
        },
        {
          "name": "bone",
          "parent": "Rightleg",
          "pivot": [
            -3,
            5,
            -1.6
          ],
          "cubes": [
            {
              "origin": [
                -5,
                0,
                -3.5
              ],
              "size": [
                4,
                5,
                4
              ],
              "uv": [
                0,
                41
              ]
            }
          ]
        },
        {
          "name": "Leaftleg",
          "parent": "Root",
          "pivot": [
            2,
            10,
            -1.5
          ],
          "cubes": [
            {
              "origin": [
                0,
                5,
                -3.5
              ],
              "size": [
                4,
                5,
                4
              ],
              "uv": [
                0,
                41
              ]
            }
          ]
        },
        {
          "name": "bone2",
          "parent": "Leaftleg",
          "pivot": [
            2,
            5,
            -2
          ],
          "cubes": [
            {
              "origin": [
                0,
                0,
                -3.5
              ],
              "size": [
                4,
                5,
                4
              ],
              "uv": [
                0,
                41
              ]
            }
          ]
        }
      ]
    }
  ]
}