{
  "format_version": "1.12.0",
  "minecraft:geometry": [
    {
      "description": {
        "identifier": "geometry.pa_cyan",
        "texture_width": 64,
        "texture_height": 64,
        "visible_bounds_width": 4,
        "visible_bounds_height": 3.5,
        "visible_bounds_offset": [
          0,
          1.25,
          0
        ]
      },
      "bones": [
        {
          "name": "root",
          "pivot": [
            0,
            0,
            0
          ]
        },
        {
          "name": "waist",
          "parent": "root",
          "pivot": [
            0,
            -3,
            0
          ]
        },
        {
          "name": "body",
          "parent": "waist",
          "pivot": [
            0,
            8,
            0
          ],
          "cubes": [
            {
              "origin": [
                -5,
                8,
                -6
              ],
              "size": [
                10,
                8,
                13
              ],
              "uv": [
                0,
                0
              ]
            },
            {
              "origin": [
                -3,
                9,
                -13
              ],
              "size": [
                6,
                6,
                9
              ],
              "pivot": [
                0,
                12,
                -6.5
              ],
              "rotation": [
                -40,
                0,
                0
              ],
              "uv": [
                0,
                34
              ]
            },
            {
              "origin": [
                0,
                2,
                6
              ],
              "size": [
                0,
                13,
                15
              ],
              "pivot": [
                0,
                12,
                7
              ],
              "rotation": [
                -7.5,
                0,
                0
              ],
              "uv": [
                0,
                6
              ]
            }
          ]
        },
        {
          "name": "head",
          "parent": "body",
          "pivot": [
            0,
            16,
            -12
          ],
          "cubes": [
            {
              "origin": [
                -5,
                15,
                -15
              ],
              "size": [
                10,
                6,
                7
              ],
              "uv": [
                23,
                27
              ]
            },
            {
              "origin": [
                4,
                16,
                -14
              ],
              "size": [
                6,
                4,
                5
              ],
              "pivot": [
                5,
                18,
                -12
              ],
              "rotation": [
                0,
                -20,
                0
              ],
              "uv": [
                30,
                40
              ]
            },
            {
              "origin": [
                9.89921,
                16,
                -11.57161
              ],
              "size": [
                4,
                4,
                3
              ],
              "pivot": [
                9,
                18,
                -11
              ],
              "rotation": [
                0,
                -37.5,
                0
              ],
              "uv": [
                14,
                49
              ]
            },
            {
              "origin": [
                -10,
                16,
                -14
              ],
              "size": [
                6,
                4,
                5
              ],
              "pivot": [
                -5,
                18,
                -12
              ],
              "rotation": [
                0,
                22.5,
                0
              ],
              "uv": [
                33,
                0
              ]
            },
            {
              "origin": [
                -12.15643,
                16,
                -11.2409
              ],
              "size": [
                4,
                4,
                3
              ],
              "pivot": [
                -9,
                18,
                -9
              ],
              "rotation": [
                0,
                45,
                0
              ],
              "uv": [
                0,
                49
              ]
            }
          ]
        },
        {
          "name": "eyeball",
          "parent": "head",
          "pivot": [
            -4.6453,
            20.67349,
            -14.47643
          ],
          "cubes": [
            {
              "origin": [
                -6,
                19,
                -16
              ],
              "size": [
                3,
                3,
                3
              ],
              "pivot": [
                -4,
                21,
                -14
              ],
              "rotation": [
                -17.5,
                15,
                0
              ],
              "uv": [
                42,
                21
              ]
            }
          ]
        },
        {
          "name": "eyeball2",
          "parent": "head",
          "pivot": [
            4.85053,
            20.59949,
            -14.75316
          ],
          "cubes": [
            {
              "origin": [
                3,
                19,
                -16
              ],
              "size": [
                3,
                3,
                3
              ],
              "pivot": [
                5,
                21,
                -14
              ],
              "rotation": [
                -11.5754,
                -27.10593,
                -3.87364
              ],
              "uv": [
                30,
                21
              ]
            }
          ]
        },
        {
          "name": "leftArm",
          "parent": "root",
          "pivot": [
            -4,
            9,
            0
          ],
          "cubes": [
            {
              "origin": [
                -6,
                0,
                -1
              ],
              "size": [
                3,
                9,
                3
              ],
              "uv": [
                46,
                9
              ]
            },
            {
              "origin": [
                -6,
                0,
                -3
              ],
              "size": [
                3,
                1,
                2
              ],
              "uv": [
                21,
                40
              ]
            }
          ]
        },
        {
          "name": "leftLeg",
          "parent": "root",
          "pivot": [
            4,
            9,
            0
          ],
          "cubes": [
            {
              "origin": [
                3,
                0,
                -1
              ],
              "size": [
                3,
                9,
                3
              ],
              "uv": [
                0,
                0
              ]
            },
            {
              "origin": [
                3,
                0,
                -3
              ],
              "size": [
                3,
                1,
                2
              ],
              "uv": [
                33,
                9
              ]
            }
          ]
        }
      ]
    }
  ]
}