{
  "format_version": "1.12.0",
  "minecraft:geometry": [
    {
      "description": {
        "identifier": "geometry.pa_green",
        "texture_width": 128,
        "texture_height": 128,
        "visible_bounds_width": 13,
        "visible_bounds_height": 5.5,
        "visible_bounds_offset": [
          0,
          2.25,
          0
        ]
      },
      "bones": [
        {
          "name": "Root",
          "pivot": [
            0,
            21,
            0
          ]
        },
        {
          "name": "Body",
          "parent": "Root",
          "pivot": [
            0,
            19.5,
            0
          ],
          "cubes": [
            {
              "origin": [
                -4,
                16,
                -4
              ],
              "size": [
                8,
                35,
                8
              ],
              "uv": [
                0,
                0
              ]
            },
            {
              "origin": [
                -4,
                51,
                -4
              ],
              "size": [
                8,
                1,
                8
              ],
              "uv": [
                24,
                54
              ]
            }
          ]
        },
        {
          "name": "Head",
          "parent": "Body",
          "pivot": [
            0,
            52,
            4
          ],
          "cubes": [
            {
              "origin": [
                -4,
                53,
                -4
              ],
              "size": [
                8,
                10,
                8
              ],
              "uv": [
                32,
                27
              ]
            },
            {
              "origin": [
                -4,
                52,
                -4
              ],
              "size": [
                8,
                1,
                8
              ],
              "uv": [
                0,
                52
              ]
            },
            {
              "origin": [
                -5.77674,
                57,
                -5.12326
              ],
              "size": [
                5,
                5,
                2
              ],
              "pivot": [
                -3.27674,
                59.5,
                -4.12326
              ],
              "rotation": [
                0,
                35,
                0
              ],
              "uv": [
                56,
                25
              ]
            },
            {
              "origin": [
                0.77674,
                57,
                -5.12326
              ],
              "size": [
                5,
                5,
                2
              ],
              "pivot": [
                3.27674,
                59.5,
                -4.12326
              ],
              "rotation": [
                0,
                -35,
                0
              ],
              "uv": [
                56,
                25
              ],
              "mirror": true
            }
          ]
        },
        {
          "name": "Dila",
          "parent": "Body",
          "pivot": [
            0,
            51.5,
            3
          ],
          "cubes": [
            {
              "origin": [
                -1.5,
                51,
                -3
              ],
              "size": [
                3,
                1,
                6
              ],
              "uv": [
                48,
                54
              ]
            }
          ]
        },
        {
          "name": "Rightarm",
          "parent": "Body",
          "pivot": [
            -3.5,
            45,
            0
          ],
          "cubes": [
            {
              "origin": [
                -14,
                44,
                -3
              ],
              "size": [
                11,
                3,
                6
              ],
              "uv": [
                36,
                45
              ]
            }
          ]
        },
        {
          "name": "bone",
          "parent": "Rightarm",
          "pivot": [
            -14,
            45,
            0
          ],
          "cubes": [
            {
              "origin": [
                -26,
                44,
                -3
              ],
              "size": [
                12,
                3,
                6
              ],
              "uv": [
                0,
                43
              ]
            }
          ]
        },
        {
          "name": "bone2",
          "parent": "bone",
          "pivot": [
            -26,
            45,
            0
          ],
          "cubes": [
            {
              "origin": [
                -38,
                44,
                -3
              ],
              "size": [
                12,
                3,
                6
              ],
              "uv": [
                0,
                43
              ]
            }
          ]
        },
        {
          "name": "bone3",
          "parent": "bone2",
          "pivot": [
            -38,
            45,
            0
          ],
          "cubes": [
            {
              "origin": [
                -50,
                44,
                -3
              ],
              "size": [
                12,
                3,
                6
              ],
              "uv": [
                0,
                43
              ]
            }
          ]
        },
        {
          "name": "bone4",
          "parent": "bone3",
          "pivot": [
            -50,
            45,
            0
          ],
          "cubes": [
            {
              "origin": [
                -62,
                44,
                -3
              ],
              "size": [
                12,
                3,
                6
              ],
              "uv": [
                0,
                43
              ]
            }
          ]
        },
        {
          "name": "bone5",
          "parent": "bone4",
          "pivot": [
            -62.578,
            44.56543,
            0
          ],
          "cubes": [
            {
              "origin": [
                -74,
                44,
                -3
              ],
              "size": [
                12,
                3,
                6
              ],
              "uv": [
                0,
                43
              ]
            },
            {
              "origin": [
                -85,
                44.5,
                -1
              ],
              "size": [
                11,
                2,
                2
              ],
              "uv": [
                52,
                0
              ]
            },
            {
              "origin": [
                -85,
                44.5,
                -3
              ],
              "size": [
                11,
                2,
                2
              ],
              "pivot": [
                -73.5,
                45.5,
                -2
              ],
              "rotation": [
                0,
                -5,
                0
              ],
              "uv": [
                52,
                0
              ]
            },
            {
              "origin": [
                -85,
                44.5,
                1
              ],
              "size": [
                11,
                2,
                2
              ],
              "pivot": [
                -73.5,
                45.5,
                2
              ],
              "rotation": [
                0,
                5,
                0
              ],
              "uv": [
                52,
                0
              ]
            }
          ]
        },
        {
          "name": "Leftarm",
          "parent": "Body",
          "pivot": [
            3.5,
            45,
            0
          ],
          "cubes": [
            {
              "origin": [
                3,
                44,
                -3
              ],
              "size": [
                11,
                3,
                6
              ],
              "uv": [
                36,
                45
              ],
              "mirror": true
            }
          ]
        },
        {
          "name": "bone6",
          "parent": "Leftarm",
          "pivot": [
            14,
            45,
            0
          ],
          "cubes": [
            {
              "origin": [
                14,
                44,
                -3
              ],
              "size": [
                12,
                3,
                6
              ],
              "uv": [
                0,
                43
              ],
              "mirror": true
            }
          ]
        },
        {
          "name": "bone7",
          "parent": "bone6",
          "pivot": [
            26,
            45,
            0
          ],
          "cubes": [
            {
              "origin": [
                26,
                44,
                -3
              ],
              "size": [
                12,
                3,
                6
              ],
              "uv": [
                0,
                43
              ],
              "mirror": true
            }
          ]
        },
        {
          "name": "bone8",
          "parent": "bone7",
          "pivot": [
            38,
            45,
            0
          ],
          "cubes": [
            {
              "origin": [
                38,
                44,
                -3
              ],
              "size": [
                12,
                3,
                6
              ],
              "uv": [
                0,
                43
              ],
              "mirror": true
            }
          ]
        },
        {
          "name": "bone9",
          "parent": "bone8",
          "pivot": [
            50,
            45,
            0
          ],
          "cubes": [
            {
              "origin": [
                50,
                44,
                -3
              ],
              "size": [
                12,
                3,
                6
              ],
              "uv": [
                0,
                43
              ],
              "mirror": true
            }
          ]
        },
        {
          "name": "bone10",
          "parent": "bone9",
          "pivot": [
            62.578,
            44.56543,
            0
          ],
          "cubes": [
            {
              "origin": [
                62,
                44,
                -3
              ],
              "size": [
                12,
                3,
                6
              ],
              "uv": [
                0,
                43
              ],
              "mirror": true
            },
            {
              "origin": [
                74,
                44.5,
                1
              ],
              "size": [
                11,
                2,
                2
              ],
              "pivot": [
                73.5,
                45.5,
                2
              ],
              "rotation": [
                0,
                -5,
                0
              ],
              "uv": [
                52,
                0
              ]
            },
            {
              "origin": [
                74,
                44.5,
                -1
              ],
              "size": [
                11,
                2,
                2
              ],
              "uv": [
                52,
                0
              ]
            },
            {
              "origin": [
                74,
                44.5,
                -3
              ],
              "size": [
                11,
                2,
                2
              ],
              "pivot": [
                73.5,
                45.5,
                -2
              ],
              "rotation": [
                0,
                7.5,
                0
              ],
              "uv": [
                52,
                0
              ]
            }
          ]
        },
        {
          "name": "Rightleg",
          "parent": "Root",
          "pivot": [
            4.04031,
            18.69737,
            0
          ],
          "cubes": [
            {
              "origin": [
                0.04031,
                8.69737,
                -3
              ],
              "size": [
                6,
                10,
                6
              ],
              "pivot": [
                4.04031,
                18.69737,
                0
              ],
              "rotation": [
                0,
                0,
                -90
              ],
              "uv": [
                -4,
                -4
              ]
            }
          ]
        },
        {
          "name": "bone11",
          "parent": "Rightleg",
          "pivot": [
            12,
            14,
            0
          ],
          "cubes": [
            {
              "origin": [
                7.54031,
                0.19737,
                -3
              ],
              "size": [
                7,
                15,
                6
              ],
              "uv": [
                32,
                0
              ]
            }
          ]
        },
        {
          "name": "Leftleg",
          "parent": "Root",
          "pivot": [
            -3.95969,
            18.69737,
            0
          ],
          "cubes": [
            {
              "origin": [
                0.04031,
                26.69737,
                -3
              ],
              "size": [
                6,
                10,
                6
              ],
              "pivot": [
                4.04031,
                18.69737,
                0
              ],
              "rotation": [
                0,
                0,
                -90
              ],
              "uv": [
                -4,
                -4
              ]
            }
          ]
        },
        {
          "name": "bone12",
          "parent": "Leftleg",
          "pivot": [
            -13,
            16,
            0
          ],
          "cubes": [
            {
              "origin": [
                -15.45969,
                0.19737,
                -3
              ],
              "size": [
                7,
                16,
                6
              ],
              "uv": [
                32,
                0
              ]
            }
          ]
        }
      ]
    }
  ]
}