{
  "format_version": "1.12.0",
  "minecraft:geometry": [
    {
      "description": {
        "identifier": "geometry.pa_purple",
        "texture_width": 64,
        "texture_height": 64,
        "visible_bounds_width": 5,
        "visible_bounds_height": 3.5,
        "visible_bounds_offset": [
          0,
          1.25,
          0
        ]
      },
      "bones": [
        {
          "name": "Root",
          "pivot": [
            0,
            0,
            0
          ]
        },
        {
          "name": "Body",
          "parent": "Root",
          "pivot": [
            0,
            1,
            2.5
          ],
          "cubes": [
            {
              "origin": [
                -1.5,
                0,
                1
              ],
              "size": [
                3,
                6,
                3
              ],
              "uv": [
                31,
                31
              ]
            }
          ]
        },
        {
          "name": "Body2",
          "parent": "Body",
          "pivot": [
            0,
            6,
            2.5
          ],
          "cubes": [
            {
              "origin": [
                -1.5,
                6,
                1
              ],
              "size": [
                3,
                6,
                3
              ],
              "uv": [
                31,
                31
              ]
            }
          ]
        },
        {
          "name": "Body3",
          "parent": "Body2",
          "pivot": [
            0,
            12,
            2.5
          ],
          "cubes": [
            {
              "origin": [
                -1.5,
                12,
                1
              ],
              "size": [
                3,
                6,
                3
              ],
              "uv": [
                31,
                31
              ]
            }
          ]
        },
        {
          "name": "Rightarm",
          "parent": "Body3",
          "pivot": [
            -1.5,
            16,
            2.5
          ],
          "cubes": [
            {
              "origin": [
                -8,
                15,
                1.5
              ],
              "size": [
                7,
                2,
                2
              ],
              "uv": [
                0,
                32
              ]
            }
          ]
        },
        {
          "name": "bone5",
          "parent": "Rightarm",
          "pivot": [
            -8.5,
            16,
            2.5
          ],
          "cubes": [
            {
              "origin": [
                -15,
                15,
                1.5
              ],
              "size": [
                7,
                2,
                2
              ],
              "uv": [
                16,
                30
              ]
            }
          ]
        },
        {
          "name": "bone6",
          "parent": "bone5",
          "pivot": [
            -15.5,
            16,
            2.5
          ],
          "cubes": [
            {
              "origin": [
                -22,
                15,
                1.5
              ],
              "size": [
                7,
                2,
                2
              ],
              "uv": [
                0,
                28
              ]
            }
          ]
        },
        {
          "name": "bone7",
          "parent": "bone6",
          "pivot": [
            -21.8909,
            16,
            2.5
          ],
          "cubes": [
            {
              "origin": [
                -25,
                14,
                2
              ],
              "size": [
                3,
                4,
                1
              ],
              "uv": [
                0,
                36
              ]
            },
            {
              "origin": [
                -29,
                17,
                2
              ],
              "size": [
                4,
                1,
                1
              ],
              "pivot": [
                -25,
                17.5,
                2.5
              ],
              "rotation": [
                0,
                0,
                12.5
              ],
              "uv": [
                23,
                42
              ]
            },
            {
              "origin": [
                -26.49273,
                18.30951,
                2
              ],
              "size": [
                4,
                1,
                1
              ],
              "pivot": [
                -24.49273,
                17.80951,
                2.5
              ],
              "rotation": [
                0,
                0,
                32.5
              ],
              "uv": [
                42,
                20
              ]
            },
            {
              "origin": [
                -29,
                16,
                2
              ],
              "size": [
                4,
                1,
                1
              ],
              "pivot": [
                -25,
                16.5,
                2.5
              ],
              "rotation": [
                0,
                0,
                5
              ],
              "uv": [
                42,
                18
              ]
            },
            {
              "origin": [
                -29,
                15,
                2
              ],
              "size": [
                4,
                1,
                1
              ],
              "pivot": [
                -25,
                15.5,
                2.5
              ],
              "rotation": [
                0,
                0,
                -5
              ],
              "uv": [
                0,
                42
              ]
            },
            {
              "origin": [
                -29,
                14,
                2
              ],
              "size": [
                4,
                1,
                1
              ],
              "pivot": [
                -25,
                14.5,
                2.5
              ],
              "rotation": [
                0,
                0,
                -12.5
              ],
              "uv": [
                34,
                40
              ]
            }
          ]
        },
        {
          "name": "Leftarm",
          "parent": "Body3",
          "pivot": [
            1.5,
            16,
            2.5
          ],
          "cubes": [
            {
              "origin": [
                1,
                15,
                1.5
              ],
              "size": [
                7,
                2,
                2
              ],
              "uv": [
                16,
                26
              ]
            }
          ]
        },
        {
          "name": "bone8",
          "parent": "Leftarm",
          "pivot": [
            7.5,
            16,
            2.5
          ],
          "cubes": [
            {
              "origin": [
                8,
                15,
                1.5
              ],
              "size": [
                7,
                2,
                2
              ],
              "uv": [
                0,
                24
              ]
            }
          ]
        },
        {
          "name": "bone9",
          "parent": "bone8",
          "pivot": [
            15.5,
            16,
            2.5
          ],
          "cubes": [
            {
              "origin": [
                15,
                15,
                1.5
              ],
              "size": [
                7,
                2,
                2
              ],
              "uv": [
                16,
                22
              ]
            }
          ]
        },
        {
          "name": "bone10",
          "parent": "bone9",
          "pivot": [
            21.8909,
            16,
            2.5
          ],
          "cubes": [
            {
              "origin": [
                22,
                14,
                2
              ],
              "size": [
                3,
                4,
                1
              ],
              "uv": [
                18,
                34
              ]
            },
            {
              "origin": [
                25,
                17,
                2
              ],
              "size": [
                4,
                1,
                1
              ],
              "pivot": [
                25,
                17.5,
                2.5
              ],
              "rotation": [
                0,
                0,
                -12.5
              ],
              "uv": [
                40,
                31
              ]
            },
            {
              "origin": [
                22.49273,
                18.30951,
                2
              ],
              "size": [
                4,
                1,
                1
              ],
              "pivot": [
                24.49273,
                17.80951,
                2.5
              ],
              "rotation": [
                0,
                0,
                -32.5
              ],
              "uv": [
                24,
                40
              ]
            },
            {
              "origin": [
                25,
                16,
                2
              ],
              "size": [
                4,
                1,
                1
              ],
              "pivot": [
                25,
                16.5,
                2.5
              ],
              "rotation": [
                0,
                0,
                -5
              ],
              "uv": [
                40,
                16
              ]
            },
            {
              "origin": [
                25,
                15,
                2
              ],
              "size": [
                4,
                1,
                1
              ],
              "pivot": [
                25,
                15.5,
                2.5
              ],
              "rotation": [
                0,
                0,
                5
              ],
              "uv": [
                38,
                14
              ]
            },
            {
              "origin": [
                25,
                14,
                2
              ],
              "size": [
                4,
                1,
                1
              ],
              "pivot": [
                25,
                14.5,
                2.5
              ],
              "rotation": [
                0,
                0,
                12.5
              ],
              "uv": [
                38,
                6
              ]
            }
          ]
        },
        {
          "name": "Body4",
          "parent": "Body3",
          "pivot": [
            0,
            18,
            2.5
          ],
          "cubes": [
            {
              "origin": [
                -1.5,
                18,
                1
              ],
              "size": [
                3,
                6,
                3
              ],
              "uv": [
                31,
                31
              ]
            }
          ]
        },
        {
          "name": "Head",
          "parent": "Body4",
          "pivot": [
            0,
            22,
            2
          ],
          "cubes": [
            {
              "origin": [
                -4,
                19,
                0
              ],
              "size": [
                8,
                8,
                2
              ],
              "uv": [
                0,
                10
              ]
            }
          ]
        },
        {
          "name": "bone",
          "parent": "Head",
          "pivot": [
            0,
            27,
            0
          ],
          "cubes": [
            {
              "origin": [
                -4,
                19,
                -2
              ],
              "size": [
                8,
                8,
                2
              ],
              "uv": [
                0,
                0
              ]
            },
            {
              "origin": [
                0.5,
                23,
                -3
              ],
              "size": [
                3,
                3,
                1
              ],
              "uv": [
                16,
                39
              ]
            },
            {
              "origin": [
                -3.5,
                23,
                -3
              ],
              "size": [
                3,
                3,
                1
              ],
              "uv": [
                8,
                38
              ]
            }
          ]
        },
        {
          "name": "Rightleg",
          "parent": "Body",
          "pivot": [
            -1.5,
            2,
            2.5
          ],
          "cubes": [
            {
              "origin": [
                -8,
                1,
                1.5
              ],
              "size": [
                7,
                2,
                2
              ],
              "uv": [
                20,
                12
              ]
            }
          ]
        },
        {
          "name": "bone14",
          "parent": "Rightleg",
          "pivot": [
            -8.5,
            2,
            2.5
          ],
          "cubes": [
            {
              "origin": [
                -15,
                1,
                1.5
              ],
              "size": [
                7,
                2,
                2
              ],
              "uv": [
                20,
                4
              ]
            }
          ]
        },
        {
          "name": "bone15",
          "parent": "bone14",
          "pivot": [
            -15.5,
            2,
            2.5
          ],
          "cubes": [
            {
              "origin": [
                -22,
                1,
                1.5
              ],
              "size": [
                7,
                2,
                2
              ],
              "uv": [
                20,
                0
              ]
            }
          ]
        },
        {
          "name": "bone16",
          "parent": "bone15",
          "pivot": [
            -21.8909,
            2,
            2.5
          ],
          "cubes": [
            {
              "origin": [
                -25,
                1.5,
                0.5
              ],
              "size": [
                3,
                1,
                4
              ],
              "uv": [
                32,
                23
              ]
            },
            {
              "origin": [
                -29,
                1.5,
                3.5
              ],
              "size": [
                4,
                1,
                1
              ],
              "pivot": [
                -25,
                2,
                4
              ],
              "rotation": [
                0,
                12.5,
                0
              ],
              "uv": [
                38,
                2
              ]
            },
            {
              "origin": [
                -25.41813,
                1.5,
                -0.49629
              ],
              "size": [
                4,
                1,
                1
              ],
              "pivot": [
                -23.41813,
                2,
                -0.99629
              ],
              "rotation": [
                0,
                -32.5,
                0
              ],
              "uv": [
                36,
                12
              ]
            },
            {
              "origin": [
                -29,
                1.5,
                2.5
              ],
              "size": [
                4,
                1,
                1
              ],
              "pivot": [
                -25,
                2,
                3
              ],
              "rotation": [
                0,
                5,
                0
              ],
              "uv": [
                36,
                10
              ]
            },
            {
              "origin": [
                -29,
                1.5,
                1.5
              ],
              "size": [
                4,
                1,
                1
              ],
              "pivot": [
                -25,
                2,
                2
              ],
              "rotation": [
                0,
                -5,
                0
              ],
              "uv": [
                8,
                36
              ]
            },
            {
              "origin": [
                -29,
                1.5,
                0.5
              ],
              "size": [
                4,
                1,
                1
              ],
              "pivot": [
                -25,
                2,
                1
              ],
              "rotation": [
                0,
                -12.5,
                0
              ],
              "uv": [
                36,
                4
              ]
            }
          ]
        },
        {
          "name": "Leftleg",
          "parent": "Body",
          "pivot": [
            1.5,
            2,
            2.5
          ],
          "cubes": [
            {
              "origin": [
                1,
                1,
                1.5
              ],
              "size": [
                7,
                2,
                2
              ],
              "uv": [
                0,
                20
              ]
            }
          ]
        },
        {
          "name": "bone11",
          "parent": "Leftleg",
          "pivot": [
            8.5,
            2,
            2.5
          ],
          "cubes": [
            {
              "origin": [
                8,
                1,
                1.5
              ],
              "size": [
                7,
                2,
                2
              ],
              "uv": [
                18,
                18
              ]
            }
          ]
        },
        {
          "name": "bone12",
          "parent": "bone11",
          "pivot": [
            15.5,
            2,
            2.5
          ],
          "cubes": [
            {
              "origin": [
                15,
                1,
                1.5
              ],
              "size": [
                7,
                2,
                2
              ],
              "uv": [
                18,
                8
              ]
            }
          ]
        },
        {
          "name": "bone13",
          "parent": "bone12",
          "pivot": [
            21.8909,
            2,
            2.5
          ],
          "cubes": [
            {
              "origin": [
                22,
                1.5,
                0.5
              ],
              "size": [
                3,
                1,
                4
              ],
              "uv": [
                32,
                18
              ]
            },
            {
              "origin": [
                25,
                1.5,
                3.5
              ],
              "size": [
                4,
                1,
                1
              ],
              "pivot": [
                25,
                2,
                4
              ],
              "rotation": [
                0,
                -12.5,
                0
              ],
              "uv": [
                36,
                0
              ]
            },
            {
              "origin": [
                21.41813,
                1.5,
                -0.49629
              ],
              "size": [
                4,
                1,
                1
              ],
              "pivot": [
                23.41813,
                2,
                -0.99629
              ],
              "rotation": [
                0,
                32.5,
                0
              ],
              "uv": [
                34,
                8
              ]
            },
            {
              "origin": [
                25,
                1.5,
                2.5
              ],
              "size": [
                4,
                1,
                1
              ],
              "pivot": [
                25,
                2,
                3
              ],
              "rotation": [
                0,
                -5,
                0
              ],
              "uv": [
                33,
                29
              ]
            },
            {
              "origin": [
                25,
                1.5,
                1.5
              ],
              "size": [
                4,
                1,
                1
              ],
              "pivot": [
                25,
                2,
                2
              ],
              "rotation": [
                0,
                5,
                0
              ],
              "uv": [
                30,
                16
              ]
            },
            {
              "origin": [
                25,
                1.5,
                0.5
              ],
              "size": [
                4,
                1,
                1
              ],
              "pivot": [
                25,
                2,
                1
              ],
              "rotation": [
                0,
                12.5,
                0
              ],
              "uv": [
                20,
                16
              ]
            }
          ]
        }
      ]
    }
  ]
}