{
  "format_version": "1.12.0",
  "minecraft:geometry": [
    {
      "description": {
        "identifier": "geometry.pa_redhead",
        "texture_width": 32,
        "texture_height": 32,
        "visible_bounds_width": 3,
        "visible_bounds_height": 5,
        "visible_bounds_offset": [
          0,
          0.5,
          0
        ]
      },
      "bones": [
        {
          "name": "Root",
          "pivot": [
            0,
            0,
            0
          ]
        },
        {
          "name": "Body",
          "parent": "Root",
          "pivot": [
            0,
            12,
            0
          ]
        },
        {
          "name": "Head",
          "parent": "Body",
          "pivot": [
            0,
            0,
            0
          ],
          "cubes": [
            {
              "origin": [
                -4,
                0,
                -4
              ],
              "size": [
                8,
                8,
                8
              ],
              "uv": [
                0,
                0
              ]
            },
            {
              "origin": [
                -5,
                5,
                -4
              ],
              "size": [
                3,
                3,
                3
              ],
              "inflate": 0.5,
              "pivot": [
                -2.5,
                6.5,
                -2.5
              ],
              "rotation": [
                0,
                0,
                -12.5
              ],
              "uv": [
                12,
                16
              ]
            },
            {
              "origin": [
                2,
                5,
                -4
              ],
              "size": [
                3,
                3,
                3
              ],
              "inflate": 0.5,
              "pivot": [
                2.5,
                6.5,
                -2.5
              ],
              "rotation": [
                0,
                0,
                12.5
              ],
              "uv": [
                0,
                16
              ]
            }
          ]
        },
        {
          "name": "RightArm",
          "parent": "Body",
          "pivot": [
            -5,
            22,
            0
          ]
        },
        {
          "name": "LeftArm",
          "parent": "Body",
          "pivot": [
            5,
            22,
            0
          ]
        },
        {
          "name": "RightLeg",
          "parent": "Root",
          "pivot": [
            -1.9,
            12,
            0
          ]
        },
        {
          "name": "LeftLeg",
          "parent": "Root",
          "pivot": [
            1.9,
            12,
            0
          ]
        }
      ]
    }
  ]
}