{
  "format_version": "1.12.0",
  "minecraft:geometry": [
    {
      "description": {
        "identifier": "geometry.pa_yelow",
        "texture_width": 128,
        "texture_height": 128,
        "visible_bounds_width": 4,
        "visible_bounds_height": 4.5,
        "visible_bounds_offset": [
          0,
          1.75,
          0
        ]
      },
      "bones": [
        {
          "name": "Root",
          "pivot": [
            0,
            0,
            0
          ]
        },
        {
          "name": "Body",
          "parent": "Root",
          "pivot": [
            -1,
            12,
            0
          ],
          "rotation": [
            0,
            0,
            2.5
          ],
          "cubes": [
            {
              "origin": [
                -6,
                16,
                -5
              ],
              "size": [
                2,
                13,
                10
              ],
              "pivot": [
                -1,
                18,
                0
              ],
              "rotation": [
                0,
                0,
                22.5
              ],
              "uv": [
                38,
                0
              ]
            },
            {
              "origin": [
                -4,
                15,
                -5
              ],
              "size": [
                2,
                15,
                10
              ],
              "pivot": [
                -1,
                18,
                0
              ],
              "rotation": [
                0,
                0,
                22.5
              ],
              "uv": [
                24,
                17
              ]
            },
            {
              "origin": [
                -2,
                14,
                -5
              ],
              "size": [
                7,
                17,
                10
              ],
              "pivot": [
                -1,
                18,
                0
              ],
              "rotation": [
                0,
                0,
                22.5
              ],
              "uv": [
                0,
                0
              ]
            }
          ]
        },
        {
          "name": "bone3",
          "parent": "Body",
          "pivot": [
            -3,
            29,
            0
          ],
          "rotation": [
            0,
            0,
            -40
          ],
          "cubes": [
            {
              "origin": [
                -4,
                26,
                -1
              ],
              "size": [
                2,
                17,
                2
              ],
              "uv": [
                16,
                66
              ]
            },
            {
              "origin": [
                -4,
                43,
                -1
              ],
              "size": [
                2,
                0,
                12
              ],
              "uv": [
                40,
                23
              ]
            },
            {
              "origin": [
                -4,
                43,
                -1
              ],
              "size": [
                2,
                0,
                12
              ],
              "pivot": [
                -3,
                41,
                0
              ],
              "rotation": [
                0,
                87.5,
                0
              ],
              "uv": [
                38,
                35
              ]
            },
            {
              "origin": [
                -4,
                43,
                -1
              ],
              "size": [
                2,
                0,
                12
              ],
              "pivot": [
                -3,
                43,
                0
              ],
              "rotation": [
                0,
                180,
                0
              ],
              "uv": [
                36,
                23
              ]
            },
            {
              "origin": [
                -4,
                43,
                -1
              ],
              "size": [
                2,
                0,
                12
              ],
              "pivot": [
                -3,
                41,
                0
              ],
              "rotation": [
                0,
                -90,
                0
              ],
              "uv": [
                22,
                0
              ]
            }
          ]
        },
        {
          "name": "Head",
          "parent": "Body",
          "pivot": [
            5,
            29,
            0
          ],
          "rotation": [
            0,
            0,
            12.5
          ],
          "cubes": [
            {
              "origin": [
                2,
                27,
                -3
              ],
              "size": [
                6,
                10,
                6
              ],
              "uv": [
                32,
                42
              ]
            },
            {
              "origin": [
                1,
                37,
                -4
              ],
              "size": [
                8,
                8,
                8
              ],
              "uv": [
                0,
                34
              ]
            },
            {
              "origin": [
                -4,
                44,
                0
              ],
              "size": [
                7,
                2,
                0
              ],
              "uv": [
                15,
                50
              ]
            },
            {
              "origin": [
                -3,
                38,
                0
              ],
              "size": [
                6,
                2,
                0
              ],
              "uv": [
                52,
                0
              ]
            },
            {
              "origin": [
                8,
                37,
                -2
              ],
              "size": [
                5,
                4,
                4
              ],
              "pivot": [
                9,
                40,
                0
              ],
              "rotation": [
                0,
                0,
                20
              ],
              "uv": [
                56,
                43
              ]
            },
            {
              "origin": [
                10.8,
                40.2,
                -0.6
              ],
              "size": [
                3,
                1,
                1
              ],
              "pivot": [
                9,
                40,
                0
              ],
              "rotation": [
                0,
                0,
                42.5
              ],
              "uv": [
                0,
                0
              ]
            }
          ]
        },
        {
          "name": "Rightarm",
          "parent": "Body",
          "pivot": [
            4,
            28,
            4
          ],
          "cubes": [
            {
              "origin": [
                2,
                20,
                4
              ],
              "size": [
                5,
                10,
                5
              ],
              "uv": [
                51,
                53
              ]
            }
          ]
        },
        {
          "name": "bone4",
          "parent": "Rightarm",
          "pivot": [
            4,
            20,
            7
          ],
          "rotation": [
            0,
            0,
            -42.5
          ],
          "cubes": [
            {
              "origin": [
                2.2,
                12,
                4.2
              ],
              "size": [
                4.6,
                8,
                4.6
              ],
              "uv": [
                54,
                31
              ]
            }
          ]
        },
        {
          "name": "Leftarm",
          "parent": "Body",
          "pivot": [
            4,
            28,
            -4
          ],
          "cubes": [
            {
              "origin": [
                2,
                20,
                -9
              ],
              "size": [
                5,
                10,
                5
              ],
              "uv": [
                0,
                50
              ]
            }
          ]
        },
        {
          "name": "bone5",
          "parent": "Leftarm",
          "pivot": [
            4,
            20,
            -6
          ],
          "rotation": [
            0,
            0,
            -42.5
          ],
          "cubes": [
            {
              "origin": [
                2.2,
                12,
                -8.8
              ],
              "size": [
                4.6,
                8,
                4.6
              ],
              "uv": [
                20,
                54
              ]
            }
          ]
        },
        {
          "name": "Rightleg",
          "parent": "Root",
          "pivot": [
            -1,
            15,
            3
          ],
          "cubes": [
            {
              "origin": [
                -3,
                8,
                1
              ],
              "size": [
                4,
                8,
                4
              ],
              "pivot": [
                0,
                16,
                1
              ],
              "rotation": [
                0,
                0,
                -35
              ],
              "uv": [
                0,
                65
              ]
            }
          ]
        },
        {
          "name": "bone",
          "parent": "Rightleg",
          "pivot": [
            4,
            9,
            3
          ],
          "cubes": [
            {
              "origin": [
                -0.6,
                0,
                1
              ],
              "size": [
                6,
                2,
                4
              ],
              "uv": [
                62,
                12
              ]
            },
            {
              "origin": [
                4,
                3,
                1
              ],
              "size": [
                4,
                8,
                4
              ],
              "pivot": [
                0,
                16,
                1
              ],
              "rotation": [
                0,
                0,
                20
              ],
              "uv": [
                32,
                62
              ]
            }
          ]
        },
        {
          "name": "LeftLeg",
          "parent": "Root",
          "pivot": [
            -1,
            15,
            -3
          ],
          "cubes": [
            {
              "origin": [
                -3,
                8,
                -5
              ],
              "size": [
                4,
                8,
                4
              ],
              "pivot": [
                0,
                16,
                -5
              ],
              "rotation": [
                0,
                0,
                -35
              ],
              "uv": [
                62,
                0
              ]
            }
          ]
        },
        {
          "name": "bone2",
          "parent": "LeftLeg",
          "pivot": [
            4,
            9,
            -3
          ],
          "cubes": [
            {
              "origin": [
                -0.6,
                0,
                -5
              ],
              "size": [
                6,
                2,
                4
              ],
              "uv": [
                0,
                27
              ]
            },
            {
              "origin": [
                4,
                3,
                -5
              ],
              "size": [
                4,
                8,
                4
              ],
              "pivot": [
                0,
                16,
                -5
              ],
              "rotation": [
                0,
                0,
                20
              ],
              "uv": [
                58,
                19
              ]
            }
          ]
        }
      ]
    }
  ]
}