{
  "format_version": "1.12.0",
  "minecraft:geometry": [
    {
      "description": {
        "identifier": "geometry.c_cameramen",
        "texture_width": 64,
        "texture_height": 64,
        "visible_bounds_width": 3,
        "visible_bounds_height": 4,
        "visible_bounds_offset": [
          0,
          1,
          0
        ]
      },
      "bones": [
        {
          "name": "Head",
          "pivot": [
            0,
            24,
            0
          ],
          "cubes": [
            {
              "origin": [
                -1,
                25,
                -1
              ],
              "size": [
                2,
                3,
                2
              ],
              "pivot": [
                0,
                25,
                0
              ],
              "rotation": [
                -29.88345,
                -0.16074,
                0.21084
              ],
              "uv": [
                0,
                5
              ]
            },
            {
              "origin": [
                -1,
                26,
                1
              ],
              "size": [
                2,
                3,
                2
              ],
              "pivot": [
                0,
                25,
                0
              ],
              "rotation": [
                32.61655,
                -0.16074,
                0.21084
              ],
              "uv": [
                0,
                0
              ]
            },
            {
              "origin": [
                -1,
                24,
                -1
              ],
              "size": [
                2,
                2,
                2
              ],
              "uv": [
                20,
                16
              ]
            },
            {
              "origin": [
                -3,
                28,
                -7
              ],
              "size": [
                6,
                6,
                10
              ],
              "uv": [
                0,
                0
              ]
            },
            {
              "origin": [
                -3,
                28,
                -12
              ],
              "size": [
                6,
                6,
                5
              ],
              "uv": [
                24,
                16
              ]
            }
          ]
        },
        {
          "name": "Body",
          "pivot": [
            0,
            24,
            0
          ],
          "cubes": [
            {
              "origin": [
                -4,
                12,
                -2
              ],
              "size": [
                8,
                12,
                4
              ],
              "uv": [
                0,
                16
              ]
            }
          ]
        },
        {
          "name": "RightArm",
          "pivot": [
            -5,
            22,
            0
          ],
          "cubes": [
            {
              "origin": [
                -8,
                12,
                -2
              ],
              "size": [
                4,
                12,
                4
              ],
              "uv": [
                16,
                43
              ]
            },
            {
              "origin": [
                -8,
                12,
                -2
              ],
              "size": [
                4,
                12,
                4
              ],
              "inflate": 0.25,
              "uv": [
                42,
                23
              ]
            }
          ]
        },
        {
          "name": "LeftArm",
          "pivot": [
            5,
            22,
            0
          ],
          "cubes": [
            {
              "origin": [
                4,
                12,
                -2
              ],
              "size": [
                4,
                12,
                4
              ],
              "uv": [
                36,
                39
              ]
            },
            {
              "origin": [
                4,
                12,
                -2
              ],
              "size": [
                4,
                12,
                4
              ],
              "inflate": 0.25,
              "uv": [
                32,
                0
              ]
            }
          ]
        },
        {
          "name": "RightLeg",
          "pivot": [
            -1.9,
            12,
            0
          ],
          "cubes": [
            {
              "origin": [
                -3.9,
                0,
                -2
              ],
              "size": [
                4,
                12,
                4
              ],
              "uv": [
                0,
                32
              ]
            }
          ]
        },
        {
          "name": "LeftLeg",
          "pivot": [
            1.9,
            12,
            0
          ],
          "cubes": [
            {
              "origin": [
                -0.1,
                0,
                -2
              ],
              "size": [
                4,
                12,
                4
              ],
              "uv": [
                24,
                27
              ]
            }
          ]
        }
      ]
    }
  ]
}