{
  "resource_pack_name": "vanilla",
  "texture_name": "atlas.items",
  "texture_data": {
    "egg_camel": {
      "textures": "textures/items/egg_camel"
    },
    "egg_lion": {
      "textures": "textures/items/egg_lion"
    },
    "egg_penguin": {
      "textures": "textures/items/egg_penguin"
    },
    "egg_tiger": {
      "textures": "textures/items/egg_tiger"
    },
    "egg_elephant": {
      "textures": "textures/items/egg_elephant"
    },
    "egg_deer": {
      "textures": "textures/items/egg_deer"
    },
    "egg_panther": {
      "textures": "textures/items/egg_panther"
    },
    "egg_frog": {
      "textures": "textures/items/egg_frog"
    },
    "egg_crocodile": {
      "textures": "textures/items/egg_crocodile"
    },
    "egg_mouse": {
      "textures": "textures/items/egg_mouse"
    },
    "gallardo": {
      "textures": "textures/items/gallardo"
    },
    "bench": {
      "textures": "textures/items/bench"
    },
    "christmas_tree": {
      "textures": "textures/items/christmas_tree"
    },
    "tivi": {
      "textures": "textures/items/tivi"
    },
    "closet": {
      "textures": "textures/items/closet"
    },
    "laptop": {
      "textures": "textures/items/laptop"
    },
    "piano": {
      "textures": "textures/items/piano"
    },
    "armchairs": {
      "textures": "textures/items/armchairs"
    },
    "chair": {
      "textures": "textures/items/chair"
    },
    "big_table": {
      "textures": "textures/items/big_table"
    },
    "small_table": {
      "textures": "textures/items/small_table"
    },
    "drone": {
      "textures": "textures/items/drone"
    },
    "colorful_gifts": {
      "textures": "textures/items/colorful_gifts"
    },
    "stick:swordwarth": {
      "textures": "textures/items/pamobile/stick_swordwarth"
    },
    "stick:archidon": {
      "textures": "textures/items/pamobile/stick_archidon"
    },
    "stick:gold_mine": {
      "textures": "textures/items/pamobile/stick_gold_mine"
    },
    "stick:miner": {
      "textures": "textures/items/pamobile/stick_miner"
    },
    "stick:spearton": {
      "textures": "textures/items/pamobile/stick_spearton"
    },
    "stick:magikill": {
      "textures": "textures/items/pamobile/stick_magikill"
    },
    "stick:minion": {
      "textures": "textures/items/pamobile/stick_minion"
    },
    "stick:swordwarth_attacker_team": {
      "textures": "textures/items/pamobile/stick_swordwarth_attacker_team"
    },
    "stick:swordwarth_red": {
      "textures": "textures/items/pamobile/stick_swordwarth_red"
    },
    "stick:miner_red": {
      "textures": "textures/items/pamobile/stick_miner_red"
    },
    "stick:archidon_red": {
      "textures": "textures/items/pamobile/stick_archidon_red"
    },
    "stick:spearton_red": {
      "textures": "textures/items/pamobile/stick_spearton_red"
    },
    "stick:minion_red": {
      "textures": "textures/items/pamobile/stick_minion_red"
    },
    "stick:magikill_red": {
      "textures": "textures/items/pamobile/stick_magikill_red"
    },
    "stick:medic": {
      "textures": "textures/items/pamobile/stick_medic"
    },
    "stick:medic_red": {
      "textures": "textures/items/pamobile/stick_medic_red"
    },
    "stick:giant": {
      "textures": "textures/items/pamobile/stick_giant"
    },
    "stick:giant_red": {
      "textures": "textures/items/pamobile/stick_giant_red"
    },
    "stick:megasan": {
      "textures": "textures/items/pamobile/stick_megasan"
    },
    "stick:griffon": {
      "textures": "textures/items/pamobile/stick_griffon"
    },
    "stick:spearton_legend": {
      "textures": "textures/items/pamobile/stick_spearton_legend"
    },
    "stick:spearton_legend_red": {
      "textures": "textures/items/pamobile/stick_spearton_legend_red"
    },
    "stick:statue": {
      "textures": "textures/items/pamobile/stick_statue"
    }
  }
}