{
	"format_version": "1.8.0",
	"animations": {
		"animation.jumbo_josh_s.stationary": {
			"loop": true,
			"animation_length": 4,
			"bones": {
				"body": {
					"relative_to": {
						"rotation": "entity"
					},
					"rotation": [0, 0, 0.01]
				},
				"rightarm": {
					"rotation": {
						"0.0": [0, 0, 0],
						"2.0": [0, 0, 5],
						"4.0": [0, 0, 0]
					}
				},
				"leftarm": {
					"rotation": {
						"0.0": [0, 0, 0],
						"2.0": [0, 0, -5],
						"4.0": [0, 0, 0]
					}
				}
			}
		},
		"animation.jumbo_josh_s.Jumpscare": {
			"animation_length": 0.58333,
			"bones": {
				"body": {
					"rotation": {
						"0.0": [0, 0, 0],
						"0.1667": [0, 0, 0],
						"0.2083": [-5, 0, 0],
						"0.3333": [22.14, 0, 0],
						"0.5833": [0, 0, 0]
					},
					"position": {
						"0.1667": [0, 0, 0],
						"0.2083": [0, -1, 0],
						"0.5": [0, 0, 0],
						"0.5833": [0, 0, 0]
					}
				},
				"rightarm": {
					"rotation": {
						"0.0": [0, 0, 0],
						"0.1667": [-90, 0, 0],
						"0.2083": [-225, 0, 0],
						"0.3333": [-37.5, 0, 0],
						"0.4167": [2.5, 0, 0],
						"0.5833": [0, 0, 0]
					}
				},
				"rightarm2": {
					"rotation": {
						"0.1667": [0, 0, 0],
						"0.25": [-30, 0, 0],
						"0.5833": [0, 0, 0]
					},
					"position": {
						"0.1667": [0, 0, 0],
						"0.25": [0, 1, 0],
						"0.5833": [0, 0, 0]
					}
				},
				"leftarm": {
					"rotation": {
						"0.0": [0, 0, 0],
						"0.1667": [-90, 0, 0],
						"0.2083": [-225, 0, 0],
						"0.3333": [-37.5, 0, 0],
						"0.4167": [2.5, 0, 0],
						"0.5833": [0, 0, 0]
					}
				},
				"leftArm2": {
					"rotation": {
						"0.1667": [0, 0, 0],
						"0.25": [-30, 0, 0],
						"0.5833": [0, 0, 0]
					},
					"position": {
						"0.1667": [0, 0, 0],
						"0.25": [0, 1, 0],
						"0.5833": [0, 0, 0]
					}
				}
			}
		},
		"animation.jumbo_josh_s.walk": {
			"loop": true,
			"animation_length": 1,
			"bones": {
				"body": {
					"position": {
						"0.0": [0, -1, 0],
						"0.25": [0, 0, 0],
						"0.5": [0, -1, 0],
						"0.75": [0, 0, 0],
						"1.0": [0, -1, 0]
					}
				},
				"leftarm": {
					"rotation": {
						"0.0": [-20, 0, 0],
						"0.25": [0, 0, 0],
						"0.5": [20, 0, 0],
						"0.75": [0, 0, 0],
						"1.0": [-17.5, 0, 0]
					}
				},
				"leftArm2": {
					"rotation": {
						"0.0": [-10, 0, 0],
						"0.25": [0, 0, 0],
						"0.5": [-20, 0, 0],
						"0.75": [0, 0, 0],
						"1.0": [-10, 0, 0]
					}
				},
				"rightarm": {
					"rotation": {
						"0.0": [20, 0, 0],
						"0.25": [0, 0, 0],
						"0.5": [-22.5, 0, 0],
						"0.75": [0, 0, 0],
						"1.0": [20, 0, 0]
					}
				},
				"rightarm2": {
					"rotation": {
						"0.0": [-20, 0, 0],
						"0.25": [0, 0, 0],
						"0.5": [-12.5, 0, 0],
						"0.75": [0, 0, 0],
						"1.0": [-20, 0, 0]
					}
				},
				"Rightleg": {
					"rotation": {
						"0.0": [-20, 0, 0],
						"0.25": [0, 0, 0],
						"0.5": [20, 0, 0],
						"0.75": [0, 0, 0],
						"1.0": [-19.91098, 1.90872, -0.57596]
					}
				},
				"leftleg": {
					"rotation": {
						"0.0": [20, 0, 0],
						"0.25": [0, 0, 0],
						"0.5": [-20, 0, 0],
						"0.75": [0, 0, 0],
						"1.0": [20, 0, 0]
					}
				}
			}
		}
	}
}