{
  "format_version": "1.8.0",
  "animations": {
    "animation.cy_opila_chicks_e.general": {
      "loop": true,
      "animation_length": 4,
      "bones": {
        "body": {
          "rotation": {
            "0.0": [
              0,
              0,
              -5
            ],
            "1.0": [
              2.5,
              0,
              0
            ],
            "2.0": [
              -5,
              0,
              5
            ],
            "3.0": [
              0,
              0,
              0
            ],
            "4.0": [
              0,
              0,
              -5
            ]
          },
          "scale": 1
        },
        "rightarm": {
          "rotation": {
            "0.0": [
              0,
              0,
              10
            ],
            "0.5": [
              0,
              0,
              7.5
            ],
            "1.0": [
              0,
              0,
              -2.5
            ],
            "1.5": [
              0,
              0,
              -2.5
            ],
            "3.0": [
              0,
              0,
              -2.5
            ],
            "3.5": [
              0,
              0,
              2.5
            ],
            "4.0": [
              0,
              0,
              10
            ]
          }
        },
        "leftarm": {
          "rotation": {
            "0.0": [
              0,
              0,
              0
            ],
            "0.5": [
              0,
              0,
              0
            ],
            "1.0": [
              0,
              0,
              0
            ],
            "1.5": [
              0,
              0,
              -5
            ],
            "2.0": [
              0,
              0,
              -15
            ],
            "3.0": [
              0,
              0,
              0
            ]
          }
        }
      }
    },
    "animation.cy_opila_chicks_e.looking": {
      "animation_length": 20.91667,
      "bones": {
        "body": {
          "rotation": [
            0,
            0,
            0
          ],
          "position": [
            0,
            0,
            0
          ]
        },
        "rightarm": {
          "rotation": {
            "0.0": [
              0,
              0,
              0
            ],
            "20.9167": [
              0,
              0,
              0
            ]
          },
          "position": [
            0,
            0,
            0
          ]
        },
        "rightarm2": {
          "rotation": [
            0,
            0,
            0
          ],
          "position": [
            0,
            0,
            0
          ]
        },
        "leftarm": {
          "rotation": [
            0,
            0,
            0
          ],
          "position": [
            0,
            0,
            0
          ]
        },
        "leftarm2": {
          "rotation": [
            0,
            0,
            0
          ],
          "position": [
            0,
            0,
            0
          ]
        },
        "Head": {
          "rotation": [
            0,
            0,
            0
          ],
          "position": [
            0,
            0,
            0
          ]
        },
        "leftleg": {
          "rotation": [
            0,
            0,
            0
          ],
          "position": [
            0,
            0,
            0
          ]
        },
        "leftleg2": {
          "rotation": [
            0,
            0,
            0
          ],
          "position": [
            0,
            0,
            0
          ]
        }
      }
    },
    "animation.cy_opila_chicks_e.attack": {
      "animation_length": 0.58333,
      "bones": {
        "body": {
          "rotation": {
            "0.0": [
              0,
              0,
              0
            ],
            "0.1667": [
              0,
              0,
              0
            ],
            "0.2083": [
              -5,
              0,
              0
            ],
            "0.3333": [
              22.14,
              0,
              0
            ],
            "0.5833": [
              0,
              0,
              0
            ]
          },
          "position": {
            "0.1667": [
              0,
              0,
              0
            ],
            "0.2083": [
              0,
              -1,
              0
            ],
            "0.5": [
              0,
              0,
              0
            ],
            "0.5833": [
              0,
              0,
              0
            ]
          }
        },
        "rightarm": {
          "rotation": {
            "0.0": [
              0,
              0,
              0
            ],
            "0.1667": [
              -90,
              0,
              0
            ],
            "0.2083": [
              -225,
              0,
              0
            ],
            "0.3333": [
              -37.5,
              0,
              0
            ],
            "0.4167": [
              2.5,
              0,
              0
            ],
            "0.5833": [
              0,
              0,
              0
            ]
          }
        },
        "rightarm2": {
          "rotation": {
            "0.1667": [
              0,
              0,
              0
            ],
            "0.25": [
              -30,
              0,
              0
            ],
            "0.5833": [
              0,
              0,
              0
            ]
          },
          "position": {
            "0.1667": [
              0,
              0,
              0
            ],
            "0.25": [
              0,
              1,
              0
            ],
            "0.5833": [
              0,
              0,
              0
            ]
          }
        },
        "leftarm": {
          "rotation": {
            "0.0": [
              0,
              0,
              0
            ],
            "0.1667": [
              -90,
              0,
              0
            ],
            "0.2083": [
              -225,
              0,
              0
            ],
            "0.3333": [
              -37.5,
              0,
              0
            ],
            "0.4167": [
              2.5,
              0,
              0
            ],
            "0.5833": [
              0,
              0,
              0
            ]
          }
        },
        "leftarm2": {
          "rotation": {
            "0.1667": [
              0,
              0,
              0
            ],
            "0.25": [
              -30,
              0,
              0
            ],
            "0.5833": [
              0,
              0,
              0
            ]
          },
          "position": {
            "0.1667": [
              0,
              0,
              0
            ],
            "0.25": [
              0,
              1,
              0
            ],
            "0.5833": [
              0,
              0,
              0
            ]
          }
        },
        "Jaw": {
          "rotation": {
            "0.0": [
              0,
              0,
              0
            ],
            "0.1667": [
              42.5,
              0,
              0
            ],
            "0.4167": [
              42.5,
              0,
              0
            ],
            "0.5": [
              0,
              0,
              0
            ]
          }
        }
      }
    },
    "animation.cy_opila_chicks_e.Move": {
      "loop": true,
      "animation_length": 1,
      "bones": {
        "body": {
          "position": {
            "0.0": [
              0,
              -2,
              0
            ],
            "0.25": [
              0,
              0,
              0
            ],
            "0.5": [
              0,
              -2,
              0
            ],
            "0.75": [
              0,
              0,
              0
            ],
            "1.0": [
              0,
              -2,
              0
            ]
          }
        },
        "rightarm": {
          "rotation": {
            "0.0": [
              30,
              0,
              0
            ],
            "0.25": [
              0,
              0,
              0
            ],
            "0.5": [
              -30,
              0,
              0
            ],
            "0.75": [
              0,
              0,
              0
            ],
            "1.0": [
              30,
              0,
              0
            ]
          },
          "position": {
            "0.0": [
              0,
              0,
              0
            ],
            "0.25": [
              0,
              0,
              0
            ],
            "0.5": [
              0,
              0,
              0
            ],
            "0.75": [
              0,
              0,
              0
            ],
            "1.0": [
              0,
              0,
              0
            ]
          }
        },
        "rightarm2": {
          "rotation": {
            "0.0": [
              0,
              0,
              0
            ],
            "0.25": [
              0,
              0,
              0
            ],
            "0.5": [
              -30,
              0,
              0
            ],
            "0.75": [
              0,
              0,
              0
            ],
            "1.0": [
              0,
              0,
              0
            ]
          },
          "position": {
            "0.0": [
              0,
              0,
              0
            ],
            "0.25": [
              0,
              0,
              0
            ],
            "0.5": [
              0,
              1,
              0
            ],
            "0.75": [
              0,
              0,
              0
            ],
            "1.0": [
              0,
              0,
              0
            ]
          }
        },
        "leftarm": {
          "rotation": {
            "0.0": [
              -30,
              0,
              0
            ],
            "0.25": [
              0,
              0,
              0
            ],
            "0.5": [
              30,
              0,
              0
            ],
            "0.75": [
              0,
              0,
              0
            ],
            "1.0": [
              -30,
              0,
              0
            ]
          },
          "position": {
            "0.0": [
              0,
              0,
              0
            ],
            "0.25": [
              0,
              0,
              0
            ],
            "0.5": [
              0,
              0,
              0
            ],
            "0.75": [
              0,
              0,
              0
            ],
            "1.0": [
              0,
              0,
              0
            ]
          }
        },
        "leftarm2": {
          "rotation": {
            "0.0": [
              -30,
              0,
              0
            ],
            "0.25": [
              0,
              0,
              0
            ],
            "0.75": [
              0,
              0,
              0
            ],
            "1.0": [
              -30,
              0,
              0
            ]
          },
          "position": {
            "0.0": [
              0,
              1,
              0
            ],
            "0.25": [
              0,
              0,
              0
            ],
            "0.75": [
              0,
              0,
              0
            ],
            "1.0": [
              0,
              1,
              0
            ]
          }
        },
        "rightleg": {
          "rotation": {
            "0.0": [
              -30,
              0,
              0
            ],
            "0.25": [
              0,
              0,
              0
            ],
            "0.5": [
              30,
              0,
              0
            ],
            "0.75": [
              0,
              0,
              0
            ],
            "1.0": [
              -30,
              0,
              0
            ]
          }
        },
        "rightleg2": {
          "rotation": {
            "0.25": [
              0,
              0,
              0
            ],
            "0.5": [
              30,
              0,
              0
            ],
            "0.75": [
              0,
              0,
              0
            ]
          },
          "position": {
            "0.25": [
              0,
              0,
              0
            ],
            "0.5": [
              0,
              1,
              0
            ],
            "0.75": [
              0,
              0,
              0
            ]
          }
        },
        "leftleg": {
          "rotation": {
            "0.0": [
              30,
              0,
              0
            ],
            "0.25": [
              0,
              0,
              0
            ],
            "0.5": [
              -30,
              0,
              0
            ],
            "0.75": [
              0,
              0,
              0
            ],
            "1.0": [
              30,
              0,
              0
            ]
          }
        },
        "leftleg2": {
          "rotation": {
            "0.0": [
              30,
              0,
              0
            ],
            "0.25": [
              0,
              0,
              0
            ],
            "0.75": [
              0,
              0,
              0
            ],
            "1.0": [
              30,
              0,
              0
            ]
          },
          "position": {
            "0.0": [
              0,
              1,
              0
            ],
            "0.25": [
              0,
              0,
              0
            ],
            "0.75": [
              0,
              0,
              0
            ],
            "1.0": [
              0,
              1,
              0
            ]
          }
        }
      }
    }
  }
}