{"format_version":"1.10.0","animation_controllers":{"controller.animation.yg_purple.attack":{"states":{"attack1":{"animations":["attack"],"blend_transition":0.1,"transitions":[{"default":"query.all_animations_finished"}]},"default":{"blend_transition":0.1,"transitions":[{"attack1":"variable.attack_time > 0"}]}}},"controller.animation.yg_purple.general":{"initial_state":"moving","states":{"moving":{"animations":[{"moving":"variable.move_speed"},{"gazo_general":"variable.is_idling"}],"blend_transition":0.1,"variables":{"is_idling":{"input":"query.modified_move_speed","remap_curve":{"0":1,"1":0}},"move_speed":{"input":"query.modified_move_speed","remap_curve":{"0":0,"1":1}}}}}}}}