{
	"format_version": "1.8.0",
	"animations": {
		"animation.cer.bob": {
			"loop": true,
			"animation_length": 2,
			"bones": {
				"Head": {
					"position": {
						"0.0": [0, 0, -1],
						"1.0": [0, -1, -3],
						"1.5": [0, -1, -3],
						"2.0": [0, 0, -1]
					}
				},
				"Body": {
					"position": [0, -1, 0]
				},
				"Tangan2": {
					"position": {
						"0.0": [0, 0, -3],
						"1.0": [0, -2, -3],
						"1.5": [0, -2, -3],
						"2.0": [0, 0, -3]
					}
				},
				"Tangan": {
					"position": {
						"0.0": [0, 0, -3],
						"1.0": [0, -2, -4],
						"1.5": [0, -2, -4],
						"2.0": [0, 0, -3]
					}
				},
				"RightLeg": {
					"rotation": [4.99527, -0.21782, 2.4905]
				},
				"bone4": {
					"rotation": [-7.5, 0, 0]
				},
				"LeftLeg": {
					"rotation": [4.99527, 0.21782, -2.4905]
				},
				"bone3": {
					"rotation": [-7.5, 0, 0]
				},
				"bone5": {
					"rotation": {
						"0.0": [-7.5, 0, 0],
						"1.0": [-10, 0, 0],
						"2.0": [-7.5, 0, 0]
					}
				}
			}
		},
		"animation.cer.walk": {
			"loop": true,
			"animation_length": 2,
			"bones": {
				"Body": {
					"rotation": {
						"0.0": [2.5, 0, 0],
						"0.5": [10, 0, 0],
						"0.75": [2.5, 0, 0],
						"1.5": [2.5, 0, 0],
						"1.7917": [10, 0, 0],
						"2.0": [2.5, 0, 0]
					},
					"position": {
						"0.0": [0, 0, 0],
						"0.5": [0, -1, 0],
						"0.75": [0, -1, 2],
						"1.0": [0, -1, 0],
						"1.5": [0, -0.4, 0],
						"1.7917": [0, -0.17, 1],
						"2.0": [0, 0, 0]
					}
				},
				"bone": {
					"rotation": [7.5, 0, 0]
				},
				"RightLeg": {
					"rotation": {
						"0.0": [0, 0, 0],
						"0.75": [-5, 0, 0],
						"1.5": [30, 0, 0],
						"1.75": [45, 0, 0],
						"2.0": [0, 0, 0]
					}
				},
				"bone4": {
					"rotation": {
						"0.0": [0, 0, 0],
						"0.75": [-32.5, 0, 0],
						"1.5": [-55, 0, 0],
						"1.75": [-17.5, 0, 0],
						"2.0": [0, 0, 0]
					}
				},
				"LeftLeg": {
					"rotation": {
						"0.0": [-12.5, 0, 0],
						"0.5": [32.5, 0, 0],
						"0.75": [27.5, 0, 0],
						"2.0": [-12.5, 0, 0]
					}
				},
				"bone3": {
					"rotation": {
						"0.0": [-25, 0, 0],
						"0.5": [-52.5, 0, 0],
						"0.75": [-5, 0, 0],
						"2.0": [-25, 0, 0]
					}
				},
				"bone2": {
					"rotation": [7.84013, 0.23459, 4.08444]
				},
				"Tangan": {
					"rotation": {
						"0.0": [0, 0, 0],
						"0.5": [7.5, 0, 0],
						"0.75": [0, 0, 0],
						"1.5": [0, 0, 0],
						"1.75": [7.5, 0, 0],
						"2.0": [0, 0, 0]
					}
				},
				"Tangan2": {
					"rotation": {
						"0.0": [0, 0, 0],
						"0.5": [7.5, 0, 0],
						"0.75": [0, 0, 0],
						"1.5": [0, 0, 0],
						"1.75": [7.5, 0, 0],
						"2.0": [0, 0, 0]
					}
				}
			}
		},
		"animation.cer.attack": {
			"animation_length": 1,
			"bones": {
				"Head": {
					"rotation": {
						"0.0": [0, 0, 0],
						"0.25": [-22.5, 0, 0],
						"0.75": [-22.5, 0, 0],
						"1.0": [0, 0, 0]
					}
				},
				"Tangan2": {
					"rotation": {
						"0.0": [0, 0, 0],
						"0.0833": [0, 0, 67.5],
						"0.1667": [-42.26981, -165.17283, -19.85312],
						"0.4167": [-44.01089, -185.94037, -41.69154],
						"0.6667": [-6.90543, -123.03601, -18.88402],
						"0.8333": [0, 0, 0]
					},
					"position": {
						"0.0": [0, 0, 0],
						"0.0833": [9, 0, 0],
						"0.5833": [9, 0, 0],
						"1.0": [0, 0, 0]
					}
				},
				"bone2": {
					"rotation": {
						"0.0": [0, 0, 0],
						"0.1667": [0, 0, 0],
						"0.4167": [0, 0, -65],
						"0.6667": [0, 0, -65],
						"0.8333": [0, 0, 0]
					}
				},
				"bone5": {
					"rotation": {
						"0.4167": [0, 0, 0],
						"0.6667": [0, -25, 0],
						"0.9167": [0, 0, 0]
					}
				},
				"Tangan": {
					"rotation": {
						"0.0": [0, 0, 0],
						"0.25": [-27.5, 0, 0],
						"0.75": [-27.5, 0, 0],
						"1.0": [0, 0, 0]
					}
				},
				"bone": {
					"rotation": {
						"0.0": [0, 0, 0],
						"0.25": [37.5, 0, 0],
						"0.75": [37.5, 0, 0],
						"1.0": [0, 0, 0]
					}
				}
			}
		}
	}
}