{"format_version":"1.8.0","animations":{"animation.yg_purple.general":{"loop":true,"animation_length":2,"bones":{"Rightarm":{"rotation":{"0.0":{"post":[-22.5,0,0],"lerp_mode":"catmullrom"},"0.5":{"post":[11.73168,1.24372,12.72533],"lerp_mode":"catmullrom"},"1.0":{"post":[17.5,0,0],"lerp_mode":"catmullrom"},"1.5":{"post":[-4.13654,-0.98864,-13.19092],"lerp_mode":"catmullrom"},"2.0":{"post":[-22.5,0,0],"lerp_mode":"catmullrom"}}},"bone":{"rotation":{"0.0":{"post":[22.5,0,0],"lerp_mode":"catmullrom"},"1.0":{"post":[37.5,0,0],"lerp_mode":"catmullrom"},"1.5":{"post":[7.65625,0,0],"lerp_mode":"catmullrom"},"2.0":{"post":[22.5,0,0],"lerp_mode":"catmullrom"}}},"Leftarm":{"rotation":{"0.0":{"post":[17.5,0,0],"lerp_mode":"catmullrom"},"0.5":{"post":[-1.27599,0.40228,17.49552],"lerp_mode":"catmullrom"},"1.0":{"post":[-20,0,0],"lerp_mode":"catmullrom"},"1.5":{"post":[-16.44582,-2.85781,-9.58693],"lerp_mode":"catmullrom"},"2.0":{"post":[17.5,0,0],"lerp_mode":"catmullrom"}}},"bone2":{"rotation":{"0.0":{"post":[27.5,0,0],"lerp_mode":"catmullrom"},"0.5":{"post":[7.65625,0,0],"lerp_mode":"catmullrom"},"1.0":{"post":[10,0,0],"lerp_mode":"catmullrom"},"2.0":{"post":[27.5,0,0],"lerp_mode":"catmullrom"}}}},"particle_effects":{"0.0":{"effect":"fog","locator":"fog"}}},"animation.yg_purple.jumpscare":{"animation_length":2,"bones":{"Rightarm":{"rotation":{"0.0":{"post":[0,0,0],"lerp_mode":"catmullrom"},"0.1667":{"post":[-15,0,0],"lerp_mode":"catmullrom"},"0.3333":{"post":[26.94093,5.73576,-11.12501],"lerp_mode":"catmullrom"},"1.7917":{"post":[26.94093,5.73576,-11.12501],"lerp_mode":"catmullrom"},"2.0":{"post":[0,0,0],"lerp_mode":"catmullrom"}}},"bone":{"rotation":{"0.0":{"post":[0,0,0],"lerp_mode":"catmullrom"},"0.1667":{"post":[7.5,0,0],"lerp_mode":"catmullrom"},"0.3333":{"post":[40,0,0],"lerp_mode":"catmullrom"},"1.7917":{"post":[40,0,0],"lerp_mode":"catmullrom"},"2.0":{"post":[0,0,0],"lerp_mode":"catmullrom"}}},"Head":{"rotation":{"0.0":{"post":[0,0,0],"lerp_mode":"catmullrom"},"0.5":{"post":[0,-22.5,0],"lerp_mode":"catmullrom"},"1.0":{"post":[0,12.5,0],"lerp_mode":"catmullrom"},"1.5":{"post":[0,-20,0],"lerp_mode":"catmullrom"},"1.7917":{"post":[0,-20,0],"lerp_mode":"catmullrom"},"2.0":{"post":[0,0,0],"lerp_mode":"catmullrom"}},"position":{"0.0":{"post":[0,0,0],"lerp_mode":"catmullrom"},"0.125":{"post":[0,0,0],"lerp_mode":"catmullrom"},"0.3333":{"post":[0,31,0],"lerp_mode":"catmullrom"},"1.7917":{"post":[0,31,0],"lerp_mode":"catmullrom"},"2.0":{"post":[0,0,0],"lerp_mode":"catmullrom"}}},"Leftarm":{"rotation":{"0.0":{"post":[0,0,0],"lerp_mode":"catmullrom"},"0.1667":{"post":[-20,0,0],"lerp_mode":"catmullrom"},"0.3333":{"post":[11.93845,-3.73171,17.10967],"lerp_mode":"catmullrom"},"1.7917":{"post":[11.93845,-3.73171,17.10967],"lerp_mode":"catmullrom"},"2.0":{"post":[0,0,0],"lerp_mode":"catmullrom"}}},"bone2":{"rotation":{"0.0":{"post":[0,0,0],"lerp_mode":"catmullrom"},"0.1667":{"post":[22.5,0,0],"lerp_mode":"catmullrom"},"0.3333":{"post":[52.5,0,0],"lerp_mode":"catmullrom"},"1.7917":{"post":[52.5,0,0],"lerp_mode":"catmullrom"},"2.0":{"post":[0,0,0],"lerp_mode":"catmullrom"}}}}}}}