{
  "entity_sounds": {
    "entities": {
      "st:toilets": {
        "volume": 1.0,
        "pitch": [
          0.8,
          1.2
        ],
        "events": {
          "ambient": "mob.st_toilets.ambient",
          "hurt": "mob.st_toilets.hurt",
          "death": "mob.witch.death",
          "drink": {
            "sound": "mob.witch.drink",
            "volume": 1.0,
            "pitch": 1.0
          },
          "throw": {
            "sound": "mob.witch.throw",
            "volume": 1.0,
            "pitch": 1.0
          },
          "ambient.in.raid": {
            "sound": "mob.witch.ambient",
            "volume": 3.0,
            "pitch": [
              0.8,
              1.2
            ]
          },
          "celebrate": "mob.witch.celebrate"
        }
      },
      "s:speakermen": {
        "volume": 1.0,
        "pitch": [
          0.8,
          1.2
        ],
        "events": {
          "ambient": "mob.irongolem.say",
          "hurt": "mob.s_speakermen.hit",
          "death": "mob.irongolem.death",
          "step": {
            "sound": "mob.irongolem.walk",
            "volume": 1.0,
            "pitch": 1.0
          },
          "throw": "mob.s_speakermen.throw"
        }
      },
      "st:spider": {
        "volume": 1.0,
        "pitch": [
          0.8,
          1.2
        ],
        "events": {
          "ambient": "mob.st_spider.ambient",
          "hurt": "mob.st_spider.hurt",
          "death": "mob.witch.death",
          "drink": {
            "sound": "mob.witch.drink",
            "volume": 1.0,
            "pitch": 1.0
          },
          "throw": {
            "sound": "mob.witch.throw",
            "volume": 1.0,
            "pitch": 1.0
          },
          "ambient.in.raid": {
            "sound": "mob.witch.ambient",
            "volume": 3.0,
            "pitch": [
              0.8,
              1.2
            ]
          },
          "celebrate": "mob.witch.celebrate"
        }
      },
      "c:bigspeaker": {
        "volume": 1.0,
        "pitch": [
          0.8,
          1.2
        ],
        "events": {
          "ambient": "mob.irongolem.say",
          "hurt": "mob.c_bigspeaker.hit",
          "death": "mob.irongolem.death",
          "step": {
            "sound": "mob.irongolem.walk",
            "volume": 1.0,
            "pitch": 1.0
          },
          "throw": "mob.c_bigspeaker.throw"
        }
      },
      "c:speaker_spider": {
        "volume": 1.0,
        "pitch": [
          0.8,
          1.2
        ],
        "events": {
          "ambient": "mob.irongolem.say",
          "hurt": "mob.irongolem.hit",
          "death": "mob.irongolem.death",
          "step": {
            "sound": "mob.irongolem.walk",
            "volume": 1.0,
            "pitch": 1.0
          },
          "throw": "mob.c_speaker_spider.throw"
        }
      },
      "pa:titan_speaker": {
        "volume": 1.0,
        "pitch": [
          0.8,
          1.2
        ],
        "events": {
          "ambient": "mob.irongolem.say",
          "hurt": "mob.irongolem.hit",
          "death": "mob.irongolem.death",
          "step": {
            "sound": "mob.irongolem.walk",
            "volume": 1.0,
            "pitch": 1.0
          },
          "throw": "mob.pa_titan_speaker.throw"
        }
      },
      "st:bigtoilets": {
        "volume": 1.0,
        "pitch": [
          0.8,
          1.2
        ],
        "events": {
          "ambient": "mob.st_bigtoilets.ambient",
          "hurt": "mob.witch.hurt",
          "death": "mob.witch.death",
          "drink": {
            "sound": "mob.witch.drink",
            "volume": 1.0,
            "pitch": 1.0
          },
          "throw": {
            "sound": "mob.witch.throw",
            "volume": 1.0,
            "pitch": 1.0
          },
          "ambient.in.raid": {
            "sound": "mob.witch.ambient",
            "volume": 3.0,
            "pitch": [
              0.8,
              1.2
            ]
          },
          "celebrate": "mob.witch.celebrate"
        }
      },
      "st:fast": {
        "volume": 1.0,
        "pitch": [
          0.8,
          1.2
        ],
        "events": {
          "ambient": "mob.st_fast.ambient",
          "hurt": "mob.witch.hurt",
          "death": "mob.witch.death",
          "drink": {
            "sound": "mob.witch.drink",
            "volume": 1.0,
            "pitch": 1.0
          },
          "throw": {
            "sound": "mob.witch.throw",
            "volume": 1.0,
            "pitch": 1.0
          },
          "ambient.in.raid": {
            "sound": "mob.witch.ambient",
            "volume": 3.0,
            "pitch": [
              0.8,
              1.2
            ]
          },
          "celebrate": "mob.witch.celebrate"
        }
      },
      "pa:skippity_man_angry": {
        "volume": 1.0,
        "pitch": [
          0.8,
          1.2
        ],
        "events": {
          "ambient": "mob.pa_skippity_man_angry.ambient",
          "hurt": "mob.pa_skippity_man_angry.hurt",
          "death": "mob.witch.death",
          "drink": {
            "sound": "mob.witch.drink",
            "volume": 1.0,
            "pitch": 1.0
          },
          "throw": {
            "sound": "mob.witch.throw",
            "volume": 1.0,
            "pitch": 1.0
          },
          "ambient.in.raid": {
            "sound": "mob.witch.ambient",
            "volume": 3.0,
            "pitch": [
              0.8,
              1.2
            ]
          },
          "celebrate": "mob.witch.celebrate"
        }
      },
      "st:parasite": {
        "volume": 1.0,
        "pitch": [
          0.8,
          1.2
        ],
        "events": {
          "ambient": "mob.st_spider.ambient",
          "hurt": "mob.st_spider.hurt",
          "death": "mob.witch.death",
          "drink": {
            "sound": "mob.witch.drink",
            "volume": 1.0,
            "pitch": 1.0
          },
          "throw": {
            "sound": "mob.witch.throw",
            "volume": 1.0,
            "pitch": 1.0
          },
          "ambient.in.raid": {
            "sound": "mob.witch.ambient",
            "volume": 3.0,
            "pitch": [
              0.8,
              1.2
            ]
          },
          "celebrate": "mob.witch.celebrate"
        }
      },
      "st:coemtoilets": {
        "volume": 1.0,
        "pitch": [
          0.8,
          1.2
        ],
        "events": {
          "ambient": "mob.st_bigtoilets.ambient",
          "hurt": "mob.witch.hurt",
          "death": "mob.witch.death",
          "drink": {
            "sound": "mob.witch.drink",
            "volume": 1.0,
            "pitch": 1.0
          },
          "throw": {
            "sound": "mob.witch.throw",
            "volume": 1.0,
            "pitch": 1.0
          },
          "ambient.in.raid": {
            "sound": "mob.witch.ambient",
            "volume": 3.0,
            "pitch": [
              0.8,
              1.2
            ]
          },
          "celebrate": "mob.witch.celebrate"
        }
      },
      "pa:rocket": {
        "volume": 1.0,
        "pitch": [
          0.8,
          1.2
        ],
        "events": {
          "ambient": "mob.pa_rocket.ambient",
          "hurt": "mob.witch.hurt",
          "death": "mob.witch.death",
          "drink": {
            "sound": "mob.witch.drink",
            "volume": 1.0,
            "pitch": 1.0
          },
          "throw": {
            "sound": "mob.witch.throw",
            "volume": 1.0,
            "pitch": 1.0
          },
          "ambient.in.raid": {
            "sound": "mob.witch.ambient",
            "volume": 3.0,
            "pitch": [
              0.8,
              1.2
            ]
          },
          "celebrate": "mob.witch.celebrate"
        }
      },
      "pa:heli": {
        "volume": 1.0,
        "pitch": [
          0.8,
          1.2
        ],
        "events": {
          "ambient": "mob.irongolem.say",
          "hurt": "mob.irongolem.hit",
          "death": "mob.irongolem.death",
          "step": {
            "sound": "mob.irongolem.walk",
            "volume": 1.0,
            "pitch": 1.0
          },
          "throw": "mob.pa_heli.throw"
        }
      }
    }
  }
}