{
  "format_version": "1.8.0",
  "animations": {
    "animation.iron_golem.attack": {
      "loop": true,
      "bones": {
        "arm0": {
          "rotation": [
            "-114 + ((1.5 * math.abs(math.mod(variable.attack_animation_tick - query.frame_alpha, 10) - 5) - 2.5) / 5) * 57.3",
            0,
            0
          ]
        },
        "arm1": {
          "rotation": [
            "-114 + ((1.5 * math.abs(math.mod(variable.attack_animation_tick - query.frame_alpha, 10) - 5) - 2.5) / 5) * 57.3",
            0,
            0
          ]
        }
      }
    },
    "animation.c_bigspeaker.flower": {
      "loop": true,
      "bones": {
        "arm0": {
          "rotation": [
            "-45.8 + ((0.25 * math.abs(math.mod(variable.offer_flower_tick, 70) - 35) - 17.5) / 35)",
            0,
            0
          ]
        }
      }
    },
    "animation.c_bigspeaker.move": {
      "loop": true,
      "bones": {
        "arm0": {
          "rotation": [
            "-variable.modified_tcos0 * 2.0",
            0,
            0
          ]
        },
        "arm1": {
          "rotation": [
            "variable.modified_tcos0 * 2.0",
            0,
            0
          ]
        }
      }
    },
    "animation.c_bigspeaker.move_to_target": {
      "loop": true,
      "bones": {
        "arm0": {
          "rotation": [
            "((math.abs(math.mod(query.modified_distance_moved, 13) - 6.5) - 3.25) / 2.25) * 30.0",
            0,
            0
          ]
        },
        "arm1": {
          "rotation": [
            "((math.abs(math.mod(query.modified_distance_moved, 13) - 6.5) - 3.25) / 2.25) * -30.0",
            0,
            0
          ]
        }
      }
    },
    "animation.c_bigspeaker.walk": {
      "loop": true,
      "bones": {
        "body": {
          "rotation": [
            0,
            0,
            "variable.modified_tcos0 / 1.5"
          ]
        },
        "head": {
          "rotation": [
            0,
            0,
            "variable.modified_tcos0 / 1.5"
          ]
        },
        "leg0": {
          "rotation": [
            "variable.modified_tcos0 * 6.0",
            0,
            0
          ]
        },
        "leg1": {
          "rotation": [
            "-variable.modified_tcos0 * 6.0",
            0,
            0
          ]
        }
      }
    },
    "animation.c_bigspeaker.walk_to_target": {
      "loop": true,
      "bones": {
        "body": {
          "rotation": [
            0,
            0,
            "2.0 * (math.abs(math.mod(query.modified_distance_moved + 6, 13.0) - 6.5) - 3.25)"
          ]
        },
        "head": {
          "rotation": [
            0,
            0,
            "2.0 * (math.abs(math.mod(query.modified_distance_moved + 6, 13.0) - 6.5) - 3.25)"
          ]
        },
        "leg0": {
          "rotation": [
            "(math.cos(query.modified_distance_moved * 38.17) * 40.0)",
            0,
            0
          ]
        },
        "leg1": {
          "rotation": [
            "(math.cos(query.modified_distance_moved * 38.17 + 180) * 40.0)",
            0,
            0
          ]
        }
      }
    },
    "animation.c_bigspeaker.move_1": {
      "loop": true,
      "animation_length": 0.5,
      "bones": {
        "RightArm": {
          "rotation": {
            "0.0": [
              25,
              0,
              0
            ],
            "0.25": [
              -17.5,
              0,
              0
            ],
            "0.5": [
              25,
              0,
              0
            ]
          }
        },
        "LeftArm": {
          "rotation": {
            "0.0": [
              -17.5,
              0,
              0
            ],
            "0.2917": [
              35,
              0,
              0
            ],
            "0.5": [
              -17.5,
              0,
              0
            ]
          }
        },
        "RightLeg": {
          "rotation": {
            "0.0": [
              26.39218,
              -18.05776,
              -8.74472
            ],
            "0.25": [
              -12.5,
              0,
              0
            ],
            "0.5": [
              26.39218,
              -18.05776,
              -8.74472
            ]
          }
        },
        "LeftLeg": {
          "rotation": {
            "0.0": [
              -21.50238,
              21.07593,
              -8.0634
            ],
            "0.25": [
              22.5,
              0,
              0
            ],
            "0.5": [
              -21.50238,
              21.07593,
              -8.0634
            ]
          }
        },
        "bone": {
          "rotation": {
            "0.0": [
              17.5,
              0,
              0
            ],
            "0.2917": [
              -40,
              0,
              0
            ],
            "0.5": [
              17.5,
              0,
              0
            ]
          }
        },
        "bone2": {
          "rotation": {
            "0.0": [
              -35.01966,
              14.09141,
              -7.11436
            ],
            "0.375": [
              2.5,
              0,
              0
            ],
            "0.5": [
              -35.01966,
              14.09141,
              -7.11436
            ]
          }
        }
      }
    },
    "animation.c_bigspeaker.attack_2": {
      "animation_length": 0.20833,
      "bones": {
        "Head": {
          "rotation": {
            "0.0": [
              -50.60468,
              2.49517,
              -2.97664
            ],
            "0.125": [
              86.89532,
              2.49517,
              -2.97664
            ]
          },
          "position": {
            "0.0": [
              0,
              0,
              2
            ],
            "0.125": [
              0,
              -10,
              -10
            ]
          }
        },
        "Body": {
          "rotation": {
            "0.0": [
              -15,
              0,
              0
            ],
            "0.2083": [
              95,
              0,
              0
            ]
          }
        },
        "RightArm": {
          "rotation": {
            "0.0": [
              -149.26198,
              2.65097,
              -6.87041
            ],
            "0.1667": [
              10.73802,
              2.65097,
              -6.87041
            ]
          },
          "position": {
            "0.0": [
              0,
              -4,
              0
            ],
            "0.1667": [
              0,
              -11,
              -10
            ]
          }
        },
        "LeftArm": {
          "rotation": {
            "0.0": [
              -160,
              0,
              0
            ],
            "0.1667": [
              -10,
              0,
              0
            ]
          },
          "position": {
            "0.0": [
              0,
              -4,
              3
            ],
            "0.1667": [
              0,
              -11,
              -7
            ]
          }
        },
        "bone": {
          "rotation": {
            "0.0": [
              -87.5,
              0,
              0
            ],
            "0.2083": [
              -42.5,
              0,
              0
            ]
          }
        },
        "bone2": {
          "rotation": {
            "0.0": [
              -62.5,
              0,
              0
            ],
            "0.2083": [
              -22.5,
              0,
              0
            ]
          }
        }
      }
    }
  }
}