{
  "format_version": "1.8.0",
  "animations": {
    "animation.iron_golem.attack": {
      "loop": true,
      "bones": {
        "arm0": {
          "rotation": [
            "-114 + ((1.5 * math.abs(math.mod(variable.attack_animation_tick - query.frame_alpha, 10) - 5) - 2.5) / 5) * 57.3",
            0,
            0
          ]
        },
        "arm1": {
          "rotation": [
            "-114 + ((1.5 * math.abs(math.mod(variable.attack_animation_tick - query.frame_alpha, 10) - 5) - 2.5) / 5) * 57.3",
            0,
            0
          ]
        }
      }
    },
    "animation.c_sc.flower": {
      "loop": true,
      "bones": {
        "arm0": {
          "rotation": [
            "-45.8 + ((0.25 * math.abs(math.mod(variable.offer_flower_tick, 70) - 35) - 17.5) / 35)",
            0,
            0
          ]
        }
      }
    },
    "animation.c_sc.move": {
      "loop": true,
      "bones": {
        "arm0": {
          "rotation": [
            "-variable.modified_tcos0 * 2.0",
            0,
            0
          ]
        },
        "arm1": {
          "rotation": [
            "variable.modified_tcos0 * 2.0",
            0,
            0
          ]
        }
      }
    },
    "animation.iron_golem.move_to_target": {
      "loop": true,
      "bones": {
        "arm0": {
          "rotation": [
            "((math.abs(math.mod(query.modified_distance_moved, 13) - 6.5) - 3.25) / 2.25) * 30.0",
            0,
            0
          ]
        },
        "arm1": {
          "rotation": [
            "((math.abs(math.mod(query.modified_distance_moved, 13) - 6.5) - 3.25) / 2.25) * -30.0",
            0,
            0
          ]
        }
      }
    },
    "animation.c_sc.walk": {
      "loop": true,
      "bones": {
        "body": {
          "rotation": [
            0,
            0,
            "variable.modified_tcos0 / 1.5"
          ]
        },
        "head": {
          "rotation": [
            0,
            0,
            "variable.modified_tcos0 / 1.5"
          ]
        },
        "leg0": {
          "rotation": [
            "variable.modified_tcos0 * 6.0",
            0,
            0
          ]
        },
        "leg1": {
          "rotation": [
            "-variable.modified_tcos0 * 6.0",
            0,
            0
          ]
        }
      }
    },
    "animation.c_sc.walk_to_target": {
      "loop": true,
      "bones": {
        "body": {
          "rotation": [
            0,
            0,
            "2.0 * (math.abs(math.mod(query.modified_distance_moved + 6, 13.0) - 6.5) - 3.25)"
          ]
        },
        "head": {
          "rotation": [
            0,
            0,
            "2.0 * (math.abs(math.mod(query.modified_distance_moved + 6, 13.0) - 6.5) - 3.25)"
          ]
        },
        "leg0": {
          "rotation": [
            "(math.cos(query.modified_distance_moved * 38.17) * 40.0)",
            0,
            0
          ]
        },
        "leg1": {
          "rotation": [
            "(math.cos(query.modified_distance_moved * 38.17 + 180) * 40.0)",
            0,
            0
          ]
        }
      }
    },
    "animation.c_sc.move_1": {
      "loop": true,
      "animation_length": 0.5,
      "bones": {
        "Head": {
          "rotation": {
            "0.0": [
              7.5,
              0,
              0
            ],
            "0.2917": [
              15,
              0,
              0
            ],
            "0.5": [
              7.5,
              0,
              0
            ]
          },
          "position": {
            "0.0": [
              0,
              0,
              0
            ],
            "0.25": [
              0,
              -2,
              0
            ],
            "0.5": [
              0,
              0,
              0
            ]
          }
        },
        "bone4": {
          "rotation": {
            "0.0": [
              -27.5,
              0,
              0
            ],
            "0.1667": [
              -1.25256,
              -3.48343,
              33.4739
            ],
            "0.3333": [
              22.5,
              0,
              0
            ],
            "0.5": [
              -27.5,
              0,
              0
            ]
          }
        },
        "bone5": {
          "rotation": {
            "0.0": [
              -17.5,
              0,
              0
            ],
            "0.3333": [
              12.5,
              0,
              0
            ],
            "0.5": [
              -17.5,
              0,
              0
            ]
          }
        },
        "bone8": {
          "rotation": {
            "0.0": [
              2.5,
              0,
              0
            ],
            "0.25": [
              22.5,
              0,
              0
            ],
            "0.3333": [
              -31.67,
              0,
              0
            ],
            "0.5": [
              2.5,
              0,
              0
            ]
          }
        },
        "bone7": {
          "rotation": {
            "0.0": [
              -5,
              0,
              0
            ],
            "0.2917": [
              -30,
              0,
              0
            ],
            "0.5": [
              -5,
              0,
              0
            ]
          }
        },
        "bone2": {
          "rotation": {
            "0.0": [
              -25,
              0,
              0
            ],
            "0.25": [
              22.5,
              0,
              0
            ],
            "0.375": [
              -17.37533,
              -6.52426,
              -27.93947
            ],
            "0.5": [
              -25,
              0,
              0
            ]
          }
        },
        "bone3": {
          "rotation": {
            "0.0": [
              -17.5,
              0,
              0
            ],
            "0.375": [
              9.95043,
              -0.00282,
              1.66582
            ],
            "0.5": [
              -17.5,
              0,
              0
            ]
          }
        },
        "bone9": {
          "rotation": {
            "0.0": [
              -9.63964,
              6.41994,
              3.01984
            ],
            "0.2917": [
              -10.42582,
              -23.1422,
              8.24398
            ],
            "0.5": [
              -9.63964,
              6.41994,
              3.01984
            ]
          }
        },
        "bone10": {
          "rotation": {
            "0.0": [
              -1.43602,
              -34.64739,
              -27.31522
            ],
            "0.2917": [
              52.09349,
              46.77078,
              42.13368
            ],
            "0.5": [
              -1.43602,
              -34.64739,
              -27.31522
            ]
          }
        }
      }
    },
    "animation.c_sc.attack_2": {
      "loop": "hold_on_last_frame",
      "animation_length": 0.29167,
      "bones": {
        "Head": {
          "rotation": {
            "0.0": [
              0,
              0,
              0
            ],
            "0.0417": [
              30,
              0,
              0
            ],
            "0.125": [
              20,
              0,
              0
            ]
          }
        },
        "bone2": {
          "rotation": {
            "0.0": [
              0,
              0,
              0
            ],
            "0.25": [
              0,
              0,
              37.5
            ]
          }
        },
        "bone3": {
          "rotation": {
            "0.0": [
              0,
              0,
              0
            ],
            "0.2917": [
              -26.56505,
              14.47751,
              26.56505
            ]
          }
        }
      }
    }
  }
}