{
  "format_version": "1.8.0",
  "animations": {
    "animation.witch.general": {
      "loop": true,
      "bones": {
        "nose": {
          "rotation": [
            "(variable.isholdingitem ? -25.7831 : (math.sin(query.life_time * 57.296) * 4.5)) - this",
            0,
            "(math.cos(query.life_time * 57.296) * 2.5) - this"
          ]
        }
      }
    },
    "animation.witch.villager_general": {
      "loop": true,
      "bones": {
        "arms": {
          "position": [
            0,
            -1,
            -1
          ],
          "rotation": [
            "-42.97 - this",
            0,
            0
          ]
        }
      }
    },
    "animation.witch.move": {
      "anim_time_update": "query.modified_distance_moved",
      "loop": true,
      "bones": {
        "leg0": {
          "rotation": [
            "(math.cos(query.anim_time * 38.17) * 40.0) - this",
            "-this",
            0
          ]
        },
        "leg1": {
          "rotation": [
            "(math.cos(query.anim_time * 38.17 + 180) * 40.0) - this",
            "-this",
            0
          ]
        }
      }
    },
    "animation.pa_rocket.general_1": {
      "loop": true,
      "animation_length": 0.25,
      "bones": {
        "Head": {
          "rotation": {
            "0.0": [
              0,
              0,
              0
            ],
            "0.0417": [
              -1.23849,
              0.60047,
              -19.95956
            ],
            "0.0833": [
              -0.5361,
              0.96179,
              19.03201
            ],
            "0.125": [
              -2.31755,
              1.86693,
              -18.19392
            ],
            "0.1667": [
              -1.39041,
              1.27774,
              -10.45429
            ],
            "0.2083": [
              0.23719,
              -0.12564,
              12.23577
            ],
            "0.25": [
              0,
              0,
              0
            ]
          },
          "position": {
            "0.0": [
              0,
              0,
              0
            ],
            "0.0417": [
              -2,
              0,
              0
            ],
            "0.0833": [
              -0.6,
              0,
              0
            ],
            "0.125": [
              -0.45,
              -3,
              0
            ],
            "0.1667": [
              0.7,
              1,
              0
            ],
            "0.2083": [
              0.35,
              -2.5,
              0
            ],
            "0.25": [
              0,
              0,
              0
            ]
          }
        },
        "Body": {
          "position": {
            "0.0": [
              0,
              0,
              0
            ],
            "0.0417": [
              -1,
              0,
              0
            ],
            "0.0833": [
              0.2,
              0,
              0
            ],
            "0.125": [
              2.15,
              0,
              0
            ],
            "0.1667": [
              0.43,
              0,
              0
            ],
            "0.2083": [
              1.21,
              0,
              0
            ],
            "0.25": [
              0,
              0,
              0
            ]
          }
        }
      }
    },
    "animation.pa_rocket.move_2": {
      "loop": true,
      "animation_length": 0.25,
      "bones": {
        "Head": {
          "rotation": {
            "0.0": [
              17.5,
              0,
              0
            ],
            "0.0417": [
              16.24074,
              6.60796,
              -21.55613
            ],
            "0.0833": [
              17.17715,
              -2.06114,
              6.6771
            ],
            "0.125": [
              18.43576,
              0.59583,
              -7.26158
            ],
            "0.1667": [
              16.81035,
              3.41708,
              -10.5844
            ],
            "0.2083": [
              15.79819,
              -2.56066,
              14.78698
            ],
            "0.25": [
              17.5,
              0,
              0
            ]
          },
          "position": {
            "0.0": [
              0,
              -2,
              -1
            ],
            "0.0417": [
              -1,
              -2,
              -1
            ],
            "0.0833": [
              -0.3,
              -2,
              -1
            ],
            "0.125": [
              2.4,
              -2,
              -1
            ],
            "0.1667": [
              1.1,
              -5,
              -1
            ],
            "0.2083": [
              -0.2,
              -2,
              -1
            ],
            "0.25": [
              0,
              -2,
              -1
            ]
          }
        },
        "Body": {
          "position": {
            "0.0": [
              0,
              0,
              0
            ],
            "0.1667": [
              0,
              2,
              0
            ],
            "0.25": [
              0,
              0,
              0
            ]
          },
          "scale": {
            "0.0417": [
              1,
              1,
              1
            ],
            "0.0833": [
              1,
              0.9,
              1
            ]
          }
        },
        "bone2": {
          "position": [
            0,
            0,
            11
          ],
          "scale": {
            "0.0": [
              1,
              1,
              1
            ],
            "0.0417": [
              1,
              1,
              1.8
            ],
            "0.0833": [
              1,
              1,
              0.68
            ],
            "0.125": [
              1,
              1,
              1.74
            ],
            "0.1667": [
              1,
              1,
              0.7933
            ],
            "0.2083": [
              1,
              1,
              1.7967
            ],
            "0.25": [
              1,
              1,
              1
            ]
          }
        }
      }
    }
  }
}