{
  "format_version": "1.8.0",
  "animations": {
    "animation.witch.general": {
      "loop": true,
      "bones": {
        "nose": {
          "rotation": [
            "(variable.isholdingitem ? -25.7831 : (math.sin(query.life_time * 57.296) * 4.5)) - this",
            0,
            "(math.cos(query.life_time * 57.296) * 2.5) - this"
          ]
        }
      }
    },
    "animation.witch.villager_general": {
      "loop": true,
      "bones": {
        "arms": {
          "position": [
            0,
            -1,
            -1
          ],
          "rotation": [
            "-42.97 - this",
            0,
            0
          ]
        }
      }
    },
    "animation.witch.move": {
      "anim_time_update": "query.modified_distance_moved",
      "loop": true,
      "bones": {
        "leg0": {
          "rotation": [
            "(math.cos(query.anim_time * 38.17) * 40.0) - this",
            "-this",
            0
          ]
        },
        "leg1": {
          "rotation": [
            "(math.cos(query.anim_time * 38.17 + 180) * 40.0) - this",
            "-this",
            0
          ]
        }
      }
    },
    "animation.model.General": {
      "loop": true,
      "animation_length": 1,
      "bones": {
        "body": {
          "position": {
            "0.0": [
              0,
              0,
              0
            ],
            "0.5": [
              0,
              -3,
              0
            ],
            "1.0": [
              0,
              0,
              0
            ]
          }
        },
        "head": {
          "rotation": {
            "0.4583": [
              0,
              0,
              0
            ],
            "0.5": [
              0,
              0,
              -57.5
            ],
            "0.5417": [
              0,
              0,
              0
            ]
          }
        },
        "bone": {
          "position": {
            "0.4583": [
              0,
              0,
              0
            ],
            "0.5": [
              0,
              8,
              0
            ],
            "0.5417": [
              0,
              0,
              0
            ]
          }
        },
        "right_arm": {
          "position": {
            "0.0": [
              0,
              0,
              0
            ],
            "0.5833": [
              0,
              -4,
              0
            ],
            "1.0": [
              0,
              0,
              0
            ]
          }
        },
        "left_arm": {
          "position": {
            "0.0": [
              0,
              0,
              0
            ],
            "0.5833": [
              0,
              -3,
              0
            ],
            "1.0": [
              0,
              0,
              0
            ]
          }
        },
        "bone3": {
          "rotation": {
            "0.5417": [
              0,
              0,
              0
            ],
            "0.5833": [
              0,
              0,
              -17.5
            ],
            "0.625": [
              0,
              0,
              24.37
            ],
            "0.6667": [
              0,
              0,
              -21.25
            ],
            "0.7083": [
              0,
              0,
              19.38
            ],
            "0.75": [
              0,
              0,
              0
            ]
          },
          "position": {
            "0.5417": [
              0,
              0,
              0
            ],
            "0.5833": [
              0,
              0,
              -9
            ]
          },
          "scale": {
            "0.5417": [
              1,
              1,
              1
            ],
            "0.7917": [
              1,
              1,
              1
            ],
            "0.8333": [
              1,
              0,
              1
            ]
          }
        }
      }
    },
    "animation.pa_skippity_man_angry.move_1": {
      "loop": true,
      "animation_length": 0.5,
      "bones": {
        "body": {
          "rotation": {
            "0.0": [
              20,
              0,
              0
            ],
            "0.2083": [
              15.83695,
              7.68256,
              -30.98938
            ],
            "0.25": [
              -23.33443,
              -9.75834,
              6.82206
            ],
            "0.2917": [
              12.76661,
              -3.2988,
              24.69004
            ],
            "0.5": [
              20,
              0,
              0
            ]
          }
        },
        "bone2": {
          "position": [
            0,
            41,
            7
          ]
        },
        "head": {
          "rotation": {
            "0.0": [
              -15,
              0,
              0
            ],
            "0.125": [
              -13.06431,
              -7.43547,
              -29.14743
            ],
            "0.25": [
              -13.9042,
              5.68422,
              21.80633
            ],
            "0.375": [
              -13.36965,
              -6.86379,
              -26.69458
            ],
            "0.5": [
              -15,
              0,
              0
            ]
          }
        },
        "bone": {
          "position": [
            0,
            10,
            0
          ]
        },
        "right_arm": {
          "rotation": {
            "0.0": [
              -100.94154,
              2.78964,
              8.38369
            ],
            "0.3333": [
              -108.75365,
              53.86561,
              -6.41156
            ],
            "0.5": [
              -100.94154,
              2.78964,
              8.38369
            ]
          }
        },
        "left_arm": {
          "rotation": {
            "0.0": [
              -100.08453,
              -7.38542,
              1.30962
            ],
            "0.25": [
              -104.62771,
              -46.55847,
              10.73052
            ],
            "0.5": [
              -100.08453,
              -7.38542,
              1.30962
            ]
          }
        },
        "right_leg": {
          "rotation": {
            "0.0": [
              65,
              0,
              0
            ],
            "0.25": [
              -37.5,
              0,
              0
            ],
            "0.5": [
              65,
              0,
              0
            ]
          }
        },
        "left_leg": {
          "rotation": {
            "0.0": [
              -25,
              0,
              0
            ],
            "0.25": [
              37.5,
              0,
              0
            ],
            "0.5": [
              -25,
              0,
              0
            ]
          }
        },
        "bone3": {
          "rotation": {
            "0.0": [
              -12.73415,
              7.99365,
              31.60659
            ],
            "0.0833": [
              -7.80965,
              -4.31696,
              -48.78699
            ],
            "0.25": [
              1.9043,
              -3.2849,
              -38.831
            ],
            "0.375": [
              -2.8659,
              5.16302,
              33.86991
            ],
            "0.5": [
              -12.73415,
              7.99365,
              31.60659
            ]
          },
          "position": [
            0,
            3,
            -14
          ],
          "scale": {
            "0.0": [
              0.6,
              0.6,
              1
            ],
            "0.25": [
              1.3,
              1.5,
              1
            ],
            "0.5": [
              0.6,
              0.6,
              1
            ]
          }
        },
        "bone4": {
          "rotation": {
            "0.0": [
              0,
              90,
              0
            ],
            "0.125": [
              0,
              140,
              0
            ],
            "0.375": [
              0,
              175,
              0
            ],
            "0.5": [
              0,
              267.5,
              0
            ]
          },
          "position": {
            "0.0": [
              0,
              32,
              -19
            ],
            "0.25": [
              0,
              25,
              -19
            ],
            "0.5": [
              0,
              32,
              -19
            ]
          }
        }
      }
    }
  }
}