{
  "format_version": "1.8.0",
  "animations": {
    "animation.witch.general": {
      "loop": true,
      "bones": {
        "nose": {
          "rotation": [
            "(variable.isholdingitem ? -25.7831 : (math.sin(query.life_time * 57.296) * 4.5)) - this",
            0,
            "(math.cos(query.life_time * 57.296) * 2.5) - this"
          ]
        }
      }
    },
    "animation.witch.villager_general": {
      "loop": true,
      "bones": {
        "arms": {
          "position": [
            0,
            -1,
            -1
          ],
          "rotation": [
            "-42.97 - this",
            0,
            0
          ]
        }
      }
    },
    "animation.witch.move": {
      "anim_time_update": "query.modified_distance_moved",
      "loop": true,
      "bones": {
        "leg0": {
          "rotation": [
            "(math.cos(query.anim_time * 38.17) * 40.0) - this",
            "-this",
            0
          ]
        },
        "leg1": {
          "rotation": [
            "(math.cos(query.anim_time * 38.17 + 180) * 40.0) - this",
            "-this",
            0
          ]
        }
      }
    },
    "animation.model.General": {
      "loop": true,
      "animation_length": 1,
      "bones": {
        "body": {
          "position": {
            "0.0": [
              0,
              0,
              0
            ],
            "0.5": [
              0,
              -3,
              0
            ],
            "1.0": [
              0,
              0,
              0
            ]
          }
        },
        "head": {
          "rotation": {
            "0.4583": [
              0,
              0,
              0
            ],
            "0.5": [
              0,
              0,
              -57.5
            ],
            "0.5417": [
              0,
              0,
              0
            ]
          }
        },
        "bone": {
          "position": {
            "0.4583": [
              0,
              0,
              0
            ],
            "0.5": [
              0,
              8,
              0
            ],
            "0.5417": [
              0,
              0,
              0
            ]
          }
        },
        "right_arm": {
          "position": {
            "0.0": [
              0,
              0,
              0
            ],
            "0.5833": [
              0,
              -4,
              0
            ],
            "1.0": [
              0,
              0,
              0
            ]
          }
        },
        "left_arm": {
          "position": {
            "0.0": [
              0,
              0,
              0
            ],
            "0.5833": [
              0,
              -3,
              0
            ],
            "1.0": [
              0,
              0,
              0
            ]
          }
        },
        "bone3": {
          "rotation": {
            "0.5417": [
              0,
              0,
              0
            ],
            "0.5833": [
              0,
              0,
              -17.5
            ],
            "0.625": [
              0,
              0,
              24.37
            ],
            "0.6667": [
              0,
              0,
              -21.25
            ],
            "0.7083": [
              0,
              0,
              19.38
            ],
            "0.75": [
              0,
              0,
              0
            ]
          },
          "position": {
            "0.5417": [
              0,
              0,
              0
            ],
            "0.5833": [
              0,
              0,
              -9
            ]
          },
          "scale": {
            "0.5417": [
              1,
              1,
              1
            ],
            "0.7917": [
              1,
              1,
              1
            ],
            "0.8333": [
              1,
              0,
              1
            ]
          }
        }
      }
    },
    "animation.model.walk": {
      "loop": true,
      "animation_length": 0.5,
      "bones": {
        "body": {
          "rotation": [
            25,
            0,
            0
          ]
        },
        "right_arm": {
          "rotation": {
            "0.0": [
              27.5,
              0,
              0
            ],
            "0.25": [
              -67.82321,
              -0.11617,
              1.76044
            ],
            "0.5": [
              27.5,
              0,
              0
            ]
          }
        },
        "left_arm": {
          "rotation": {
            "0.0": [
              -35,
              0,
              0
            ],
            "0.25": [
              30,
              0,
              0
            ],
            "0.5": [
              -35,
              0,
              0
            ]
          }
        },
        "right_leg": {
          "rotation": {
            "0.0": [
              52.5,
              0,
              0
            ],
            "0.25": [
              -30,
              0,
              0
            ],
            "0.5": [
              52.5,
              0,
              0
            ]
          }
        },
        "left_leg": {
          "rotation": {
            "0.0": [
              -37.5,
              0,
              0
            ],
            "0.25": [
              45,
              0,
              0
            ],
            "0.5": [
              -37.5,
              0,
              0
            ]
          }
        },
        "bone4": {
          "position": {
            "0.0": [
              0,
              28,
              -15
            ],
            "0.0417": [
              -4,
              28,
              -15
            ],
            "0.0833": [
              1.86,
              21,
              -15
            ],
            "0.125": [
              -2.27,
              28,
              -15
            ],
            "0.1667": [
              11.98,
              28,
              -15
            ],
            "0.2083": [
              10.48,
              41,
              -15
            ],
            "0.25": [
              -4.02,
              39.14,
              -15
            ],
            "0.2917": [
              -3.35,
              22.28,
              -15
            ],
            "0.3333": [
              -12.68,
              23.42,
              -15
            ],
            "0.375": [
              9.49,
              24.57,
              -15
            ],
            "0.4167": [
              6.33,
              35.71,
              -15
            ],
            "0.4583": [
              -4.83,
              31.86,
              -15
            ],
            "0.5": [
              0,
              28,
              -15
            ]
          }
        }
      }
    },
    "animation.pa_skippity_man_calm.move_1": "{loop: true, animation_length: 0.5, bones: {body: {rotation: [25, 0, 0]}, right_arm: {rotation: {0.0: [27.5, 0, 0], 0.25: [-67.82321, -0.11617, 1.76044], 0.5: [27.5, 0, 0]}}, left_arm: {rotation: {0.0: [-35, 0, 0], 0.25: [30, 0, 0], 0.5: [-35, 0, 0]}}, right_leg: {rotation: {0.0: [52.5, 0, 0], 0.25: [-30, 0, 0], 0.5: [52.5, 0, 0]}}, left_leg: {rotation: {0.0: [-37.5, 0, 0], 0.25: [45, 0, 0], 0.5: [-37.5, 0, 0]}}, bone4: {position: {0.0: [0, 28, -15], 0.0417: [-4, 28, -15], 0.0833: [1.86, 21, -15], 0.125: [-2.27, 28, -15], 0.1667: [11.98, 28, -15], 0.2083: [10.48, 41, -15], 0.25: [-4.02, 39.14, -15], 0.2917: [-3.35, 22.28, -15], 0.3333: [-12.68, 23.42, -15], 0.375: [9.49, 24.57, -15], 0.4167: [6.33, 35.71, -15], 0.4583: [-4.83, 31.86, -15], 0.5: [0, 28, -15]}}}}"
  }
}