{
  "format_version": "1.8.0",
  "animations": {
    "animation.iron_golem.attack": {
      "loop": true,
      "bones": {
        "arm0": {
          "rotation": [
            "-114 + ((1.5 * math.abs(math.mod(variable.attack_animation_tick - query.frame_alpha, 10) - 5) - 2.5) / 5) * 57.3",
            0,
            0
          ]
        },
        "arm1": {
          "rotation": [
            "-114 + ((1.5 * math.abs(math.mod(variable.attack_animation_tick - query.frame_alpha, 10) - 5) - 2.5) / 5) * 57.3",
            0,
            0
          ]
        }
      }
    },
    "animation.pa_titan_speaker.flower": {
      "loop": true,
      "bones": {
        "arm0": {
          "rotation": [
            "-45.8 + ((0.25 * math.abs(math.mod(variable.offer_flower_tick, 70) - 35) - 17.5) / 35)",
            0,
            0
          ]
        }
      }
    },
    "animation.pa_titan_speaker.move": {
      "loop": true,
      "bones": {
        "arm0": {
          "rotation": [
            "-variable.modified_tcos0 * 2.0",
            0,
            0
          ]
        },
        "arm1": {
          "rotation": [
            "variable.modified_tcos0 * 2.0",
            0,
            0
          ]
        }
      }
    },
    "animation.iron_golem.move_to_target": {
      "loop": true,
      "bones": {
        "arm0": {
          "rotation": [
            "((math.abs(math.mod(query.modified_distance_moved, 13) - 6.5) - 3.25) / 2.25) * 30.0",
            0,
            0
          ]
        },
        "arm1": {
          "rotation": [
            "((math.abs(math.mod(query.modified_distance_moved, 13) - 6.5) - 3.25) / 2.25) * -30.0",
            0,
            0
          ]
        }
      }
    },
    "animation.pa_titan_speaker.walk": {
      "loop": true,
      "bones": {
        "body": {
          "rotation": [
            0,
            0,
            "variable.modified_tcos0 / 1.5"
          ]
        },
        "head": {
          "rotation": [
            0,
            0,
            "variable.modified_tcos0 / 1.5"
          ]
        },
        "leg0": {
          "rotation": [
            "variable.modified_tcos0 * 6.0",
            0,
            0
          ]
        },
        "leg1": {
          "rotation": [
            "-variable.modified_tcos0 * 6.0",
            0,
            0
          ]
        }
      }
    },
    "animation.pa_titan_speaker.walk_to_target": {
      "loop": true,
      "bones": {
        "body": {
          "rotation": [
            0,
            0,
            "2.0 * (math.abs(math.mod(query.modified_distance_moved + 6, 13.0) - 6.5) - 3.25)"
          ]
        },
        "head": {
          "rotation": [
            0,
            0,
            "2.0 * (math.abs(math.mod(query.modified_distance_moved + 6, 13.0) - 6.5) - 3.25)"
          ]
        },
        "leg0": {
          "rotation": [
            "(math.cos(query.modified_distance_moved * 38.17) * 40.0)",
            0,
            0
          ]
        },
        "leg1": {
          "rotation": [
            "(math.cos(query.modified_distance_moved * 38.17 + 180) * 40.0)",
            0,
            0
          ]
        }
      }
    },
    "animation.pa_titan_speaker.move_1": {
      "loop": true,
      "animation_length": 0.5,
      "bones": {
        "body": {
          "rotation": {
            "0.0": [
              20,
              0,
              0
            ],
            "0.25": [
              22.5,
              0,
              0
            ],
            "0.5": [
              20,
              0,
              0
            ]
          }
        },
        "head": {
          "rotation": [
            5,
            0,
            0
          ]
        },
        "arm0": {
          "rotation": {
            "0.0": [
              35,
              0,
              0
            ],
            "0.25": [
              12.5,
              0,
              0
            ],
            "0.5": [
              35,
              0,
              0
            ]
          },
          "position": {
            "0.0": [
              1,
              0,
              0
            ],
            "0.2917": [
              1,
              -3,
              0
            ],
            "0.5": [
              1,
              0,
              0
            ]
          }
        },
        "arm1": {
          "rotation": {
            "0.0": [
              35,
              0,
              0
            ],
            "0.25": [
              -12.5,
              0,
              0
            ],
            "0.5": [
              35,
              0,
              0
            ]
          },
          "position": {
            "0.0": [
              0,
              0,
              0
            ],
            "0.2917": [
              0,
              -3,
              0
            ],
            "0.5": [
              0,
              0,
              0
            ]
          }
        },
        "leg0": {
          "rotation": {
            "0.0": [
              -42.5,
              0,
              0
            ],
            "0.25": [
              5,
              0,
              0
            ],
            "0.5": [
              -42.5,
              0,
              0
            ]
          }
        },
        "bone": {
          "rotation": {
            "0.0": [
              -12.5,
              0,
              0
            ],
            "0.25": [
              -47.5,
              0,
              0
            ],
            "0.5": [
              -12.5,
              0,
              0
            ]
          }
        }
      }
    },
    "animation.pa_titan_speaker.attack_2": {
      "animation_length": 0.54167,
      "bones": {
        "head": {
          "rotation": {
            "0.0": [
              0,
              0,
              0
            ],
            "0.125": [
              35,
              0,
              0
            ],
            "0.25": [
              -15,
              0,
              0
            ],
            "0.4583": [
              35,
              0,
              0
            ],
            "0.5417": [
              0,
              0,
              0
            ]
          }
        },
        "arm0": {
          "rotation": {
            "0.0": [
              0,
              0,
              0
            ],
            "0.125": [
              17.5,
              0,
              0
            ],
            "0.25": [
              -147.5,
              0,
              0
            ],
            "0.4583": [
              7.92,
              0,
              0
            ],
            "0.5417": [
              0,
              0,
              0
            ]
          }
        },
        "arm1": {
          "rotation": {
            "0.0": [
              0,
              0,
              0
            ],
            "0.125": [
              14.67075,
              0.33653,
              3.15965
            ],
            "0.25": [
              -142.5,
              0,
              0
            ],
            "0.4583": [
              13.75,
              0,
              0
            ],
            "0.5": [
              0,
              0,
              0
            ]
          }
        }
      }
    }
  }
}