{
  "format_version": "1.8.0",
  "animations": {
    "animation.iron_golem.attack": {
      "loop": true,
      "bones": {
        "arm0": {
          "rotation": [
            "-114 + ((1.5 * math.abs(math.mod(variable.attack_animation_tick - query.frame_alpha, 10) - 5) - 2.5) / 5) * 57.3",
            0,
            0
          ]
        },
        "arm1": {
          "rotation": [
            "-114 + ((1.5 * math.abs(math.mod(variable.attack_animation_tick - query.frame_alpha, 10) - 5) - 2.5) / 5) * 57.3",
            0,
            0
          ]
        }
      }
    },
    "animation.pa_titan_camera.flower": {
      "loop": true,
      "bones": {
        "arm0": {
          "rotation": [
            "-45.8 + ((0.25 * math.abs(math.mod(variable.offer_flower_tick, 70) - 35) - 17.5) / 35)",
            0,
            0
          ]
        }
      }
    },
    "animation.pa_titan_camera.move": {
      "loop": true,
      "bones": {
        "arm0": {
          "rotation": [
            "-variable.modified_tcos0 * 2.0",
            0,
            0
          ]
        },
        "arm1": {
          "rotation": [
            "variable.modified_tcos0 * 2.0",
            0,
            0
          ]
        }
      }
    },
    "animation.iron_golem.move_to_target": {
      "loop": true,
      "bones": {
        "arm0": {
          "rotation": [
            "((math.abs(math.mod(query.modified_distance_moved, 13) - 6.5) - 3.25) / 2.25) * 30.0",
            0,
            0
          ]
        },
        "arm1": {
          "rotation": [
            "((math.abs(math.mod(query.modified_distance_moved, 13) - 6.5) - 3.25) / 2.25) * -30.0",
            0,
            0
          ]
        }
      }
    },
    "animation.pa_titan_camera.walk": {
      "loop": true,
      "bones": {
        "body": {
          "rotation": [
            0,
            0,
            "variable.modified_tcos0 / 1.5"
          ]
        },
        "head": {
          "rotation": [
            0,
            0,
            "variable.modified_tcos0 / 1.5"
          ]
        },
        "leg0": {
          "rotation": [
            "variable.modified_tcos0 * 6.0",
            0,
            0
          ]
        },
        "leg1": {
          "rotation": [
            "-variable.modified_tcos0 * 6.0",
            0,
            0
          ]
        }
      }
    },
    "animation.pa_titan_camera.walk_to_target": {
      "loop": true,
      "bones": {
        "body": {
          "rotation": [
            0,
            0,
            "2.0 * (math.abs(math.mod(query.modified_distance_moved + 6, 13.0) - 6.5) - 3.25)"
          ]
        },
        "head": {
          "rotation": [
            0,
            0,
            "2.0 * (math.abs(math.mod(query.modified_distance_moved + 6, 13.0) - 6.5) - 3.25)"
          ]
        },
        "leg0": {
          "rotation": [
            "(math.cos(query.modified_distance_moved * 38.17) * 40.0)",
            0,
            0
          ]
        },
        "leg1": {
          "rotation": [
            "(math.cos(query.modified_distance_moved * 38.17 + 180) * 40.0)",
            0,
            0
          ]
        }
      }
    },
    "animation.pa_titan_camera.move_1": {
      "loop": true,
      "animation_length": 0.5,
      "bones": {
        "body": {
          "rotation": {
            "0.0": [
              5,
              0,
              0
            ],
            "0.2917": [
              15,
              0,
              0
            ],
            "0.5": [
              5,
              0,
              0
            ]
          }
        },
        "head": {
          "rotation": {
            "0.0": [
              10,
              0,
              0
            ],
            "0.3333": [
              35,
              0,
              0
            ],
            "0.5": [
              10,
              0,
              0
            ]
          }
        },
        "arm0": {
          "rotation": {
            "0.0": [
              25,
              0,
              0
            ],
            "0.2917": [
              -46.58994,
              -20.71501,
              -18.50097
            ],
            "0.5": [
              25,
              0,
              0
            ]
          }
        },
        "arm1": {
          "rotation": {
            "0.0": [
              -55,
              0,
              0
            ],
            "0.2917": [
              27.28217,
              -2.57594,
              9.6658
            ],
            "0.5": [
              -55,
              0,
              0
            ]
          }
        },
        "leg0": {
          "rotation": {
            "0.0": [
              -15,
              0,
              0
            ],
            "0.2917": [
              17.5,
              0,
              0
            ],
            "0.5": [
              -15,
              0,
              0
            ]
          },
          "position": {
            "0.0": [
              0,
              2,
              0
            ],
            "0.2917": [
              0,
              1,
              0
            ],
            "0.5": [
              0,
              2,
              0
            ]
          }
        },
        "bone": {
          "rotation": {
            "0.0": [
              10,
              0,
              0
            ],
            "0.2917": [
              -30,
              0,
              0
            ],
            "0.5": [
              10,
              0,
              0
            ]
          },
          "position": {
            "0.0": [
              0,
              2,
              0
            ],
            "0.2917": [
              0,
              -5,
              0
            ],
            "0.5": [
              0,
              2,
              0
            ]
          }
        }
      }
    },
    "animation.pa_titan_camera.attack_2": {
      "animation_length": 0.33333,
      "bones": {
        "body": {
          "rotation": {
            "0.0": [
              0,
              0,
              0
            ],
            "0.125": [
              9.06,
              0,
              0
            ],
            "0.25": [
              -15.38,
              0,
              0
            ],
            "0.3333": [
              -2.5,
              0,
              0
            ]
          }
        },
        "head": {
          "rotation": {
            "0.0": [
              0,
              0,
              0
            ],
            "0.125": [
              32.5,
              0,
              0
            ],
            "0.2917": [
              -17.5,
              0,
              0
            ]
          }
        },
        "arm0": {
          "rotation": {
            "0.0": [
              0,
              0,
              0
            ],
            "0.125": [
              25,
              0,
              0
            ]
          }
        },
        "arm1": {
          "rotation": {
            "0.0": [
              0,
              0,
              0
            ],
            "0.125": [
              22.5,
              0,
              0
            ]
          }
        },
        "bone": {
          "rotation": {
            "0.0": [
              0,
              0,
              0
            ],
            "0.125": [
              35,
              0,
              0
            ],
            "0.25": [
              -60,
              0,
              0
            ]
          },
          "position": [
            0,
            0,
            0
          ]
        }
      }
    }
  }
}