{
  "format_version": "1.8.0",
  "animations": {
    "animation.witch.general": {
      "loop": true,
      "bones": {
        "nose": {
          "rotation": [
            "(variable.isholdingitem ? -25.7831 : (math.sin(query.life_time * 57.296) * 4.5)) - this",
            0,
            "(math.cos(query.life_time * 57.296) * 2.5) - this"
          ]
        }
      }
    },
    "animation.witch.villager_general": {
      "loop": true,
      "bones": {
        "arms": {
          "position": [
            0,
            -1,
            -1
          ],
          "rotation": [
            "-42.97 - this",
            0,
            0
          ]
        }
      }
    },
    "animation.witch.move": {
      "anim_time_update": "query.modified_distance_moved",
      "loop": true,
      "bones": {
        "leg0": {
          "rotation": [
            "(math.cos(query.anim_time * 38.17) * 40.0) - this",
            "-this",
            0
          ]
        },
        "leg1": {
          "rotation": [
            "(math.cos(query.anim_time * 38.17 + 180) * 40.0) - this",
            "-this",
            0
          ]
        }
      }
    },
    "animation.st_bigtoilets.general_1": {
      "loop": true,
      "animation_length": 0.16667,
      "bones": {
        "Head": {
          "position": {
            "0.0": [
              0,
              0,
              0
            ],
            "0.0833": [
              0,
              -4,
              0
            ],
            "0.1667": [
              0,
              0,
              0
            ]
          }
        },
        "Body": {
          "rotation": {
            "0.0": [
              0,
              0,
              0
            ],
            "0.0417": [
              0,
              0,
              -2.5
            ],
            "0.0833": [
              0.39698,
              -0.06571,
              0.80052
            ],
            "0.125": [
              0.19973,
              -0.02417,
              -2.09973
            ],
            "0.1667": [
              0,
              0,
              0
            ]
          }
        }
      }
    },
    "animation.st_bigtoilets.move_2": {
      "loop": true,
      "animation_length": 0.5,
      "bones": {
        "Head": {
          "rotation": {
            "0.0": [
              0,
              0,
              -10
            ],
            "0.25": [
              0,
              0,
              8.75
            ],
            "0.5": [
              0,
              0,
              -10
            ]
          },
          "position": [
            0,
            -1,
            -1
          ]
        },
        "Body": {
          "position": {
            "0.0": [
              0,
              0,
              0
            ],
            "0.25": [
              0,
              1,
              0
            ],
            "0.5": [
              0,
              0,
              0
            ]
          },
          "scale": {
            "0.0": [
              1,
              1,
              1
            ],
            "0.125": [
              1,
              0.9,
              1
            ],
            "0.2917": [
              1,
              1,
              1
            ]
          }
        },
        "bone": {
          "rotation": [
            27.5,
            0,
            0
          ],
          "position": [
            0,
            1,
            3
          ]
        }
      }
    }
  }
}