{
  "format_version": "1.10",
  "minecraft:item": {
    "description": {
      "identifier": "mz:nabnab_hat"
    },
    "components": {
      "minecraft:use_duration": 0,
      "minecraft:max_stack_size": 1,
      "minecraft:hand_equipped": true,
      "minecraft:food": {
        "nutrition": 0,
        "saturation_modifier": "low",
        "can_always_eat": true
      },
      "minecraft:foil": false,
      "minecraft:max_damage": 10,
      "minecraft:render_offsets": {
        "main_hand": {
          "third_person": {
            "scale": [
              0.1,
              0.1,
              0.1
            ]
          },
          "first_person": {
            "scale": [
              0.037999999999977205,
              0.037999999999977205,
              0.037999999999977205
            ]
          }
        },
        "off_hand": {
          "third_person": {
            "scale": [
              0.1,
              0.1,
              0.1
            ]
          },
          "first_person": {
            "scale": [
              0.037999999999977205,
              0.037999999999977205,
              0.037999999999977205
            ]
          }
        }
      }
    }
  }
}