{
	"format_version": "1.8.0",
	"animations": {
		"animation.cyan.jumpscare": {
			"animation_length": 2,
			"bones": {
				"Body": {
					"rotation": {
						"0.0": [0, 0, 0],
						"0.25": [0, 0, 0],
						"0.5": [0, 0, 0],
						"0.75": [0, 0, 0],
						"1.0": [0, 0, 0],
						"1.25": [0, 0, 0],
						"1.5": [0, 0, 0],
						"2.0": [0, 0, 0]
					},
					"position": {
						"0.0": [0, 0, 0],
						"0.25": [1, 0, 0],
						"0.5": [-1, 0, 0],
						"0.75": [1, 0, 0],
						"1.0": [-1, 0, 0],
						"1.25": [1, 0, 0],
						"1.5": [0, 0, 0],
						"2.0": [0, 0, 0]
					}
				},
				"bone3": {
					"rotation": {
						"0.0": [0, 0, 0],
						"0.5": [0, 32.5, 0],
						"1.0": [0, 0, 0],
						"1.5": [0, -32.5, 0],
						"2.0": [0, 0, 0]
					}
				},
				"Head": {
					"rotation": {
						"0.0": [0, 0, 0],
						"0.25": [0, 0, 0],
						"0.5": [0, 0, -12.5],
						"0.75": [0, 0, 10],
						"1.0": [0, 0, -15],
						"1.25": [0, 0, 10],
						"1.5": [0, 0, -12.5],
						"1.8333": [-24.76498, -16.3882, 15.63367],
						"2.0": [0, 0, 0]
					},
					"position": {
						"0.0": [0, 0, 0],
						"0.25": [0, 0, 0],
						"0.5": [0, 0, 0],
						"0.75": [0, 0, 0],
						"1.0": [0, 0, 0],
						"1.25": [0, 0, 0],
						"1.5": [0, 0, 0],
						"1.8333": [0, -1, 0],
						"2.0": [0, 0, 0]
					}
				},
				"bone10": {
					"rotation": {
						"0.0": [0, 0, 0],
						"0.2917": [0, 0, 0],
						"0.375": [17.5, 0, 0],
						"0.5": [0, 0, 0],
						"0.5833": [15, 0, 0],
						"0.75": [0, 0, 0],
						"0.8333": [10, 0, 0],
						"1.0": [0, 0, 0],
						"1.0833": [12.5, 0, 0],
						"1.25": [0, 0, 0],
						"1.3333": [10, 0, 0],
						"1.5": [0, 0, 0],
						"1.8333": [42.5, 0, 0],
						"2.0": [0, 0, 0]
					},
					"position": [0, 0, 0]
				}
			}
		}
	}
}