{
	"format_version": "1.8.0",
	"animations": {
		"animation.cyan.general": {
			"loop": true,
			"animation_length": 4,
			"bones": {
				"Body": {
					"rotation": {
						"0.0": [0, 0, 0],
						"2.0": [0, 0, 0],
						"4.0": [0, 0, 0]
					},
					"position": {
						"0.0": [0, 0, 0],
						"2.0": [0, -1, 0],
						"4.0": [0, 0, 0]
					}
				},
				"bone6": {
					"rotation": {
						"0.0": [0, 0, 0],
						"1.0": [2.5, 5, 0],
						"2.0": [0, 0, 0],
						"3.0": [2.5, -5, 0],
						"4.0": [0, 0, 0]
					}
				},
				"bone7": {
					"rotation": {
						"0.0": [0, -10, 0],
						"1.0": [0, 0, 0],
						"2.0": [0, 10, 0],
						"4.0": [0, -10, 0]
					}
				},
				"Head": {
					"rotation": {
						"0.0": [0, 0, 0],
						"1.0": [0, 0, -7.5],
						"2.0": [0, 0, 0],
						"3.0": [0, 0, 7.5],
						"4.0": [0, 0, 0]
					}
				},
				"bone10": {
					"rotation": {
						"0.0": [0, 0, 0],
						"1.75": [0, 0, 0],
						"1.875": [2.5, 0, 0],
						"2.0": [0, 0, 0],
						"2.125": [5, 0, 0],
						"2.25": [0, 0, 0],
						"2.375": [7.5, 0, 0],
						"2.75": [0, 0, 0],
						"4.0": [0, 0, 0]
					}
				}
			}
		}
	}
}