{
	"format_version": "1.8.0",
	"animations": {
		"animation.cyan.move": {
			"loop": true,
			"animation_length": 1,
			"bones": {
				"Body": {
					"rotation": {
						"0.0": [5, 0, 0],
						"0.25": [0, 2.5, -2.5],
						"0.5": [5, 0, 0],
						"0.75": [0, -2.5, 2.5],
						"1.0": [5, 0, 0]
					},
					"position": {
						"0.0": [0, -1, 0],
						"0.25": [0, 0, 0],
						"0.5": [0, -1, 0],
						"0.75": [0, 0, 0],
						"1.0": [0, -1, 0]
					}
				},
				"bone6": {
					"rotation": {
						"0.0": [0, 0, 0],
						"0.25": [0, 5, 0],
						"0.5": [0, 0, 0],
						"0.75": [0, -5, 0],
						"1.0": [0, 0, 0]
					}
				},
				"bone7": {
					"rotation": {
						"0.0": [0, -7.5, 0],
						"0.25": [0, 0, 0],
						"0.5": [0, 7.5, 0],
						"0.75": [0, 0, 0],
						"1.0": [0, -7.5, 0]
					}
				},
				"Head": {
					"rotation": {
						"0.0": [-2.5, 0, 0],
						"0.25": [0.36965, -0.25466, -2.4602],
						"0.5": [-2.5, 0, 0],
						"0.75": [0, 2.5, 0],
						"1.0": [-2.5, 0, 0]
					}
				},
				"bone10": {
					"rotation": {
						"0.0": [2.5, 0, 0],
						"0.25": [0, 0, 0],
						"0.5": [0, 0, 0],
						"0.75": [0, 0, 0],
						"1.0": [2.5, 0, 0]
					}
				},
				"LeftLeg": {
					"rotation": {
						"0.0": [15, 0, 0],
						"0.5": [-10, 0, 0],
						"1.0": [15, 0, 0]
					},
					"position": {
						"0.0": [0, 0, 1],
						"0.25": [0, 1, 0],
						"0.5": [0, 0, -1],
						"1.0": [0, 0, 1]
					}
				},
				"bone4": {
					"rotation": {
						"0.0": [0, 0, 0],
						"0.25": [-12.5, 0, 0],
						"0.5": [5, 0, 0],
						"1.0": [0, 0, 0]
					}
				},
				"bone5": {
					"rotation": {
						"0.0": [0, 0, 0],
						"0.25": [-10, 0, 0],
						"0.5": [5, 0, 0],
						"1.0": [0, 0, 0]
					}
				},
				"RightLeg": {
					"rotation": {
						"0.0": [-10, 0, 0],
						"0.5": [15, 0, 0],
						"1.0": [-10, 0, 0]
					},
					"position": {
						"0.0": [0, 0, -1],
						"0.5": [0, 0, 1],
						"0.75": [0, 1, 0],
						"1.0": [0, 0, -1]
					}
				},
				"bone": {
					"rotation": {
						"0.0": [5, 0, 0],
						"0.5": [0, 0, 0],
						"0.75": [-12.5, 0, 0],
						"1.0": [5, 0, 0]
					}
				},
				"bone2": {
					"rotation": {
						"0.0": [5, 0, 0],
						"0.5": [0, 0, 0],
						"0.75": [-12.5, 0, 0],
						"1.0": [5, 0, 0]
					}
				}
			}
		}
	}
}