{
  "entity_sounds": {
    "entities": {
      "mr:stinger_flynn_v2": {
        "volume": 1.0,
        "pitch": [
          0.8,
          1.2
        ],
        "events": {
          "ambient": "mob.mr_stinger_flynn_v2.ambient",
          "hurt": "mob.mr_stinger_flynn_v2.hurt",
          "death": "mob.mr_stinger_flynn_v2.death",
          "drink": "mob.mr_stinger_flynn_v2.drink",
          "throw": {
            "sound": "mob.witch.throw",
            "volume": 1.0,
            "pitch": 1.0
          },
          "ambient.in.raid": {
            "sound": "mob.witch.ambient",
            "volume": 3.0,
            "pitch": [
              0.8,
              1.2
            ]
          },
          "celebrate": "mob.witch.celebrate"
        }
      },
      "mr:tarta_opila_evil": {
        "volume": 1.0,
        "pitch": [
          0.8,
          1.2
        ],
        "events": {
          "ambient": "mob.mr_tarta_opila_evil.ambient",
          "hurt": "mob.mr_tarta_opila_evil.hurt",
          "death": "mob.mr_tarta_opila_evil.death",
          "drink": "mob.mr_tarta_opila_evil.drink",
          "throw": {
            "sound": "mob.witch.throw",
            "volume": 1.0,
            "pitch": 1.0
          },
          "ambient.in.raid": {
            "sound": "mob.witch.ambient",
            "volume": 3.0,
            "pitch": [
              0.8,
              1.2
            ]
          },
          "celebrate": "mob.witch.celebrate"
        }
      },
      "mr:nabnaleena": {
        "volume": 1.0,
        "pitch": [
          0.8,
          1.2
        ],
        "events": {
          "ambient": "mob.mr_nabnaleena.ambient",
          "hurt": "mob.mr_nabnaleena.hurt",
          "death": "mob.mr_nabnaleena.death",
          "drink": "mob.mr_nabnaleena.drink",
          "throw": {
            "sound": "mob.witch.throw",
            "volume": 1.0,
            "pitch": 1.0
          },
          "ambient.in.raid": {
            "sound": "mob.witch.ambient",
            "volume": 3.0,
            "pitch": [
              0.8,
              1.2
            ]
          },
          "celebrate": "mob.witch.celebrate"
        }
      },
      "mr:nabnab": {
        "volume": 1.0,
        "pitch": [
          0.8,
          1.2
        ],
        "events": {
          "ambient": "mob.mr_nabnab.ambient",
          "hurt": "mob.mr_nabnab.hurt",
          "death": "mob.mr_nabnab.death",
          "drink": "mob.mr_nabnab.drink",
          "throw": {
            "sound": "mob.witch.throw",
            "volume": 1.0,
            "pitch": 1.0
          },
          "ambient.in.raid": {
            "sound": "mob.witch.ambient",
            "volume": 3.0,
            "pitch": [
              0.8,
              1.2
            ]
          },
          "celebrate": "mob.witch.celebrate"
        }
      },
      "mr:opila_birds": {
        "volume": 1.0,
        "pitch": [
          0.8,
          1.2
        ],
        "events": {
          "ambient": "mob.mr_opila_birds.ambient",
          "hurt": "mob.mr_opila_birds.hurt",
          "death": "mob.mr_opila_birds.death",
          "drink": "mob.mr_opila_birds.drink",
          "throw": {
            "sound": "mob.witch.throw",
            "volume": 1.0,
            "pitch": 1.0
          },
          "ambient.in.raid": {
            "sound": "mob.witch.ambient",
            "volume": 3.0,
            "pitch": [
              0.8,
              1.2
            ]
          },
          "celebrate": "mob.witch.celebrate"
        }
      },
      "mr:evil_bannan": {
        "volume": 1.0,
        "pitch": [
          0.8,
          1.2
        ],
        "events": {
          "ambient": "mob.mr_evil_bannan.ambient",
          "hurt": "mob.mr_evil_bannan.hurt",
          "death": "mob.mr_evil_bannan.death",
          "drink": "mob.mr_evil_bannan.drink",
          "throw": {
            "sound": "mob.witch.throw",
            "volume": 1.0,
            "pitch": 1.0
          },
          "ambient.in.raid": {
            "sound": "mob.witch.ambient",
            "volume": 3.0,
            "pitch": [
              0.8,
              1.2
            ]
          },
          "celebrate": "mob.witch.celebrate"
        }
      },
      "mr:jumbo_josh": {
        "volume": 1.0,
        "pitch": [
          0.8,
          1.2
        ],
        "events": {
          "ambient": "mob.mr_jumbo_josh.ambient",
          "hurt": "mob.mr_jumbo_josh.hurt",
          "death": "mob.mr_jumbo_josh.death",
          "drink": "mob.mr_jumbo_josh.drink",
          "throw": {
            "sound": "mob.witch.throw",
            "volume": 1.0,
            "pitch": 1.0
          },
          "ambient.in.raid": {
            "sound": "mob.witch.ambient",
            "volume": 3.0,
            "pitch": [
              0.8,
              1.2
            ]
          },
          "celebrate": "mob.witch.celebrate"
        }
      },
      "mr:mini_opila": {
        "volume": 1.0,
        "pitch": [
          0.8,
          1.2
        ],
        "events": {
          "ambient": "mob.mr_mini_opila.ambient",
          "hurt": "mob.mr_mini_opila.hurt",
          "death": "mob.mr_mini_opila.death",
          "drink": "mob.mr_mini_opila.drink",
          "throw": {
            "sound": "mob.witch.throw",
            "volume": 1.0,
            "pitch": 1.0
          },
          "ambient.in.raid": {
            "sound": "mob.witch.ambient",
            "volume": 3.0,
            "pitch": [
              0.8,
              1.2
            ]
          },
          "celebrate": "mob.witch.celebrate"
        }
      },
      "mr:banban": {
        "volume": 1.0,
        "pitch": [
          0.8,
          1.2
        ],
        "events": {
          "ambient": "mob.mr_banban.ambient",
          "hurt": "mob.mr_banban.hurt",
          "death": "mob.mr_banban.death",
          "drink": "mob.mr_banban.drink",
          "throw": {
            "sound": "mob.witch.throw",
            "volume": 1.0,
            "pitch": 1.0
          },
          "ambient.in.raid": {
            "sound": "mob.witch.ambient",
            "volume": 3.0,
            "pitch": [
              0.8,
              1.2
            ]
          },
          "celebrate": "mob.witch.celebrate"
        }
      },
      "mr:mr_kabob": {
        "volume": 1.0,
        "pitch": [
          0.8,
          1.2
        ],
        "events": {
          "ambient": "mob.strider.idle",
          "death": "mob.strider.death",
          "eat": "mob.strider.eat",
          "hurt": "mob.strider.hurt",
          "panic": "mob.mr_mr_kabob.panic",
          "step": {
            "pitch": 1.0,
            "sound": "mob.strider.step",
            "volume": 0.25
          },
          "step_lava": {
            "pitch": 1.0,
            "sound": "mob.strider.step_lava",
            "volume": 0.2
          },
          "tempt": "mob.strider.tempt"
        }
      },
      "mr:banbaleena": {
        "volume": 1.0,
        "pitch": [
          0.8,
          1.2
        ],
        "events": {
          "ambient": "mob.mr_banbaleena.ambient",
          "hurt": "mob.mr_banbaleena.hurt",
          "death": "mob.mr_banbaleena.death",
          "drink": "mob.mr_banbaleena.drink",
          "throw": {
            "sound": "mob.witch.throw",
            "volume": 1.0,
            "pitch": 1.0
          },
          "ambient.in.raid": {
            "sound": "mob.witch.ambient",
            "volume": 3.0,
            "pitch": [
              0.8,
              1.2
            ]
          },
          "celebrate": "mob.witch.celebrate"
        }
      }
    }
  }
}