{"mob.blue.step":{"max_distance":80,"sounds":["sounds/step1"]},"mob.green.step":{"max_distance":80,"sounds":["sounds/step2"]},"mob.orange.step":{"max_distance":80,"sounds":["sounds/step3"]},"mob.jumpscare.attack":{"category":"hostile","max_distance":80,"sounds":["sounds/jumpscare"]},"mob.blue.ambient":{"category":" neutral","max_distance":80,"sounds":["sounds/blue_idle"]},"mob.orange.ambient":{"category":" neutral","max_distance":80,"sounds":["sounds/orange_idle"]},"mob.green.ambient":{"category":" neutral","max_distance":80,"sounds":["sounds/green_idle"]}}