{
  "resource_pack_name": "vanilla",
  "texture_name": "atlas.items",
  "texture_data": {
    "egg_camel": {
      "textures": "textures/items/egg_camel"
    },
    "egg_lion": {
      "textures": "textures/items/egg_lion"
    },
    "egg_penguin": {
      "textures": "textures/items/egg_penguin"
    },
    "egg_tiger": {
      "textures": "textures/items/egg_tiger"
    },
    "egg_elephant": {
      "textures": "textures/items/egg_elephant"
    },
    "egg_deer": {
      "textures": "textures/items/egg_deer"
    },
    "egg_panther": {
      "textures": "textures/items/egg_panther"
    },
    "egg_frog": {
      "textures": "textures/items/egg_frog"
    },
    "egg_crocodile": {
      "textures": "textures/items/egg_crocodile"
    },
    "egg_mouse": {
      "textures": "textures/items/egg_mouse"
    },
    "gallardo": {
      "textures": "textures/items/gallardo"
    },
    "bench": {
      "textures": "textures/items/bench"
    },
    "christmas_tree": {
      "textures": "textures/items/christmas_tree"
    },
    "tivi": {
      "textures": "textures/items/tivi"
    },
    "closet": {
      "textures": "textures/items/closet"
    },
    "laptop": {
      "textures": "textures/items/laptop"
    },
    "piano": {
      "textures": "textures/items/piano"
    },
    "armchairs": {
      "textures": "textures/items/armchairs"
    },
    "chair": {
      "textures": "textures/items/chair"
    },
    "big_table": {
      "textures": "textures/items/big_table"
    },
    "small_table": {
      "textures": "textures/items/small_table"
    },
    "drone": {
      "textures": "textures/items/drone"
    },
    "colorful_gifts": {
      "textures": "textures/items/colorful_gifts"
    },
    "mr_box": {
      "textures": [
        "textures/items/pamobile/mr_box"
      ]
    },
    "mr:blue": {
      "textures": "textures/items/pamobile/mr_blue"
    },
    "mr:yellow": {
      "textures": "textures/items/pamobile/mr_yellow"
    },
    "pa:witch": {
      "textures": "textures/items/pamobile/pa_witch"
    },
    "mr:cyan": {
      "textures": "textures/items/pamobile/mr_cyan"
    },
    "mr:orange": {
      "textures": "textures/items/pamobile/mr_orange"
    },
    "mr:green": {
      "textures": "textures/items/pamobile/mr_green"
    },
    "mr:lookies": {
      "textures": "textures/items/pamobile/mr_lookies"
    },
    "mr_llokie": {
      "textures": "textures/items/pamobile/mr_llokie"
    }
  }
}