{
    "format_version": "1.8.0",
    "minecraft:client_entity": {
        "description": {
            "identifier": "mdz:death_gazel",
            "materials": {
                "default": "gazel"
            },
            "textures": {
                "default": "textures/entity/death"
            },
            "geometry": {
                "default": "geometry.gazel"
            },
            "render_controllers": [
                "controller.render.death_gazel"
            ],
            "spawn_egg": {
                "texture": "mdz:gazel",
                "texture_index": 0
            }
        }
    }
}