{
    "format_version": "1.8.0",
    "minecraft:client_entity": {
        "description": {
            "identifier": "mdz:gazel",
            "materials": {
                "default": "gazel"
            },
            "textures": {
                "color1": "textures/entity/white",
                "color2": "textures/entity/yellow",
                "color3": "textures/entity/green",
                "color4": "textures/entity/blue"
            },
            "geometry": {
                "default": "geometry.gazel"
            },
            "animations": {
                "turning": "animation.gazel.turning",
                "drive": "animation.gazel.drive",
                "door_is_close": "animation.gazel.door_is_close"
            },
            "animation_controllers": [{
                "main": "controller.animation.gazel",
                "main2": "controller.animation.gazel.smoke2"
            }],
            "render_controllers": [
                "controller.render.gazel"
            ],
            "spawn_egg": {
                "texture": "mdz:gazel",
                "texture_index": 0
            }
        }
    }
}