{
  "format_version": "1.12.0",
  "minecraft:geometry": [
    {
      "description": {
        "identifier": "geometry.cy_banban_evil",
        "texture_width": 128,
        "texture_height": 128,
        "visible_bounds_width": 3,
        "visible_bounds_height": 6,
        "visible_bounds_offset": [
          0,
          2,
          0
        ]
      },
      "bones": [
        {
          "name": "root",
          "pivot": [
            0,
            5,
            0
          ]
        },
        {
          "name": "waist",
          "parent": "root",
          "pivot": [
            0,
            5,
            0
          ]
        },
        {
          "name": "body",
          "parent": "waist",
          "pivot": [
            0,
            20,
            0
          ],
          "cubes": [
            {
              "origin": [
                -6,
                20,
                -4
              ],
              "size": [
                12,
                18,
                8
              ],
              "uv": [
                0,
                26
              ]
            }
          ]
        },
        {
          "name": "rightarm",
          "parent": "body",
          "pivot": [
            -8,
            38,
            0
          ],
          "cubes": [
            {
              "origin": [
                -10,
                27,
                -2
              ],
              "size": [
                4,
                11,
                4
              ],
              "uv": [
                55,
                85
              ]
            },
            {
              "origin": [
                -10,
                28,
                -2
              ],
              "size": [
                4,
                10,
                4
              ],
              "inflate": 0.3,
              "uv": [
                16,
                93
              ]
            }
          ]
        },
        {
          "name": "rightarm2",
          "parent": "rightarm",
          "pivot": [
            -8,
            27,
            0
          ],
          "cubes": [
            {
              "origin": [
                -10,
                16,
                -2
              ],
              "size": [
                4,
                10,
                4
              ],
              "uv": [
                94,
                14
              ]
            },
            {
              "origin": [
                -10,
                13,
                -2
              ],
              "size": [
                2,
                3,
                4
              ],
              "pivot": [
                -9,
                14.5,
                0
              ],
              "rotation": [
                0,
                0,
                -5
              ],
              "uv": [
                58,
                24
              ]
            },
            {
              "origin": [
                -8,
                13,
                -4
              ],
              "size": [
                2,
                3,
                2
              ],
              "pivot": [
                -7,
                14.5,
                -1.5
              ],
              "rotation": [
                -50,
                0,
                0
              ],
              "uv": [
                0,
                26
              ]
            },
            {
              "origin": [
                -10,
                17,
                -2
              ],
              "size": [
                4,
                10,
                4
              ],
              "inflate": 0.3,
              "uv": [
                88,
                0
              ]
            }
          ]
        },
        {
          "name": "leftarm",
          "parent": "body",
          "pivot": [
            8,
            38,
            0
          ],
          "cubes": [
            {
              "origin": [
                6,
                27,
                -2
              ],
              "size": [
                4,
                11,
                4
              ],
              "uv": [
                39,
                85
              ]
            },
            {
              "origin": [
                6,
                28,
                -2
              ],
              "size": [
                4,
                10,
                4
              ],
              "inflate": 0.3,
              "uv": [
                87,
                87
              ]
            }
          ]
        },
        {
          "name": "leftarm2",
          "parent": "leftarm",
          "pivot": [
            8,
            27,
            0
          ],
          "cubes": [
            {
              "origin": [
                6,
                16,
                -2
              ],
              "size": [
                4,
                11,
                4
              ],
              "uv": [
                0,
                85
              ]
            },
            {
              "origin": [
                8,
                13,
                -2
              ],
              "size": [
                2,
                3,
                4
              ],
              "pivot": [
                9,
                14.5,
                0
              ],
              "rotation": [
                0,
                0,
                2.5
              ],
              "uv": [
                0,
                0
              ]
            },
            {
              "origin": [
                6,
                13,
                -4
              ],
              "size": [
                2,
                3,
                2
              ],
              "pivot": [
                9,
                14.5,
                -1.5
              ],
              "rotation": [
                -50,
                0,
                0
              ],
              "uv": [
                0,
                7
              ]
            },
            {
              "origin": [
                6,
                17,
                -2
              ],
              "size": [
                4,
                10,
                4
              ],
              "inflate": 0.3,
              "uv": [
                71,
                87
              ]
            }
          ]
        },
        {
          "name": "head",
          "parent": "body",
          "pivot": [
            0,
            38,
            0
          ],
          "cubes": [
            {
              "origin": [
                -7,
                38,
                -6
              ],
              "size": [
                14,
                14,
                12
              ],
              "uv": [
                0,
                0
              ]
            }
          ]
        },
        {
          "name": "balleye",
          "parent": "head",
          "pivot": [
            -3.5,
            47.5,
            -5.5
          ],
          "cubes": [
            {
              "origin": [
                -6,
                45,
                -6.5
              ],
              "size": [
                5,
                5,
                3
              ],
              "uv": [
                32,
                100
              ]
            }
          ]
        },
        {
          "name": "balleye2",
          "parent": "head",
          "pivot": [
            3.5,
            47.5,
            -5.5
          ],
          "cubes": [
            {
              "origin": [
                1,
                45,
                -6.5
              ],
              "size": [
                5,
                5,
                3
              ],
              "uv": [
                97,
                55
              ]
            }
          ]
        },
        {
          "name": "horn",
          "parent": "head",
          "pivot": [
            -4.5,
            53,
            -0.5
          ],
          "cubes": [
            {
              "origin": [
                -7,
                52,
                -3
              ],
              "size": [
                5,
                3,
                5
              ],
              "uv": [
                0,
                120
              ]
            },
            {
              "origin": [
                -6.82637,
                53.31888,
                -3
              ],
              "size": [
                5,
                3,
                5
              ],
              "pivot": [
                -4.32637,
                54.31888,
                -0.5
              ],
              "rotation": [
                0,
                0,
                15
              ],
              "uv": [
                53,
                115
              ]
            },
            {
              "origin": [
                -5.82637,
                55.31888,
                -2
              ],
              "size": [
                3,
                4,
                3
              ],
              "pivot": [
                -4.32637,
                54.31888,
                -0.5
              ],
              "rotation": [
                0,
                0,
                15
              ],
              "uv": [
                35,
                111
              ]
            }
          ]
        },
        {
          "name": "horn2",
          "parent": "head",
          "pivot": [
            4.5,
            53,
            -0.5
          ],
          "rotation": [
            0,
            180,
            0
          ],
          "cubes": [
            {
              "origin": [
                2,
                52,
                -3
              ],
              "size": [
                5,
                3,
                5
              ],
              "uv": [
                108,
                120
              ]
            },
            {
              "origin": [
                2.17363,
                53.31888,
                -3
              ],
              "size": [
                5,
                3,
                5
              ],
              "pivot": [
                4.67363,
                54.31888,
                -0.5
              ],
              "rotation": [
                0,
                0,
                15
              ],
              "uv": [
                108,
                59
              ]
            },
            {
              "origin": [
                3.17363,
                55.31888,
                -2
              ],
              "size": [
                3,
                4,
                3
              ],
              "pivot": [
                4.67363,
                54.31888,
                -0.5
              ],
              "rotation": [
                0,
                0,
                15
              ],
              "uv": [
                110,
                11
              ]
            }
          ]
        },
        {
          "name": "rightleg",
          "parent": "root",
          "pivot": [
            -4,
            20,
            0
          ],
          "cubes": [
            {
              "origin": [
                -6,
                10,
                -2
              ],
              "size": [
                4,
                10,
                4
              ],
              "uv": [
                100,
                28
              ]
            }
          ]
        },
        {
          "name": "rightleg2",
          "parent": "rightleg",
          "pivot": [
            -4,
            10,
            0
          ],
          "cubes": [
            {
              "origin": [
                -6,
                0,
                -2
              ],
              "size": [
                4,
                10,
                4
              ],
              "uv": [
                0,
                100
              ]
            },
            {
              "origin": [
                -6,
                0,
                -5
              ],
              "size": [
                4,
                3,
                3
              ],
              "uv": [
                32,
                26
              ]
            }
          ]
        },
        {
          "name": "leftleg",
          "parent": "root",
          "pivot": [
            4,
            20,
            0
          ],
          "cubes": [
            {
              "origin": [
                2,
                10,
                -2
              ],
              "size": [
                4,
                10,
                4
              ],
              "uv": [
                99,
                97
              ]
            }
          ]
        },
        {
          "name": "leftleg2",
          "parent": "leftleg",
          "pivot": [
            4,
            10,
            0
          ],
          "cubes": [
            {
              "origin": [
                2,
                0,
                -2
              ],
              "size": [
                4,
                10,
                4
              ],
              "uv": [
                96,
                63
              ]
            },
            {
              "origin": [
                2,
                0,
                -5
              ],
              "size": [
                4,
                3,
                3
              ],
              "uv": [
                21,
                83
              ]
            }
          ]
        }
      ]
    }
  ]
}