{
  "format_version": "1.12.0",
  "minecraft:geometry": [
    {
      "description": {
        "identifier": "geometry.cy_mr_kabob_man",
        "texture_width": 32,
        "texture_height": 32,
        "visible_bounds_width": 2,
        "visible_bounds_height": 3.5,
        "visible_bounds_offset": [
          0,
          1.25,
          0
        ]
      },
      "bones": [
        {
          "name": "root",
          "pivot": [
            0,
            1,
            0
          ]
        },
        {
          "name": "cube",
          "parent": "root",
          "pivot": [
            0,
            1,
            -1
          ],
          "cubes": [
            {
              "origin": [
                -4,
                1,
                -1.2
              ],
              "size": [
                8,
                1,
                1
              ],
              "uv": [
                12,
                4
              ]
            },
            {
              "origin": [
                -6,
                -0.5,
                -2
              ],
              "size": [
                2,
                4,
                4
              ],
              "uv": [
                4,
                10
              ]
            },
            {
              "origin": [
                4,
                -0.5,
                -2
              ],
              "size": [
                2,
                4,
                4
              ],
              "uv": [
                4,
                2
              ]
            },
            {
              "origin": [
                -6,
                11,
                -0.5
              ],
              "size": [
                12,
                1,
                1
              ],
              "uv": [
                0,
                0
              ]
            },
            {
              "origin": [
                6,
                10,
                -1.5
              ],
              "size": [
                1,
                3,
                3
              ],
              "uv": [
                13,
                15
              ]
            },
            {
              "origin": [
                6.5,
                11.13397,
                -1.5
              ],
              "size": [
                1,
                1,
                3
              ],
              "uv": [
                9,
                21
              ]
            },
            {
              "origin": [
                6.5,
                10.86603,
                -1.5
              ],
              "size": [
                1,
                1,
                3
              ],
              "uv": [
                18,
                18
              ]
            },
            {
              "origin": [
                6.81699,
                11.95096,
                -1.5
              ],
              "size": [
                1,
                1,
                3
              ],
              "pivot": [
                7.31699,
                11.45096,
                0
              ],
              "rotation": [
                0,
                0,
                -30
              ],
              "uv": [
                1,
                22
              ]
            },
            {
              "origin": [
                6.81699,
                10.04904,
                -1.5
              ],
              "size": [
                1,
                1,
                3
              ],
              "pivot": [
                7.31699,
                11.54904,
                0
              ],
              "rotation": [
                0,
                0,
                30
              ],
              "uv": [
                14,
                22
              ]
            },
            {
              "origin": [
                -7,
                10,
                -1.5
              ],
              "size": [
                1,
                3,
                3
              ],
              "uv": [
                13,
                7
              ]
            },
            {
              "origin": [
                -7.5,
                11.13397,
                -1.5
              ],
              "size": [
                1,
                1,
                3
              ],
              "uv": [
                18,
                6
              ]
            },
            {
              "origin": [
                -7.5,
                10.86603,
                -1.5
              ],
              "size": [
                1,
                1,
                3
              ],
              "uv": [
                4,
                18
              ]
            },
            {
              "origin": [
                -7.81699,
                10.04904,
                -1.5
              ],
              "size": [
                1,
                1,
                3
              ],
              "pivot": [
                -7.31699,
                11.54904,
                0
              ],
              "rotation": [
                0,
                0,
                -30
              ],
              "uv": [
                18,
                10
              ]
            },
            {
              "origin": [
                -6.81699,
                11.68301,
                -1.5
              ],
              "size": [
                1,
                1,
                3
              ],
              "pivot": [
                -6.31699,
                13.18301,
                0
              ],
              "rotation": [
                0,
                0,
                30
              ],
              "uv": [
                18,
                14
              ]
            },
            {
              "origin": [
                -0.5,
                1,
                -0.5
              ],
              "size": [
                1,
                20,
                1
              ],
              "uv": [
                0,
                2
              ]
            },
            {
              "origin": [
                -2.5,
                18,
                -1.5
              ],
              "size": [
                2,
                2,
                1
              ],
              "pivot": [
                0,
                19.5,
                -1
              ],
              "rotation": [
                0,
                20,
                0
              ],
              "uv": [
                23,
                10
              ]
            },
            {
              "origin": [
                0.5,
                18,
                -1.5
              ],
              "size": [
                2,
                2,
                1
              ],
              "pivot": [
                0,
                19.5,
                -1
              ],
              "rotation": [
                0,
                -32.5,
                0
              ],
              "uv": [
                23,
                6
              ]
            },
            {
              "origin": [
                -4.68301,
                19.61122,
                -0.5
              ],
              "size": [
                1,
                6,
                1
              ],
              "pivot": [
                -4.18301,
                28.11122,
                0
              ],
              "rotation": [
                0,
                0,
                -30
              ],
              "uv": [
                8,
                25
              ]
            },
            {
              "origin": [
                3.68301,
                19.61122,
                -0.5
              ],
              "size": [
                1,
                6,
                1
              ],
              "pivot": [
                4.18301,
                28.11122,
                0
              ],
              "rotation": [
                0,
                0,
                30
              ],
              "uv": [
                22,
                22
              ]
            },
            {
              "origin": [
                -4,
                1,
                0.2
              ],
              "size": [
                8,
                1,
                1
              ],
              "uv": [
                12,
                2
              ]
            }
          ]
        }
      ]
    }
  ]
}