{
  "format_version": "1.12.0",
  "minecraft:geometry": [
    {
      "description": {
        "identifier": "geometry.cy_nabnab_s",
        "texture_width": 135,
        "texture_height": 135,
        "visible_bounds_width": 3,
        "visible_bounds_height": 6,
        "visible_bounds_offset": [
          0,
          2,
          0
        ]
      },
      "bones": [
        {
          "name": "root",
          "pivot": [
            0,
            6,
            0
          ]
        },
        {
          "name": "waist",
          "pivot": [
            0,
            6,
            0
          ],
          "parent": "root"
        },
        {
          "name": "body",
          "pivot": [
            0,
            21,
            0
          ],
          "cubes": [
            {
              "origin": [
                -6.0,
                21.0,
                1.0
              ],
              "size": [
                12.0,
                15.0,
                5.0
              ],
              "uv": [
                54,
                27
              ],
              "inflate": 0
            },
            {
              "origin": [
                -7.0,
                34.0,
                -6.0
              ],
              "size": [
                14.0,
                3.0,
                12.0
              ],
              "uv": [
                0,
                23
              ],
              "inflate": 0
            },
            {
              "origin": [
                -2.0,
                18.0,
                -11.0
              ],
              "size": [
                4.0,
                3.0,
                6.0
              ],
              "pivot": [
                0.0,
                22.5,
                -9.0
              ],
              "rotation": [
                50.0,
                0.0,
                0.0
              ],
              "uv": [
                0,
                100
              ],
              "inflate": 0
            },
            {
              "origin": [
                -2.0,
                22.0,
                -5.0
              ],
              "size": [
                4.0,
                4.0,
                6.0
              ],
              "uv": [
                16,
                52
              ],
              "inflate": 0.2
            },
            {
              "origin": [
                -2.0,
                18.0,
                -10.0
              ],
              "size": [
                4.0,
                3.0,
                6.0
              ],
              "pivot": [
                0.0,
                22.5,
                -9.0
              ],
              "rotation": [
                50.0,
                0.0,
                0.0
              ],
              "uv": [
                66,
                48
              ],
              "inflate": 0.2
            },
            {
              "origin": [
                -2.0,
                18.0,
                -12.0
              ],
              "size": [
                4.0,
                3.0,
                6.0
              ],
              "pivot": [
                0.0,
                22.5,
                -9.0
              ],
              "rotation": [
                50.0,
                0.0,
                0.0
              ],
              "uv": [
                96,
                98
              ],
              "inflate": -0.2
            },
            {
              "origin": [
                -2.0,
                18.0,
                -13.0
              ],
              "size": [
                4.0,
                3.0,
                6.0
              ],
              "pivot": [
                0.0,
                22.5,
                -9.0
              ],
              "rotation": [
                50.0,
                0.0,
                0.0
              ],
              "uv": [
                76,
                98
              ],
              "inflate": -0.4
            },
            {
              "origin": [
                -2.0,
                18.0,
                -14.0
              ],
              "size": [
                4.0,
                3.0,
                6.0
              ],
              "pivot": [
                0.0,
                22.5,
                -9.0
              ],
              "rotation": [
                50.0,
                0.0,
                0.0
              ],
              "uv": [
                96,
                81
              ],
              "inflate": -0.6
            },
            {
              "origin": [
                -2.0,
                18.0,
                -16.0
              ],
              "size": [
                4.0,
                3.0,
                6.0
              ],
              "pivot": [
                0.0,
                22.5,
                -9.0
              ],
              "rotation": [
                50.0,
                0.0,
                0.0
              ],
              "uv": [
                36,
                96
              ],
              "inflate": -1
            },
            {
              "origin": [
                -2.0,
                18.0,
                -15.0
              ],
              "size": [
                4.0,
                3.0,
                6.0
              ],
              "pivot": [
                0.0,
                22.5,
                -9.0
              ],
              "rotation": [
                50.0,
                0.0,
                0.0
              ],
              "uv": [
                56,
                96
              ],
              "inflate": -0.8
            },
            {
              "origin": [
                -8.0,
                21.0,
                -6.0
              ],
              "size": [
                3.0,
                15.0,
                12.0
              ],
              "pivot": [
                -6.0,
                29.0,
                -0.5
              ],
              "rotation": [
                0.0,
                0.0,
                2.5
              ],
              "uv": [
                36,
                40
              ],
              "inflate": 0
            },
            {
              "origin": [
                5.0,
                21.0,
                -6.0
              ],
              "size": [
                3.0,
                15.0,
                12.0
              ],
              "pivot": [
                -6.0,
                29.0,
                -0.5
              ],
              "rotation": [
                0.0,
                0.0,
                2.5
              ],
              "uv": [
                105,
                108
              ],
              "inflate": 0
            },
            {
              "origin": [
                4.0,
                18.0,
                -6.0
              ],
              "size": [
                3.0,
                3.0,
                12.0
              ],
              "pivot": [
                6.0,
                21.0,
                -0.5
              ],
              "rotation": [
                0.0,
                0.0,
                40.0
              ],
              "uv": [
                72,
                69
              ],
              "inflate": 0
            },
            {
              "origin": [
                -7.0,
                18.0,
                -6.0
              ],
              "size": [
                3.0,
                4.0,
                12.0
              ],
              "pivot": [
                -6.0,
                21.0,
                -0.5
              ],
              "rotation": [
                0.0,
                0.0,
                -40.0
              ],
              "uv": [
                42,
                69
              ],
              "inflate": 0
            },
            {
              "origin": [
                -5.0,
                18.0,
                -6.0
              ],
              "size": [
                10.0,
                4.0,
                12.0
              ],
              "uv": [
                40,
                11
              ],
              "inflate": 0
            }
          ],
          "parent": "waist"
        },
        {
          "name": "rightarm",
          "pivot": [
            -6,
            37,
            0
          ],
          "cubes": [
            {
              "origin": [
                -9.0,
                27.0,
                -2.0
              ],
              "size": [
                3.0,
                10.0,
                3.0
              ],
              "uv": [
                107,
                19
              ],
              "inflate": 0
            }
          ],
          "parent": "body",
          "rotation": [
            0,
            0,
            5
          ]
        },
        {
          "name": "rightarm2",
          "pivot": [
            -6,
            27,
            0
          ],
          "cubes": [
            {
              "origin": [
                -9.0,
                17.0,
                -2.0
              ],
              "size": [
                3.0,
                10.0,
                3.0
              ],
              "uv": [
                106,
                41
              ],
              "inflate": 0
            },
            {
              "origin": [
                -8.0,
                16.0,
                -1.0
              ],
              "size": [
                1.0,
                1.0,
                1.0
              ],
              "uv": [
                44,
                10
              ],
              "inflate": 0.8
            },
            {
              "origin": [
                -8.0,
                14.0,
                -1.0
              ],
              "size": [
                1.0,
                1.0,
                1.0
              ],
              "uv": [
                40,
                10
              ],
              "inflate": 0.4
            },
            {
              "origin": [
                -8.0,
                12.0,
                -1.0
              ],
              "size": [
                1.0,
                2.0,
                1.0
              ],
              "uv": [
                40,
                32
              ],
              "inflate": 0
            }
          ],
          "parent": "rightarm"
        },
        {
          "name": "leftarm",
          "pivot": [
            6,
            37,
            0
          ],
          "cubes": [
            {
              "origin": [
                5.0,
                27.0,
                -2.0
              ],
              "size": [
                4.0,
                10.0,
                3.0
              ],
              "uv": [
                34,
                105
              ],
              "inflate": 0
            }
          ],
          "parent": "body",
          "rotation": [
            0,
            0,
            -5
          ]
        },
        {
          "name": "leftarm2",
          "pivot": [
            7,
            27,
            0
          ],
          "cubes": [
            {
              "origin": [
                5.0,
                17.0,
                -2.0
              ],
              "size": [
                4.0,
                10.0,
                3.0
              ],
              "uv": [
                20,
                102
              ],
              "inflate": 0
            },
            {
              "origin": [
                6.0,
                16.0,
                -1.0
              ],
              "size": [
                2.0,
                1.0,
                1.0
              ],
              "uv": [
                0,
                32
              ],
              "inflate": 0.8
            },
            {
              "origin": [
                6.0,
                14.0,
                -1.0
              ],
              "size": [
                2.0,
                1.0,
                1.0
              ],
              "uv": [
                6,
                9
              ],
              "inflate": 0.4
            },
            {
              "origin": [
                6.0,
                12.0,
                -1.0
              ],
              "size": [
                2.0,
                2.0,
                1.0
              ],
              "uv": [
                0,
                9
              ],
              "inflate": 0
            }
          ],
          "parent": "leftarm"
        },
        {
          "name": "head",
          "pivot": [
            0,
            37,
            0
          ],
          "cubes": [
            {
              "origin": [
                -6.0,
                37.0,
                -6.0
              ],
              "size": [
                12.0,
                11.0,
                12.0
              ],
              "uv": [
                0,
                0
              ],
              "inflate": 0
            },
            {
              "origin": [
                -6.0,
                48.0,
                -6.0
              ],
              "size": [
                12.0,
                2.0,
                12.0
              ],
              "uv": [
                0,
                38
              ],
              "inflate": 0
            },
            {
              "origin": [
                -5.0,
                49.0,
                -5.0
              ],
              "size": [
                10.0,
                2.0,
                10.0
              ],
              "uv": [
                56,
                57
              ],
              "inflate": 0
            },
            {
              "origin": [
                -4.0,
                50.0,
                -4.0
              ],
              "size": [
                8.0,
                2.0,
                8.0
              ],
              "uv": [
                36,
                0
              ],
              "inflate": 0
            },
            {
              "origin": [
                6.0,
                37.0,
                -6.0
              ],
              "size": [
                1.0,
                11.0,
                12.0
              ],
              "uv": [
                16,
                67
              ],
              "inflate": 0
            },
            {
              "origin": [
                -7.0,
                37.0,
                -6.0
              ],
              "size": [
                1.0,
                11.0,
                11.0
              ],
              "uv": [
                72,
                0
              ],
              "inflate": 0
            }
          ],
          "parent": "body"
        },
        {
          "name": "eyeball",
          "pivot": [
            -2.5,
            43.5,
            -6.5
          ],
          "cubes": [
            {
              "origin": [
                -5.0,
                40.0,
                -7.0
              ],
              "size": [
                3.0,
                3.0,
                2.0
              ],
              "uv": [
                40,
                27
              ],
              "inflate": -0.2
            }
          ],
          "parent": "head"
        },
        {
          "name": "eyeball2",
          "pivot": [
            4.5,
            43.5,
            -6.5
          ],
          "cubes": [
            {
              "origin": [
                2.0,
                40.0,
                -7.0
              ],
              "size": [
                3.0,
                3.0,
                2.0
              ],
              "uv": [
                36,
                38
              ],
              "inflate": -0.2
            }
          ],
          "parent": "head"
        },
        {
          "name": "eyeball3",
          "pivot": [
            -0.5,
            46.5,
            -6.5
          ],
          "cubes": [
            {
              "origin": [
                -1.5,
                43.0,
                -7.0
              ],
              "size": [
                3.0,
                3.0,
                2.0
              ],
              "uv": [
                0,
                38
              ],
              "inflate": -0.2
            }
          ],
          "parent": "head"
        },
        {
          "name": "tooth",
          "pivot": [
            0,
            21,
            0
          ],
          "parent": "eyeball3"
        },
        {
          "name": "hat",
          "pivot": [
            0,
            52,
            0
          ],
          "cubes": [
            {
              "origin": [
                -3.0,
                52.0,
                -3.0
              ],
              "size": [
                6.0,
                2.0,
                6.0
              ],
              "uv": [
                96,
                11
              ],
              "inflate": 0
            },
            {
              "origin": [
                -3.0,
                53.0,
                -3.0
              ],
              "size": [
                6.0,
                2.0,
                6.0
              ],
              "uv": [
                18,
                94
              ],
              "inflate": -0.2
            },
            {
              "origin": [
                -3.0,
                54.0,
                -3.0
              ],
              "size": [
                6.0,
                2.0,
                6.0
              ],
              "uv": [
                84,
                90
              ],
              "inflate": -0.4
            },
            {
              "origin": [
                -3.0,
                55.0,
                -3.0
              ],
              "size": [
                6.0,
                2.0,
                6.0
              ],
              "uv": [
                90,
                73
              ],
              "inflate": -0.6
            },
            {
              "origin": [
                -3.0,
                55.0,
                -3.0
              ],
              "size": [
                6.0,
                3.0,
                6.0
              ],
              "uv": [
                90,
                64
              ],
              "inflate": -0.8
            },
            {
              "origin": [
                -3.0,
                56.0,
                -3.0
              ],
              "size": [
                6.0,
                3.0,
                6.0
              ],
              "uv": [
                88,
                32
              ],
              "inflate": -1
            },
            {
              "origin": [
                -3.0,
                56.0,
                -3.0
              ],
              "size": [
                6.0,
                4.0,
                6.0
              ],
              "uv": [
                0,
                90
              ],
              "inflate": -1.2
            },
            {
              "origin": [
                -3.0,
                57.0,
                -3.0
              ],
              "size": [
                6.0,
                4.0,
                6.0
              ],
              "uv": [
                86,
                54
              ],
              "inflate": -1.4
            },
            {
              "origin": [
                -3.0,
                58.0,
                -3.0
              ],
              "size": [
                6.0,
                4.0,
                6.0
              ],
              "uv": [
                83,
                22
              ],
              "inflate": -1.6
            },
            {
              "origin": [
                -3.0,
                58.0,
                -3.0
              ],
              "size": [
                6.0,
                5.0,
                6.0
              ],
              "uv": [
                36,
                85
              ],
              "inflate": -1.8
            },
            {
              "origin": [
                -3.0,
                59.0,
                -3.0
              ],
              "size": [
                6.0,
                5.0,
                6.0
              ],
              "uv": [
                85,
                0
              ],
              "inflate": -2
            },
            {
              "origin": [
                -3.0,
                59.0,
                -3.0
              ],
              "size": [
                6.0,
                6.0,
                6.0
              ],
              "uv": [
                66,
                84
              ],
              "inflate": -2.2
            },
            {
              "origin": [
                -3.0,
                60.0,
                -3.0
              ],
              "size": [
                6.0,
                6.0,
                6.0
              ],
              "uv": [
                60,
                69
              ],
              "inflate": -2.4
            },
            {
              "origin": [
                -3.0,
                61.0,
                -3.0
              ],
              "size": [
                6.0,
                6.0,
                6.0
              ],
              "uv": [
                30,
                67
              ],
              "inflate": -2.6
            },
            {
              "origin": [
                -3.0,
                61.0,
                -3.0
              ],
              "size": [
                6.0,
                7.0,
                6.0
              ],
              "uv": [
                82,
                41
              ],
              "inflate": -2.8
            }
          ],
          "parent": "head"
        },
        {
          "name": "tooth",
          "pivot": [
            3,
            22,
            -4
          ],
          "cubes": [
            {
              "origin": [
                2.0,
                22.0,
                -5.0
              ],
              "size": [
                2.0,
                2.0,
                2.0
              ],
              "uv": [
                109,
                2
              ],
              "inflate": 0
            },
            {
              "origin": [
                2.0,
                23.0,
                -5.0
              ],
              "size": [
                2.0,
                2.0,
                2.0
              ],
              "uv": [
                0,
                109
              ],
              "inflate": -0.2
            },
            {
              "origin": [
                2.0,
                24.0,
                -5.0
              ],
              "size": [
                2.0,
                2.0,
                2.0
              ],
              "uv": [
                108,
                92
              ],
              "inflate": -0.4
            },
            {
              "origin": [
                2.0,
                25.0,
                -5.0
              ],
              "size": [
                2.0,
                2.0,
                2.0
              ],
              "uv": [
                108,
                73
              ],
              "inflate": -0.6
            }
          ],
          "parent": "body"
        },
        {
          "name": "tooth4",
          "pivot": [
            6,
            24,
            -4
          ],
          "cubes": [
            {
              "origin": [
                5.0,
                24.0,
                -5.0
              ],
              "size": [
                2.0,
                2.0,
                2.0
              ],
              "uv": [
                104,
                54
              ],
              "inflate": 0
            },
            {
              "origin": [
                5.0,
                25.0,
                -5.0
              ],
              "size": [
                2.0,
                2.0,
                2.0
              ],
              "uv": [
                103,
                0
              ],
              "inflate": -0.2
            },
            {
              "origin": [
                5.0,
                26.0,
                -5.0
              ],
              "size": [
                2.0,
                2.0,
                2.0
              ],
              "uv": [
                102,
                90
              ],
              "inflate": -0.4
            },
            {
              "origin": [
                5.0,
                27.0,
                -5.0
              ],
              "size": [
                2.0,
                2.0,
                2.0
              ],
              "uv": [
                90,
                98
              ],
              "inflate": -0.6
            }
          ],
          "parent": "body",
          "rotation": [
            0,
            0,
            -30
          ]
        },
        {
          "name": "tooth2",
          "pivot": [
            0,
            21,
            -4
          ],
          "cubes": [
            {
              "origin": [
                -1.0,
                21.0,
                -5.0
              ],
              "size": [
                2.0,
                2.0,
                2.0
              ],
              "uv": [
                108,
                66
              ],
              "inflate": 0
            },
            {
              "origin": [
                -1.0,
                22.0,
                -5.0
              ],
              "size": [
                2.0,
                2.0,
                2.0
              ],
              "uv": [
                108,
                62
              ],
              "inflate": -0.2
            },
            {
              "origin": [
                -1.0,
                23.0,
                -5.0
              ],
              "size": [
                2.0,
                2.0,
                2.0
              ],
              "uv": [
                104,
                107
              ],
              "inflate": -0.4
            },
            {
              "origin": [
                -1.0,
                24.0,
                -5.0
              ],
              "size": [
                2.0,
                2.0,
                2.0
              ],
              "uv": [
                96,
                107
              ],
              "inflate": -0.6
            }
          ],
          "parent": "body"
        },
        {
          "name": "tooth5",
          "pivot": [
            -6,
            24,
            -4
          ],
          "cubes": [
            {
              "origin": [
                -7.0,
                24.0,
                -5.0
              ],
              "size": [
                2.0,
                2.0,
                2.0
              ],
              "uv": [
                70,
                96
              ],
              "inflate": 0
            },
            {
              "origin": [
                -7.0,
                25.0,
                -5.0
              ],
              "size": [
                2.0,
                2.0,
                2.0
              ],
              "uv": [
                50,
                96
              ],
              "inflate": -0.2
            },
            {
              "origin": [
                -7.0,
                26.0,
                -5.0
              ],
              "size": [
                2.0,
                2.0,
                2.0
              ],
              "uv": [
                26,
                90
              ],
              "inflate": -0.4
            },
            {
              "origin": [
                -7.0,
                27.0,
                -5.0
              ],
              "size": [
                2.0,
                2.0,
                2.0
              ],
              "uv": [
                18,
                90
              ],
              "inflate": -0.6
            }
          ],
          "parent": "body",
          "rotation": [
            0,
            0,
            30
          ]
        },
        {
          "name": "tooth6",
          "pivot": [
            -6,
            30,
            -4
          ],
          "cubes": [
            {
              "origin": [
                -7.0,
                30.0,
                -5.0
              ],
              "size": [
                2.0,
                2.0,
                2.0
              ],
              "uv": [
                62,
                85
              ],
              "inflate": 0
            },
            {
              "origin": [
                -7.0,
                31.0,
                -5.0
              ],
              "size": [
                2.0,
                2.0,
                2.0
              ],
              "uv": [
                54,
                85
              ],
              "inflate": -0.2
            },
            {
              "origin": [
                -7.0,
                32.0,
                -5.0
              ],
              "size": [
                2.0,
                2.0,
                2.0
              ],
              "uv": [
                84,
                84
              ],
              "inflate": -0.4
            },
            {
              "origin": [
                -7.0,
                33.0,
                -5.0
              ],
              "size": [
                2.0,
                2.0,
                2.0
              ],
              "uv": [
                8,
                83
              ],
              "inflate": -0.6
            }
          ],
          "parent": "body",
          "rotation": [
            0,
            0,
            90
          ]
        },
        {
          "name": "tooth7",
          "pivot": [
            6,
            30,
            -4
          ],
          "cubes": [
            {
              "origin": [
                5.0,
                30.0,
                -5.0
              ],
              "size": [
                2.0,
                2.0,
                2.0
              ],
              "uv": [
                0,
                83
              ],
              "inflate": 0
            },
            {
              "origin": [
                5.0,
                31.0,
                -5.0
              ],
              "size": [
                2.0,
                2.0,
                2.0
              ],
              "uv": [
                8,
                79
              ],
              "inflate": -0.2
            },
            {
              "origin": [
                5.0,
                32.0,
                -5.0
              ],
              "size": [
                2.0,
                2.0,
                2.0
              ],
              "uv": [
                0,
                79
              ],
              "inflate": -0.4
            },
            {
              "origin": [
                5.0,
                33.0,
                -5.0
              ],
              "size": [
                2.0,
                2.0,
                2.0
              ],
              "uv": [
                74,
                4
              ],
              "inflate": -0.6
            }
          ],
          "parent": "body",
          "rotation": [
            0,
            0,
            -90
          ]
        },
        {
          "name": "tooth8",
          "pivot": [
            -1,
            36,
            -4
          ],
          "cubes": [
            {
              "origin": [
                -2.0,
                36.0,
                -5.0
              ],
              "size": [
                2.0,
                2.0,
                2.0
              ],
              "uv": [
                72,
                0
              ],
              "inflate": 0
            },
            {
              "origin": [
                -2.0,
                37.0,
                -5.0
              ],
              "size": [
                2.0,
                2.0,
                2.0
              ],
              "uv": [
                68,
                6
              ],
              "inflate": -0.2
            },
            {
              "origin": [
                -2.0,
                38.0,
                -5.0
              ],
              "size": [
                2.0,
                2.0,
                2.0
              ],
              "uv": [
                66,
                2
              ],
              "inflate": -0.4
            },
            {
              "origin": [
                -2.0,
                39.0,
                -5.0
              ],
              "size": [
                2.0,
                2.0,
                2.0
              ],
              "uv": [
                62,
                47
              ],
              "inflate": -0.6
            }
          ],
          "parent": "body",
          "rotation": [
            0,
            0,
            -180
          ]
        },
        {
          "name": "tooth10",
          "pivot": [
            2,
            36,
            -4
          ],
          "cubes": [
            {
              "origin": [
                1.0,
                36.0,
                -5.0
              ],
              "size": [
                2.0,
                2.0,
                2.0
              ],
              "uv": [
                0,
                56
              ],
              "inflate": 0
            },
            {
              "origin": [
                1.0,
                37.0,
                -5.0
              ],
              "size": [
                2.0,
                2.0,
                2.0
              ],
              "uv": [
                54,
                47
              ],
              "inflate": -0.2
            },
            {
              "origin": [
                1.0,
                38.0,
                -5.0
              ],
              "size": [
                2.0,
                2.0,
                2.0
              ],
              "uv": [
                0,
                52
              ],
              "inflate": -0.4
            },
            {
              "origin": [
                1.0,
                39.0,
                -5.0
              ],
              "size": [
                2.0,
                2.0,
                2.0
              ],
              "uv": [
                50,
                27
              ],
              "inflate": -0.6
            }
          ],
          "parent": "body",
          "rotation": [
            0,
            0,
            -180
          ]
        },
        {
          "name": "tooth11",
          "pivot": [
            6,
            34,
            -4
          ],
          "cubes": [
            {
              "origin": [
                5.0,
                34.0,
                -5.0
              ],
              "size": [
                2.0,
                2.0,
                2.0
              ],
              "uv": [
                36,
                43
              ],
              "inflate": 0
            },
            {
              "origin": [
                5.0,
                35.0,
                -5.0
              ],
              "size": [
                2.0,
                2.0,
                2.0
              ],
              "uv": [
                0,
                43
              ],
              "inflate": -0.2
            },
            {
              "origin": [
                5.0,
                36.0,
                -5.0
              ],
              "size": [
                2.0,
                2.0,
                2.0
              ],
              "uv": [
                36,
                4
              ],
              "inflate": -0.4
            },
            {
              "origin": [
                5.0,
                37.0,
                -5.0
              ],
              "size": [
                2.0,
                2.0,
                2.0
              ],
              "uv": [
                36,
                0
              ],
              "inflate": -0.6
            }
          ],
          "parent": "body",
          "rotation": [
            0,
            0,
            -130
          ]
        },
        {
          "name": "tooth9",
          "pivot": [
            -6,
            34,
            -4
          ],
          "cubes": [
            {
              "origin": [
                -7.0,
                34.0,
                -5.0
              ],
              "size": [
                2.0,
                2.0,
                2.0
              ],
              "uv": [
                28,
                62
              ],
              "inflate": 0
            },
            {
              "origin": [
                -7.0,
                35.0,
                -5.0
              ],
              "size": [
                2.0,
                2.0,
                2.0
              ],
              "uv": [
                60,
                4
              ],
              "inflate": -0.2
            },
            {
              "origin": [
                -7.0,
                36.0,
                -5.0
              ],
              "size": [
                2.0,
                2.0,
                2.0
              ],
              "uv": [
                60,
                0
              ],
              "inflate": -0.4
            },
            {
              "origin": [
                -7.0,
                37.0,
                -5.0
              ],
              "size": [
                2.0,
                2.0,
                2.0
              ],
              "uv": [
                0,
                60
              ],
              "inflate": -0.6
            }
          ],
          "parent": "body",
          "rotation": [
            0,
            0,
            120
          ]
        },
        {
          "name": "tooth3",
          "pivot": [
            -3,
            22,
            -4
          ],
          "cubes": [
            {
              "origin": [
                -4.0,
                22.0,
                -5.0
              ],
              "size": [
                2.0,
                2.0,
                2.0
              ],
              "uv": [
                88,
                107
              ],
              "inflate": 0
            },
            {
              "origin": [
                -4.0,
                23.0,
                -5.0
              ],
              "size": [
                2.0,
                2.0,
                2.0
              ],
              "uv": [
                80,
                107
              ],
              "inflate": -0.2
            },
            {
              "origin": [
                -4.0,
                24.0,
                -5.0
              ],
              "size": [
                2.0,
                2.0,
                2.0
              ],
              "uv": [
                72,
                107
              ],
              "inflate": -0.4
            },
            {
              "origin": [
                -4.0,
                25.0,
                -5.0
              ],
              "size": [
                2.0,
                2.0,
                2.0
              ],
              "uv": [
                106,
                32
              ],
              "inflate": -0.6
            }
          ],
          "parent": "body"
        },
        {
          "name": "rightleg",
          "pivot": [
            -3,
            21,
            0
          ],
          "cubes": [
            {
              "origin": [
                -5.0,
                11.0,
                -2.0
              ],
              "size": [
                3.0,
                10.0,
                3.0
              ],
              "uv": [
                60,
                105
              ],
              "inflate": 0
            }
          ],
          "parent": "root"
        },
        {
          "name": "rightleg2",
          "pivot": [
            -3,
            11,
            0
          ],
          "cubes": [
            {
              "origin": [
                -5.0,
                5.0,
                -2.0
              ],
              "size": [
                3.0,
                6.0,
                3.0
              ],
              "uv": [
                0,
                23
              ],
              "inflate": 0
            },
            {
              "origin": [
                -4.0,
                0.0,
                -1.0
              ],
              "size": [
                1.0,
                5.0,
                1.0
              ],
              "uv": [
                8,
                43
              ],
              "inflate": 0
            },
            {
              "origin": [
                -4.0,
                4.0,
                -1.0
              ],
              "size": [
                1.0,
                3.0,
                1.0
              ],
              "uv": [
                48,
                10
              ],
              "inflate": 0.8
            },
            {
              "origin": [
                -4.0,
                2.0,
                -1.0
              ],
              "size": [
                1.0,
                4.0,
                1.0
              ],
              "uv": [
                44,
                43
              ],
              "inflate": 0.4
            }
          ],
          "parent": "rightleg"
        },
        {
          "name": "leftleg",
          "pivot": [
            3,
            21,
            0
          ],
          "cubes": [
            {
              "origin": [
                2.0,
                11.0,
                -2.0
              ],
              "size": [
                3.0,
                10.0,
                3.0
              ],
              "uv": [
                48,
                105
              ],
              "inflate": 0
            }
          ],
          "parent": "root"
        },
        {
          "name": "leftleg2",
          "pivot": [
            3,
            11,
            0
          ],
          "cubes": [
            {
              "origin": [
                2.0,
                5.0,
                -2.0
              ],
              "size": [
                3.0,
                6.0,
                3.0
              ],
              "uv": [
                0,
                0
              ],
              "inflate": 0
            },
            {
              "origin": [
                3.0,
                4.0,
                -1.0
              ],
              "size": [
                1.0,
                1.0,
                1.0
              ],
              "uv": [
                8,
                38
              ],
              "inflate": 0.8
            },
            {
              "origin": [
                3.0,
                2.0,
                -1.0
              ],
              "size": [
                1.0,
                1.0,
                1.0
              ],
              "uv": [
                36,
                10
              ],
              "inflate": 0.4
            },
            {
              "origin": [
                3.0,
                0.0,
                -1.0
              ],
              "size": [
                1.0,
                2.0,
                1.0
              ],
              "uv": [
                6,
                32
              ],
              "inflate": 0
            }
          ],
          "parent": "leftleg"
        }
      ]
    }
  ]
}