{
  "format_version": "1.12.0",
  "minecraft:geometry": [
    {
      "description": {
        "identifier": "geometry.cy_nabnaleena",
        "texture_width": 128,
        "texture_height": 128,
        "visible_bounds_width": 6,
        "visible_bounds_height": 6,
        "visible_bounds_offset": [
          0,
          2,
          0
        ]
      },
      "bones": [
        {
          "name": "root",
          "pivot": [
            0,
            6,
            0
          ]
        },
        {
          "name": "waist",
          "parent": "root",
          "pivot": [
            0,
            6,
            0
          ]
        },
        {
          "name": "body",
          "parent": "waist",
          "pivot": [
            0,
            21,
            0
          ],
          "cubes": [
            {
              "origin": [
                -6,
                21,
                1
              ],
              "size": [
                12,
                15,
                5
              ],
              "uv": [
                54,
                27
              ]
            },
            {
              "origin": [
                -7,
                34,
                -6
              ],
              "size": [
                14,
                3,
                12
              ],
              "uv": [
                0,
                23
              ]
            },
            {
              "origin": [
                -8,
                21,
                -6
              ],
              "size": [
                3,
                15,
                12
              ],
              "pivot": [
                -6,
                29,
                -0.5
              ],
              "rotation": [
                0,
                0,
                2.5
              ],
              "uv": [
                0,
                52
              ]
            },
            {
              "origin": [
                5,
                21,
                -6
              ],
              "size": [
                3,
                15,
                12
              ],
              "pivot": [
                -6,
                29,
                -0.5
              ],
              "rotation": [
                0,
                0,
                2.5
              ],
              "uv": [
                36,
                40
              ]
            },
            {
              "origin": [
                4,
                18,
                -6
              ],
              "size": [
                3,
                3,
                12
              ],
              "pivot": [
                6,
                21,
                -0.5
              ],
              "rotation": [
                0,
                0,
                40
              ],
              "uv": [
                72,
                0
              ]
            },
            {
              "origin": [
                -7,
                18,
                -6
              ],
              "size": [
                3,
                4,
                12
              ],
              "pivot": [
                -6,
                21,
                -0.5
              ],
              "rotation": [
                0,
                0,
                -40
              ],
              "uv": [
                68,
                69
              ]
            },
            {
              "origin": [
                -5,
                18,
                -6
              ],
              "size": [
                10,
                4,
                12
              ],
              "uv": [
                40,
                11
              ]
            }
          ]
        },
        {
          "name": "rightarm",
          "parent": "body",
          "pivot": [
            -6,
            37,
            0
          ],
          "rotation": [
            0,
            0,
            5
          ],
          "cubes": [
            {
              "origin": [
                -9,
                27,
                -2
              ],
              "size": [
                3,
                10,
                3
              ],
              "uv": [
                88,
                28
              ]
            }
          ]
        },
        {
          "name": "rightarm2",
          "parent": "rightarm",
          "pivot": [
            -6,
            27,
            0
          ],
          "cubes": [
            {
              "origin": [
                -9,
                17,
                -2
              ],
              "size": [
                3,
                10,
                3
              ],
              "uv": [
                80,
                85
              ]
            },
            {
              "origin": [
                -8,
                16,
                -1
              ],
              "size": [
                1,
                1,
                1
              ],
              "inflate": 0.8,
              "uv": [
                44,
                10
              ]
            },
            {
              "origin": [
                -8,
                14,
                -1
              ],
              "size": [
                1,
                1,
                1
              ],
              "inflate": 0.4,
              "uv": [
                40,
                10
              ]
            },
            {
              "origin": [
                -8,
                12,
                -1
              ],
              "size": [
                1,
                2,
                1
              ],
              "uv": [
                40,
                32
              ]
            }
          ]
        },
        {
          "name": "leftarm",
          "parent": "body",
          "pivot": [
            6,
            37,
            0
          ],
          "rotation": [
            0,
            0,
            -5
          ],
          "cubes": [
            {
              "origin": [
                5,
                27,
                -2
              ],
              "size": [
                4,
                10,
                3
              ],
              "uv": [
                84,
                15
              ]
            }
          ]
        },
        {
          "name": "leftarm2",
          "parent": "leftarm",
          "pivot": [
            7,
            27,
            0
          ],
          "cubes": [
            {
              "origin": [
                5,
                17,
                -2
              ],
              "size": [
                4,
                10,
                3
              ],
              "uv": [
                0,
                79
              ]
            },
            {
              "origin": [
                6,
                16,
                -1
              ],
              "size": [
                2,
                1,
                1
              ],
              "inflate": 0.8,
              "uv": [
                0,
                32
              ]
            },
            {
              "origin": [
                6,
                14,
                -1
              ],
              "size": [
                2,
                1,
                1
              ],
              "inflate": 0.4,
              "uv": [
                6,
                9
              ]
            },
            {
              "origin": [
                6,
                12,
                -1
              ],
              "size": [
                2,
                2,
                1
              ],
              "uv": [
                0,
                9
              ]
            }
          ]
        },
        {
          "name": "head",
          "parent": "body",
          "pivot": [
            0,
            37,
            0
          ],
          "cubes": [
            {
              "origin": [
                -6,
                37,
                -6
              ],
              "size": [
                12,
                11,
                12
              ],
              "uv": [
                0,
                0
              ]
            },
            {
              "origin": [
                -6,
                48,
                -6
              ],
              "size": [
                12,
                2,
                12
              ],
              "uv": [
                0,
                38
              ]
            },
            {
              "origin": [
                -5,
                49,
                -5
              ],
              "size": [
                10,
                2,
                10
              ],
              "uv": [
                56,
                57
              ]
            },
            {
              "origin": [
                -4,
                50,
                -4
              ],
              "size": [
                8,
                2,
                8
              ],
              "uv": [
                36,
                0
              ]
            },
            {
              "origin": [
                6,
                37,
                -6
              ],
              "size": [
                1,
                11,
                12
              ],
              "uv": [
                18,
                67
              ]
            },
            {
              "origin": [
                -7,
                37,
                -6
              ],
              "size": [
                1,
                11,
                11
              ],
              "uv": [
                44,
                69
              ]
            }
          ]
        },
        {
          "name": "eyeball",
          "parent": "head",
          "pivot": [
            -2.5,
            43.5,
            -6.5
          ],
          "cubes": [
            {
              "origin": [
                -5,
                40,
                -7
              ],
              "size": [
                3,
                3,
                2
              ],
              "inflate": -0.2,
              "uv": [
                40,
                27
              ]
            }
          ]
        },
        {
          "name": "eyeball2",
          "parent": "head",
          "pivot": [
            4.5,
            43.5,
            -6.5
          ],
          "cubes": [
            {
              "origin": [
                2,
                40,
                -7
              ],
              "size": [
                3,
                3,
                2
              ],
              "inflate": -0.2,
              "uv": [
                36,
                38
              ]
            }
          ]
        },
        {
          "name": "eyeball3",
          "parent": "head",
          "pivot": [
            -0.5,
            46.5,
            -6.5
          ],
          "cubes": [
            {
              "origin": [
                -1.5,
                43,
                -7
              ],
              "size": [
                3,
                3,
                2
              ],
              "inflate": -0.2,
              "uv": [
                0,
                38
              ]
            }
          ]
        },
        {
          "name": "tooth",
          "parent": "eyeball3",
          "pivot": [
            0,
            21,
            0
          ]
        },
        {
          "name": "hat",
          "parent": "head",
          "pivot": [
            4,
            47.5,
            -6.5
          ],
          "rotation": [
            0,
            0,
            30
          ],
          "cubes": [
            {
              "origin": [
                1,
                46,
                -7
              ],
              "size": [
                2,
                4,
                1
              ],
              "uv": [
                90,
                0
              ]
            },
            {
              "origin": [
                1,
                46,
                -7
              ],
              "size": [
                2,
                4,
                1
              ],
              "pivot": [
                3,
                46,
                -7
              ],
              "rotation": [
                0,
                0,
                52.5
              ],
              "uv": [
                86,
                74
              ]
            },
            {
              "origin": [
                5,
                46,
                -7
              ],
              "size": [
                2,
                4,
                1
              ],
              "pivot": [
                5,
                46,
                -7
              ],
              "rotation": [
                0,
                0,
                -52.5
              ],
              "uv": [
                86,
                69
              ]
            },
            {
              "origin": [
                5,
                46,
                -7
              ],
              "size": [
                2,
                4,
                1
              ],
              "uv": [
                86,
                61
              ]
            }
          ]
        },
        {
          "name": "tooth2",
          "parent": "body",
          "pivot": [
            3,
            22,
            -4
          ],
          "cubes": [
            {
              "origin": [
                2,
                22,
                -5
              ],
              "size": [
                2,
                2,
                2
              ],
              "uv": [
                86,
                57
              ]
            },
            {
              "origin": [
                2,
                23,
                -5
              ],
              "size": [
                2,
                2,
                2
              ],
              "inflate": -0.2,
              "uv": [
                76,
                49
              ]
            },
            {
              "origin": [
                2,
                24,
                -5
              ],
              "size": [
                2,
                2,
                2
              ],
              "inflate": -0.4,
              "uv": [
                71,
                75
              ]
            },
            {
              "origin": [
                2,
                25,
                -5
              ],
              "size": [
                2,
                2,
                2
              ],
              "inflate": -0.6,
              "uv": [
                40,
                75
              ]
            }
          ]
        },
        {
          "name": "tooth4",
          "parent": "body",
          "pivot": [
            6,
            24,
            -4
          ],
          "rotation": [
            0,
            0,
            -30
          ],
          "cubes": [
            {
              "origin": [
                5,
                24,
                -5
              ],
              "size": [
                2,
                2,
                2
              ],
              "uv": [
                32,
                75
              ]
            },
            {
              "origin": [
                5,
                25,
                -5
              ],
              "size": [
                2,
                2,
                2
              ],
              "inflate": -0.2,
              "uv": [
                74,
                8
              ]
            },
            {
              "origin": [
                5,
                26,
                -5
              ],
              "size": [
                2,
                2,
                2
              ],
              "inflate": -0.4,
              "uv": [
                74,
                4
              ]
            },
            {
              "origin": [
                5,
                27,
                -5
              ],
              "size": [
                2,
                2,
                2
              ],
              "inflate": -0.6,
              "uv": [
                65,
                73
              ]
            }
          ]
        },
        {
          "name": "tooth3",
          "parent": "body",
          "pivot": [
            0,
            21,
            -4
          ],
          "cubes": [
            {
              "origin": [
                -1,
                21,
                -5
              ],
              "size": [
                2,
                2,
                2
              ],
              "uv": [
                57,
                73
              ]
            },
            {
              "origin": [
                -1,
                22,
                -5
              ],
              "size": [
                2,
                2,
                2
              ],
              "inflate": -0.2,
              "uv": [
                46,
                73
              ]
            },
            {
              "origin": [
                -1,
                23,
                -5
              ],
              "size": [
                2,
                2,
                2
              ],
              "inflate": -0.4,
              "uv": [
                72,
                53
              ]
            },
            {
              "origin": [
                -1,
                24,
                -5
              ],
              "size": [
                2,
                2,
                2
              ],
              "inflate": -0.6,
              "uv": [
                72,
                19
              ]
            }
          ]
        },
        {
          "name": "tooth5",
          "parent": "body",
          "pivot": [
            -6,
            24,
            -4
          ],
          "rotation": [
            0,
            0,
            30
          ],
          "cubes": [
            {
              "origin": [
                -7,
                24,
                -5
              ],
              "size": [
                2,
                2,
                2
              ],
              "uv": [
                72,
                15
              ]
            },
            {
              "origin": [
                -7,
                25,
                -5
              ],
              "size": [
                2,
                2,
                2
              ],
              "inflate": -0.2,
              "uv": [
                72,
                0
              ]
            },
            {
              "origin": [
                -7,
                26,
                -5
              ],
              "size": [
                2,
                2,
                2
              ],
              "inflate": -0.4,
              "uv": [
                71,
                71
              ]
            },
            {
              "origin": [
                -7,
                27,
                -5
              ],
              "size": [
                2,
                2,
                2
              ],
              "inflate": -0.6,
              "uv": [
                40,
                71
              ]
            }
          ]
        },
        {
          "name": "tooth6",
          "parent": "body",
          "pivot": [
            -6,
            30,
            -4
          ],
          "rotation": [
            0,
            0,
            90
          ],
          "cubes": [
            {
              "origin": [
                -7,
                30,
                -5
              ],
              "size": [
                2,
                2,
                2
              ],
              "uv": [
                32,
                71
              ]
            },
            {
              "origin": [
                -7,
                31,
                -5
              ],
              "size": [
                2,
                2,
                2
              ],
              "inflate": -0.2,
              "uv": [
                70,
                47
              ]
            },
            {
              "origin": [
                -7,
                32,
                -5
              ],
              "size": [
                2,
                2,
                2
              ],
              "inflate": -0.4,
              "uv": [
                65,
                69
              ]
            },
            {
              "origin": [
                -7,
                33,
                -5
              ],
              "size": [
                2,
                2,
                2
              ],
              "inflate": -0.6,
              "uv": [
                57,
                69
              ]
            }
          ]
        },
        {
          "name": "tooth7",
          "parent": "body",
          "pivot": [
            6,
            30,
            -4
          ],
          "rotation": [
            0,
            0,
            -90
          ],
          "cubes": [
            {
              "origin": [
                5,
                30,
                -5
              ],
              "size": [
                2,
                2,
                2
              ],
              "uv": [
                46,
                69
              ]
            },
            {
              "origin": [
                5,
                31,
                -5
              ],
              "size": [
                2,
                2,
                2
              ],
              "inflate": -0.2,
              "uv": [
                68,
                6
              ]
            },
            {
              "origin": [
                5,
                32,
                -5
              ],
              "size": [
                2,
                2,
                2
              ],
              "inflate": -0.4,
              "uv": [
                40,
                67
              ]
            },
            {
              "origin": [
                5,
                33,
                -5
              ],
              "size": [
                2,
                2,
                2
              ],
              "inflate": -0.6,
              "uv": [
                32,
                67
              ]
            }
          ]
        },
        {
          "name": "tooth8",
          "parent": "body",
          "pivot": [
            -1,
            36,
            -4
          ],
          "rotation": [
            0,
            0,
            -180
          ],
          "cubes": [
            {
              "origin": [
                -2,
                36,
                -5
              ],
              "size": [
                2,
                2,
                2
              ],
              "uv": [
                66,
                51
              ]
            },
            {
              "origin": [
                -2,
                37,
                -5
              ],
              "size": [
                2,
                2,
                2
              ],
              "inflate": -0.2,
              "uv": [
                66,
                2
              ]
            },
            {
              "origin": [
                -2,
                38,
                -5
              ],
              "size": [
                2,
                2,
                2
              ],
              "inflate": -0.4,
              "uv": [
                62,
                47
              ]
            },
            {
              "origin": [
                -2,
                39,
                -5
              ],
              "size": [
                2,
                2,
                2
              ],
              "inflate": -0.6,
              "uv": [
                26,
                60
              ]
            }
          ]
        },
        {
          "name": "tooth10",
          "parent": "body",
          "pivot": [
            2,
            36,
            -4
          ],
          "rotation": [
            0,
            0,
            -180
          ],
          "cubes": [
            {
              "origin": [
                1,
                36,
                -5
              ],
              "size": [
                2,
                2,
                2
              ],
              "uv": [
                18,
                60
              ]
            },
            {
              "origin": [
                1,
                37,
                -5
              ],
              "size": [
                2,
                2,
                2
              ],
              "inflate": -0.2,
              "uv": [
                60,
                4
              ]
            },
            {
              "origin": [
                1,
                38,
                -5
              ],
              "size": [
                2,
                2,
                2
              ],
              "inflate": -0.4,
              "uv": [
                60,
                0
              ]
            },
            {
              "origin": [
                1,
                39,
                -5
              ],
              "size": [
                2,
                2,
                2
              ],
              "inflate": -0.6,
              "uv": [
                0,
                60
              ]
            }
          ]
        },
        {
          "name": "tooth11",
          "parent": "body",
          "pivot": [
            6,
            34,
            -4
          ],
          "rotation": [
            0,
            0,
            -130
          ],
          "cubes": [
            {
              "origin": [
                5,
                34,
                -5
              ],
              "size": [
                2,
                2,
                2
              ],
              "uv": [
                26,
                56
              ]
            },
            {
              "origin": [
                5,
                35,
                -5
              ],
              "size": [
                2,
                2,
                2
              ],
              "inflate": -0.2,
              "uv": [
                18,
                56
              ]
            },
            {
              "origin": [
                5,
                36,
                -5
              ],
              "size": [
                2,
                2,
                2
              ],
              "inflate": -0.4,
              "uv": [
                0,
                56
              ]
            },
            {
              "origin": [
                5,
                37,
                -5
              ],
              "size": [
                2,
                2,
                2
              ],
              "inflate": -0.6,
              "uv": [
                54,
                47
              ]
            }
          ]
        },
        {
          "name": "tooth9",
          "parent": "body",
          "pivot": [
            -6,
            34,
            -4
          ],
          "rotation": [
            0,
            0,
            120
          ],
          "cubes": [
            {
              "origin": [
                -7,
                34,
                -5
              ],
              "size": [
                2,
                2,
                2
              ],
              "uv": [
                26,
                52
              ]
            },
            {
              "origin": [
                -7,
                35,
                -5
              ],
              "size": [
                2,
                2,
                2
              ],
              "inflate": -0.2,
              "uv": [
                18,
                52
              ]
            },
            {
              "origin": [
                -7,
                36,
                -5
              ],
              "size": [
                2,
                2,
                2
              ],
              "inflate": -0.4,
              "uv": [
                0,
                52
              ]
            },
            {
              "origin": [
                -7,
                37,
                -5
              ],
              "size": [
                2,
                2,
                2
              ],
              "inflate": -0.6,
              "uv": [
                50,
                27
              ]
            }
          ]
        },
        {
          "name": "tooth12",
          "parent": "body",
          "pivot": [
            -3,
            22,
            -4
          ],
          "cubes": [
            {
              "origin": [
                -4,
                22,
                -5
              ],
              "size": [
                2,
                2,
                2
              ],
              "uv": [
                36,
                43
              ]
            },
            {
              "origin": [
                -4,
                23,
                -5
              ],
              "size": [
                2,
                2,
                2
              ],
              "inflate": -0.2,
              "uv": [
                0,
                43
              ]
            },
            {
              "origin": [
                -4,
                24,
                -5
              ],
              "size": [
                2,
                2,
                2
              ],
              "inflate": -0.4,
              "uv": [
                36,
                4
              ]
            },
            {
              "origin": [
                -4,
                25,
                -5
              ],
              "size": [
                2,
                2,
                2
              ],
              "inflate": -0.6,
              "uv": [
                36,
                0
              ]
            }
          ]
        },
        {
          "name": "rightleg",
          "parent": "root",
          "pivot": [
            -3,
            21,
            0
          ],
          "cubes": [
            {
              "origin": [
                -5,
                11,
                -2
              ],
              "size": [
                3,
                10,
                3
              ],
              "uv": [
                68,
                85
              ]
            }
          ]
        },
        {
          "name": "rightleg2",
          "parent": "rightleg",
          "pivot": [
            -3,
            11,
            0
          ],
          "cubes": [
            {
              "origin": [
                -5,
                5,
                -2
              ],
              "size": [
                3,
                6,
                3
              ],
              "uv": [
                0,
                23
              ]
            },
            {
              "origin": [
                -4,
                0,
                -1
              ],
              "size": [
                1,
                5,
                1
              ],
              "uv": [
                8,
                43
              ]
            },
            {
              "origin": [
                -4,
                4,
                -1
              ],
              "size": [
                1,
                3,
                1
              ],
              "inflate": 0.8,
              "uv": [
                48,
                10
              ]
            },
            {
              "origin": [
                -4,
                2,
                -1
              ],
              "size": [
                1,
                4,
                1
              ],
              "inflate": 0.4,
              "uv": [
                44,
                43
              ]
            }
          ]
        },
        {
          "name": "leftleg",
          "parent": "root",
          "pivot": [
            3,
            21,
            0
          ],
          "cubes": [
            {
              "origin": [
                2,
                11,
                -2
              ],
              "size": [
                3,
                10,
                3
              ],
              "uv": [
                85,
                44
              ]
            }
          ]
        },
        {
          "name": "leftleg2",
          "parent": "leftleg",
          "pivot": [
            3,
            11,
            0
          ],
          "cubes": [
            {
              "origin": [
                2,
                5,
                -2
              ],
              "size": [
                3,
                6,
                3
              ],
              "uv": [
                0,
                0
              ]
            },
            {
              "origin": [
                3,
                4,
                -1
              ],
              "size": [
                1,
                1,
                1
              ],
              "inflate": 0.8,
              "uv": [
                8,
                38
              ]
            },
            {
              "origin": [
                3,
                2,
                -1
              ],
              "size": [
                1,
                1,
                1
              ],
              "inflate": 0.4,
              "uv": [
                36,
                10
              ]
            },
            {
              "origin": [
                3,
                0,
                -1
              ],
              "size": [
                1,
                2,
                1
              ],
              "uv": [
                6,
                32
              ]
            }
          ]
        }
      ]
    }
  ]
}