{
  "format_version": "1.12.0",
  "minecraft:geometry": [
    {
      "description": {
        "identifier": "geometry.cy_stinger_flynn_s",
        "texture_width": 128,
        "texture_height": 128,
        "visible_bounds_width": 6,
        "visible_bounds_height": 3.5,
        "visible_bounds_offset": [
          0,
          1.25,
          0
        ]
      },
      "bones": [
        {
          "name": "root",
          "pivot": [
            0,
            27,
            0
          ]
        },
        {
          "name": "waist",
          "pivot": [
            0,
            27,
            0
          ],
          "parent": "root"
        },
        {
          "name": "head",
          "pivot": [
            0,
            27,
            0
          ],
          "cubes": [
            {
              "origin": [
                -7.0,
                26.0,
                -7.0
              ],
              "size": [
                14.0,
                10.0,
                14.0
              ],
              "uv": [
                0,
                18
              ],
              "inflate": 0
            },
            {
              "origin": [
                -7.0,
                26.0,
                -8.0
              ],
              "size": [
                14.0,
                10.0,
                1.0
              ],
              "uv": [
                58,
                31
              ],
              "inflate": 0
            },
            {
              "origin": [
                -8.0,
                24.0,
                -8.0
              ],
              "size": [
                16.0,
                2.0,
                16.0
              ],
              "uv": [
                0,
                0
              ],
              "inflate": 0
            },
            {
              "origin": [
                1.0,
                18.0,
                -9.0
              ],
              "size": [
                6.0,
                8.0,
                1.0
              ],
              "pivot": [
                4.0,
                20.5,
                -7.5
              ],
              "rotation": [
                -10.0,
                0.0,
                0.0
              ],
              "uv": [
                78,
                0
              ],
              "inflate": 0
            },
            {
              "origin": [
                -7.0,
                18.0,
                -9.0
              ],
              "size": [
                6.0,
                8.0,
                1.0
              ],
              "pivot": [
                -4.0,
                20.5,
                -7.5
              ],
              "rotation": [
                -10.0,
                0.0,
                0.0
              ],
              "uv": [
                72,
                42
              ],
              "inflate": 0
            },
            {
              "origin": [
                -7.0,
                18.0,
                8.0
              ],
              "size": [
                6.0,
                8.0,
                1.0
              ],
              "pivot": [
                -4.0,
                20.5,
                7.5
              ],
              "rotation": [
                10.0,
                0.0,
                0.0
              ],
              "uv": [
                74,
                59
              ],
              "inflate": 0
            },
            {
              "origin": [
                1.0,
                18.0,
                8.0
              ],
              "size": [
                6.0,
                8.0,
                1.0
              ],
              "pivot": [
                4.0,
                20.5,
                7.5
              ],
              "rotation": [
                10.0,
                0.0,
                0.0
              ],
              "uv": [
                72,
                69
              ],
              "inflate": 0
            },
            {
              "origin": [
                7.0,
                18.0,
                1.0
              ],
              "size": [
                2.0,
                8.0,
                6.0
              ],
              "pivot": [
                7.5,
                20.5,
                4.0
              ],
              "rotation": [
                0.0,
                0.0,
                -10.0
              ],
              "uv": [
                58,
                55
              ],
              "inflate": 0
            },
            {
              "origin": [
                7.0,
                18.0,
                -7.0
              ],
              "size": [
                2.0,
                8.0,
                6.0
              ],
              "pivot": [
                7.5,
                20.5,
                4.0
              ],
              "rotation": [
                0.0,
                0.0,
                -10.0
              ],
              "uv": [
                0,
                0
              ],
              "inflate": 0
            },
            {
              "origin": [
                -9.0,
                18.0,
                1.0
              ],
              "size": [
                1.0,
                8.0,
                6.0
              ],
              "pivot": [
                -7.5,
                20.5,
                4.0
              ],
              "rotation": [
                0.0,
                0.0,
                10.0
              ],
              "uv": [
                0,
                42
              ],
              "inflate": 0
            },
            {
              "origin": [
                -9.0,
                18.0,
                -7.0
              ],
              "size": [
                1.0,
                8.0,
                6.0
              ],
              "pivot": [
                -7.5,
                20.5,
                -4.0
              ],
              "rotation": [
                0.0,
                0.0,
                10.0
              ],
              "uv": [
                0,
                18
              ],
              "inflate": 0
            },
            {
              "origin": [
                -7.0,
                26.0,
                7.0
              ],
              "size": [
                14.0,
                10.0,
                1.0
              ],
              "uv": [
                0,
                57
              ],
              "inflate": 0
            },
            {
              "origin": [
                7.0,
                26.0,
                -7.0
              ],
              "size": [
                1.0,
                10.0,
                14.0
              ],
              "uv": [
                42,
                55
              ],
              "inflate": 0
            },
            {
              "origin": [
                -8.0,
                26.0,
                -7.0
              ],
              "size": [
                1.0,
                10.0,
                14.0
              ],
              "uv": [
                42,
                31
              ],
              "inflate": 0
            },
            {
              "origin": [
                -7.0,
                36.0,
                -7.0
              ],
              "size": [
                14.0,
                1.0,
                14.0
              ],
              "uv": [
                0,
                42
              ],
              "inflate": 0
            },
            {
              "origin": [
                -6.0,
                37.0,
                -6.0
              ],
              "size": [
                12.0,
                1.0,
                12.0
              ],
              "uv": [
                42,
                18
              ],
              "inflate": 0
            },
            {
              "origin": [
                -5.0,
                38.0,
                -5.0
              ],
              "size": [
                10.0,
                1.0,
                10.0
              ],
              "uv": [
                48,
                0
              ],
              "inflate": 0
            }
          ],
          "parent": "waist"
        },
        {
          "name": "balleye",
          "pivot": [
            -0.5,
            30.5,
            -7.5
          ],
          "cubes": [
            {
              "origin": [
                -3.0,
                28.0,
                -8.5
              ],
              "size": [
                6.0,
                6.0,
                3.0
              ],
              "uv": [
                0,
                72
              ],
              "inflate": 0
            },
            {
              "origin": [
                -3.0,
                28.0,
                -9.5
              ],
              "size": [
                6.0,
                6.0,
                3.0
              ],
              "uv": [
                21,
                69
              ],
              "inflate": -0.8
            }
          ],
          "parent": "head"
        },
        {
          "name": "arm",
          "pivot": [
            -8,
            29,
            0
          ],
          "cubes": [
            {
              "origin": [
                -18.0,
                28.0,
                -1.0
              ],
              "size": [
                10.0,
                2.0,
                2.0
              ],
              "uv": [
                68,
                55
              ],
              "inflate": 0
            }
          ],
          "parent": "head"
        },
        {
          "name": "arm2",
          "pivot": [
            -20,
            27,
            0
          ],
          "parent": "arm"
        },
        {
          "name": "arm3",
          "pivot": [
            -17,
            29,
            0
          ],
          "cubes": [
            {
              "origin": [
                -27.12326,
                27.59117,
                -1.0
              ],
              "size": [
                10.0,
                2.0,
                2.0
              ],
              "uv": [
                0,
                68
              ],
              "inflate": 0
            }
          ],
          "parent": "arm2",
          "rotation": [
            0,
            0,
            40
          ]
        },
        {
          "name": "arm4",
          "pivot": [
            -26,
            29,
            0
          ],
          "cubes": [
            {
              "origin": [
                -36.48047,
                28.17488,
                -1.0
              ],
              "size": [
                10.0,
                2.0,
                2.0
              ],
              "uv": [
                30,
                65
              ],
              "inflate": 0
            }
          ],
          "parent": "arm3",
          "rotation": [
            0,
            0,
            -40
          ]
        },
        {
          "name": "arm5",
          "pivot": [
            8,
            29,
            0
          ],
          "cubes": [
            {
              "origin": [
                -2.0,
                28.0,
                -1.0
              ],
              "size": [
                10.0,
                2.0,
                2.0
              ],
              "uv": [
                30,
                61
              ],
              "inflate": 0
            }
          ],
          "parent": "head",
          "rotation": [
            0,
            180,
            0
          ]
        },
        {
          "name": "arm6",
          "pivot": [
            -4,
            27,
            0
          ],
          "parent": "arm5"
        },
        {
          "name": "arm7",
          "pivot": [
            -1,
            29,
            0
          ],
          "cubes": [
            {
              "origin": [
                -11.12326,
                27.59117,
                -1.0
              ],
              "size": [
                10.0,
                2.0,
                2.0
              ],
              "uv": [
                30,
                57
              ],
              "inflate": 0
            }
          ],
          "parent": "arm6",
          "rotation": [
            0,
            0,
            40
          ]
        },
        {
          "name": "arm8",
          "pivot": [
            -10,
            29,
            0
          ],
          "cubes": [
            {
              "origin": [
                -20.48047,
                28.17488,
                -1.0
              ],
              "size": [
                10.0,
                2.0,
                2.0
              ],
              "uv": [
                48,
                11
              ],
              "inflate": 0
            }
          ],
          "parent": "arm7",
          "rotation": [
            0,
            0,
            -40
          ]
        },
        {
          "name": "legs",
          "pivot": [
            -5,
            24,
            -5
          ],
          "cubes": [
            {
              "origin": [
                -6.0,
                16.0,
                -6.0
              ],
              "size": [
                2.0,
                8.0,
                2.0
              ],
              "uv": [
                0,
                81
              ],
              "inflate": 0
            }
          ],
          "parent": "waist"
        },
        {
          "name": "legs2",
          "pivot": [
            -5,
            16,
            -5
          ],
          "cubes": [
            {
              "origin": [
                -6.0,
                8.0,
                -6.0
              ],
              "size": [
                2.0,
                8.0,
                2.0
              ],
              "uv": [
                58,
                79
              ],
              "inflate": 0
            }
          ],
          "parent": "legs"
        },
        {
          "name": "legs3",
          "pivot": [
            -5,
            8,
            -5
          ],
          "cubes": [
            {
              "origin": [
                -6.0,
                0.0,
                -6.0
              ],
              "size": [
                2.0,
                8.0,
                2.0
              ],
              "uv": [
                50,
                79
              ],
              "inflate": 0
            }
          ],
          "parent": "legs2"
        },
        {
          "name": "legs4",
          "pivot": [
            -5,
            24,
            5
          ],
          "cubes": [
            {
              "origin": [
                -6.0,
                16.0,
                4.0
              ],
              "size": [
                2.0,
                8.0,
                2.0
              ],
              "uv": [
                42,
                79
              ],
              "inflate": 0
            }
          ],
          "parent": "waist"
        },
        {
          "name": "legs5",
          "pivot": [
            -5,
            16,
            5
          ],
          "cubes": [
            {
              "origin": [
                -6.0,
                8.0,
                4.0
              ],
              "size": [
                2.0,
                8.0,
                2.0
              ],
              "uv": [
                78,
                78
              ],
              "inflate": 0
            }
          ],
          "parent": "legs4"
        },
        {
          "name": "legs6",
          "pivot": [
            -5,
            8,
            5
          ],
          "cubes": [
            {
              "origin": [
                -6.0,
                0.0,
                4.0
              ],
              "size": [
                2.0,
                8.0,
                2.0
              ],
              "uv": [
                70,
                78
              ],
              "inflate": 0
            }
          ],
          "parent": "legs5"
        },
        {
          "name": "legs7",
          "pivot": [
            5,
            24,
            5
          ],
          "cubes": [
            {
              "origin": [
                4.0,
                16.0,
                4.0
              ],
              "size": [
                2.0,
                8.0,
                2.0
              ],
              "uv": [
                34,
                78
              ],
              "inflate": 0
            }
          ],
          "parent": "waist"
        },
        {
          "name": "legs8",
          "pivot": [
            5,
            16,
            5
          ],
          "cubes": [
            {
              "origin": [
                4.0,
                8.0,
                4.0
              ],
              "size": [
                2.0,
                8.0,
                2.0
              ],
              "uv": [
                26,
                78
              ],
              "inflate": 0
            }
          ],
          "parent": "legs7"
        },
        {
          "name": "legs9",
          "pivot": [
            5,
            8,
            5
          ],
          "cubes": [
            {
              "origin": [
                4.0,
                0.0,
                4.0
              ],
              "size": [
                2.0,
                8.0,
                2.0
              ],
              "uv": [
                18,
                78
              ],
              "inflate": 0
            }
          ],
          "parent": "legs8"
        },
        {
          "name": "legs10",
          "pivot": [
            5,
            24,
            -5
          ],
          "cubes": [
            {
              "origin": [
                4.0,
                16.0,
                -6.0
              ],
              "size": [
                2.0,
                8.0,
                2.0
              ],
              "uv": [
                78,
                11
              ],
              "inflate": 0
            }
          ],
          "parent": "waist"
        },
        {
          "name": "legs11",
          "pivot": [
            5,
            16,
            -5
          ],
          "cubes": [
            {
              "origin": [
                4.0,
                8.0,
                -6.0
              ],
              "size": [
                2.0,
                8.0,
                2.0
              ],
              "uv": [
                48,
                0
              ],
              "inflate": 0
            }
          ],
          "parent": "legs10"
        },
        {
          "name": "legs12",
          "pivot": [
            5,
            8,
            -5
          ],
          "cubes": [
            {
              "origin": [
                4.0,
                0.0,
                -6.0
              ],
              "size": [
                2.0,
                8.0,
                2.0
              ],
              "uv": [
                42,
                18
              ],
              "inflate": 0
            }
          ],
          "parent": "legs11"
        }
      ]
    }
  ]
}