{
	"format_version": "1.12.0",
	"minecraft:geometry": [
		{
			"description": {
				"identifier": "geometry.cy_the_jester",
				"texture_width": 128,
				"texture_height": 128,
				"visible_bounds_width": 3,
				"visible_bounds_height": 6,
				"visible_bounds_offset": [0, 2, 0]
			},
			"bones": [
				{
					"name": "root",
					"pivot": [0, 5, 0]
				},
				{
					"name": "waist",
					"parent": "root",
					"pivot": [0, 5, 0]
				},
				{
					"name": "body",
					"parent": "waist",
					"pivot": [0, 20, 0],
					"cubes": [
						{"origin": [-6, 20, -4], "size": [12, 18, 8], "uv": [0, 26]}
					]
				},
				{
					"name": "rightarm",
					"parent": "body",
					"pivot": [-8, 38, 0],
					"cubes": [
						{"origin": [-10, 27, -2], "size": [4, 11, 4], "uv": [16, 52]}
					]
				},
				{
					"name": "rightarm2",
					"parent": "rightarm",
					"pivot": [-8, 27, 0],
					"cubes": [
						{"origin": [-10, 16, -2], "size": [4, 11, 4], "uv": [52, 10]},
						{"origin": [-10, 16, -2], "size": [4, 4, 4], "inflate": 0.4, "uv": [64, 65]}
					]
				},
				{
					"name": "leftarm",
					"parent": "body",
					"pivot": [8, 38, 0],
					"cubes": [
						{"origin": [6, 27, -2], "size": [4, 11, 4], "uv": [0, 52]}
					]
				},
				{
					"name": "leftarm2",
					"parent": "leftarm",
					"pivot": [8, 27, 0],
					"cubes": [
						{"origin": [6, 16, -2], "size": [4, 11, 4], "uv": [40, 44]},
						{"origin": [6, 16, -2], "size": [4, 4, 4], "inflate": 0.5, "uv": [64, 6]}
					]
				},
				{
					"name": "head",
					"parent": "body",
					"pivot": [0, 38, 0],
					"cubes": [
						{"origin": [-7, 38, -6], "size": [14, 14, 12], "uv": [0, 0]},
						{"origin": [0, 49, -2], "size": [9, 6, 4], "pivot": [8, 52, 0], "rotation": [0, 0, -20], "uv": [40, 0]},
						{"origin": [5.06418, 50.55397, -1], "size": [5, 4, 2], "pivot": [9.06418, 52.55397, 0], "rotation": [0, 0, 145], "uv": [66, 0]},
						{"origin": [-11, 38, 0], "size": [11, 18, 0], "uv": [40, 26]}
					]
				},
				{
					"name": "balleye",
					"parent": "head",
					"pivot": [-3.5, 47.5, -5.5],
					"cubes": [
						{"origin": [-6, 45, -6.5], "size": [4, 4, 3], "uv": [68, 54]},
						{"origin": [-6, 45, -7.5], "size": [4, 4, 3], "inflate": -0.8, "uv": [68, 14]}
					]
				},
				{
					"name": "balleye2",
					"parent": "head",
					"pivot": [3.5, 47.5, -5.5],
					"cubes": [
						{"origin": [1, 45, -6.5], "size": [4, 4, 3], "uv": [14, 67]},
						{"origin": [1, 45, -7.5], "size": [4, 4, 3], "inflate": -0.8, "uv": [0, 67]}
					]
				},
				{
					"name": "rightleg",
					"parent": "root",
					"pivot": [-4, 20, 0],
					"cubes": [
						{"origin": [-6, 10, -2], "size": [4, 10, 4], "uv": [62, 25]}
					]
				},
				{
					"name": "rightleg2",
					"parent": "rightleg",
					"pivot": [-4, 10, 0],
					"cubes": [
						{"origin": [-6, 0, -2], "size": [4, 10, 4], "uv": [32, 59]},
						{"origin": [-6, 0, -5], "size": [4, 3, 3], "uv": [25, 73]}
					]
				},
				{
					"name": "leftleg",
					"parent": "root",
					"pivot": [4, 20, 0],
					"cubes": [
						{"origin": [2, 10, -2], "size": [4, 10, 4], "uv": [58, 40]}
					]
				},
				{
					"name": "leftleg2",
					"parent": "leftleg",
					"pivot": [4, 10, 0],
					"cubes": [
						{"origin": [2, 0, -2], "size": [4, 10, 4], "uv": [52, 55]},
						{"origin": [2, 0, -5], "size": [4, 3, 3], "uv": [48, 69]}
					]
				}
			]
		}
	]
}