{
	"format_version": "1.12.0",
	"minecraft:geometry": [
		{
			"description": {
				"identifier": "geometry.cy_tamataki_chamataki",
				"texture_width": 145,
				"texture_height": 145,
				"visible_bounds_width": 5,
				"visible_bounds_height": 3.5,
				"visible_bounds_offset": [0, 1.25, 0]
			},
			"bones": [
				{
					"name": "root",
					"pivot": [0, 0, 0]
				},
				{
					"name": "body",
					"parent": "root",
					"pivot": [-1, 15, 2],
					"cubes": [
						{"origin": [-10, 13, -7], "size": [20, 10, 20], "uv": [0, 115]},
						{"origin": [-9, 17, -8], "size": [18, 8, 1], "uv": [60, 126]},
						{"origin": [-9, 15, 13], "size": [18, 8, 1], "uv": [105, 136]},
						{"origin": [-8, 15, 14], "size": [16, 7, 1], "uv": [109, 36]}
					]
				},
				{
					"name": "neck",
					"parent": "body",
					"pivot": [-4, 21, -9],
					"rotation": [0, 20, 0],
					"cubes": [
						{"origin": [-7, 18, -14], "size": [5, 5, 7], "uv": [21, 73]},
						{"origin": [-7, 18.09808, -18.36603], "size": [5, 5, 6], "pivot": [-4, 21.09808, -13.36603], "rotation": [-30, 0, 0], "uv": [55, 85]}
					]
				},
				{
					"name": "head",
					"parent": "neck",
					"pivot": [-5, 21, -18],
					"cubes": [
						{"origin": [-9, 21, -13], "size": [8, 10, 1], "uv": [0, 90]},
						{"origin": [-10, 21, -23], "size": [10, 10, 10], "uv": [0, 30]},
						{"origin": [-9, 31, -23], "size": [8, 1, 10], "uv": [58, 0]},
						{"origin": [-11, 27, -24], "size": [4, 4, 2], "pivot": [-8, 27, -23], "rotation": [0, 10, 0], "uv": [95, 86]},
						{"origin": [-3, 27, -24], "size": [4, 4, 2], "pivot": [-2, 27, -23], "rotation": [0, -10, 0], "uv": [71, 85]}
					]
				},
				{
					"name": "neck2",
					"parent": "body",
					"pivot": [5, 21, -9],
					"rotation": [0, -20, 0],
					"cubes": [
						{"origin": [2, 18, -14], "size": [6, 5, 7], "uv": [70, 44]},
						{"origin": [2, 18.09808, -18.36603], "size": [6, 5, 6], "pivot": [5, 21.09808, -13.36603], "rotation": [-30, 0, 0], "uv": [69, 74]}
					]
				},
				{
					"name": "head2",
					"parent": "neck2",
					"pivot": [5, 21, -18],
					"cubes": [
						{"origin": [0, 21, -23], "size": [10, 10, 10], "uv": [30, 40]},
						{"origin": [1, 22, -13], "size": [8, 8, 1], "uv": [99, 63]},
						{"origin": [10, 22, -22], "size": [1, 8, 8], "uv": [37, 77]},
						{"origin": [-1, 22, -22], "size": [1, 8, 8], "uv": [0, 0]},
						{"origin": [10, 23, -21], "size": [3, 6, 6], "uv": [77, 85]},
						{"origin": [-3, 23, -21], "size": [3, 6, 6], "uv": [18, 85]},
						{"origin": [2, 29.72339, -20.70569], "size": [6, 5, 7], "pivot": [5.5, 30.72339, -15.70569], "rotation": [35, 0, 0], "uv": [49, 68]}
					]
				},
				{
					"name": "mg",
					"parent": "head2",
					"pivot": [4.5, 23.5, -20.5],
					"rotation": [30, 0, 0],
					"cubes": [
						{"origin": [1, 23, -27], "size": [8, 1, 6], "uv": [72, 24]},
						{"origin": [2, 22.36253, -32.82067], "size": [6, 1, 6], "pivot": [5, 22.86253, -29.82067], "rotation": [12.5, 0, 0], "uv": [80, 56]}
					]
				},
				{
					"name": "tail",
					"parent": "body",
					"pivot": [0, 17, 16],
					"cubes": [
						{"origin": [-3, 30.00355, 21.80061], "size": [7, 5, 8], "pivot": [0.5, 32.50355, 25.80061], "rotation": [10, 0, 0], "uv": [60, 31]},
						{"origin": [-3, 27.09983, 19.77122], "size": [7, 5, 5], "pivot": [0.5, 29.59983, 20.77122], "rotation": [50, 0, 0], "uv": [0, 80]},
						{"origin": [-3, 25.44076, 18.21332], "size": [7, 5, 5], "uv": [84, 0]},
						{"origin": [-3, 17, 15], "size": [7, 5, 10], "uv": [0, 50]},
						{"origin": [-3, 28.50316, 25.74402], "size": [7, 6, 5], "pivot": [0.5, 31.00316, 26.74402], "rotation": [20, 0, 0], "uv": [75, 63]},
						{"origin": [-3, 25.00171, 24.37487], "size": [7, 5, 7], "pivot": [0.5, 27.50171, 28.37487], "rotation": [80, 0, 0], "uv": [0, 66]},
						{"origin": [-3, 19.17115, 21.65604], "size": [7, 5, 8], "pivot": [0.5, 21.67115, 25.65604], "rotation": [50, 0, 0], "uv": [26, 60]}
					]
				},
				{
					"name": "leftleg3",
					"parent": "root",
					"pivot": [7, 16, 10],
					"cubes": [
						{"origin": [5.5, 8, 8.5], "size": [4, 8, 4], "uv": [93, 74]}
					]
				},
				{
					"name": "leftleg4",
					"parent": "leftleg3",
					"pivot": [7, 8, 10],
					"cubes": [
						{"origin": [5.5, 0, 8.5], "size": [4, 8, 4], "uv": [32, 93]},
						{"origin": [6, 0, 4.5], "size": [3, 2, 4], "uv": [60, 44]},
						{"origin": [2.66605, 0, 6.42257], "size": [3, 2, 6], "pivot": [4.16605, 1, 9.42257], "rotation": [0, 50, 0], "uv": [102, 4]},
						{"origin": [7.69862, 0, 1.92954], "size": [3, 2, 6], "pivot": [5.19862, 1, 8.92954], "rotation": [0, -50, 0], "uv": [101, 99]}
					]
				},
				{
					"name": "leftleg",
					"parent": "root",
					"pivot": [8, 16, -5],
					"cubes": [
						{"origin": [5.5, 8, -6.5], "size": [4, 8, 4], "uv": [100, 24]}
					]
				},
				{
					"name": "leftleg2",
					"parent": "leftleg",
					"pivot": [8, 8, -5],
					"cubes": [
						{"origin": [5.5, 0, -6.5], "size": [4, 8, 4], "uv": [98, 48]},
						{"origin": [4.5, 0, -9.5], "size": [6, 4, 8], "uv": [117, 46]}
					]
				},
				{
					"name": "rightleg3",
					"parent": "root",
					"pivot": [-7, 16, 8],
					"cubes": [
						{"origin": [-9.5, 8, 6.5], "size": [4, 8, 4], "uv": [14, 97]}
					]
				},
				{
					"name": "rightleg4",
					"parent": "rightleg3",
					"pivot": [-7, 8, 8],
					"cubes": [
						{"origin": [-9.5, 0, 6.5], "size": [4, 8, 4], "uv": [64, 96]},
						{"origin": [-10.5, 0, 3.5], "size": [6, 4, 8], "uv": [89, 112]}
					]
				},
				{
					"name": "rightleg",
					"parent": "root",
					"pivot": [-8, 16, -5],
					"cubes": [
						{"origin": [-9.5, 8, -6.5], "size": [4, 8, 4], "uv": [48, 96]}
					]
				},
				{
					"name": "rightleg2",
					"parent": "rightleg",
					"pivot": [-8, 8, -5],
					"cubes": [
						{"origin": [-9.5, 0, -6.5], "size": [4, 8, 4], "uv": [91, 93]},
						{"origin": [-9, 0, -10.5], "size": [3, 2, 4], "uv": [82, 31]},
						{"origin": [-12.33395, 0, -8.57743], "size": [3, 2, 6], "pivot": [-10.83395, 1, -5.57743], "rotation": [0, 50, 0], "uv": [74, 102]},
						{"origin": [-7.30138, 0, -13.07046], "size": [3, 2, 6], "pivot": [-9.80138, 1, -6.07046], "rotation": [0, -50, 0], "uv": [102, 12]}
					]
				}
			]
		}
	]
}