{
  "format_version": "1.12.0",
  "minecraft:geometry": [
    {
      "description": {
        "identifier": "geometry.cy_zolphius",
        "texture_width": 128,
        "texture_height": 128,
        "visible_bounds_width": 4,
        "visible_bounds_height": 8.5,
        "visible_bounds_offset": [
          0,
          3.75,
          0
        ]
      },
      "bones": [
        {
          "name": "Body",
          "pivot": [
            0,
            0,
            0
          ],
          "cubes": [
            {
              "origin": [
                -6,
                20,
                -6
              ],
              "size": [
                12,
                20,
                12
              ],
              "uv": [
                56,
                42
              ]
            },
            {
              "origin": [
                -7,
                0,
                -7
              ],
              "size": [
                14,
                20,
                14
              ],
              "uv": [
                0,
                42
              ]
            },
            {
              "origin": [
                -5,
                40,
                -5
              ],
              "size": [
                10,
                20,
                10
              ],
              "uv": [
                46,
                74
              ]
            },
            {
              "origin": [
                -4,
                60,
                -4
              ],
              "size": [
                8,
                20,
                8
              ],
              "uv": [
                0,
                76
              ]
            }
          ]
        },
        {
          "name": "head",
          "parent": "Body",
          "pivot": [
            0,
            80,
            0
          ],
          "cubes": [
            {
              "origin": [
                -13,
                80,
                -8
              ],
              "size": [
                26,
                26,
                16
              ],
              "uv": [
                0,
                0
              ]
            }
          ]
        }
      ]
    }
  ]
}