{
  "format_version": "1.12.0",
  "minecraft:geometry": [
    {
      "description": {
        "identifier": "geometry.pa_cer",
        "texture_width": 256,
        "texture_height": 256,
        "visible_bounds_width": 5,
        "visible_bounds_height": 7.5,
        "visible_bounds_offset": [
          0,
          3.25,
          0
        ]
      },
      "bones": [
        {
          "name": "Body",
          "pivot": [
            0,
            43,
            1
          ],
          "rotation": [
            0,
            180,
            0
          ],
          "cubes": [
            {
              "origin": [
                -8,
                43,
                -6
              ],
              "size": [
                16,
                14,
                14
              ],
              "inflate": 0.25,
              "uv": [
                54,
                53
              ]
            }
          ]
        },
        {
          "name": "bone5",
          "parent": "Body",
          "pivot": [
            0,
            56,
            7
          ],
          "rotation": [
            0,
            180,
            0
          ],
          "cubes": [
            {
              "origin": [
                -18,
                66,
                6
              ],
              "size": [
                7,
                11,
                14
              ],
              "uv": [
                0,
                102
              ]
            },
            {
              "origin": [
                -12,
                57,
                6
              ],
              "size": [
                24,
                20,
                14
              ],
              "inflate": 0.25,
              "uv": [
                0,
                0
              ]
            },
            {
              "origin": [
                11,
                66,
                6
              ],
              "size": [
                7,
                11,
                14
              ],
              "uv": [
                96,
                21
              ]
            }
          ]
        },
        {
          "name": "Head",
          "parent": "Body",
          "pivot": [
            -1,
            77,
            -3
          ],
          "rotation": [
            0,
            180,
            0
          ],
          "cubes": [
            {
              "origin": [
                -9,
                45,
                -59
              ],
              "size": [
                13,
                12,
                21
              ],
              "pivot": [
                -4,
                46,
                -8
              ],
              "rotation": [
                -90,
                0,
                0
              ],
              "uv": [
                0,
                34
              ]
            }
          ]
        },
        {
          "name": "Tangan",
          "parent": "Body",
          "pivot": [
            22,
            76,
            1
          ],
          "rotation": [
            0,
            180,
            0
          ],
          "cubes": [
            {
              "origin": [
                22,
                50,
                -3
              ],
              "size": [
                9,
                27,
                8
              ],
              "uv": [
                34,
                81
              ]
            }
          ]
        },
        {
          "name": "bone",
          "parent": "Tangan",
          "pivot": [
            22,
            50,
            -3
          ],
          "cubes": [
            {
              "origin": [
                22,
                23,
                -3
              ],
              "size": [
                9,
                27,
                8
              ],
              "uv": [
                76,
                0
              ]
            }
          ]
        },
        {
          "name": "RightLeg",
          "parent": "Body",
          "pivot": [
            -3.9,
            44,
            1
          ],
          "rotation": [
            0,
            180,
            0
          ],
          "cubes": [
            {
              "origin": [
                -8,
                21,
                -3
              ],
              "size": [
                8,
                22,
                7
              ],
              "uv": [
                102,
                81
              ]
            }
          ]
        },
        {
          "name": "bone4",
          "parent": "RightLeg",
          "pivot": [
            -4,
            21,
            4
          ],
          "cubes": [
            {
              "origin": [
                -8,
                0,
                -3
              ],
              "size": [
                8,
                21,
                7
              ],
              "uv": [
                102,
                81
              ]
            }
          ]
        },
        {
          "name": "LeftLeg",
          "parent": "Body",
          "pivot": [
            3.9,
            43,
            1
          ],
          "rotation": [
            0,
            180,
            0
          ],
          "cubes": [
            {
              "origin": [
                0,
                21,
                -3
              ],
              "size": [
                8,
                22,
                7
              ],
              "inflate": 0.25,
              "uv": [
                102,
                81
              ]
            }
          ]
        },
        {
          "name": "bone3",
          "parent": "LeftLeg",
          "pivot": [
            4,
            21,
            5
          ],
          "cubes": [
            {
              "origin": [
                0,
                0,
                -3
              ],
              "size": [
                8,
                21,
                7
              ],
              "inflate": 0.25,
              "uv": [
                102,
                81
              ]
            }
          ]
        },
        {
          "name": "Tangan2",
          "parent": "Body",
          "pivot": [
            -22,
            78,
            1
          ],
          "rotation": [
            0,
            180,
            0
          ],
          "cubes": [
            {
              "origin": [
                -31,
                50,
                -3
              ],
              "size": [
                9,
                27,
                8
              ],
              "uv": [
                68,
                81
              ]
            }
          ]
        },
        {
          "name": "bone2",
          "parent": "Tangan2",
          "pivot": [
            -22,
            50,
            -3
          ],
          "cubes": [
            {
              "origin": [
                -31,
                23,
                -3
              ],
              "size": [
                9,
                27,
                8
              ],
              "uv": [
                0,
                67
              ]
            }
          ]
        }
      ]
    }
  ]
}