{"format_version":"1.10","minecraft:attachable":{"description":{"identifier":"yg:box","materials":{"default":"entity_alphatest","enchanted":"entity_alphatest_glint"},"textures":{"default":"textures/entity/yg_box","enchanted":"textures/misc/enchanted_item_glint"},"geometry":{"default":"geometry.yg_box"},"animations":{"wield_first_person":"animation.yg_box.general","wield_third_person":"animation.yg_box.general","moving":"animation.yg_box.move","move":"controller.animation.yg_box.move","gazo_general":"animation.yg_box.general","general":"controller.animation.yg_box.general"},"scripts":{"pre_animation":["variable.charge_amount = math.clamp((query.main_hand_item_max_duration - (query.main_hand_item_use_duration - query.frame_alpha + 1.0)) / 10.0, 0.0, 1.0f);"],"animate":[{"wield_first_person":"c.is_first_person"},{"wield_third_person":"!c.is_first_person"},"move","general"]},"render_controllers":["controller.render.item_default"]}}}