{"packs":[{"can_be_redownloaded":false,"name":"Garten Of Banban texture ","uuid":"8707c7f1-1a96-4c50-9058-8e85e5f110db","version":[0,0,1]},{"can_be_redownloaded":false,"name":"Garten of BanBan 3","uuid":"411316a1-d4b4-435b-9008-6774d26a7dac","version":[1,0,1]},{"can_be_redownloaded":false,"name":"§2Garten of Banban 3 Texture ","uuid":"f0ee1848-7f9b-4c12-833b-b031a53a70f9","version":[0,0,1]},{"can_be_redownloaded":false,"name":"§l§2GARTEN §cOF §4BANBAN §63","uuid":"23a5b78c-9fac-4842-9d32-3077565e899f","version":[0,0,1]}]}
