{"packs":[{"can_be_redownloaded":false,"name":"Custom Jukebox Music","uuid":"451167b0-c802-11e8-a8d5-f2801f1b9fd1","version":[0,0,1]},{"can_be_redownloaded":false,"name":"§l ","uuid":"34123c41-170f-4d4a-9cf7-a807a38e02fe","version":[1,0,0]},{"can_be_redownloaded":false,"name":"Garten Of Banban texture ","uuid":"825118ae-cdc3-4f96-9fc6-23036bf7ca07","version":[0,0,1]},{"can_be_redownloaded":false,"name":"Garten of BanBan 3","uuid":"2c348351-5cd7-4bf0-9ae1-627a60652f12","version":[1,0,1]},{"can_be_redownloaded":false,"name":"§2Garten of Banban 3 Texture ","uuid":"356dc70a-b2f7-4866-8e8e-06b3ce50d89d","version":[0,0,1]},{"can_be_redownloaded":false,"name":"§l§2GARTEN §cOF §4BANBAN §63","uuid":"acc1c6b7-692b-467a-a7d7-cb16ba75748c","version":[0,0,1]}]}
