{
  "format_version": "1.10.0",
  "animation_controllers": {
    "controller.animation.os_hand": {
      "initial_state": "preshoot",
      "states": {
        "preshoot": {
          "transitions": [
            {
              "shoot": "q.get_equipped_item_name(0) \u003d\u003d \u0027hand\u0027 \u0026\u0026 q.is_using_item"
            }
          ]
        },
        "shooting": {
          "on_entry": [
            "v.delaytime \u003d q.life_time;"
          ],
          "transitions": [
            {
              "preshoot": "q.get_equipped_item_name(0) !\u003d \u0027hand\u0027 || !q.is_using_item"
            },
            {
              "shoot": "q.get_equipped_item_name(0) !\u003d \u0027hand\u0027 || !q.is_using_item"
            }
          ]
        },
        "shoot": {
          "on_entry": [
            "@s os:hand_fire",
            "/playsound os_hand_shot"
          ],
          "transitions": [
            {
              "shooting": "1.0"
            }
          ],
          "on_exit": [
            "v.bullet_fire \u003d q.life_time;",
            "/give @s os:hand"
          ]
        }
      }
    }
  }
}