{
  "resource_pack_name": "vanilla",
  "texture_name": "atlas.terrain",
  "padding": 8,
  "num_mip_levels": 4,
  "texture_data": {
    "xl_unpopularkids": {
      "textures": [
        "textures/blocks/xl_unpopularkids"
      ]
    },
    "xl_popularkid": {
      "textures": [
        "textures/blocks/xl_popularkid"
      ]
    },
    "xl_meankids": {
      "textures": [
        "textures/blocks/xl_meankids"
      ]
    },
    "xl_kidschair1": {
      "textures": [
        "textures/blocks/xl_kidschair1"
      ]
    },
    "xl_kidschair2": {
      "textures": [
        "textures/blocks/xl_kidschair2"
      ]
    },
    "xl_kidschair3": {
      "textures": [
        "textures/blocks/xl_kidschair3"
      ]
    },
    "xl_officechair": {
      "textures": [
        "textures/blocks/xl_officechair"
      ]
    }
  }
}