{"resource_pack_name":"vanilla","texture_name":"atlas.items","texture_data":{"yg:silent_steve":{"textures":"textures/items/yg_silent_steve"},"yg:chef_pigster":{"textures":"textures/items/yg_chef_pigster"},"yg:coach_pickles":{"textures":"textures/items/yg_coach_pickles"},"yg:stinky_joel":{"textures":"textures/items/yg_stinky_joel"},"yg:hunter_tim":{"textures":"textures/items/yg_hunter_tim"},"yg:nabnab":{"textures":"textures/items/yg_nabnab"},"yg:slow_seline":{"textures":"textures/items/yg_slow_seline"},"yg:jumbo_josh":{"textures":"textures/items/yg_jumbo_josh"},"yg:zophius":{"textures":"textures/items/yg_zophius"},"yg:captain_fiddels":{"textures":"textures/items/yg_captain_fiddels"},"yg:stinger_flynn":{"textures":"textures/items/yg_stinger_flynn"},"yg:banban":{"textures":"textures/items/yg_banban"},"yg:opila_bird":{"textures":"textures/items/yg_opila_bird"},"yg:banbaleena":{"textures":"textures/items/yg_banbaleena"},"yg:yurie_gazo":{"textures":"textures/items/yg_yurie_gazo"},"yg:drone":{"textures":"textures/items/yg_drone"},"yg:remote":{"textures":"textures/items/yg_remote"},"yg:drone_track":{"textures":"textures/items/yg_drone_track"},"yg:miniopila":{"textures":"textures/items/yg_opila_bird"},"yg:sherif_toadster":{"textures":"textures/items/yg_sherif_toadster"},"yg:tarta_bird":{"textures":"textures/items/yg_tarta_bird"},"yg:queen_bouncelia":{"textures":"textures/items/yg_queen_bouncelia"},"yg:mr_kabob_man":{"textures":"textures/items/yg_mr_kabob_man"},"yg:hijacked_banban":{"textures":"textures/items/yg_banban"},"yg:nabnaleena":{"textures":"textures/items/yg_nabnaleena"},"yg:tamataki_chamataki":{"textures":"textures/items/yg_tamataki_chamataki"},"yg_stinger_flynn_morph":{"textures":["textures/items/yg_stinger_flynn_morph"]}}}