{"entity_sounds":{"entities":{"yg:blue":{"events":{"attack":{"pitch":1,"sound":"mob.jumpscare1.attack","volume":50},"ambient":"mob.yg_blue.ambient","death":"mob.yg_blue.death","hurt":"mob.yg_blue.hurt","step":{"pitch":1,"sound":"mob.yg_blue.step","volume":10}},"pitch":[1],"volume":50},"yg:cyan":{"events":{"attack":{"pitch":1,"sound":"mob.jumpscare1.attack","volume":50},"ambient":"mob.yg_cyan.ambient"},"pitch":[1],"volume":50},"yg:green":{"events":{"attack":{"pitch":1,"sound":"mob.jumpscare2.attack","volume":50},"ambient":"mob.yg_green.ambient","step":{"pitch":1,"sound":"mob.yg_green.step","volume":10}},"pitch":[1],"volume":50},"yg:orange":{"events":{"attack":{"pitch":1,"sound":"mob.jumpscare1.attack","volume":50},"ambient":"mob.yg_orange.ambient","step":{"pitch":1,"sound":"mob.yg_orange.step","volume":10}},"pitch":[1],"volume":50},"yg:purple":{"events":{"attack":{"pitch":1,"sound":"mob.jumpscare1.attack","volume":50}},"pitch":[1],"volume":50},"yg:red":{"events":{"attack":{"pitch":1,"sound":"mob.jumpscare1.attack","volume":50}},"pitch":[1],"volume":50},"yg:yellow":{"events":{"attack":{"pitch":1,"sound":"mob.jumpscare1.attack","volume":50}},"pitch":[1],"volume":50}}}}