{"format_version":"1.8.0","minecraft:entity":{"description":{"identifier":"yg:green","runtime_identifier":"minecraft:warden","is_spawnable":true,"is_summonable":true,"is_experimental":false,"animations":{"target":"controller.animation.rainbow_friends_jumpscare","seen":"controller.animation.green_seen"},"scripts":{"animate":["target","seen"]}},"component_groups":{"emerging":{"minecraft:behavior.emerge":{"duration":7,"on_done":{"event":"minecraft:emerged","target":"self"}}},"pushable":{"minecraft:pushable":{"is_pushable":true,"is_pushable_by_piston":true}},"minecraft:do_jumpscare":{"minecraft:is_sheared":{},"minecraft:movement":{"value":0},"minecraft:timer":{"time":1.5,"time_down_event":{"event":"minecraft:jumpscare_unactive"}}},"minecraft:restart":{"minecraft:behavior.melee_attack":{"on_attack":{"event":"minecraft:jumpscare_active","filters":{"all_of":[{"operator":"equals","subject":"target","test":"is_family","value":"player"},{"operator":"not","subject":"self","test":"has_component","value":"minecraft:is_sheared"}]},"target":"self"},"priority":3,"speed_multiplier":1.25,"track_target":true},"minecraft:attack":{"damage":99999999999},"minecraft:movement":{"value":0.25},"minecraft:rideable":{"rider_can_interact":false,"seat_count":1,"seats":[{"lock_rider_rotation":1,"position":[0,2.16,1.6],"rotate_rider_by":180}]}},"minecraft:attack_active":{"minecraft:attack":{"damage":99999999999}},"minecraft:attack_unactive":{"minecraft:attack":{"damage":0}}},"components":{"minecraft:movement_sound_distance_offset":{"value":0.55},"minecraft:experience_reward":{"on_bred":"Math.Random(1,7)","on_death":"query.last_hit_by_player ? 5 : 0"},"minecraft:attack":{"damage":99999999999},"minecraft:vibration_listener":{},"minecraft:vibration_damper":{},"minecraft:suspect_tracking":{},"minecraft:anger_level":{"max_anger":150,"angry_threshold":80,"remove_targets_below_angry_threshold":true,"angry_boost":20,"anger_decrement_interval":1,"default_annoyingness":35,"default_projectile_annoyingness":10,"on_increase_sounds":[{"sound":"listening_angry","condition":"query.anger_level(this) >= 40"},{"sound":"listening","condition":"query.anger_level(this) >= 0"}],"nuisance_filter":{"all_of":[{"test":"is_family","subject":"other","operator":"not","value":"warden"},{"test":"is_family","subject":"other","operator":"not","value":"inanimate"},{"test":"is_family","subject":"other","operator":"not","value":"rainbow_friends"}]}},"minecraft:is_hidden_when_invisible":{},"minecraft:type_family":{"family":["warden","monsters","mob","rainbow_friends"]},"minecraft:breathable":{"total_supply":15,"suffocate_time":0},"minecraft:navigation.walk":{"can_path_over_water":true,"can_path_over_lava":true,"avoid_damage_blocks":true},"minecraft:ambient_sound_interval":{"value":2,"range":4,"event_name":"ambient","event_names":[{"event_name":"angry","condition":"query.anger_level(this) >= 80"},{"event_name":"agitated","condition":"query.anger_level(this) >= 40"}]},"minecraft:heartbeat":{"interval":"2.0 - math.clamp(query.anger_level / 80 * 1.5, 0, 1.5)"},"minecraft:movement.basic":{},"minecraft:jump.static":{},"minecraft:can_climb":{},"minecraft:collision_box":{"width":0.6,"height":4},"minecraft:health":{"value":80000,"max":80000},"minecraft:movement":{"value":0.25},"minecraft:knockback_resistance":{"value":12},"minecraft:behavior.float":{"priority":0},"minecraft:behavior.roar":{"priority":2,"duration":1.5},"minecraft:behavior.melee_attack":{"priority":4,"speed_multiplier":1.2,"melee_fov":360,"on_attack":{"event":"minecraft:jumpscare_active","filters":{"all_of":[{"operator":"equals","subject":"target","test":"is_family","value":"player"},{"operator":"not","subject":"self","test":"has_component","value":"minecraft:is_sheared"}]},"target":"self"}},"minecraft:behavior.investigate_suspicious_location":{"priority":5,"speed_multiplier":0.7},"minecraft:behavior.sniff":{"priority":6,"duration":4.16,"sniffing_radius":24,"suspicion_radius_horizontal":6,"suspicion_radius_vertical":20,"cooldown_range":[5,10]},"minecraft:behavior.random_stroll":{"priority":9,"speed_multiplier":0.5},"minecraft:behavior.random_look_around":{"priority":11},"minecraft:physics":{},"minecraft:follow_range":30,"minecraft:rideable":{"rider_can_interact":false,"seat_count":1,"seats":[{"lock_rider_rotation":1,"position":[0,2.16,1.6],"rotate_rider_by":180}]},"minecraft:combat_regeneration":{"regeneration_duration":15,"apply_to_self":true,"apply_to_family":false},"minecraft:spell_effects":{"add_effects":[{"effect":"resistance","amplifier":40,"visible":false,"ambient":false,"duration":999},{"effect":"strength","amplifier":3,"visible":false,"ambient":false,"duration":999}]}},"events":{"minecraft:spawn_emerging":{"add":{"component_groups":["emerging"]}},"minecraft:emerged":{"add":{"component_groups":["pushable"]},"remove":{"component_groups":["emerging"]}},"minecraft:entity_spawned":{"add":{"component_groups":["pushable"]}},"on_digging_event":{"remove":{"component_groups":["pushable"]}},"minecraft:jumpscare_active":{"add":{"component_groups":["minecraft:do_jumpscare"]},"run_command":{"command":["gamerule sendcommandfeedback false","effect @p[r=4] slowness 2 4 true","effect @p[r=4] blindness 2 4 true","camerashake add @p[c=1] 0.5 2 rotational","tag @e[type=player,c=1] add rf_jumpscare","execute @s ~ ~ ~ ride @e[type=!yg:green] start_riding @s"]}},"minecraft:jumpscare_unactive":{"add":{"component_groups":["minecraft:restart"]},"remove":{"component_groups":["minecraft:do_jumpscare"]},"run_command":{"command":["gamerule sendcommandfeedback true","kill @e [tag=rf_jumpscare,c=1]","ride @e evict_riders"]}},"minecraft:attack_active":{"add":{"component_groups":["minecraft:attack_active"]},"remove":{"component_groups":["minecraft:attack_unactive"]}},"minecraft:attack_unactive":{"add":{"component_groups":["minecraft:attack_unactive"]},"remove":{"component_groups":["minecraft:attack_active"]}}}}}