{
  "animation_controllers": {
    "controller.animation.blue_jumpscare": {
      "initial_state": "default",
      "states": {
        "add": {
          "on_entry": [
            "/scoreboard objectives add eee dummy",
            "/scoreboard players add @e[r\u003d3,type\u003d!os:blue] eee 1",
            "/execute @e[scores\u003d{eee\u003d16..1000}] ~ ~ ~event entity @e[type\u003dos:blue,r\u003d5] tb:jumpscare_stop",
            "/execute @e[scores\u003d{eee\u003d16..1000}] ~ ~ ~tag @e[type\u003dos:blue,r\u003d5] remove eee",
            "/kill @e[scores\u003d{eee\u003d16..1000}]",
            "/scoreboard players set @a[scores\u003d{eee\u003d16..1000}] eee 0"
          ],
          "transitions": [
            {
              "default": "1.0"
            }
          ]
        },
        "attack": {
          "on_entry": [
            "/tag @s add eee",
            "/execute @s ~ ~ ~ ride @e[r\u003d3,type\u003d!os:blue] start_riding @s",
            "/effect @s slowness 2 255 true",
            "/camerashake add @p"
          ],
          "transitions": [
            {
              "default": "1.0"
            }
          ]
        },
        "default": {
          "transitions": [
            {
              "attack": "variable.attack_time \u003e 0 \u0026\u0026 !query.is_stunned"
            },
            {
              "add": "query.has_rider \u0026\u0026 !query.is_stunned"
            }
          ]
        }
      }
    },
    "controller.animation.cyan_jumpscare": {
      "initial_state": "default",
      "states": {
        "add": {
          "on_entry": [
            "/scoreboard objectives add eee dummy",
            "/scoreboard players add @e[r\u003d3,type\u003d!os:cyan] eee 1",
            "/execute @e[scores\u003d{eee\u003d16..1000}] ~ ~ ~event entity @e[type\u003dos:cyan,r\u003d5] tb:jumpscare_stop",
            "/execute @e[scores\u003d{eee\u003d16..1000}] ~ ~ ~tag @e[type\u003dos:cyan,r\u003d5] remove eee",
            "/kill @e[scores\u003d{eee\u003d16..1000}]",
            "/scoreboard players set @a[scores\u003d{eee\u003d16..1000}] eee 0"
          ],
          "transitions": [
            {
              "default": "1.0"
            }
          ]
        },
        "attack": {
          "on_entry": [
            "/tag @s add eee",
            "/execute @s ~ ~ ~ ride @e[r\u003d3,type\u003d!os:cyan] start_riding @s",
            "/effect @s slowness 2 255 true",
            "/camerashake add @p"
          ],
          "transitions": [
            {
              "default": "1.0"
            }
          ]
        },
        "default": {
          "transitions": [
            {
              "attack": "variable.attack_time \u003e 0 \u0026\u0026 !query.is_stunned"
            },
            {
              "add": "query.has_rider \u0026\u0026 !query.is_stunned"
            }
          ]
        }
      }
    },
    "controller.animation.yellow_jumpscare": {
      "initial_state": "default",
      "states": {
        "add": {
          "on_entry": [
            "/scoreboard objectives add eee dummy",
            "/scoreboard players add @e[r\u003d3,type\u003d!os:yellow] eee 1",
            "/execute @e[scores\u003d{eee\u003d16..1000}] ~ ~ ~event entity @e[type\u003dos:yellow,r\u003d5] tb:jumpscare_stop",
            "/execute @e[scores\u003d{eee\u003d16..1000}] ~ ~ ~tag @e[type\u003dos:yellow,r\u003d5] remove eee",
            "/kill @e[scores\u003d{eee\u003d16..1000}]",
            "/scoreboard players set @a[scores\u003d{eee\u003d16..1000}] eee 0"
          ],
          "transitions": [
            {
              "default": "1.0"
            }
          ]
        },
        "attack": {
          "on_entry": [
            "/tag @s add eee",
            "/execute @s ~ ~ ~ ride @e[r\u003d3,type\u003d!os:yellow] start_riding @s",
            "/effect @s slowness 2 255 true",
            "/camerashake add @p"
          ],
          "transitions": [
            {
              "default": "1.0"
            }
          ]
        },
        "default": {
          "transitions": [
            {
              "attack": "variable.attack_time \u003e 0 \u0026\u0026 !query.is_stunned"
            },
            {
              "add": "query.has_rider \u0026\u0026 !query.is_stunned"
            }
          ]
        }
      }
    },
    "controller.animation.green_jumpscare": {
      "initial_state": "default",
      "states": {
        "add": {
          "on_entry": [
            "/scoreboard objectives add eee dummy",
            "/scoreboard players add @e[r\u003d3,type\u003d!os:green] eee 1",
            "/execute @e[scores\u003d{eee\u003d16..1000}] ~ ~ ~event entity @e[type\u003dos:green,r\u003d5] tb:jumpscare_stop",
            "/execute @e[scores\u003d{eee\u003d16..1000}] ~ ~ ~tag @e[type\u003dos:green,r\u003d5] remove eee",
            "/kill @e[scores\u003d{eee\u003d16..1000}]",
            "/scoreboard players set @a[scores\u003d{eee\u003d16..1000}] eee 0"
          ],
          "transitions": [
            {
              "default": "1.0"
            }
          ]
        },
        "attack": {
          "on_entry": [
            "/tag @s add eee",
            "/execute @s ~ ~ ~ ride @e[r\u003d3,type\u003d!os:green] start_riding @s",
            "/effect @s slowness 2 255 true",
            "/camerashake add @p"
          ],
          "transitions": [
            {
              "default": "1.0"
            }
          ]
        },
        "default": {
          "transitions": [
            {
              "attack": "variable.attack_time \u003e 0 \u0026\u0026 !query.is_stunned"
            },
            {
              "add": "query.has_rider \u0026\u0026 !query.is_stunned"
            }
          ]
        }
      }
    },
    "controller.animation.purple_jumpscare": {
      "initial_state": "default",
      "states": {
        "add": {
          "on_entry": [
            "/scoreboard objectives add eee dummy",
            "/scoreboard players add @e[r\u003d3,type\u003d!os:purple] eee 1",
            "/execute @e[scores\u003d{eee\u003d16..1000}] ~ ~ ~event entity @e[type\u003dos:purple,r\u003d5] tb:jumpscare_stop",
            "/execute @e[scores\u003d{eee\u003d16..1000}] ~ ~ ~tag @e[type\u003dos:purple,r\u003d5] remove eee",
            "/kill @e[scores\u003d{eee\u003d16..1000}]",
            "/scoreboard players set @a[scores\u003d{eee\u003d16..1000}] eee 0"
          ],
          "transitions": [
            {
              "default": "1.0"
            }
          ]
        },
        "attack": {
          "on_entry": [
            "/tag @s add eee",
            "/execute @s ~ ~ ~ ride @e[r\u003d3,type\u003d!os:purple] start_riding @s",
            "/effect @s slowness 2 255 true"
          ],
          "transitions": [
            {
              "default": "1.0"
            }
          ]
        },
        "default": {
          "transitions": [
            {
              "attack": "variable.attack_time \u003e 0 \u0026\u0026 !query.is_stunned"
            },
            {
              "add": "query.has_rider \u0026\u0026 !query.is_stunned"
            }
          ]
        }
      }
    }
  },
  "format_version": "1.10.0"
}