{
  "format_version": "1.8.0",
  "animations": {
    "animation.mr_scene_the_end.scennorms": {
      "animation_length": 20,
      "bones": {
        "Root": {
          "rotation": {
            "0.0": [
              0,
              90,
              0
            ],
            "7.25": [
              0,
              90,
              0
            ],
            "7.5": [
              0,
              90,
              0
            ],
            "8.0": [
              0,
              90,
              0
            ],
            "8.25": [
              0,
              90,
              0
            ],
            "8.5": [
              135.00986,
              17.53231,
              113.16065
            ],
            "8.75": [
              187.5,
              5,
              90
            ]
          },
          "position": {
            "0.0": [
              256,
              17,
              0
            ],
            "5.0": [
              256,
              17,
              0
            ],
            "6.0": [
              85,
              17,
              0
            ],
            "7.25": [
              85,
              17,
              0
            ],
            "7.5": [
              64,
              17,
              0
            ],
            "8.0": [
              64,
              17,
              0
            ],
            "8.25": [
              64,
              17,
              0
            ],
            "8.75": [
              119,
              111,
              -78
            ]
          },
          "scale": [
            5,
            4.9,
            5.2
          ]
        },
        "Root2": {
          "rotation": {
            "4.5": [
              0,
              0,
              0
            ],
            "4.7917": [
              0,
              -92.5,
              0
            ],
            "6.75": [
              0,
              -92.5,
              0
            ],
            "7.0": [
              0,
              -12.5,
              0
            ],
            "7.5": [
              0,
              -92.5,
              0
            ],
            "8.25": [
              0,
              -92.5,
              0
            ],
            "8.75": [
              0,
              -25,
              0
            ],
            "10.0417": [
              -155,
              -355,
              -180
            ]
          },
          "position": {
            "0.0": [
              0,
              62,
              73
            ],
            "2.0": [
              0,
              62,
              17
            ],
            "6.75": [
              0,
              62,
              17
            ],
            "7.0": [
              0,
              62,
              17
            ],
            "7.5": [
              0,
              62,
              17
            ],
            "8.25": [
              0,
              62,
              17
            ],
            "8.75": [
              0,
              62,
              17
            ],
            "10.0417": [
              0,
              62,
              -20
            ]
          },
          "scale": [
            2.2,
            2.1,
            2.2
          ]
        },
        "Root3": {
          "rotation": {
            "0.0": [
              0,
              180,
              0
            ],
            "2.8333": [
              0,
              180,
              0
            ],
            "2.875": [
              -181.1092,
              12.47645,
              -174.00341
            ],
            "2.9167": [
              151.14806,
              0.04976,
              -176.61622
            ],
            "2.9583": [
              153.32667,
              11.88149,
              -183.91282
            ],
            "3.0": [
              90,
              0,
              -180
            ],
            "7.5": [
              90,
              0,
              -180
            ]
          },
          "position": {
            "0.0": [
              0,
              63,
              -13
            ],
            "1.75": [
              0,
              63.38,
              -11.87
            ],
            "2.0": [
              0,
              92,
              2
            ],
            "2.75": [
              0,
              92,
              2
            ],
            "3.0": [
              0,
              64,
              3
            ],
            "7.5": [
              0,
              64,
              3
            ],
            "8.75": [
              0,
              64,
              3
            ]
          }
        },
        "RightLeg": {
          "rotation": {
            "6.25": [
              0,
              0,
              0
            ],
            "6.5": [
              -66.99782,
              33.35221,
              -76.66596
            ]
          }
        },
        "bone2": {
          "rotation": {
            "8.3333": [
              0,
              0,
              0
            ],
            "8.75": [
              0,
              0,
              217.5
            ]
          }
        },
        "bone6": {
          "rotation": {
            "8.2917": [
              0,
              0,
              0
            ],
            "8.75": [
              0,
              0,
              -82.5
            ]
          }
        },
        "bone8": {
          "rotation": {
            "8.2917": [
              0,
              0,
              0
            ],
            "8.75": [
              -117.5,
              0,
              0
            ]
          }
        },
        "LeftLeg": {
          "rotation": {
            "6.0": [
              0,
              0,
              0
            ],
            "6.5": [
              0,
              0,
              -45
            ],
            "7.0": [
              -60,
              0,
              -45
            ]
          }
        },
        "bone10": {
          "rotation": {
            "6.0": [
              0,
              0,
              0
            ],
            "6.5": [
              -55,
              0,
              57.5
            ]
          }
        },
        "bone11": {
          "rotation": {
            "6.0": [
              0,
              0,
              0
            ],
            "6.5": [
              0,
              0,
              40
            ],
            "7.0": [
              0,
              0,
              -32.5
            ]
          }
        },
        "Body2": {
          "rotation": {
            "0.0": [
              0,
              0,
              0
            ],
            "0.5": [
              2.5,
              0,
              0
            ],
            "2.75": [
              2.5,
              0,
              0
            ],
            "3.0": [
              2.5,
              0,
              0
            ],
            "3.25": [
              45,
              0,
              0
            ],
            "3.5": [
              2.5,
              0,
              0
            ]
          }
        },
        "Head": {
          "rotation": {
            "3.5": [
              0,
              0,
              0
            ],
            "4.0": [
              0,
              -75,
              0
            ],
            "4.5": [
              0,
              5,
              0
            ],
            "7.0": [
              0,
              5,
              0
            ],
            "7.25": [
              0,
              -72.5,
              0
            ],
            "7.5": [
              0,
              5,
              0
            ]
          }
        },
        "RightArm": {
          "rotation": {
            "2.5": [
              0,
              0,
              0
            ],
            "2.75": [
              -55,
              0,
              0
            ],
            "3.0": [
              0,
              0,
              0
            ],
            "6.75": [
              0,
              0,
              0
            ],
            "7.0": [
              -22.5,
              0,
              0
            ],
            "7.5": [
              -21.40319,
              7.98133,
              15.62489
            ],
            "8.0": [
              -51.30221,
              22.79424,
              25.3236
            ]
          }
        },
        "bone21": {
          "rotation": {
            "2.5": [
              0,
              0,
              0
            ],
            "2.75": [
              0,
              0,
              -70
            ],
            "3.0": [
              0,
              0,
              0
            ]
          }
        },
        "LeftArm": {
          "rotation": {
            "3.0": [
              0,
              0,
              0
            ],
            "3.25": [
              -59.22472,
              18.8802,
              6.78964
            ],
            "3.5": [
              0,
              0,
              0
            ],
            "6.7083": [
              0,
              0,
              0
            ],
            "7.0": [
              -32.5,
              0,
              0
            ],
            "7.5": [
              -31.19714,
              10.54794,
              14.04397
            ],
            "8.0": [
              -76.23285,
              -9.22209,
              11.00435
            ]
          },
          "position": {
            "3.0": [
              0,
              0,
              0
            ],
            "3.25": [
              0,
              -3,
              0
            ],
            "3.5": [
              0,
              0,
              0
            ]
          }
        },
        "LeftLeg4": {
          "rotation": {
            "0.0": [
              17.5,
              0,
              0
            ],
            "0.25": [
              -22.5,
              0,
              0
            ],
            "0.5": [
              15,
              0,
              0
            ],
            "0.75": [
              -20,
              0,
              0
            ],
            "1.0": [
              17.5,
              0,
              0
            ],
            "1.25": [
              -10,
              0,
              0
            ],
            "1.5": [
              15,
              0,
              0
            ],
            "1.75": [
              -17.5,
              0,
              0
            ],
            "2.0": [
              -0.20846,
              -2.87583,
              -0.44949
            ]
          }
        },
        "RightLeg4": {
          "rotation": {
            "0.0": [
              -22.5,
              0,
              0
            ],
            "0.25": [
              17.5,
              0,
              0
            ],
            "0.5": [
              -22.5,
              0,
              0
            ],
            "0.75": [
              22.5,
              0,
              0
            ],
            "1.0": [
              -12.5,
              0,
              0
            ],
            "1.25": [
              15,
              0,
              0
            ],
            "1.5": [
              -15,
              0,
              0
            ],
            "1.75": [
              15,
              0,
              0
            ],
            "2.0": [
              0,
              0,
              0
            ]
          }
        },
        "Head2": {
          "rotation": {
            "3.0": [
              0,
              0,
              0
            ],
            "3.25": [
              47.5,
              0,
              0
            ],
            "3.5": [
              0,
              0,
              0
            ]
          }
        },
        "RightArm2": {
          "rotation": {
            "2.0": [
              0,
              0,
              0
            ],
            "2.25": [
              0,
              0,
              85
            ],
            "2.5": [
              17.5,
              0,
              56.66667
            ],
            "2.75": [
              -15.27249,
              -7.37134,
              85.52863
            ],
            "3.0": [
              0,
              0,
              0
            ]
          }
        },
        "LeftArm2": {
          "rotation": {
            "2.0": [
              0,
              0,
              0
            ],
            "2.25": [
              -7.5,
              0,
              -105
            ],
            "2.5": [
              -16.4705,
              -3.04137,
              -107.39455
            ],
            "2.75": [
              -7.56778,
              -3.59442,
              -68.56895
            ],
            "3.0": [
              0,
              0,
              0
            ]
          }
        }
      }
    }
  }
}