{
  "format_version": "1.10.0",
  "minecraft:client_entity": {
    "description": {
      "identifier": "h:tv_man",
      "materials": {
        "default": "iron_golem"
      },
      "textures": {
        "default": "textures/entity/pamobile/h_tv_man"
      },
      "geometry": {
        "default": "geometry.h_tv_man"
      },
      "spawn_egg": {
        "texture": "h:tv_man",
        "texture_index": 0
      },
      "animations": {
        "walk_to_target": "animation.h_tv_man.move.to.target",
        "attack": "animation.h_tv_man.attack_2",
        "flower": "animation.h_tv_man.flower",
        "look_at_target": "animation.common.look_at_target",
        "move_to_target": "animation.h_tv_man.general",
        "move": "animation.h_tv_man.general",
        "move_controller": "controller.animation.iron_golem.move",
        "arm_controller": "controller.animation.iron_golem.arm_movement",
        "walk": "animation.h_tv_man.move_1"
      },
      "scripts": {
        "animate": [
          "look_at_target",
          "move_controller",
          "arm_controller"
        ],
        "pre_animation": [
          "variable.modified_tcos0 = Math.clamp(((Math.cos(query.modified_distance_moved * 13.5) * Math.min(query.modified_move_speed, 0.6) / variable.gliding_speed_value) * 25.0), -12.5, 12.5);"
        ]
      },
      "render_controllers": [
        "controller.render.iron_golem"
      ]
    }
  }
}