{
  "format_version": "1.10.0",
  "minecraft:client_entity": {
    "description": {
      "identifier": "sk:skibidi_parasite",
      "materials": {
        "default": "iron_golem"
      },
      "textures": {
        "default": "textures/entity/pamobile/sk_skibidi_parasite"
      },
      "geometry": {
        "default": "geometry.sk_skibidi_parasite"
      },
      "spawn_egg": {
        "texture": "sk:skibidi_parasite",
        "texture_index": 0
      },
      "animations": {
        "walk_to_target": "animation.sk_skibidi_parasite.move.at.target",
        "attack": "animation.sk_skibidi_parasite.attack_2",
        "flower": "animation.sk_skibidi_parasite.flower",
        "look_at_target": "animation.common.look_at_target",
        "move_to_target": "animation.sk_skibidi_parasite.gwneral",
        "move": "animation.sk_skibidi_parasite.gwneral",
        "move_controller": "controller.animation.iron_golem.move",
        "arm_controller": "controller.animation.iron_golem.arm_movement",
        "walk": "animation.sk_skibidi_parasite.move_1"
      },
      "scripts": {
        "animate": [
          "look_at_target",
          "move_controller",
          "arm_controller"
        ],
        "pre_animation": [
          "variable.modified_tcos0 = Math.clamp(((Math.cos(query.modified_distance_moved * 13.5) * Math.min(query.modified_move_speed, 0.6) / variable.gliding_speed_value) * 25.0), -12.5, 12.5);"
        ]
      },
      "render_controllers": [
        "controller.render.iron_golem"
      ]
    }
  }
}