{
	"file_path": "C:\\Users\\Usuario\\AppData\\Local\\Packages\\Microsoft.MinecraftUWP_8wekyb3d8bbwe\\LocalState\\games\\com.mojang\\development_resource_packs\\Mineral Finder v1_2 RP\\sounds\\sound_definitions.json",
	"file_type": "sound_definition",
	"format_version": 1,
	"file_uuid": "b6e065b7_2431_4ca7_82f1_b1d8b223fb80",
	"file_version": 4,
	"cache_content": {
		"children": [
			{
				"data": "1.19.0",
				"key": "format_version"
			},
			{
				"open": {
					"format_version": "1.19.0",
					"sound_definitions": {
						"jhammer": {
							"sounds": [
								"sounds/jhammer/jhammers"
							],
							"category": "record",
							"min_distance": 1
						},
						"mdrill": {
							"sounds": [
								"sounds/mdrill/mdrills"
							],
							"category": "record",
							"min_distance": 1
						},
						"sroller": {
							"category": "neutral",
							"min_distance": 0.5,
							"sounds": [
								{
									"name": "sounds/sroller/motors",
									"volume": 1,
									"load_on_low_memory": true
								}
							]
						},
						"detector": {
							"sounds": [
								"sounds/detector/carro"
							],
							"category": "neutral",
							"min_distance": 1
						},
						"hallar": {
							"sounds": [
								"sounds/detector/pitido"
							],
							"category": "neutral",
							"min_distance": 1
						},
						"aspirar": {
							"sounds": [
								"sounds/aspiradora/aspirar"
							],
							"category": "neutral",
							"min_distance": 1
						},
						"iman": {
							"sounds": [
								"sounds/iman/iman"
							],
							"category": "neutral",
							"min_distance": 1
						}
					}
				},
				"key": "sound_definitions",
				"children": [
					{
						"key": "jhammer",
						"is_minified": true,
						"children": {
							"sounds": [
								"sounds/jhammer/jhammers"
							],
							"category": "record",
							"min_distance": 1
						}
					},
					{
						"key": "mdrill",
						"is_minified": true,
						"children": {
							"sounds": [
								"sounds/mdrill/mdrills"
							],
							"category": "record",
							"min_distance": 1
						}
					},
					{
						"key": "sroller",
						"is_minified": true,
						"children": {
							"category": "neutral",
							"min_distance": 0.5,
							"sounds": [
								{
									"name": "sounds/sroller/motors",
									"volume": 1,
									"load_on_low_memory": true
								}
							]
						}
					},
					{
						"key": "detector",
						"is_minified": true,
						"children": {
							"sounds": [
								"sounds/detector/carro"
							],
							"category": "neutral",
							"min_distance": 1
						}
					},
					{
						"key": "hallar",
						"is_minified": true,
						"children": {
							"sounds": [
								"sounds/detector/pitido"
							],
							"category": "neutral",
							"min_distance": 1
						}
					},
					{
						"open": {
							"jhammer": {
								"sounds": [
									"sounds/jhammer/jhammers"
								],
								"category": "record",
								"min_distance": 1
							},
							"mdrill": {
								"sounds": [
									"sounds/mdrill/mdrills"
								],
								"category": "record",
								"min_distance": 1
							},
							"sroller": {
								"category": "neutral",
								"min_distance": 0.5,
								"sounds": [
									{
										"name": "sounds/sroller/motors",
										"volume": 1,
										"load_on_low_memory": true
									}
								]
							},
							"detector": {
								"sounds": [
									"sounds/detector/carro"
								],
								"category": "neutral",
								"min_distance": 1
							},
							"hallar": {
								"sounds": [
									"sounds/detector/pitido"
								],
								"category": "neutral",
								"min_distance": 1
							},
							"aspirar": {
								"sounds": [
									"sounds/aspiradora/aspirar"
								],
								"category": "neutral",
								"min_distance": 1
							},
							"iman": {
								"sounds": [
									"sounds/iman/iman"
								],
								"category": "neutral",
								"min_distance": 1
							}
						},
						"key": "aspirar",
						"children": [
							{
								"open": {
									"sounds": [
										"sounds/aspiradora/aspirar"
									],
									"category": "neutral",
									"min_distance": 1
								},
								"key": "sounds",
								"is_minified": true,
								"children": [
									"sounds/aspiradora/aspirar"
								]
							},
							{
								"data": "neutral",
								"key": "category"
							},
							{
								"data": "1",
								"key": "min_distance"
							}
						]
					},
					{
						"open": {
							"jhammer": {
								"sounds": [
									"sounds/jhammer/jhammers"
								],
								"category": "record",
								"min_distance": 1
							},
							"mdrill": {
								"sounds": [
									"sounds/mdrill/mdrills"
								],
								"category": "record",
								"min_distance": 1
							},
							"sroller": {
								"category": "neutral",
								"min_distance": 0.5,
								"sounds": [
									{
										"name": "sounds/sroller/motors",
										"volume": 1,
										"load_on_low_memory": true
									}
								]
							},
							"detector": {
								"sounds": [
									"sounds/detector/carro"
								],
								"category": "neutral",
								"min_distance": 1
							},
							"hallar": {
								"sounds": [
									"sounds/detector/pitido"
								],
								"category": "neutral",
								"min_distance": 1
							},
							"aspirar": {
								"sounds": [
									"sounds/aspiradora/aspirar"
								],
								"category": "neutral",
								"min_distance": 1
							},
							"iman": {
								"sounds": [
									"sounds/iman/iman"
								],
								"category": "neutral",
								"min_distance": 1
							}
						},
						"key": "iman",
						"is_minified": true,
						"children": {
							"sounds": [
								"sounds/iman/iman"
							],
							"category": "neutral",
							"min_distance": 1
						}
					}
				]
			}
		]
	}
}