{
	"file_path": "C:\\Users\\Usuario\\AppData\\Local\\Packages\\Microsoft.MinecraftUWP_8wekyb3d8bbwe\\LocalState\\games\\com.mojang\\development_behavior_packs\\Mineral Finder v1_2 BP\\items\\ashierro.json",
	"file_type": "item",
	"format_version": 1,
	"file_uuid": "c66711fe_9ad7_4453_85d4_488b6681b2f0",
	"file_version": 9,
	"cache_content": {
		"children": [
			{
				"data": "1.19.0",
				"key": "format_version"
			},
			{
				"open": {
					"format_version": "1.19.0",
					"minecraft:item": {
						"description": {
							"identifier": "mf3:ashierro",
							"category": "items"
						},
						"components": {
							"minecraft:icon": {
								"texture": "ashierro"
							},
							"minecraft:durability": {
								"max_durability": 2000
							},
							"minecraft:use_duration": 2000,
							"minecraft:creative_category": {
								"parent": "itemGroup.name.items"
							},
							"minecraft:hand_equipped": true,
							"minecraft:allow_off_hand": true,
							"minecraft:can_destroy_in_creative": false,
							"minecraft:render_offsets": {
								"main_hand": {
									"third_person": {
										"scale": [
											0.12,
											0.12,
											0.12
										]
									},
									"first_person": {
										"scale": [
											0.039,
											0.039,
											0.039
										]
									}
								},
								"off_hand": {
									"third_person": {
										"scale": [
											0.12,
											0.12,
											0.12
										]
									},
									"first_person": {
										"scale": [
											0.039,
											0.039,
											0.039
										]
									}
								}
							},
							"minecraft:stacked_by_data": true
						}
					}
				},
				"key": "minecraft:item",
				"children": [
					{
						"open": {
							"description": {
								"identifier": "mf3:ashierro",
								"category": "items"
							},
							"components": {
								"minecraft:icon": {
									"texture": "ashierro"
								},
								"minecraft:durability": {
									"max_durability": 2000
								},
								"minecraft:use_duration": 2000,
								"minecraft:creative_category": {
									"parent": "itemGroup.name.items"
								},
								"minecraft:hand_equipped": true,
								"minecraft:allow_off_hand": true,
								"minecraft:can_destroy_in_creative": false,
								"minecraft:render_offsets": {
									"main_hand": {
										"third_person": {
											"scale": [
												0.12,
												0.12,
												0.12
											]
										},
										"first_person": {
											"scale": [
												0.039,
												0.039,
												0.039
											]
										}
									},
									"off_hand": {
										"third_person": {
											"scale": [
												0.12,
												0.12,
												0.12
											]
										},
										"first_person": {
											"scale": [
												0.039,
												0.039,
												0.039
											]
										}
									}
								},
								"minecraft:stacked_by_data": true
							}
						},
						"key": "description",
						"is_minified": true,
						"children": {
							"identifier": "mf3:ashierro",
							"category": "items"
						}
					},
					{
						"open": {
							"description": {
								"identifier": "mf3:ashierro",
								"category": "items"
							},
							"components": {
								"minecraft:icon": {
									"texture": "ashierro"
								},
								"minecraft:durability": {
									"max_durability": 2000
								},
								"minecraft:use_duration": 2000,
								"minecraft:creative_category": {
									"parent": "itemGroup.name.items"
								},
								"minecraft:hand_equipped": true,
								"minecraft:allow_off_hand": true,
								"minecraft:can_destroy_in_creative": false,
								"minecraft:render_offsets": {
									"main_hand": {
										"third_person": {
											"scale": [
												0.12,
												0.12,
												0.12
											]
										},
										"first_person": {
											"scale": [
												0.039,
												0.039,
												0.039
											]
										}
									},
									"off_hand": {
										"third_person": {
											"scale": [
												0.12,
												0.12,
												0.12
											]
										},
										"first_person": {
											"scale": [
												0.039,
												0.039,
												0.039
											]
										}
									}
								},
								"minecraft:stacked_by_data": true
							}
						},
						"key": "components",
						"children": [
							{
								"key": "minecraft:icon",
								"is_minified": true,
								"children": {
									"texture": "ashierro"
								}
							},
							{
								"key": "minecraft:durability",
								"is_minified": true,
								"children": {
									"max_durability": 2000
								}
							},
							{
								"data": "2000",
								"key": "minecraft:use_duration"
							},
							{
								"key": "minecraft:creative_category",
								"is_minified": true,
								"children": {
									"parent": "itemGroup.name.items"
								}
							},
							{
								"data": "true",
								"key": "minecraft:hand_equipped"
							},
							{
								"data": "true",
								"key": "minecraft:allow_off_hand"
							},
							{
								"data": "false",
								"key": "minecraft:can_destroy_in_creative"
							},
							{
								"key": "minecraft:render_offsets",
								"children": [
									{
										"open": {
											"main_hand": {
												"third_person": {
													"scale": [
														0.12,
														0.12,
														0.12
													]
												},
												"first_person": {
													"scale": [
														0.039,
														0.039,
														0.039
													]
												}
											},
											"off_hand": {
												"third_person": {
													"scale": [
														0.12,
														0.12,
														0.12
													]
												},
												"first_person": {
													"scale": [
														0.039,
														0.039,
														0.039
													]
												}
											}
										},
										"key": "main_hand",
										"is_minified": true,
										"children": {
											"third_person": {
												"scale": [
													0.12,
													0.12,
													0.12
												]
											},
											"first_person": {
												"scale": [
													0.039,
													0.039,
													0.039
												]
											}
										}
									},
									{
										"open": {
											"main_hand": {
												"third_person": {
													"scale": [
														0.12,
														0.12,
														0.12
													]
												},
												"first_person": {
													"scale": [
														0.039,
														0.039,
														0.039
													]
												}
											},
											"off_hand": {
												"third_person": {
													"scale": [
														0.12,
														0.12,
														0.12
													]
												},
												"first_person": {
													"scale": [
														0.039,
														0.039,
														0.039
													]
												}
											}
										},
										"key": "off_hand",
										"is_minified": true,
										"children": {
											"third_person": {
												"scale": [
													0.12,
													0.12,
													0.12
												]
											},
											"first_person": {
												"scale": [
													0.039,
													0.039,
													0.039
												]
											}
										}
									}
								]
							},
							{
								"data": "true",
								"key": "minecraft:stacked_by_data"
							}
						]
					}
				]
			}
		]
	}
}