
[
	
	{
		"pack_id" : "c2daf575-75e9-4adb-b213-80341a91d0dc",
		"version" : [ 1, 1, 1 ]
	},
	
	{
		"pack_id" : "d41916c1-581f-4989-b35d-45a96103c27c",
		"version" : [ 0, 0, 1 ]
	},
	
	{
		"pack_id" : "91585e90-c091-4c88-b591-6e67b58e0a79",
		"version" : [ 0, 0, 1 ]
	},
	
	{
		"pack_id" : "444df946-eb21-499d-b8e7-7a59774e17b5",
		"version" : [ 1, 19, 1 ]
	},
	
	{
		"pack_id" : "2c348351-5cd7-4bf0-9ae1-627a60652f12",
		"version" : [ 1, 0, 1 ]
	},
	
	{
		"pack_id" : "f9288ae8-d335-4d8c-98e9-911794f9f7b1",
		"version" : [ 0, 0, 1 ]
	},
	
	{
		"pack_id" : "43aa99c8-90c8-4c5d-bcce-252fdac46a21",
		"version" : [ 0, 0, 1 ]
	}
]
