
[
	
	{
		"pack_id" : "5db2f4ac-0b6f-4f32-bfe9-300aca215d74",
		"version" : [ 0, 0, 1 ]
	},
	
	{
		"pack_id" : "6449ae06-e116-4271-8a59-b21e8642684d",
		"version" : [ 0, 0, 1 ]
	},
	
	{
		"pack_id" : "c7987a8f-03d7-44a7-8164-6f74fac47682",
		"version" : [ 1, 1, 1 ]
	},
	
	{
		"pack_id" : "8ed03fb2-c515-40bc-b943-cbab2b89c38f",
		"version" : [ 0, 0, 1 ]
	},
	
	{
		"pack_id" : "910c8fa7-f7a0-4124-a0b1-ecb6b9165485",
		"version" : [ 0, 0, 1 ]
	},
	
	{
		"pack_id" : "f2ebf53f-7ebc-4429-b432-8789126c062d",
		"version" : [ 1, 19, 1 ]
	},
	
	{
		"pack_id" : "411316a1-d4b4-435b-9008-6774d26a7dac",
		"version" : [ 1, 0, 1 ]
	}
]
