{
	"format_version": "1.8.0",
	"animations": {
		"animation.axodrock.idle": {
			"loop": true,
			"bones": {
				"root": {
					"scale": [1, "1+math.sin(query.anim_time * 400) * -0.01", 1]
				},
				"waist": {
					"rotation": ["math.cos(query.anim_time * 400) * -0.5", "math.cos(query.anim_time * 200) * -2.5", "math.sin(query.anim_time * 200) * -2.5"]
				},
				"head": {
					"rotation": ["math.cos(query.anim_time * 400) * -0.8", 0, 0]
				},
				"leftArm": {
					"rotation": ["math.cos(query.anim_time * 400) * 2.5", 0, "-2.5+math.sin(query.anim_time * 400) * 2.5"]
				},
				"rightArm": {
					"rotation": ["math.cos(query.anim_time * 400) * -2.5", 0, "2.5+math.sin(query.anim_time * 400) * -2.5"]
				},
				"eye": {
					"position": [0, 0, 0],
					"scale": [1, 0.8, 1]
				}
			}
		},
		"animation.axodrock.eye_move": {
			"loop": true,
			"animation_length": 3,
			"bones": {
				"eye": {
					"position": {
						"0.0": {
							"post": [0, 0, 0],
							"lerp_mode": "catmullrom"
						},
						"1.4167": {
							"post": [0, 0, 0],
							"lerp_mode": "catmullrom"
						},
						"1.5417": {
							"post": [-1, 0, 0],
							"lerp_mode": "catmullrom"
						},
						"2.0": {
							"post": [-1, 0, 0],
							"lerp_mode": "catmullrom"
						},
						"2.4583": {
							"post": [0, 0, 0],
							"lerp_mode": "catmullrom"
						}
					},
					"scale": {
						"1.4167": {
							"pre": [1, 1, 1],
							"post": [1, 1, 1],
							"lerp_mode": "catmullrom"
						},
						"1.5": {
							"post": [1, 0.9, 1],
							"lerp_mode": "catmullrom"
						},
						"1.5833": {
							"post": [1, 0.8, 1],
							"lerp_mode": "catmullrom"
						},
						"2.0417": {
							"post": [1, 0.7, 1],
							"lerp_mode": "catmullrom"
						},
						"2.25": {
							"post": [1, 0.6714, 1],
							"lerp_mode": "catmullrom"
						},
						"2.375": {
							"post": [1, 1, 1],
							"lerp_mode": "catmullrom"
						}
					}
				}
			}
		},
		"animation.axodrock.walk": {
			"loop": true,
			"bones": {
				"root": {
					"position": [0, "-0.8+math.cos(query.anim_time * 800) * -0.8", 0]
				},
				"leftArm": {
					"rotation": ["math.cos(query.anim_time * 400) * -30", 0, 0]
				},
				"rightArm": {
					"rotation": ["math.cos(query.anim_time * 400) * 40", 0, 0]
				},
				"rightLeg": {
					"rotation": ["math.cos(query.anim_time * 400) * -40", 0, 0],
					"position": [0, "1+math.sin(query.anim_time * 400) * -1", 0]
				},
				"leftLeg": {
					"rotation": ["math.cos(query.anim_time * 400) * 40", 0, 0],
					"position": [0, "1+math.sin(query.anim_time * 400) * 1", 0]
				}
			}
		}
	}
}