{
	"format_version": "1.8.0",
	"animations": {
		"animation.control_of_the_drone.fix": {
			"loop": true,
			"bones": {
				"bone": {
					"position": [0, -0.2, 0],
					"scale": [1, 0.55, 1]
				}
			}
		},
		"animation.control_of_the_drone.first_person": {
			"loop": true,
			"bones": {
				"control_of_the_drone": {
					"rotation": [22.00677, -31.95004, -157.47506],
					"position": [0, 13, 5],
					"scale": 2
				}
			}
		},
		"animation.control_of_the_drone.third_person": {
			"loop": true,
			"bones": {
				"control_of_the_drone": {
					"rotation": [90, -360, -180],
					"position": [-6, 10, -5]
				}
			}
		}
	}
}