{
	"format_version": "1.8.0",
	"animations": {
		"animation.drone.fix": {
			"loop": true,
			"bones": {
				"bone": {
					"position": [0, 0, 0]
				},
				"bone2": {
					"position": [0, -0.1, 0],
					"scale": [1, 0.5, 1]
				},
				"bone3": {
					"rotation": [0, 0, 0]
				},
				"bone6": {
					"position": [0, -0.1, 0],
					"scale": [1, 0.5, 1]
				},
				"bone9": {
					"position": [0, -0.1, 0],
					"scale": [1, 0.5, 1]
				},
				"bone10": {
					"position": [0, 0, 0]
				},
				"bone12": {
					"position": [0, -0.1, 0],
					"scale": [1, 0.5, 1]
				}
			}
		},
		"animation.drone.fly": {
			"loop": true,
			"animation_length": 0.15,
			"bones": {
				"bone3": {
					"rotation": {
						"0.0": [0, 0, 0],
						"0.15": [0, 360, 0]
					}
				},
				"bone5": {
					"rotation": {
						"0.0": [0, 0, 0],
						"0.15": [0, 360, 0]
					}
				},
				"bone8": {
					"rotation": {
						"0.0": [0, 0, 0],
						"0.15": [0, 360, 0]
					}
				},
				"bone11": {
					"rotation": {
						"0.0": [0, 0, 0],
						"0.15": [0, 360, 0]
					}
				}
			}
		},
		"animation.drone.fly2": {
			"loop": true,
			"bones": {
				"drone": {
					"position": [0, "math.sin(query.anim_time * 100) * 0.35", 0]
				}
			}
		},
		"animation.drone.fly3": {
			"loop": true,
			"bones": {
				"drone": {
					"rotation": ["math.cos(query.anim_time * 100) * -2.5", "math.cos(query.anim_time * 100) * -2.5", "math.sin(query.anim_time * 100) * -2.5"]
				}
			}
		}
	}
}