{
	"format_version": "1.8.0",
	"animations": {
		"animation.jumbo_josh.4": {
			"loop": true,
			"bones": {
				"waist": {
					"rotation": [80, 0, 0],
					"position": [0, 2, 4]
				},
				"bone": {
					"rotation": [-65, 0, 0],
					"position": [0, -2, 3.4]
				},
				"head": {
					"rotation": [-2.5, 0, 0]
				},
				"bone7": {
					"rotation": [-12.5, 0, 0]
				},
				"bone8": {
					"rotation": [-9.26433, 11.84911, 51.53653],
					"position": [1, -4.3, -1],
					"scale": 1
				},
				"bone9": {
					"rotation": [0, 0, -37.5]
				},
				"bone10": {
					"rotation": [0, 0, -17.5],
					"position": [0, -1, 0]
				},
				"bone11": {
					"rotation": [-9.26433, -11.84911, -51.53653],
					"position": [-1, -4.3, -1]
				},
				"bone12": {
					"rotation": [0, 0, 37.5]
				},
				"bone13": {
					"rotation": [0, 0, 17.5],
					"position": [0, -1, 0]
				},
				"root": {
					"position": [0, 0, 16]
				}
			}
		},
		"animation.jumbo_josh.idle": {
			"loop": true,
			"bones": {
				"root": {
					"scale": [1, "1+math.cos(query.anim_time * 100) * -0.005", 1]
				}
			}
		},
		"animation.jumbo_josh.walk": {
			"loop": true,
			"bones": {
				"root": {
					"rotation": [0, "math.sin(query.anim_time * 200) * -5", 0],
					"position": [0, "-1+math.cos(query.anim_time * 400) * -1", 0]
				},
				"bone8": {
					"rotation": ["math.cos(query.anim_time * 200) * 20", "math.cos(query.anim_time * 200) * -20", 0],
					"position": [0, "2.5+math.sin(query.anim_time * 200) * 2.5", 0]
				},
				"bone11": {
					"rotation": ["math.cos(query.anim_time * 200) * -20", "math.cos(query.anim_time * 200) * -20", 0],
					"position": [0, "2.5+math.sin(query.anim_time * 200) * -2.5", 0]
				},
				"bone3": {
					"rotation": ["math.cos(query.anim_time * 200) * 40", 0, 0],
					"position": [0, "1+math.sin(query.anim_time * 200) * 1", 0]
				},
				"bone2": {
					"rotation": ["math.cos(query.anim_time * 200) * -40", 0, 0],
					"position": [0, "1+math.sin(query.anim_time * 200) * -1", 0]
				}
			}
		},
		"animation.jumbo_josh.attack": {
			"loop": true,
			"animation_length": 0.5,
			"bones": {
				"bone11": {
					"rotation": {
						"0.0": {
							"post": [0, 0, 0],
							"lerp_mode": "catmullrom"
						},
						"0.1667": {
							"post": [0, 0, -52.5],
							"lerp_mode": "catmullrom"
						},
						"0.25": {
							"post": [-50, 0, 72],
							"lerp_mode": "catmullrom"
						},
						"0.3333": {
							"post": [0, 0, 0],
							"lerp_mode": "catmullrom"
						}
					}
				},
				"bone12": {
					"rotation": {
						"0.0": {
							"post": [0, 0, 0],
							"lerp_mode": "catmullrom"
						},
						"0.0833": {
							"post": [0, 0, -2.5],
							"lerp_mode": "catmullrom"
						},
						"0.1667": {
							"post": [0, 0, -22.5],
							"lerp_mode": "catmullrom"
						},
						"0.2917": {
							"post": [0, 0, 15],
							"lerp_mode": "catmullrom"
						},
						"0.4167": {
							"post": [0, 0, 0],
							"lerp_mode": "catmullrom"
						}
					}
				}
			}
		},
		"animation.jumbo_josh.special_attack": {
			"loop": true,
			"animation_length": 1.08333,
			"bones": {
				"waist": {
					"rotation": {
						"0.0": {
							"post": [0, 0, 0],
							"lerp_mode": "catmullrom"
						},
						"0.1667": {
							"post": [27.03, 0, 0],
							"lerp_mode": "catmullrom"
						},
						"0.3333": {
							"post": [-15, 0, 0],
							"lerp_mode": "catmullrom"
						},
						"0.5417": {
							"post": [-47.5, 0, 0],
							"lerp_mode": "catmullrom"
						},
						"0.7083": {
							"post": [25, 0, 0],
							"lerp_mode": "catmullrom"
						},
						"0.9167": {
							"post": [0, 0, 0],
							"lerp_mode": "catmullrom"
						}
					}
				},
				"bone": {
					"rotation": {
						"0.0": {
							"post": [0, 0, 0],
							"lerp_mode": "catmullrom"
						},
						"0.125": {
							"post": [30.86, 0, 0],
							"lerp_mode": "catmullrom"
						},
						"0.375": {
							"post": [0.32, 0, 0],
							"lerp_mode": "catmullrom"
						},
						"0.9583": {
							"post": [0, 0, 0],
							"lerp_mode": "catmullrom"
						}
					}
				},
				"bone8": {
					"rotation": {
						"0.0": {
							"post": [0, 0, 0],
							"lerp_mode": "catmullrom"
						},
						"0.2083": {
							"post": [0, 30, 0],
							"lerp_mode": "catmullrom"
						},
						"0.4583": {
							"post": [0, 197.5, 0],
							"lerp_mode": "catmullrom"
						},
						"0.7083": {
							"post": [0, 80, 0],
							"lerp_mode": "catmullrom"
						},
						"0.9583": {
							"post": [0, 0, 0],
							"lerp_mode": "catmullrom"
						}
					},
					"position": {
						"0.0": {
							"post": [0, 0, 0],
							"lerp_mode": "catmullrom"
						},
						"0.4583": {
							"post": [0, 5.95, 2.96],
							"lerp_mode": "catmullrom"
						},
						"0.7917": {
							"post": [0, 4.13, -2.12],
							"lerp_mode": "catmullrom"
						},
						"1.0": {
							"post": [0, 0, 0],
							"lerp_mode": "catmullrom"
						}
					}
				},
				"bone11": {
					"rotation": {
						"0.0": {
							"post": [0, 0, 0],
							"lerp_mode": "catmullrom"
						},
						"0.125": {
							"post": [0, -42.5, 0],
							"lerp_mode": "catmullrom"
						},
						"0.5417": {
							"post": [0, -180, 0],
							"lerp_mode": "catmullrom"
						},
						"0.75": {
							"post": [0, -57.5, 0],
							"lerp_mode": "catmullrom"
						},
						"1.0417": {
							"post": [0, 0, 0],
							"lerp_mode": "catmullrom"
						}
					},
					"position": {
						"0.2083": {
							"pre": [0, 0, 0],
							"post": [0, 0, 0],
							"lerp_mode": "catmullrom"
						},
						"0.4167": {
							"post": [0, 5, 0],
							"lerp_mode": "catmullrom"
						},
						"1.0417": {
							"post": [0, 0, 0],
							"lerp_mode": "catmullrom"
						}
					}
				}
			}
		},
		"animation.jumbo_josh.death": {
			"loop": "hold_on_last_frame",
			"animation_length": 2,
			"bones": {
				"root": {
					"rotation": {
						"0.0": {
							"post": [0, 0, 0],
							"lerp_mode": "catmullrom"
						},
						"0.4583": {
							"post": [0, 0, 0],
							"lerp_mode": "catmullrom"
						},
						"1.0": {
							"post": [7.5, 0, 0],
							"lerp_mode": "catmullrom"
						},
						"1.375": {
							"post": [15, 0, 0],
							"lerp_mode": "catmullrom"
						},
						"1.4583": {
							"post": [10, 0, 0],
							"lerp_mode": "catmullrom"
						},
						"1.5833": [15, 0, 0]
					},
					"position": {
						"0.0": [0, 0, 0],
						"1.0": [0, 0, 0],
						"1.2917": [0, -8, 0]
					}
				},
				"waist": {
					"rotation": {
						"0.0": {
							"post": [0, 0, 0],
							"lerp_mode": "catmullrom"
						},
						"0.25": {
							"post": [10, 0, 0],
							"lerp_mode": "catmullrom"
						},
						"0.6667": [0, 0, 0]
					}
				},
				"bone": {
					"rotation": {
						"0.0": {
							"post": [0, 0, 0],
							"lerp_mode": "catmullrom"
						},
						"0.8333": {
							"post": [0, 0, 0],
							"lerp_mode": "catmullrom"
						},
						"1.3333": [60, 0, 0]
					},
					"position": {
						"0.0": {
							"post": [0, 0, 0],
							"lerp_mode": "catmullrom"
						},
						"0.75": {
							"post": [0, 0, 0],
							"lerp_mode": "catmullrom"
						},
						"1.0833": [0, 0, -3]
					}
				},
				"bone7": {
					"rotation": {
						"0.0": {
							"post": [0, 0, 0],
							"lerp_mode": "catmullrom"
						},
						"0.1667": {
							"post": [20, 0, 0],
							"lerp_mode": "catmullrom"
						},
						"0.5417": {
							"post": [-5, 0, 0],
							"lerp_mode": "catmullrom"
						},
						"0.9583": {
							"post": [-1.66, 0, 0],
							"lerp_mode": "catmullrom"
						},
						"1.0833": {
							"post": [-20.27, 0, 0],
							"lerp_mode": "catmullrom"
						},
						"1.2083": {
							"post": [-25.05, 0, 0],
							"lerp_mode": "catmullrom"
						},
						"1.2917": {
							"post": [40, 0, 0],
							"lerp_mode": "catmullrom"
						},
						"1.375": {
							"post": [5, 0, 0],
							"lerp_mode": "catmullrom"
						},
						"1.4583": [25, 0, 0]
					}
				},
				"head": {
					"rotation": {
						"0.0": {
							"post": [0, 0, 0],
							"lerp_mode": "catmullrom"
						},
						"0.125": {
							"post": [-2.5, 0, 0],
							"lerp_mode": "catmullrom"
						},
						"0.25": {
							"post": [5, 0, 0],
							"lerp_mode": "catmullrom"
						},
						"0.5833": [-12.5, 0, 0]
					}
				},
				"bone8": {
					"rotation": {
						"0.0": {
							"post": [0, 0, 0],
							"lerp_mode": "catmullrom"
						},
						"0.9583": {
							"post": [0, 0, 0],
							"lerp_mode": "catmullrom"
						},
						"1.2083": [0, 150, 0]
					},
					"position": {
						"0.0": {
							"post": [0, 0, 0],
							"lerp_mode": "catmullrom"
						},
						"0.8333": {
							"post": [0, 0, 0],
							"lerp_mode": "catmullrom"
						},
						"1.2917": [0, 8, 0]
					}
				},
				"bone11": {
					"rotation": {
						"1.0417": [0, 0, 0],
						"1.25": [10, 10, -67.5]
					}
				},
				"bone3": {
					"rotation": {
						"0.0": {
							"post": [0, 0, 0],
							"lerp_mode": "catmullrom"
						},
						"1.0": {
							"post": [0, 0, 0],
							"lerp_mode": "catmullrom"
						},
						"1.125": [81.60822, 36.89628, -1.33312]
					}
				},
				"bone2": {
					"rotation": {
						"0.0": {
							"post": [0, 0, 0],
							"lerp_mode": "catmullrom"
						},
						"0.9583": {
							"post": [0, 0, 0],
							"lerp_mode": "catmullrom"
						},
						"1.1667": {
							"post": [45, 0, 0],
							"lerp_mode": "catmullrom"
						},
						"1.2917": [72.80788, -28.87909, 8.49878]
					}
				}
			}
		}
	}
}