{
	"format_version": "1.8.0",
	"animations": {
		"animation.opila_bird.pose": {
			"loop": true,
			"bones": {
				"bone10": {
					"rotation": [0, 5, 0]
				},
				"bone11": {
					"rotation": [116.47801, 84.43866, 117.07157],
					"position": [0, 0, 0]
				},
				"head": {
					"rotation": [0, -45, 0]
				},
				"bone": {
					"rotation": [0, 0, -30]
				},
				"bone2": {
					"rotation": [0, 0, 27.5]
				}
			}
		},
		"animation.opila_bird.idle": {
			"loop": true,
			"bones": {
				"root": {
					"scale": [1, "1+math.sin(query.anim_time * 100) * -0.005", 1]
				}
			}
		},
		"animation.opila_bird.walk": {
			"loop": true,
			"bones": {
				"root": {
					"position": [0, "-0.3+math.cos(query.anim_time * 800) * -0.3", 0],
					"scale": [1, "1+math.sin(query.anim_time * 800) * 0.01", 1]
				},
				"bone10": {
					"rotation": ["math.cos(query.anim_time * 400) * -2.5", 0, 0]
				},
				"bone6": {
					"rotation": ["20+math.sin(query.anim_time * 400) * -20", 0, 0]
				},
				"bone7": {
					"rotation": ["-20+math.sin(query.anim_time * 400) * 20", 0, 0]
				},
				"bone8": {
					"rotation": [0, 0, "math.sin(query.anim_time * 400) * -5"]
				},
				"bone": {
					"rotation": [0, 0, "math.cos(query.anim_time * 400) * 40"]
				},
				"bone2": {
					"rotation": [0, 0, "math.cos(query.anim_time * 400) * -40"]
				}
			}
		},
		"animation.opila_bird.scream": {
			"loop": true,
			"bones": {
				"bone10": {
					"rotation": ["math.sin(query.anim_time * 1500) * -2.5", 0, "math.cos(query.anim_time * 1500) * -10"]
				},
				"head": {
					"rotation": [0, 0, "math.cos(query.anim_time * 1500) * 5"]
				},
				"bone5": {
					"rotation": [0, 0, 2.5]
				},
				"bone4": {
					"rotation": [0, 0, -50]
				},
				"bone11": {
					"rotation": [0, 0, "math.sin(query.anim_time * 1500) * -5"]
				}
			}
		},
		"animation.opila_bird.roar": {
			"loop": true,
			"animation_length": 1.375,
			"bones": {
				"bone10": {
					"rotation": {
						"0.0": {
							"post": [0, 0, 0],
							"lerp_mode": "catmullrom"
						},
						"0.0417": {
							"post": [0, 0, -32.5],
							"lerp_mode": "catmullrom"
						},
						"0.1667": {
							"post": [0, 0, -52.5],
							"lerp_mode": "catmullrom"
						},
						"0.375": {
							"post": [0, 0, 22.5],
							"lerp_mode": "catmullrom"
						},
						"0.5833": {
							"post": [0, 0, -4.54],
							"lerp_mode": "catmullrom"
						},
						"0.8333": {
							"post": [0, 0, -20],
							"lerp_mode": "catmullrom"
						},
						"1.2917": [0, 0, 0]
					}
				},
				"bone11": {
					"rotation": {
						"0.0833": {
							"pre": [0, 0, 0],
							"post": [0, 0, 0],
							"lerp_mode": "catmullrom"
						},
						"0.25": {
							"post": [0, 0, -20],
							"lerp_mode": "catmullrom"
						},
						"0.5": {
							"post": [0, 0, -7.5],
							"lerp_mode": "catmullrom"
						},
						"1.2917": [0, 0, 0]
					}
				},
				"head": {
					"rotation": {
						"0.0833": {
							"pre": [0, 0, 0],
							"post": [0, 0, 0],
							"lerp_mode": "catmullrom"
						},
						"0.25": {
							"post": [0, 0, -27.5],
							"lerp_mode": "catmullrom"
						},
						"0.4583": {
							"post": [0, 0, 43.73],
							"lerp_mode": "catmullrom"
						},
						"0.875": {
							"post": [0, 0, 25],
							"lerp_mode": "catmullrom"
						},
						"1.2917": [0, 0, 15],
						"1.375": [0, 0, 0]
					}
				},
				"bone5": {
					"rotation": {
						"0.0": [0, 0, 0],
						"0.2083": [0, 0, 0],
						"0.375": [0, 0, 17.5],
						"1.2917": [0, 0, 0]
					}
				},
				"bone4": {
					"rotation": {
						"0.0": {
							"post": [0, 0, 0],
							"lerp_mode": "catmullrom"
						},
						"0.4167": {
							"post": [0, 0, -35],
							"lerp_mode": "catmullrom"
						},
						"1.0417": {
							"post": [0, 0, -52.5],
							"lerp_mode": "catmullrom"
						},
						"1.2917": [0, 0, 0]
					}
				}
			},
			"sound_effects": {
				"0.0": {
					"effect": "scream"
				}
			}
		},
		"animation.opila_bird.death": {
			"loop": "hold_on_last_frame",
			"animation_length": 2.45833,
			"bones": {
				"root": {
					"rotation": {
						"0.0": {
							"post": [0, 0, 0],
							"lerp_mode": "catmullrom"
						},
						"0.2917": {
							"post": [-5, 0, 0],
							"lerp_mode": "catmullrom"
						},
						"0.625": {
							"post": [12.5, 0, 0],
							"lerp_mode": "catmullrom"
						},
						"0.9583": {
							"post": [-12.5, 0, 0],
							"lerp_mode": "catmullrom"
						},
						"1.6667": {
							"post": [10, 0, 0],
							"lerp_mode": "catmullrom"
						},
						"2.0417": {
							"post": [90, 0, 0],
							"lerp_mode": "catmullrom"
						},
						"2.1667": [92.5, 0, 0]
					},
					"position": {
						"1.5417": [0, 0, 0],
						"1.7917": [0, 0, 0],
						"2.0417": [-10, 6, 0]
					}
				},
				"bone10": {
					"rotation": {
						"0.0": {
							"post": [0, 0, 0],
							"lerp_mode": "catmullrom"
						},
						"0.25": {
							"post": [0, 0, -33.33],
							"lerp_mode": "catmullrom"
						},
						"0.375": {
							"post": [0, 0, -47.5],
							"lerp_mode": "catmullrom"
						},
						"0.5417": {
							"post": [0, 0, -45],
							"lerp_mode": "catmullrom"
						},
						"0.75": {
							"post": [0, 0, 12.5],
							"lerp_mode": "catmullrom"
						},
						"1.2917": {
							"post": [0.56821, 0, 15.77139],
							"lerp_mode": "catmullrom"
						},
						"1.75": {
							"post": [-32.5, 0, 12.5],
							"lerp_mode": "catmullrom"
						},
						"1.875": {
							"post": [-57.06676, 0, 12.29554],
							"lerp_mode": "catmullrom"
						},
						"2.0": {
							"post": [-47.5, 0, 12.5],
							"lerp_mode": "catmullrom"
						},
						"2.125": [12.5, 0, 12.5]
					}
				},
				"bone11": {
					"rotation": {
						"0.0": {
							"post": [0, 0, 0],
							"lerp_mode": "catmullrom"
						},
						"0.5417": {
							"post": [0, 0, -7.5],
							"lerp_mode": "catmullrom"
						},
						"0.6667": {
							"post": [0, 0, -15],
							"lerp_mode": "catmullrom"
						},
						"0.875": {
							"post": [0, 0, 10],
							"lerp_mode": "catmullrom"
						},
						"1.375": {
							"post": [-3.02, 0, 10.4],
							"lerp_mode": "catmullrom"
						},
						"1.75": {
							"post": [-22.5, 0, 10],
							"lerp_mode": "catmullrom"
						},
						"1.9583": [0, 0, 10]
					}
				},
				"head": {
					"rotation": {
						"0.0": {
							"post": [0, 0, 0],
							"lerp_mode": "catmullrom"
						},
						"0.6667": {
							"post": [0, 0, -20],
							"lerp_mode": "catmullrom"
						},
						"0.8333": {
							"post": [0, 0, 12.5],
							"lerp_mode": "catmullrom"
						},
						"1.0": {
							"post": [0, 0, 30],
							"lerp_mode": "catmullrom"
						},
						"1.2083": {
							"post": [16.05095, 0, 31.63203],
							"lerp_mode": "catmullrom"
						},
						"1.4583": {
							"post": [3.44183, 0, 30.89809],
							"lerp_mode": "catmullrom"
						},
						"1.7917": {
							"post": [-32.5, 0, 30],
							"lerp_mode": "catmullrom"
						},
						"2.2917": [-2.5, 0, 30]
					}
				},
				"bone4": {
					"rotation": {
						"0.0": {
							"post": [0, 0, 0],
							"lerp_mode": "catmullrom"
						},
						"0.375": {
							"post": [0, 0, 0],
							"lerp_mode": "catmullrom"
						},
						"0.875": [0, 0, -50]
					}
				},
				"bone6": {
					"rotation": {
						"0.0": {
							"post": [0, 0, 0],
							"lerp_mode": "catmullrom"
						},
						"0.6667": {
							"post": [2.5, 0, 0],
							"lerp_mode": "catmullrom"
						},
						"0.9167": {
							"post": [27.5, 0, 0],
							"lerp_mode": "catmullrom"
						},
						"1.5417": {
							"post": [52.5, 0, 0],
							"lerp_mode": "catmullrom"
						},
						"1.75": {
							"post": [80, 0, 0],
							"lerp_mode": "catmullrom"
						},
						"2.0417": {
							"post": [112.5, 0, 0],
							"lerp_mode": "catmullrom"
						},
						"2.2083": {
							"post": [22.5, 0, 0],
							"lerp_mode": "catmullrom"
						},
						"2.2917": [0, 0, 0]
					}
				},
				"bone7": {
					"rotation": {
						"0.0": {
							"post": [0, 0, 0],
							"lerp_mode": "catmullrom"
						},
						"0.875": {
							"post": [-37.5, 0, 0],
							"lerp_mode": "catmullrom"
						},
						"1.75": {
							"post": [-17.5, 0, 0],
							"lerp_mode": "catmullrom"
						},
						"2.1667": [0, 0, 0]
					}
				},
				"bone": {
					"rotation": {
						"0.0": {
							"post": [0, 0, 0],
							"lerp_mode": "catmullrom"
						},
						"0.625": {
							"post": [15, 0, 0],
							"lerp_mode": "catmullrom"
						},
						"0.7917": {
							"post": [27.5, 0, 0],
							"lerp_mode": "catmullrom"
						},
						"0.875": {
							"post": [10, 0, 0],
							"lerp_mode": "catmullrom"
						},
						"1.875": {
							"post": [37.5, 0, 0],
							"lerp_mode": "catmullrom"
						},
						"2.0417": {
							"post": [55, 0, 0],
							"lerp_mode": "catmullrom"
						},
						"2.2083": [-38.97147, -15.24561, -27.23387]
					}
				},
				"bone2": {
					"rotation": {
						"0.0": {
							"post": [-2.5, 0, 0],
							"lerp_mode": "catmullrom"
						},
						"0.5417": {
							"post": [-10.94, 0, 0],
							"lerp_mode": "catmullrom"
						},
						"0.875": {
							"post": [-7.35, 0, 0],
							"lerp_mode": "catmullrom"
						},
						"1.0833": {
							"post": [-22.5, 0, 0],
							"lerp_mode": "catmullrom"
						},
						"1.6667": {
							"post": [-7.5, 0, 0],
							"lerp_mode": "catmullrom"
						},
						"2.0833": {
							"post": [15, 0, 0],
							"lerp_mode": "catmullrom"
						},
						"2.2917": [-17.5, 0, 0]
					}
				}
			},
			"sound_effects": {
				"0.2083": {
					"effect": "opila_bird_scream"
				}
			}
		},
		"animation.opila_bird.planer": {
			"loop": true,
			"bones": {
				"bone6": {
					"rotation": ["50+math.cos(query.anim_time * 1300) * -50", 0, 0]
				},
				"bone7": {
					"rotation": ["-50+math.cos(query.anim_time * 1300) * 50", 0, 0]
				}
			}
		},
		"animation.opila_bird.climb": {
			"loop": true,
			"bones": {
				"root": {
					"rotation": [-92.5, 90, 90],
					"position": [0, 8, -8]
				}
			}
		}
	}
}