{"mob.jumpscare1.attack":{"category":"hostile","max_distance":80,"sounds":["sounds/mob/rf_jumpscare"]},"mob.jumpscare2.attack":{"category":"hostile","max_distance":80,"sounds":["sounds/mob/rf_jumpscare2"]},"mob.yg_blue.ambient":{"max_distance":80,"sounds":["sounds/mob/blue_idle","sounds/mob/blue_idle2","sounds/mob/blue_idle3"]},"mob.yg_blue.death":{"category":" neutral","sounds":["sounds/mob/blue_death"]},"mob.yg_blue.hurt":{"category":" neutral","sounds":["sounds/mob/blue_hurt"]},"mob.yg_blue.step":{"max_distance":80,"sounds":["sounds/mob/blue_step","sounds/mob/blue_step2","sounds/mob/blue_step3","sounds/mob/blue_step4"]},"mob.yg_blue.seen":{"max_distance":80,"sounds":["sounds/mob/blue_seen"]},"mob.yg_cyan.ambient":{"max_distance":80,"sounds":["sounds/mob/cyan_idle"]},"mob.yg_green.ambient":{"max_distance":80,"sounds":["sounds/mob/green_idle"]},"mob.yg_green.step":{"max_distance":80,"sounds":["sounds/mob/green_step"]},"mob.yg_green.seen":{"max_distance":80,"sounds":["sounds/mob/green_seen"]},"mob.yg_orange.ambient":{"max_distance":80,"sounds":["sounds/mob/orange_idle"]},"mob.yg_orange.step":{"max_distance":80,"sounds":["sounds/mob/orange_step"]},"mob.yg_orange.seen":{"max_distance":80,"sounds":["sounds/mob/orange_seen"]}}