{
	"format_version": "1.8.0",
	"animations": {
		"animation.4_head_skibidi_toilet.walk": {
			"loop": true,
			"animation_length": 0.96,
			"bones": {
				"Head": {
					"rotation": {
						"0.0": [
							0,
							0,
							0
						],
						"0.08": [
							5,
							0,
							0
						],
						"0.28": [
							4.92442,
							0.86717,
							-9.96271
						],
						"0.56": [
							4.95744,
							-0.65182,
							7.47178
						]
					}
				},
				"Head4": {
					"rotation": {
						"0.0": [
							-15,
							0,
							0
						],
						"0.16": [
							-7.5,
							0,
							0
						],
						"0.64": [
							-7.62261,
							1.93597,
							-7.24721
						],
						"0.8": [
							9.87739,
							1.93597,
							-7.24721
						]
					},
					"position": {
						"0.0": [
							0,
							0,
							3
						],
						"0.8": [
							0,
							0,
							-1
						]
					}
				},
				"Head3": {
					"rotation": {
						"0.0": [
							-5,
							0,
							0
						],
						"0.4": [
							12.5,
							0,
							0
						],
						"0.8": [
							-7.5,
							0,
							0
						]
					},
					"position": {
						"0.4": [
							2,
							0,
							-2
						],
						"0.8": [
							2,
							0,
							1
						]
					}
				},
				"Head2": {
					"rotation": {
						"0.0": [
							0,
							0,
							-12.5
						],
						"0.08": [
							0,
							0,
							2.5
						],
						"0.56": [
							0,
							0,
							-2.5
						]
					},
					"position": {
						"0.0": [
							-3,
							0,
							0
						],
						"0.12": [
							0,
							0,
							0
						]
					}
				}
			}
		},
		"animation.4_head_skibidi_toilet.idle": {
			"loop": true,
			"animation_length": 0.48,
			"bones": {
				"Head": {
					"rotation": {
						"0.08": [
							0,
							0,
							-10
						],
						"0.16": [
							0,
							0,
							12.5
						],
						"0.24": [
							0,
							0,
							-7.5
						]
					},
					"position": [
						0,
						-1,
						0
					]
				},
				"Head4": {
					"rotation": {
						"0.0": [
							-7.5,
							0,
							0
						],
						"0.2": [
							10,
							0,
							0
						]
					},
					"position": {
						"0.0": [
							0,
							0,
							2
						],
						"0.2": [
							0,
							0,
							-1
						]
					}
				},
				"Head3": {
					"rotation": {
						"0.0": [
							0,
							0,
							10
						],
						"0.2": [
							0,
							0,
							-12.5
						]
					},
					"position": {
						"0.0": [
							3,
							-1,
							0
						],
						"0.24": [
							-2,
							0,
							0
						]
					}
				},
				"Head2": {
					"rotation": {
						"0.0": [
							0,
							0,
							0
						],
						"0.04": [
							0,
							0,
							-15
						]
					},
					"position": {
						"0.0": [
							-1,
							0,
							0
						],
						"0.04": [
							-4,
							0,
							0
						]
					}
				}
			}
		},
		"animation.4_head_skibidi_toilet.attack": {
			"animation_length": 1,
			"bones": {
				"Head": {
					"rotation": {
						"0.0": [
							12.5,
							0,
							0
						],
						"0.76": [
							37.5,
							0,
							0
						]
					},
					"position": {
						"0.0": [
							0,
							3,
							-1
						],
						"0.76": [
							0,
							7,
							-10
						]
					},
					"scale": {
						"0.0": [
							1,
							1.1,
							1
						],
						"0.08": [
							1,
							1.2,
							1
						],
						"0.24": [
							1,
							1.7,
							1
						]
					}
				},
				"Head4": {
					"rotation": {
						"0.0": [
							5,
							0,
							0
						],
						"0.76": [
							37.5,
							0,
							0
						]
					},
					"position": {
						"0.0": [
							0,
							0,
							-1
						],
						"0.76": [
							0,
							0,
							-8
						]
					},
					"scale": {
						"0.0": [
							1,
							1,
							1
						],
						"0.48": [
							1,
							1.6,
							1
						]
					}
				},
				"Head3": {
					"rotation": {
						"0.0": [
							10,
							0,
							0
						],
						"0.68": [
							40,
							0,
							0
						]
					},
					"position": {
						"0.0": [
							2,
							-1,
							-2
						],
						"0.68": [
							2,
							-1,
							-15
						]
					},
					"scale": {
						"0.0": [
							1,
							1,
							1
						],
						"0.16": [
							1,
							1.2,
							1
						],
						"0.6": [
							1,
							1.8,
							1
						]
					}
				},
				"Head2": {
					"rotation": {
						"0.0": [
							7.5,
							0,
							0
						],
						"0.88": [
							42.5,
							0,
							0
						]
					},
					"position": {
						"0.0": [
							0,
							0,
							-3
						],
						"0.88": [
							0,
							0,
							-9
						]
					},
					"scale": {
						"0.0": [
							1,
							1,
							1
						],
						"0.36": [
							1,
							1.3,
							1
						]
					}
				}
			}
		}
	}
}