{
	"format_version": "1.8.0",
	"animations": {
		"animation.skibidi_toilet.walk": {
			"loop": true,
			"animation_length": 0.4,
			"bones": {
				"Head": {
					"rotation": {
						"0.0": [
							0,
							0,
							-5
						],
						"0.04": [
							0,
							0,
							15
						],
						"0.08": [
							5,
							0,
							5
						],
						"0.24": [
							5,
							0,
							1.25
						],
						"0.32": [
							0,
							0,
							-12.5
						],
						"0.4": [
							0,
							0,
							22.5
						]
					},
					"position": {
						"0.0": [
							-1,
							0,
							0
						],
						"0.04": [
							2,
							0.5,
							0
						],
						"0.08": [
							1,
							1,
							0
						],
						"0.16": [
							1,
							0,
							0
						],
						"0.24": [
							0.5,
							1,
							0
						],
						"0.28": [
							-0.75,
							-0.5,
							0
						],
						"0.32": [
							-2,
							-2,
							0
						],
						"0.4": [
							4,
							-2,
							0
						]
					}
				}
			}
		},
		"animation.skibidi_toilet.idle": {
			"loop": true,
			"animation_length": 0.48,
			"bones": {
				"Head": {
					"rotation": {
						"0.08": [
							10,
							0,
							0
						],
						"0.24": [
							9.54589,
							2.99318,
							-17.25002
						],
						"0.4": [
							9.6658,
							-2.57594,
							14.78217
						]
					},
					"position": {
						"0.0": [
							0,
							1,
							0
						],
						"0.08": [
							0,
							1,
							-3
						],
						"0.24": [
							-3,
							1,
							-3
						],
						"0.4": [
							2,
							1,
							-3
						]
					}
				}
			}
		},
		"animation.skibidi_toilet.attack": {
			"animation_length": 0.72,
			"bones": {
				"Head": {
					"rotation": {
						"0.0": [
							2.5,
							0,
							0
						],
						"0.04": [
							10,
							0,
							0
						],
						"0.12": [
							15,
							0,
							0
						],
						"0.28": [
							25,
							0,
							0
						]
					},
					"position": {
						"0.0": [
							0,
							0,
							0
						],
						"0.04": [
							0,
							1,
							-1
						],
						"0.12": [
							0,
							1,
							-2
						],
						"0.28": [
							0,
							1,
							-5
						],
						"0.36": [
							0,
							6,
							-9
						]
					},
					"scale": {
						"0.0": [
							1,
							1,
							1
						],
						"0.2": [
							1,
							1.2,
							1
						],
						"0.36": [
							1,
							1.7,
							1
						]
					}
				}
			}
		}
	}
}