{
  "resource_pack_name": "domestic_moba",
  "texture_name": "atlas.items",
  "texture_data": {
    "mdz:gazel_key": {
      "textures": [
        "textures/items/gazel_key"
      ]
    },
    "mdz:gazel": {
      "textures": [
        "textures/items/gazel"
      ]
    },
    "mdz:door_open": {
      "textures": [
        "textures/items/door_open"
      ]
    },
    "mdz:door_close": {
      "textures": [
        "textures/items/door_close"
      ]
    },
    "mdz:color1": {
      "textures": [
        "textures/items/color1"
      ]
    },
    "mdz:color2": {
      "textures": [
        "textures/items/color2"
      ]
    },
    "mdz:color3": {
      "textures": [
        "textures/items/color3"
      ]
    },
    "mdz:color4": {
      "textures": [
        "textures/items/color4"
      ]
    },

    "mdz:lights_on": {
      "textures": [
        "textures/items/lights_on"
      ]
    },
    "mdz:lights_off": {
      "textures": [
        "textures/items/lights_off"
      ]
    },

    "mdz:speed1": {
      "textures": [
        "textures/items/speed/speed1"
      ]
    },
    "mdz:speed2": {
      "textures": [
        "textures/items/speed/speed2"
      ]
    },
    "mdz:speed3": {
      "textures": [
        "textures/items/speed/speed3"
      ]
    },
    "mdz:speed4": {
      "textures": [
        "textures/items/speed/speed4"
      ]
    },
    "mdz:speed5": {
      "textures": [
        "textures/items/speed/speed5"
      ]
    },
    "mdz:speed6": {
      "textures": [
        "textures/items/speed/speed6"
      ]
    }
  }
}