{"entity_sounds":{"entities":{"yg:blue":{"events":{"attack":{"pitch":1,"sound":"mob.jumpscare.attack","volume":50},"step":{"pitch":1,"sound":"mob.blue.step","volume":10},"ambient":"mob.yg_blue.ambient"},"pitch":[1],"volume":50},"yg:green":{"events":{"attack":{"pitch":1,"sound":"mob.jumpscare.attack","volume":50},"step":{"pitch":1,"sound":"mob.green.step","volume":10}},"pitch":[1],"volume":50},"yg:orange":{"events":{"attack":{"pitch":1,"sound":"mob.jumpscare.attack","volume":50},"ambient":"mob.yg_orange.ambient"},"pitch":[1],"volume":50},"yg:purple":{"events":{"attack":{"pitch":1,"sound":"mob.jumpscare.attack","volume":50}},"pitch":[1],"volume":50},"yg:purplefm":{"events":{"attack":{"pitch":1,"sound":"mob.jumpscare.attack","volume":50}},"pitch":[1],"volume":50},"yg:red":{"events":{"attack":{"pitch":1,"sound":"mob.jumpscare.attack","volume":50}},"pitch":[1],"volume":50},"yg:pink":{"events":{"attack":{"pitch":1,"sound":"mob.jumpscare.attack","volume":50}},"pitch":[1],"volume":50},"yg:yellow":{"events":{"attack":{"pitch":1,"sound":"mob.jumpscare.attack","volume":50}},"pitch":[1],"volume":50},"yg:lime":{"events":{"attack":{"pitch":1,"sound":"mob.jumpscare.attack","volume":50}},"pitch":[1],"volume":50},"yg:teal":{"events":{"attack":{"pitch":1,"sound":"mob.jumpscare.attack","volume":50}},"pitch":[1],"volume":50},"yg:indigo":{"events":{"attack":{"pitch":1,"sound":"mob.jumpscare.attack","volume":50}},"pitch":[1],"volume":50},"yg:white":{"events":{"attack":{"pitch":1,"sound":"mob.jumpscare.attack","volume":50}},"pitch":[1],"volume":50},"yg:black":{"events":{"attack":{"pitch":1,"sound":"mob.jumpscare.attack","volume":50}},"pitch":[1],"volume":50},"yg:brown":{"events":{"attack":{"pitch":1,"sound":"mob.jumpscare.attack","volume":50}},"pitch":[1],"volume":50}}}}