{"format_version":"1.8.0","animations":{"animation.yg_hijacked_banban.general":{"loop":true,"animation_length":2,"bones":{"Body":{"rotation":{"0.0":{"post":[0,0,0],"lerp_mode":"catmullrom"},"1.0":{"post":[5,0,0],"lerp_mode":"catmullrom"},"2.0":{"post":[0,0,0],"lerp_mode":"catmullrom"}}},"Head":{"rotation":{"0.0":{"post":[0,0,-7.5],"lerp_mode":"catmullrom"},"1.0":{"post":[0,0,5],"lerp_mode":"catmullrom"},"2.0":{"post":[0,0,-7.5],"lerp_mode":"catmullrom"}}},"Rightarm":{"rotation":{"0.0":{"post":[0,0,12.5],"lerp_mode":"catmullrom"},"1.0":{"post":[0,0,5],"lerp_mode":"catmullrom"},"2.0":{"post":[0,0,12.5],"lerp_mode":"catmullrom"}}},"Leftarm":{"rotation":{"0.0":{"post":[0,0,-15],"lerp_mode":"catmullrom"},"1.0":{"post":[0,0,-5],"lerp_mode":"catmullrom"},"2.0":{"post":[0,0,-15],"lerp_mode":"catmullrom"}}}}},"animation.yg_hijacked_banban.looking":{"loop":true,"bones":{"Head":{"rotation":{"0.0":{"post":["query.target_x_rotation-this","query.target_y_rotation-this",0],"lerp_mode":"catmullrom"}}}}},"animation.yg_hijacked_banban.move":{"loop":true,"animation_length":1,"anim_time_update":"query.modified_distance_moved * 0.1","bones":{"Root":{"rotation":{"0.0":{"post":[-0.44067,-9.99038,2.53852],"lerp_mode":"catmullrom"},"0.5":{"post":[-0.32902,7.49282,-2.52154],"lerp_mode":"catmullrom"},"1.0":{"post":[-0.44067,-9.99038,2.53852],"lerp_mode":"catmullrom"}},"position":{"0.0":{"post":[0,-1,0],"lerp_mode":"catmullrom"},"0.25":{"post":[0,0,0],"lerp_mode":"catmullrom"},"0.5":{"post":[0,-1,0],"lerp_mode":"catmullrom"},"0.75":{"post":[0,0,0],"lerp_mode":"catmullrom"},"1.0":{"post":[0,-1,0],"lerp_mode":"catmullrom"}}},"Body":{"rotation":{"0.0":{"post":[15.22074,9.65594,2.61298],"lerp_mode":"catmullrom"},"0.5":{"post":[10.08453,-7.38542,-1.30962],"lerp_mode":"catmullrom"},"1.0":{"post":[15.22074,9.65594,2.61298],"lerp_mode":"catmullrom"}}},"Head":{"rotation":{"0.0":{"post":[-10,0,0],"lerp_mode":"catmullrom"},"0.5":{"post":[-11.63061,-3.17351,-6.55307],"lerp_mode":"catmullrom"},"1.0":{"post":[-10,0,0],"lerp_mode":"catmullrom"}}},"Rightarm":{"rotation":{"0.0":{"post":[-46.58994,20.71501,18.50097],"lerp_mode":"catmullrom"},"0.25":{"post":[-89.91332,2.76304,2.66657],"lerp_mode":"catmullrom"},"0.5":{"post":[-48.2367,-15.18892,-13.16783],"lerp_mode":"catmullrom"},"1.0":{"post":[-46.58994,20.71501,18.50097],"lerp_mode":"catmullrom"}}},"Leftarm":{"rotation":{"0.0":{"post":[-45.90469,22.52101,20.36057],"lerp_mode":"catmullrom"},"0.5":{"post":[-48.2367,-15.18892,-13.16783],"lerp_mode":"catmullrom"},"0.75":{"post":[-87.07069,3.66604,3.59637],"lerp_mode":"catmullrom"},"1.0":{"post":[-45.90469,22.52101,20.36057],"lerp_mode":"catmullrom"}}},"Rightleg":{"rotation":{"0.0":{"post":[-17.5,0,0],"lerp_mode":"catmullrom"},"0.5":{"post":[17.5,0,0],"lerp_mode":"catmullrom"},"1.0":{"post":[-17.5,0,0],"lerp_mode":"catmullrom"}},"position":{"0.0":{"post":[0,0,-1],"lerp_mode":"catmullrom"},"0.25":{"post":[0,0,0],"lerp_mode":"catmullrom"},"0.5":{"post":[0,0,1],"lerp_mode":"catmullrom"},"0.75":{"post":[0,2,0],"lerp_mode":"catmullrom"},"1.0":{"post":[0,0,-1],"lerp_mode":"catmullrom"}}},"Leftleg":{"rotation":{"0.0":{"post":[17.5,0,0],"lerp_mode":"catmullrom"},"0.5":{"post":[-17.5,0,0],"lerp_mode":"catmullrom"},"1.0":{"post":[17.5,0,0],"lerp_mode":"catmullrom"}},"position":{"0.0":{"post":[0,0,1],"lerp_mode":"catmullrom"},"0.25":{"post":[0,2,0],"lerp_mode":"catmullrom"},"0.5":{"post":[0,0,-1],"lerp_mode":"catmullrom"},"0.75":{"post":[0,0,0],"lerp_mode":"catmullrom"},"1.0":{"post":[0,0,1],"lerp_mode":"catmullrom"}}}}},"animation.yg_hijacked_banban.attack":{"animation_length":0.83333,"bones":{"Head":{"rotation":{"0.0":{"post":[0,0,0],"lerp_mode":"catmullrom"},"0.1667":{"post":[-10,13.75,0],"lerp_mode":"catmullrom"},"0.3333":{"post":[-5.04318,10.00943,-0.22119],"lerp_mode":"catmullrom"},"0.6667":{"post":[-5.04318,10.00943,-0.22119],"lerp_mode":"catmullrom"},"0.8333":{"post":[0,0,0],"lerp_mode":"catmullrom"}}},"Body":{"rotation":{"0.0":{"post":[0,0,0],"lerp_mode":"catmullrom"},"0.1667":{"post":[0,30,0],"lerp_mode":"catmullrom"},"0.3333":{"post":[12.5,-20,0],"lerp_mode":"catmullrom"},"0.6667":{"post":[12.5,-20,0],"lerp_mode":"catmullrom"},"0.8333":{"post":[0,0,0],"lerp_mode":"catmullrom"}}},"Rightarm":{"rotation":{"0.0":{"post":[0,0,0],"lerp_mode":"catmullrom"},"0.1667":{"post":[0,0,20],"lerp_mode":"catmullrom"},"0.3333":{"post":[-68.11977,-23.39896,-9.06159],"lerp_mode":"catmullrom"},"0.6667":{"post":[-68.11977,-23.39896,-9.06159],"lerp_mode":"catmullrom"},"0.8333":{"post":[0,0,0],"lerp_mode":"catmullrom"}}},"Leftarm":{"rotation":{"0.0":{"post":[0,0,0],"lerp_mode":"catmullrom"},"0.1667":{"post":[0,0,-7.5],"lerp_mode":"catmullrom"},"0.3333":{"post":[29.40842,6.21271,-18.36815],"lerp_mode":"catmullrom"},"0.6667":{"post":[29.40842,6.21271,-18.36815],"lerp_mode":"catmullrom"},"0.8333":{"post":[0,0,0],"lerp_mode":"catmullrom"}}}}},"animation.yg_hijacked_banban.jumpscare":{"animation_length":2,"bones":{"Head":{"rotation":{"0.0":{"post":[0,0,0],"lerp_mode":"catmullrom"},"0.25":{"post":[17.5,0,0],"lerp_mode":"catmullrom"},"0.5":{"post":[-12.5,0,0],"lerp_mode":"catmullrom"},"1.8333":{"post":[-12.5,0,0],"lerp_mode":"catmullrom"},"2.0":{"post":[0,0,0],"lerp_mode":"catmullrom"}}},"Body":{"rotation":{"0.0":{"post":[0,0,0],"lerp_mode":"catmullrom"},"0.25":{"post":[-10,0,0],"lerp_mode":"catmullrom"},"0.5":{"post":[15,0,0],"lerp_mode":"catmullrom"},"1.8333":{"post":[15,0,0],"lerp_mode":"catmullrom"},"2.0":{"post":[0,0,0],"lerp_mode":"catmullrom"}}},"Rightarm":{"rotation":{"0.0":{"post":[0,0,0],"lerp_mode":"catmullrom"},"0.25":{"post":[15.16048,-4.36407,7.04647],"lerp_mode":"catmullrom"},"0.5":{"post":[-103.5315,16.61891,-5.85255],"lerp_mode":"catmullrom"},"1.8333":{"post":[-103.5315,16.61891,-5.85255],"lerp_mode":"catmullrom"},"2.0":{"post":[0,0,0],"lerp_mode":"catmullrom"}}},"Leftarm":{"rotation":{"0.0":{"post":[0,0,0],"lerp_mode":"catmullrom"},"0.25":{"post":[12.5,0,0],"lerp_mode":"catmullrom"},"0.5":{"post":[-104.63329,-13.58743,3.38938],"lerp_mode":"catmullrom"},"1.8333":{"post":[-104.63329,-13.58743,3.38938],"lerp_mode":"catmullrom"},"2.0":{"post":[0,0,0],"lerp_mode":"catmullrom"}}}}}}}