{"format_version":"1.8.0","animations":{"animation.yg_hunter_tim.general":{"loop":true,"animation_length":2,"bones":{"Body":{"rotation":{"0.0":{"post":[0,0,0],"lerp_mode":"catmullrom"},"1.0":{"post":[5,0,0],"lerp_mode":"catmullrom"},"2.0":{"post":[0,0,0],"lerp_mode":"catmullrom"}}},"Rightarm":{"rotation":{"0.0":{"post":[0,10,7.5],"lerp_mode":"catmullrom"},"1.0":{"post":[-11.18155,9.91358,15.11435],"lerp_mode":"catmullrom"},"2.0":{"post":[0,10,7.5],"lerp_mode":"catmullrom"}}},"Leftarm":{"rotation":{"0.0":{"post":[0,-12.5,-7.5],"lerp_mode":"catmullrom"},"1.0":{"post":[-10.8425,-12.39135,-15.17995],"lerp_mode":"catmullrom"},"2.0":{"post":[0,-12.5,-7.5],"lerp_mode":"catmullrom"}}}}},"animation.yg_hunter_tim.move":{"loop":true,"animation_length":1,"anim_time_update":"query.modified_distance_moved * 0.1","bones":{"Root":{"position":{"0.0":{"post":[0,-2,0],"lerp_mode":"catmullrom"},"0.25":{"post":[0,0,0],"lerp_mode":"catmullrom"},"0.5":{"post":[0,-2,0],"lerp_mode":"catmullrom"},"0.75":{"post":[0,0,0],"lerp_mode":"catmullrom"},"1.0":{"post":[0,-2,0],"lerp_mode":"catmullrom"}}},"Body":{"rotation":{"0.0":{"post":[0,10,0],"lerp_mode":"catmullrom"},"0.5":{"post":[0,-2.5,0],"lerp_mode":"catmullrom"},"1.0":{"post":[0,10,0],"lerp_mode":"catmullrom"}}},"Rightarm":{"rotation":{"0.0":{"post":[14.87739,-1.93597,7.24721],"lerp_mode":"catmullrom"},"0.5":{"post":[-22.5,0,0],"lerp_mode":"catmullrom"},"1.0":{"post":[14.87739,-1.93597,7.24721],"lerp_mode":"catmullrom"}}},"Rightleg":{"rotation":{"0.0":{"post":[-20,0,0],"lerp_mode":"catmullrom"},"0.5":{"post":[27.5,0,0],"lerp_mode":"catmullrom"},"1.0":{"post":[-20,0,0],"lerp_mode":"catmullrom"}},"position":{"0.0":{"post":[0,0,-1],"lerp_mode":"catmullrom"},"0.25":{"post":[0,0,0],"lerp_mode":"catmullrom"},"0.5":{"post":[0,0,1],"lerp_mode":"catmullrom"},"0.75":{"post":[0,5,0],"lerp_mode":"catmullrom"},"1.0":{"post":[0,0,-1],"lerp_mode":"catmullrom"}}},"Leftarm":{"rotation":{"0.0":{"post":[-22.5,0,0],"lerp_mode":"catmullrom"},"0.5":{"post":[14.87739,1.93597,-7.24721],"lerp_mode":"catmullrom"},"1.0":{"post":[-22.5,0,0],"lerp_mode":"catmullrom"}}},"Leftleg":{"rotation":{"0.0":{"post":[27.5,0,0],"lerp_mode":"catmullrom"},"0.5":{"post":[-20,0,0],"lerp_mode":"catmullrom"},"1.0":{"post":[27.5,0,0],"lerp_mode":"catmullrom"}},"position":{"0.0":{"post":[0,0,1],"lerp_mode":"catmullrom"},"0.25":{"post":[0,5,0],"lerp_mode":"catmullrom"},"0.5":{"post":[0,0,-1],"lerp_mode":"catmullrom"},"0.75":{"post":[0,0,0],"lerp_mode":"catmullrom"},"1.0":{"post":[0,0,1],"lerp_mode":"catmullrom"}}}}},"animation.yg_hunter_tim.attack":{"animation_length":0.83333,"bones":{"Body":{"rotation":{"0.0":{"post":[0,0,0],"lerp_mode":"catmullrom"},"0.1667":{"post":[0,17.5,0],"lerp_mode":"catmullrom"},"0.3333":{"post":[20,-27.5,0],"lerp_mode":"catmullrom"},"0.6667":{"post":[20,-27.5,0],"lerp_mode":"catmullrom"},"0.8333":{"post":[0,0,0],"lerp_mode":"catmullrom"}}},"Rightarm":{"rotation":{"0.0":{"post":[0,0,0],"lerp_mode":"catmullrom"},"0.1667":{"post":[-136.44785,33.16347,11.89031],"lerp_mode":"catmullrom"},"0.3333":{"post":[-48.56862,-29.91193,-23.75529],"lerp_mode":"catmullrom"},"0.6667":{"post":[-48.56862,-29.91193,-23.75529],"lerp_mode":"catmullrom"},"0.8333":{"post":[0,0,0],"lerp_mode":"catmullrom"}}},"Leftarm":{"rotation":{"0.0":{"post":[0,0,0],"lerp_mode":"catmullrom"},"0.1667":{"post":[12.5,0,-7.5],"lerp_mode":"catmullrom"},"0.3333":{"post":[22.5,0,-7.5],"lerp_mode":"catmullrom"},"0.6667":{"post":[22.5,0,-7.5],"lerp_mode":"catmullrom"},"0.8333":{"post":[0,0,0],"lerp_mode":"catmullrom"}}}}},"animation.yg_hunter_tim.jumpscare":{"animation_length":2,"bones":{"Body":{"rotation":{"0.0":{"post":[0,0,0],"lerp_mode":"catmullrom"},"0.1667":{"post":[17.5,0,0],"lerp_mode":"catmullrom"},"0.3333":{"post":[-2.5,0,0],"lerp_mode":"catmullrom"},"0.5":{"post":[-7.5,0,0],"lerp_mode":"catmullrom"},"0.75":{"post":[3.4375,0,0],"lerp_mode":"catmullrom"},"1.0":{"post":[-7.5,0,0],"lerp_mode":"catmullrom"},"1.25":{"post":[3.4375,0,0],"lerp_mode":"catmullrom"},"1.5":{"post":[-7.5,0,0],"lerp_mode":"catmullrom"},"1.8333":{"post":[-2.5,0,0],"lerp_mode":"catmullrom"},"2.0":{"post":[0,0,0],"lerp_mode":"catmullrom"}}},"Rightarm":{"rotation":{"0.0":{"post":[0,0,0],"lerp_mode":"catmullrom"},"0.1667":{"post":[27.5,0,0],"lerp_mode":"catmullrom"},"0.3333":{"post":[-79.99067,2.462,0.43439],"lerp_mode":"catmullrom"},"1.8333":{"post":[-79.99067,2.462,0.43439],"lerp_mode":"catmullrom"},"2.0":{"post":[0,0,0],"lerp_mode":"catmullrom"}}},"Leftarm":{"rotation":{"0.0":{"post":[0,0,0],"lerp_mode":"catmullrom"},"0.1667":{"post":[27.5,0,0],"lerp_mode":"catmullrom"},"0.3333":{"post":[-79.99067,-2.462,-0.43439],"lerp_mode":"catmullrom"},"1.8333":{"post":[-79.99067,-2.462,-0.43439],"lerp_mode":"catmullrom"},"2.0":{"post":[0,0,0],"lerp_mode":"catmullrom"}}}}}}}