{
      "format_version": "1.16.100",
      "minecraft:block": {
            "description": {
                  "identifier": "guh:concrete_blue",
                  "properties": {
                        "guh:carpenters": [
                              0,
                              1,
                              2,
                              3,
                              4,
                              5
                        ]
                  }
            },
            "permutations": [
                  {
                        "condition": "query.block_property('guh:carpenters') == 0",
                        "components": {
                              "minecraft:block_light_absorption": 0,
                              "minecraft:on_interact": {
                                    "event": "guh:interação",
                                    "target": "self"
                              }
                        }
                  },
                  {
                        "condition": "query.block_property('guh:carpenters') == 1",
                        "components": {
                              "minecraft:geometry": "geometry.guh.slab",
                              "minecraft:block_light_absorption": 0,
                              "minecraft:entity_collision": {
                                    "origin": [
                                          -8,
                                          0,
                                          -8
                                    ],
                                    "size": [
                                          16,
                                          8,
                                          16
                                    ]
                              },
                              "minecraft:pick_collision": {
                                    "origin": [
                                          -8,
                                          0,
                                          -8
                                    ],
                                    "size": [
                                          16,
                                          8,
                                          16
                                    ]
                              },
                              "minecraft:on_interact": {
                                    "condition": "query.get_equipped_item_name == 'carpenters_hammer'",
                                    "event": "guh:concrete_slab1",
                                    "target": "self"
                              }
                        }
                  },
                  {
                        "condition": "query.block_property('guh:carpenters') == 2",
                        "components": {
                              "minecraft:geometry": "geometry.guh.slab.2",
                              "minecraft:block_light_absorption": 0,
                              "minecraft:entity_collision": {
                                    "origin": [
                                          -8,
                                          0,
                                          -8
                                    ],
                                    "size": [
                                          8,
                                          16,
                                          16
                                    ]
                              },
                              "minecraft:pick_collision": {
                                    "origin": [
                                          -8,
                                          0,
                                          -8
                                    ],
                                    "size": [
                                          8,
                                          16,
                                          16
                                    ]
                              },
                              "minecraft:on_interact": {
                                    "condition": "query.get_equipped_item_name == 'carpenters_hammer'",
                                    "event": "guh:concrete_slab2",
                                    "target": "self"
                              }
                        }
                  },
                  {
                        "condition": "query.block_property('guh:carpenters') == 3",
                        "components": {
                              "minecraft:geometry": "geometry.guh.slab.3",
                              "minecraft:block_light_absorption": 0,
                              "minecraft:entity_collision": {
                                    "origin": [
                                          0,
                                          0,
                                          -8
                                    ],
                                    "size": [
                                          8,
                                          16,
                                          16
                                    ]
                              },
                              "minecraft:pick_collision": {
                                    "origin": [
                                          0,
                                          0,
                                          -8
                                    ],
                                    "size": [
                                          8,
                                          16,
                                          16
                                    ]
                              },
                              "minecraft:on_interact": {
                                    "condition": "query.get_equipped_item_name == 'carpenters_hammer'",
                                    "event": "guh:concrete_slab3",
                                    "target": "self"
                              }
                        }
                  },
                  {
                        "condition": "query.block_property('guh:carpenters') == 4",
                        "components": {
                              "minecraft:geometry": "geometry.guh.slab.4",
                              "minecraft:block_light_absorption": 0,
                              "minecraft:entity_collision": {
                                    "origin": [
                                          -8,
                                          0,
                                          0
                                    ],
                                    "size": [
                                          16,
                                          16,
                                          8
                                    ]
                              },
                              "minecraft:pick_collision": {
                                    "origin": [
                                          -8,
                                          0,
                                          0
                                    ],
                                    "size": [
                                          16,
                                          16,
                                          8
                                    ]
                              },
                              "minecraft:on_interact": {
                                    "condition": "query.get_equipped_item_name == 'carpenters_hammer'",
                                    "event": "guh:concrete_slab4",
                                    "target": "self"
                              }
                        }
                  },
                  {
                        "condition": "query.block_property('guh:carpenters') == 5",
                        "components": {
                              "minecraft:geometry": "geometry.guh.slab.5",
                              "minecraft:block_light_absorption": 0,
                              "minecraft:entity_collision": {
                                    "origin": [
                                          -8,
                                          0,
                                          -8
                                    ],
                                    "size": [
                                          16,
                                          16,
                                          8
                                    ]
                              },
                              "minecraft:pick_collision": {
                                    "origin": [
                                          -8,
                                          0,
                                          -8
                                    ],
                                    "size": [
                                          16,
                                          16,
                                          8
                                    ]
                              },
                              "minecraft:on_interact": {
                                    "event": "guh:concrete_slab5",
                                    "target": "self"
                              }
                        }
                  }
            ],
            "components": {
                  "minecraft:creative_category": {
                        "category": "none"
                  },
                  "minecraft:geometry": "geometry.guh.block",
                  "minecraft:destroy_time": 1,
                  "minecraft:block_light_absorption": 0,
                  "minecraft:material_instances": {
                        "*": {
                              "texture": "guh:concrete_blue",
                              "render_method": "alpha_test"
                        }
                  },
                  "minecraft:loot": "loot_tables/carpenters_block.json"
            },
            "events": {
                  "guh:interação": {
                        "sequence": [
                              {
                                    "condition": "query.get_equipped_item_name == 'carpenters_chisel'",
                                    "set_block": {
                                          "block_type": "guh:carpenters_block"
                                    }
                              },
                              {
                                    "condition": "query.get_equipped_item_name == 'carpenters_hammer'",
                                    "set_block_property": {
                                          "guh:carpenters": "1"
                                    }
                              },
                              {
                                    "condition": "query.get_equipped_item_name == 'black_dye' || query.get_equipped_item_name == 'ink_sac'",
                                    "set_block": {
                                          "block_type": "guh:concrete_black"
                                    }
                              },
                              {
                                    "condition": "query.get_equipped_item_name == 'blue_dye' || query.get_equipped_item_name == 'lapis_lazuli'",
                                    "set_block": {
                                          "block_type": "guh:concrete_blue"
                                    }
                              },
                              {
                                    "condition": "query.get_equipped_item_name == 'brown_dye' || query.get_equipped_item_name == 'cocoa_beans'",
                                    "set_block": {
                                          "block_type": "guh:concrete_brown"
                                    }
                              },
                              {
                                    "condition": "query.get_equipped_item_name == 'cyan_dye'",
                                    "set_block": {
                                          "block_type": "guh:concrete_cyan"
                                    }
                              },
                              {
                                    "condition": "query.get_equipped_item_name == 'gray_dye'",
                                    "set_block": {
                                          "block_type": "guh:concrete_gray"
                                    }
                              },
                              {
                                    "condition": "query.get_equipped_item_name == 'green_dye'",
                                    "set_block": {
                                          "block_type": "guh:concrete_green"
                                    }
                              },
                              {
                                    "condition": "query.get_equipped_item_name == 'light_blue_dye'",
                                    "set_block": {
                                          "block_type": "guh:concrete_light_blue"
                                    }
                              },
                              {
                                    "condition": "query.get_equipped_item_name == 'light_gray_dye'",
                                    "set_block": {
                                          "block_type": "guh:concrete_silver"
                                    }
                              },
                              {
                                    "condition": "query.get_equipped_item_name == 'lime_dye'",
                                    "set_block": {
                                          "block_type": "guh:concrete_lime"
                                    }
                              },
                              {
                                    "condition": "query.get_equipped_item_name == 'magenta_dye'",
                                    "set_block": {
                                          "block_type": "guh:concrete_magenta"
                                    }
                              },
                              {
                                    "condition": "query.get_equipped_item_name == 'orange_dye'",
                                    "set_block": {
                                          "block_type": "guh:concrete_orange"
                                    }
                              },
                              {
                                    "condition": "query.get_equipped_item_name == 'pink_dye'",
                                    "set_block": {
                                          "block_type": "guh:concrete_pink"
                                    }
                              },
                              {
                                    "condition": "query.get_equipped_item_name == 'purple_dye'",
                                    "set_block": {
                                          "block_type": "guh:concrete_purple"
                                    }
                              },
                              {
                                    "condition": "query.get_equipped_item_name == 'red_dye'",
                                    "set_block": {
                                          "block_type": "guh:concrete_red"
                                    }
                              },
                              {
                                    "condition": "query.get_equipped_item_name == 'white_dye' || query.get_equipped_item_name == 'bone_meal'",
                                    "set_block": {
                                          "block_type": "guh:concrete_white"
                                    }
                              },
                              {
                                    "condition": "query.get_equipped_item_name == 'yellow_dye'",
                                    "set_block": {
                                          "block_type": "guh:concrete_yellow"
                                    }
                              }
                        ]
                  },
                  "guh:concrete_slab1": {
                        "set_block_property": {
                              "guh:carpenters": "2"
                        }
                  },
                  "guh:concrete_slab2": {
                        "set_block_property": {
                              "guh:carpenters": "3"
                        }
                  },
                  "guh:concrete_slab3": {
                        "set_block_property": {
                              "guh:carpenters": "4"
                        }
                  },
                  "guh:concrete_slab4": {
                        "set_block_property": {
                              "guh:carpenters": "5"
                        }
                  },
                  "guh:concrete_slab5": {
                        "set_block_property": {
                              "guh:carpenters": "0"
                        }
                  }
            }
      }
}