{
      "format_version": "1.16.100",
      "minecraft:block": {
            "description": {
                  "identifier": "guh:redstoneore",
                  "properties": {
                        "guh:carpenters": [
                              0,
                              1,
                              2,
                              3,
                              4,
                              5
                        ]
                  }
            },
            "permutations": [
                  {
                        "condition": "query.block_property('guh:carpenters') == 0",
                        "components": {
                              "minecraft:block_light_absorption": 0,
                              "minecraft:on_interact": {
                                    "event": "guh:interação",
                                    "target": "self"
                              }
                        }
                  },
                  {
                        "condition": "query.block_property('guh:carpenters') == 1",
                        "components": {
                              "minecraft:geometry": "geometry.guh.slab",
                              "minecraft:block_light_absorption": 0,
                              "minecraft:entity_collision": {
                                    "origin": [
                                          -8,
                                          0,
                                          -8
                                    ],
                                    "size": [
                                          16,
                                          8,
                                          16
                                    ]
                              },
                              "minecraft:pick_collision": {
                                    "origin": [
                                          -8,
                                          0,
                                          -8
                                    ],
                                    "size": [
                                          16,
                                          8,
                                          16
                                    ]
                              },
                              "minecraft:on_interact": {
                                    "condition": "query.get_equipped_item_name == 'carpenters_hammer'",
                                    "event": "guh:redstone_slab1",
                                    "target": "self"
                              }
                        }
                  },
                  {
                        "condition": "query.block_property('guh:carpenters') == 2",
                        "components": {
                              "minecraft:geometry": "geometry.guh.slab.2",
                              "minecraft:block_light_absorption": 0,
                              "minecraft:entity_collision": {
                                    "origin": [
                                          -8,
                                          0,
                                          -8
                                    ],
                                    "size": [
                                          8,
                                          16,
                                          16
                                    ]
                              },
                              "minecraft:pick_collision": {
                                    "origin": [
                                          -8,
                                          0,
                                          -8
                                    ],
                                    "size": [
                                          8,
                                          16,
                                          16
                                    ]
                              },
                              "minecraft:on_interact": {
                                    "condition": "query.get_equipped_item_name == 'carpenters_hammer'",
                                    "event": "guh:redstone_slab2",
                                    "target": "self"
                              }
                        }
                  },
                  {
                        "condition": "query.block_property('guh:carpenters') == 3",
                        "components": {
                              "minecraft:geometry": "geometry.guh.slab.3",
                              "minecraft:block_light_absorption": 0,
                              "minecraft:entity_collision": {
                                    "origin": [
                                          0,
                                          0,
                                          -8
                                    ],
                                    "size": [
                                          8,
                                          16,
                                          16
                                    ]
                              },
                              "minecraft:pick_collision": {
                                    "origin": [
                                          0,
                                          0,
                                          -8
                                    ],
                                    "size": [
                                          8,
                                          16,
                                          16
                                    ]
                              },
                              "minecraft:on_interact": {
                                    "condition": "query.get_equipped_item_name == 'carpenters_hammer'",
                                    "event": "guh:redstone_slab3",
                                    "target": "self"
                              }
                        }
                  },
                  {
                        "condition": "query.block_property('guh:carpenters') == 4",
                        "components": {
                              "minecraft:geometry": "geometry.guh.slab.4",
                              "minecraft:block_light_absorption": 0,
                              "minecraft:entity_collision": {
                                    "origin": [
                                          -8,
                                          0,
                                          0
                                    ],
                                    "size": [
                                          16,
                                          16,
                                          8
                                    ]
                              },
                              "minecraft:pick_collision": {
                                    "origin": [
                                          -8,
                                          0,
                                          0
                                    ],
                                    "size": [
                                          16,
                                          16,
                                          8
                                    ]
                              },
                              "minecraft:on_interact": {
                                    "condition": "query.get_equipped_item_name == 'carpenters_hammer'",
                                    "event": "guh:redstone_slab4",
                                    "target": "self"
                              }
                        }
                  },
                  {
                        "condition": "query.block_property('guh:carpenters') == 5",
                        "components": {
                              "minecraft:geometry": "geometry.guh.slab.5",
                              "minecraft:block_light_absorption": 0,
                              "minecraft:entity_collision": {
                                    "origin": [
                                          -8,
                                          0,
                                          -8
                                    ],
                                    "size": [
                                          16,
                                          16,
                                          8
                                    ]
                              },
                              "minecraft:pick_collision": {
                                    "origin": [
                                          -8,
                                          0,
                                          -8
                                    ],
                                    "size": [
                                          16,
                                          16,
                                          8
                                    ]
                              },
                              "minecraft:on_interact": {
                                    "event": "guh:redstone_slab5",
                                    "target": "self"
                              }
                        }
                  }
            ],
            "components": {
                  "minecraft:creative_category": {
                        "category": "none"
                  },
                  "minecraft:geometry": "geometry.guh.block",
                  "minecraft:destroy_time": 1,
                  "minecraft:block_light_absorption": 0,
                  "minecraft:material_instances": {
                        "*": {
                              "texture": "redstone_ore",
                              "render_method": "alpha_test"
                        }
                  },
                  "minecraft:loot": "loot_tables/carpenters_block.json"
            },
            "events": {
                  "guh:interação": {
                        "sequence": [
                              {
                                    "condition": "query.get_equipped_item_name == 'carpenters_chisel'",
                                    "set_block": {
                                          "block_type": "guh:carpenters_block"
                                    }
                              },
                              {
                                    "condition": "query.get_equipped_item_name == 'carpenters_hammer'",
                                    "set_block_property": {
                                          "guh:carpenters": "1"
                                    }
                              }
                        ]
                  },
                  "guh:redstone_slab1": {
                        "set_block_property": {
                              "guh:carpenters": "2"
                        }
                  },
                  "guh:redstone_slab2": {
                        "set_block_property": {
                              "guh:carpenters": "3"
                        }
                  },
                  "guh:redstone_slab3": {
                        "set_block_property": {
                              "guh:carpenters": "4"
                        }
                  },
                  "guh:redstone_slab4": {
                        "set_block_property": {
                              "guh:carpenters": "5"
                        }
                  },
                  "guh:redstone_slab5": {
                        "set_block_property": {
                              "guh:carpenters": "0"
                        }
                  }
            }
      }
}
