{
  "resource_pack_name": "vanilla",
  "texture_name": "atlas.items",
  "texture_data": {
    "egg_camel": {
      "textures": "textures/items/egg_camel"
    },
    "egg_lion": {
      "textures": "textures/items/egg_lion"
    },
    "egg_penguin": {
      "textures": "textures/items/egg_penguin"
    },
    "egg_tiger": {
      "textures": "textures/items/egg_tiger"
    },
    "egg_elephant": {
      "textures": "textures/items/egg_elephant"
    },
    "egg_deer": {
      "textures": "textures/items/egg_deer"
    },
    "egg_panther": {
      "textures": "textures/items/egg_panther"
    },
    "egg_frog": {
      "textures": "textures/items/egg_frog"
    },
    "egg_crocodile": {
      "textures": "textures/items/egg_crocodile"
    },
    "egg_mouse": {
      "textures": "textures/items/egg_mouse"
    },
    "gallardo": {
      "textures": "textures/items/gallardo"
    },
    "bench": {
      "textures": "textures/items/bench"
    },
    "christmas_tree": {
      "textures": "textures/items/christmas_tree"
    },
    "tivi": {
      "textures": "textures/items/tivi"
    },
    "closet": {
      "textures": "textures/items/closet"
    },
    "laptop": {
      "textures": "textures/items/laptop"
    },
    "piano": {
      "textures": "textures/items/piano"
    },
    "armchairs": {
      "textures": "textures/items/armchairs"
    },
    "chair": {
      "textures": "textures/items/chair"
    },
    "big_table": {
      "textures": "textures/items/big_table"
    },
    "small_table": {
      "textures": "textures/items/small_table"
    },
    "drone": {
      "textures": "textures/items/drone"
    },
    "colorful_gifts": {
      "textures": "textures/items/colorful_gifts"
    },
    "cy:opila_bird": {
      "textures": "textures/items/pamobile/cy_opila_bird"
    },
    "cy:banbaleena": {
      "textures": "textures/items/pamobile/cy_banbaleena"
    },
    "cy:banban": {
      "textures": "textures/items/pamobile/cy_banban"
    },
    "cy:jumbo_josh": {
      "textures": "textures/items/pamobile/cy_jumbo_josh"
    },
    "cy:caption_fiddles": {
      "textures": "textures/items/pamobile/cy_caption_fiddles"
    },
    "cy:slow_sellers": {
      "textures": "textures/items/pamobile/cy_slow_sellers"
    },
    "cy:stinger_flynn": {
      "textures": "textures/items/pamobile/cy_stinger_flynn"
    },
    "cy:nabnab": {
      "textures": "textures/items/pamobile/cy_nabnab"
    },
    "cy:opila_chicks": {
      "textures": "textures/items/pamobile/cy_opila_chicks"
    },
    "cy:opila_chicks_e": {
      "textures": "textures/items/pamobile/cy_opila_chicks_e"
    },
    "cy:sheriff_toadster": {
      "textures": "textures/items/pamobile/cy_sheriff_toadster"
    },
    "cy:banban_evil": {
      "textures": "textures/items/pamobile/cy_banban_evil"
    },
    "cy:zolphius": {
      "textures": "textures/items/pamobile/cy_zolphius"
    },
    "cy:nabnaleena": {
      "textures": "textures/items/pamobile/cy_nabnaleena"
    },
    "cy:tamataki_chamataki": {
      "textures": "textures/items/pamobile/cy_tamataki_chamataki"
    },
    "cy:tarta_bird": {
      "textures": "textures/items/pamobile/cy_tarta_bird"
    },
    "cy:queen_bouncelia": {
      "textures": "textures/items/pamobile/cy_queen_bouncelia"
    },
    "cy:banban_s": {
      "textures": "textures/items/pamobile/cy_banban_s"
    },
    "cy:the_jester": {
      "textures": "textures/items/pamobile/cy_the_jester"
    },
    "cy:mr_kabob_man": {
      "textures": "textures/items/pamobile/cy_mr_kabob_man"
    },
    "cy:banbaleena_s": {
      "textures": "textures/items/pamobile/cy_banbaleena_s"
    },
    "cy:opila_bird_s": {
      "textures": "textures/items/pamobile/cy_opila_bird_s"
    },
    "cy:jumbo_josh_s": {
      "textures": "textures/items/pamobile/cy_jumbo_josh_s"
    },
    "cy:caption_fiddles_s": {
      "textures": "textures/items/pamobile/cy_caption_fiddles_s"
    },
    "cy:stinger_flynn_s": {
      "textures": "textures/items/pamobile/cy_stinger_flynn_s"
    },
    "cy:nabnab_s": {
      "textures": "textures/items/pamobile/cy_nabnab_s"
    },
    "cy:slow_sellers_s": {
      "textures": "textures/items/pamobile/cy_slow_sellers_s"
    },
    "cy:sheriff_toadster_s": {
      "textures": "textures/items/pamobile/cy_sheriff_toadster_s"
    }
  }
}