{
      "resource_pack_name": "vanilla",
      "texture_name": "atlas.terrain",
      "padding": 8,
      "num_mip_levels": 4,
      "texture_data": {
            "guh:carpenters_block": {
                  "textures": "textures/blocks/carpenters_block"
            },
            "guh:concrete_black": {
                  "textures": "textures/blocks/concrete_black"
            },
            "guh:concrete_blue": {
                  "textures": "textures/blocks/concrete_blue"
            },
            "guh:concrete_brown": {
                  "textures": "textures/blocks/concrete_brown"
            },
            "guh:concrete_cyan": {
                  "textures": "textures/blocks/concrete_cyan"
            },
            "guh:concrete_gray": {
                  "textures": "textures/blocks/concrete_gray"
            },
            "guh:concrete_green": {
                  "textures": "textures/blocks/concrete_green"
            },
            "guh:concrete_light_blue": {
                  "textures": "textures/blocks/concrete_light_blue"
            },
            "guh:concrete_lime": {
                  "textures": "textures/blocks/concrete_lime"
            },
            "guh:concrete_magenta": {
                  "textures": "textures/blocks/concrete_magenta"
            },
            "guh:concrete_orange": {
                  "textures": "textures/blocks/concrete_orange"
            },
            "guh:concrete_pink": {
                  "textures": "textures/blocks/concrete_pink"
            },
            "guh:concrete_purple": {
                  "textures": "textures/blocks/concrete_purple"
            },
            "guh:concrete_red": {
                  "textures": "textures/blocks/concrete_red"
            },
            "guh:concrete_silver": {
                  "textures": "textures/blocks/concrete_silver"
            },
            "guh:concrete_white": {
                  "textures": "textures/blocks/concrete_white"
            },
            "guh:concrete_yellow": {
                  "textures": "textures/blocks/concrete_yellow"
            },
            "guh:quartz_block_top": {
                  "textures": "textures/blocks/quartz_block_top"
            },
            "guh:quartz_block_bottom": {
                  "textures": "textures/blocks/quartz_block_bottom"
            },
            "guh:quartz_block_side": {
                  "textures": "textures/blocks/quartz_block_side"
            }
      }
}