{
  "format_version": "1.8.0",
  "animations": {
    "animation.os_evil_banban.walk": {
      "loop": true,
      "animation_length": 1,
      "bones": {
        "root": {
          "position": [
            0,
            0,
            0
          ]
        },
        "body": {
          "rotation": {
            "0.0": [
              2.5,
              0,
              0
            ],
            "0.25": [
              10.0175,
              4.631,
              3.13198
            ],
            "0.5": [
              0.01747,
              -2.86899,
              3.12969
            ],
            "0.75": [
              17.65234,
              -12.41655,
              -8.42835
            ],
            "1.0": [
              2.5,
              0,
              0
            ]
          },
          "position": {
            "0.0": [
              0,
              0,
              0
            ],
            "0.25": [
              0,
              -1,
              0
            ],
            "0.5": [
              0,
              0,
              0
            ],
            "1.0": [
              0,
              0,
              0
            ]
          }
        },
        "head": {
          "rotation": [
            5,
            0,
            0
          ]
        },
        "leftArm": {
          "rotation": {
            "0.0": [
              -25,
              0,
              0
            ],
            "0.25": [
              -40.80005,
              26.94622,
              -13.71217
            ],
            "0.5": [
              27.5,
              0,
              0
            ],
            "0.75": [
              38.9854,
              -17.66046,
              -9.54013
            ],
            "1.0": [
              -25,
              0,
              0
            ]
          }
        },
        "rightArm": {
          "rotation": {
            "0.0": [
              22.5,
              0,
              0
            ],
            "0.25": [
              39.14867,
              20.70481,
              9.00717
            ],
            "0.5": [
              -24.9018,
              -2.76982,
              3.20789
            ],
            "0.75": [
              -41.33896,
              -18.57331,
              10.88403
            ],
            "1.0": [
              22.5,
              0,
              0
            ]
          }
        },
        "leftLeg": {
          "rotation": {
            "0.0": [
              10,
              0,
              0
            ],
            "0.25": [
              50,
              0,
              0
            ],
            "0.5": [
              -22.5,
              0,
              0
            ],
            "0.75": [
              -5,
              0,
              0
            ],
            "1.0": [
              10,
              0,
              0
            ]
          },
          "position": {
            "0.0": [
              0,
              0,
              2
            ],
            "0.25": [
              0,
              0,
              -1
            ],
            "0.5": [
              0,
              1,
              -1
            ],
            "0.75": [
              0,
              0,
              -2
            ],
            "1.0": [
              0,
              0,
              2
            ]
          }
        },
        "rightLeg": {
          "rotation": {
            "0.0": [
              -10,
              0,
              0
            ],
            "0.25": [
              0,
              0,
              0
            ],
            "0.5": [
              2.5,
              0,
              0
            ],
            "0.75": [
              47.5,
              0,
              0
            ],
            "1.0": [
              -10,
              0,
              0
            ]
          },
          "position": {
            "0.0": [
              0,
              0,
              -2
            ],
            "0.25": [
              0,
              0,
              -3
            ],
            "0.5": [
              0,
              0,
              2
            ],
            "1.0": [
              0,
              0,
              -2
            ]
          }
        }
      }
    },
    "animation.os_evil_banban.walk3": {
      "loop": true,
      "animation_length": 1,
      "bones": {
        "root": {
          "position": [
            0,
            0,
            0
          ]
        },
        "body": {
          "rotation": {
            "0.0": [
              2.5,
              0,
              0
            ],
            "0.25": [
              10.0175,
              4.631,
              3.13198
            ],
            "0.5": [
              0.01747,
              -2.86899,
              3.12969
            ],
            "0.75": [
              17.65234,
              -12.41655,
              -8.42835
            ],
            "1.0": [
              2.5,
              0,
              0
            ]
          },
          "position": {
            "0.0": [
              0,
              0,
              0
            ],
            "0.25": [
              0,
              -1,
              0
            ],
            "0.5": [
              0,
              0,
              0
            ],
            "1.0": [
              0,
              0,
              0
            ]
          }
        },
        "head": {
          "rotation": {
            "0.0": [
              5,
              0,
              0
            ],
            "0.25": [
              -4.82456,
              -14.94159,
              -1.3378
            ],
            "0.75": [
              -4.19017,
              10.91011,
              8.89582
            ],
            "1.0": [
              5,
              0,
              0
            ]
          }
        },
        "leftArm": {
          "rotation": {
            "0.0": [
              -82.5,
              0,
              0
            ],
            "0.25": [
              -73.55335,
              -21.39082,
              -62.39902
            ],
            "0.5": [
              -97.5,
              0,
              0
            ],
            "0.75": [
              -96.71127,
              16.58248,
              -0.2395
            ],
            "1.0": [
              -82.5,
              0,
              0
            ]
          }
        },
        "rightArm": {
          "rotation": {
            "0.0": [
              -102.5,
              0,
              0
            ],
            "0.25": [
              -93.35133,
              20.70481,
              9.00717
            ],
            "0.5": [
              -104.9018,
              -2.76982,
              3.20789
            ],
            "0.75": [
              -107.45975,
              4.50429,
              1.26627
            ],
            "1.0": [
              -102.5,
              0,
              0
            ]
          }
        },
        "leftLeg": {
          "rotation": {
            "0.0": [
              10,
              0,
              0
            ],
            "0.25": [
              50,
              0,
              0
            ],
            "0.5": [
              -22.5,
              0,
              0
            ],
            "0.75": [
              -5,
              0,
              0
            ],
            "1.0": [
              10,
              0,
              0
            ]
          },
          "position": {
            "0.0": [
              0,
              0,
              2
            ],
            "0.25": [
              0,
              0,
              -1
            ],
            "0.5": [
              0,
              1,
              -1
            ],
            "0.75": [
              0,
              0,
              -2
            ],
            "1.0": [
              0,
              0,
              2
            ]
          }
        },
        "rightLeg": {
          "rotation": {
            "0.0": [
              -10,
              0,
              0
            ],
            "0.25": [
              0,
              0,
              0
            ],
            "0.5": [
              2.5,
              0,
              0
            ],
            "0.75": [
              47.5,
              0,
              0
            ],
            "1.0": [
              -10,
              0,
              0
            ]
          },
          "position": {
            "0.0": [
              0,
              0,
              -2
            ],
            "0.25": [
              0,
              0,
              -3
            ],
            "0.5": [
              0,
              0,
              2
            ],
            "1.0": [
              0,
              0,
              -2
            ]
          }
        }
      }
    },
    "animation.os_evil_banban.bob": {
      "loop": true,
      "animation_length": 4,
      "bones": {
        "root": {
          "position": [
            0,
            0,
            0
          ]
        },
        "body": {
          "rotation": {
            "0.0": [
              2.5,
              5,
              0
            ],
            "1.0": [
              0,
              -5,
              0
            ],
            "2.0": [
              5.05766,
              -9.98078,
              -0.44192
            ],
            "3.0": [
              -2.51428,
              -2.50948,
              0.21803
            ],
            "4.0": [
              2.5,
              5,
              0
            ]
          },
          "position": {
            "0.0": [
              0,
              0,
              0
            ],
            "2.0": [
              -1,
              0,
              0
            ],
            "4.0": [
              0,
              0,
              0
            ]
          }
        },
        "head": {
          "rotation": {
            "0.0": [
              0,
              0,
              0
            ],
            "4.0": [
              0,
              0,
              0
            ]
          }
        },
        "leftArm": {
          "rotation": {
            "0.0": [
              -4.7972,
              5.19485,
              2.06381
            ],
            "2.0": [
              -5.23036,
              -0.2424,
              -2.91576
            ],
            "3.0": [
              2.24783,
              -5.22152,
              -2.45863
            ],
            "4.0": [
              -4.7972,
              5.19485,
              2.06381
            ]
          }
        },
        "rightArm": {
          "rotation": {
            "0.0": [
              0.44067,
              9.99038,
              2.53852
            ],
            "2.0": [
              -6.87032,
              -5.27518,
              0.5872
            ],
            "3.0": [
              8.15882,
              -0.31088,
              -0.01018
            ],
            "4.0": [
              0.44067,
              9.99038,
              2.53852
            ]
          }
        },
        "leftLeg": {
          "rotation": {
            "0.0": [
              0,
              -7.5,
              0
            ],
            "2.5": [
              2.5,
              -15,
              0
            ],
            "4.0": [
              0,
              -7.5,
              0
            ]
          },
          "position": {
            "0.0": [
              0,
              0,
              0
            ],
            "4.0": [
              0,
              0,
              0
            ]
          }
        },
        "rightLeg": {
          "rotation": {
            "0.0": [
              0,
              10,
              0
            ],
            "2.5": [
              0,
              25,
              0
            ],
            "4.0": [
              0,
              10,
              0
            ]
          },
          "position": {
            "0.0": [
              0,
              0,
              0
            ],
            "4.0": [
              0,
              0,
              0
            ]
          }
        }
      }
    },
    "animation.os_evil_banban.jumpscare": {
      "loop": true,
      "animation_length": 0.29167,
      "bones": {
        "body": {
          "rotation": [
            5,
            0,
            0
          ]
        },
        "head": {
          "rotation": [
            2.5,
            0,
            0
          ],
          "position": {
            "0.0417": [
              -1,
              0,
              0
            ],
            "0.0833": [
              1,
              0,
              0
            ],
            "0.125": [
              -1,
              0,
              0
            ],
            "0.1667": [
              1,
              0,
              0
            ],
            "0.2083": [
              -1,
              0,
              0
            ],
            "0.25": [
              1,
              0,
              0
            ],
            "0.2917": [
              -1,
              0,
              0
            ]
          },
          "scale": {
            "0.0": [
              1.1,
              1.1,
              1
            ],
            "0.25": [
              1.1,
              1.1,
              1
            ]
          }
        },
        "leftArm": {
          "rotation": [
            -95.99374,
            -16.25856,
            12.91629
          ]
        },
        "rightArm": {
          "rotation": [
            -108.28947,
            22.3935,
            -15.13011
          ]
        },
        "leftLeg": {
          "rotation": [
            0,
            -17.5,
            0
          ],
          "position": [
            1,
            0,
            0
          ]
        },
        "rightLeg": {
          "rotation": [
            0,
            15,
            0
          ],
          "position": [
            -1,
            0,
            0
          ]
        }
      }
    },
    "animation.os_evil_banban.dead": {
      "animation_length": 0.75,
      "bones": {
        "root": {
          "rotation": [
            -90,
            0,
            0
          ],
          "position": [
            0,
            2,
            -16
          ]
        },
        "body": {
          "rotation": [
            0,
            0,
            5
          ]
        },
        "head": {
          "rotation": [
            0.44067,
            -9.99038,
            -2.53852
          ]
        },
        "leftArm": {
          "rotation": [
            0,
            22.5,
            -60
          ]
        },
        "rightArm": {
          "rotation": [
            0,
            10,
            15
          ]
        },
        "leftLeg": {
          "rotation": [
            0,
            -17.5,
            -17.5
          ]
        },
        "rightLeg": {
          "rotation": [
            0.40403,
            -18.74724,
            21.17283
          ]
        }
      }
    }
  }
}