{
  "format_version": "1.8.0",
  "animations": {
    "animation.os_jumbo_josh.walk": {
      "loop": true,
      "animation_length": 1,
      "bones": {
        "body": {
          "rotation": {
            "0.0": [
              82.38109,
              1.3236,
              -1.52651
            ],
            "0.25": [
              69.88109,
              1.3236,
              -1.52651
            ],
            "0.5": [
              82.38109,
              1.3236,
              -1.52651
            ],
            "0.75": [
              82.38109,
              1.3236,
              -1.52651
            ],
            "1.0": [
              82.38109,
              1.3236,
              -1.52651
            ]
          }
        },
        "body2": {
          "rotation": {
            "0.0": [
              -27.5,
              0,
              0
            ],
            "0.25": [
              -20,
              0,
              0
            ],
            "1.0": [
              -27.5,
              0,
              0
            ]
          }
        },
        "body3": {
          "rotation": [
            -35,
            0,
            0
          ]
        },
        "head": {
          "rotation": {
            "0.0": [
              -12.5,
              0,
              0
            ],
            "0.25": [
              -5.01893,
              -0.43523,
              4.98107
            ],
            "0.5": [
              4.98107,
              -0.43523,
              4.98107
            ],
            "0.75": [
              -2.54256,
              0.65182,
              -7.47178
            ],
            "1.0": [
              -12.5,
              0,
              0
            ]
          }
        },
        "rightArm": {
          "rotation": {
            "0.0": [
              37.5,
              0,
              0
            ],
            "0.25": [
              -32.5,
              0,
              0
            ],
            "0.5": [
              -75,
              0,
              0
            ],
            "0.75": [
              -42.5,
              0,
              0
            ],
            "1.0": [
              37.5,
              0,
              0
            ]
          },
          "position": {
            "0.0": [
              0,
              0,
              0
            ],
            "1.0": [
              0,
              0,
              0
            ]
          }
        },
        "rightArm2": {
          "rotation": {
            "0.0": [
              -12.5,
              0,
              0
            ],
            "0.25": [
              25,
              0,
              0
            ],
            "0.5": [
              2.5,
              0,
              0
            ],
            "0.75": [
              12.5,
              0,
              0
            ],
            "1.0": [
              -12.5,
              0,
              0
            ]
          }
        },
        "rightArm3": {
          "rotation": {
            "0.0": [
              -27.5,
              0,
              0
            ],
            "0.25": [
              -5,
              0,
              0
            ],
            "0.5": [
              -27.5,
              0,
              0
            ],
            "0.75": [
              -20,
              0,
              0
            ],
            "1.0": [
              -27.5,
              0,
              0
            ]
          }
        },
        "rightArm4": {
          "rotation": {
            "0.0": [
              -15,
              0,
              0
            ],
            "0.25": [
              45,
              0,
              0
            ],
            "0.5": [
              -12.5,
              0,
              0
            ],
            "0.75": [
              -27.5,
              0,
              0
            ],
            "1.0": [
              -15,
              0,
              0
            ]
          }
        },
        "leftArm": {
          "rotation": {
            "0.0": [
              -70,
              0,
              0
            ],
            "0.25": [
              -60,
              0,
              0
            ],
            "0.5": [
              -2.5,
              0,
              0
            ],
            "0.75": [
              22.5,
              0,
              0
            ],
            "0.875": [
              6.25,
              0,
              0
            ],
            "1.0": [
              -70,
              0,
              0
            ]
          },
          "position": {
            "0.0": [
              0,
              0,
              0
            ],
            "1.0": [
              0,
              0,
              0
            ]
          }
        },
        "leftArm2": {
          "rotation": {
            "0.0": [
              15,
              0,
              0
            ],
            "0.25": [
              27.5,
              0,
              0
            ],
            "0.5": [
              -5,
              0,
              0
            ],
            "1.0": [
              15,
              0,
              0
            ]
          }
        },
        "leftArm3": {
          "rotation": {
            "0.0": [
              -42.5,
              0,
              0
            ],
            "0.25": [
              -2.5,
              0,
              0
            ],
            "0.5": [
              -25,
              0,
              0
            ],
            "0.75": [
              -11.25,
              0,
              0
            ],
            "1.0": [
              -42.5,
              0,
              0
            ]
          }
        },
        "leftArm4": {
          "rotation": {
            "0.0": [
              -37.5,
              0,
              0
            ],
            "0.25": [
              -27.5,
              0,
              0
            ],
            "0.5": [
              -52.5,
              0,
              0
            ],
            "0.75": [
              27.5,
              0,
              0
            ],
            "1.0": [
              -37.5,
              0,
              0
            ]
          }
        },
        "rightLeg": {
          "rotation": {
            "0.0": [
              -57.5,
              0,
              0
            ],
            "0.25": [
              -45,
              0,
              0
            ],
            "0.5": [
              -7.5,
              0,
              0
            ],
            "0.75": [
              15,
              0,
              0
            ],
            "1.0": [
              -57.5,
              0,
              0
            ]
          },
          "position": {
            "0.0": [
              0,
              0,
              0
            ],
            "0.25": [
              0,
              -3,
              0
            ],
            "0.5": [
              0,
              -1,
              -1
            ],
            "0.75": [
              0,
              -1,
              0
            ],
            "1.0": [
              0,
              0,
              0
            ]
          }
        },
        "rightLeg2": {
          "rotation": {
            "0.0": [
              10,
              0,
              0
            ],
            "0.25": [
              22.42273,
              0.55509,
              -1.21589
            ],
            "0.5": [
              37.42273,
              0.55509,
              -1.21589
            ],
            "0.75": [
              29.92273,
              0.55509,
              -1.21589
            ],
            "1.0": [
              10,
              0,
              0
            ]
          }
        },
        "rightLeg3": {
          "rotation": {
            "0.0": [
              22.5,
              0,
              0
            ],
            "0.5": [
              -22.5,
              0,
              0
            ],
            "0.75": [
              35,
              0,
              0
            ],
            "1.0": [
              22.5,
              0,
              0
            ]
          }
        },
        "leftLeg": {
          "rotation": {
            "0.0": [
              10,
              0,
              0
            ],
            "0.25": [
              42.5,
              0,
              0
            ],
            "0.5": [
              -45,
              0,
              0
            ],
            "1.0": [
              10,
              0,
              0
            ]
          },
          "position": {
            "0.0": [
              0,
              -1,
              -1
            ],
            "1.0": [
              0,
              -1,
              -1
            ]
          }
        },
        "leftLeg2": {
          "rotation": {
            "0.0": [
              12.5,
              0,
              0
            ],
            "0.25": [
              35,
              0,
              0
            ],
            "1.0": [
              12.5,
              0,
              0
            ]
          }
        },
        "leftLeg3": {
          "rotation": {
            "0.0": [
              10,
              0,
              0
            ],
            "0.25": [
              37.5,
              0,
              0
            ],
            "0.5": [
              62.5,
              0,
              0
            ],
            "1.0": [
              10,
              0,
              0
            ]
          }
        }
      }
    },
    "animation.os_jumbo_josh.bob": {
      "loop": true,
      "animation_length": 4,
      "bones": {
        "body": {
          "rotation": {
            "0.0": [
              -2.5,
              0,
              0
            ],
            "2.0": [
              5,
              0,
              0
            ],
            "4.0": [
              -2.5,
              0,
              0
            ]
          }
        },
        "rightArm": {
          "rotation": {
            "0.0": [
              0,
              0,
              2.5
            ],
            "2.0": [
              0,
              0,
              0
            ],
            "4.0": [
              0,
              0,
              2.5
            ]
          }
        },
        "leftArm": {
          "rotation": {
            "0.0": [
              0,
              0,
              -2.5
            ],
            "2.0": [
              0,
              0,
              0
            ],
            "4.0": [
              0,
              0,
              -2.5
            ]
          }
        }
      }
    },
    "animation.os_jumbo_josh.attack": {
      "animation_length": 1,
      "bones": {
        "body": {
          "rotation": {
            "0.0": [
              0,
              0,
              0
            ],
            "0.25": [
              -5,
              0,
              0
            ],
            "0.75": [
              40,
              0,
              0
            ],
            "1.0": [
              0,
              0,
              0
            ]
          }
        },
        "body2": {
          "rotation": {
            "0.0": [
              0,
              0,
              0
            ],
            "0.25": [
              -10,
              0,
              0
            ],
            "0.75": [
              25,
              0,
              0
            ],
            "1.0": [
              0,
              0,
              0
            ]
          }
        },
        "body3": {
          "rotation": {
            "0.0": [
              0,
              0,
              0
            ],
            "0.25": [
              -15,
              0,
              0
            ],
            "0.75": [
              35,
              0,
              0
            ],
            "1.0": [
              0,
              0,
              0
            ]
          }
        },
        "rightArm": {
          "rotation": {
            "0.0": [
              0,
              0,
              0
            ],
            "0.25": [
              -60,
              0,
              0
            ],
            "0.75": [
              -77.5,
              0,
              0
            ],
            "1.0": [
              0,
              0,
              0
            ]
          }
        },
        "rightArm2": {
          "rotation": {
            "0.0": [
              0,
              0,
              0
            ],
            "0.25": [
              -30,
              0,
              0
            ],
            "1.0": [
              0,
              0,
              0
            ]
          }
        },
        "rightArm3": {
          "rotation": {
            "0.0": [
              0,
              0,
              0
            ],
            "0.25": [
              -22.5,
              0,
              0
            ],
            "1.0": [
              0,
              0,
              0
            ]
          }
        },
        "rightArm4": {
          "rotation": {
            "0.0": [
              0,
              0,
              0
            ],
            "0.25": [
              -32.5,
              0,
              0
            ],
            "1.0": [
              0,
              0,
              0
            ]
          }
        },
        "leftArm": {
          "rotation": {
            "0.0": [
              0,
              0,
              0
            ],
            "0.25": [
              -77.5,
              0,
              0
            ],
            "0.75": [
              -82.5,
              0,
              0
            ],
            "1.0": [
              0,
              0,
              0
            ]
          }
        },
        "leftArm2": {
          "rotation": {
            "0.0": [
              0,
              0,
              0
            ],
            "0.25": [
              -32.5,
              0,
              0
            ],
            "1.0": [
              0,
              0,
              0
            ]
          }
        },
        "leftArm3": {
          "rotation": {
            "0.0": [
              0,
              0,
              0
            ],
            "0.25": [
              -25,
              0,
              0
            ],
            "1.0": [
              0,
              0,
              0
            ]
          }
        },
        "leftArm4": {
          "rotation": {
            "0.0": [
              0,
              0,
              0
            ],
            "0.25": [
              -35,
              0,
              0
            ],
            "1.0": [
              0,
              0,
              0
            ]
          }
        }
      }
    }
  }
}