{
  "format_version": "1.8.0",
  "animations": {
    "animation.os_opila_bird.walk": {
      "loop": true,
      "animation_length": 1,
      "bones": {
        "root": {
          "position": {
            "0.0": [
              0,
              -1,
              0
            ],
            "0.25": [
              0,
              -1,
              0
            ],
            "0.375": [
              0,
              0.5,
              0
            ],
            "0.5": [
              0,
              -1,
              0
            ],
            "0.75": [
              0,
              0,
              0
            ],
            "0.875": [
              0,
              0.5,
              0
            ],
            "1.0": [
              0,
              -1,
              0
            ]
          }
        },
        "body": {
          "rotation": {
            "0.0": [
              0,
              0,
              -2.5
            ],
            "0.5": [
              0,
              0,
              5
            ],
            "1.0": [
              0,
              0,
              -2.5
            ]
          },
          "position": {
            "0.0": [
              0,
              -1,
              0
            ],
            "0.25": [
              0,
              0.25,
              0
            ],
            "0.5": [
              0,
              -1,
              0
            ],
            "0.75": [
              0,
              -1,
              0
            ],
            "1.0": [
              0,
              -1,
              0
            ]
          }
        },
        "hair": {
          "rotation": {
            "0.0": [
              -20,
              0,
              0
            ],
            "0.25": [
              -2.79242,
              -15.95991,
              -19.25454
            ],
            "0.4375": [
              10,
              0,
              0
            ],
            "0.5": [
              -15.04648,
              -0.43079,
              2.46319
            ],
            "0.75": [
              -8.02078,
              0.26274,
              29.65193
            ],
            "1.0": [
              -20,
              0,
              0
            ]
          }
        },
        "rightWing": {
          "rotation": [
            0,
            -22.5,
            0
          ]
        },
        "leftWing": {
          "rotation": [
            0,
            22.5,
            0
          ]
        },
        "rightLeg": {
          "rotation": {
            "0.0": [
              -37.5,
              0,
              0
            ],
            "0.25": [
              27.5,
              0,
              0
            ],
            "0.5": [
              30,
              0,
              0
            ],
            "0.75": [
              -62.5,
              0,
              0
            ],
            "1.0": [
              -37.5,
              0,
              0
            ]
          },
          "position": {
            "0.0": [
              0,
              0,
              0
            ],
            "0.5": [
              0,
              0,
              2
            ],
            "0.75": [
              0,
              2,
              -2
            ],
            "1.0": [
              0,
              0,
              0
            ]
          }
        },
        "rightLeg2": {
          "rotation": {
            "0.0": [
              37.5,
              0,
              0
            ],
            "0.25": [
              -27.5,
              0,
              0
            ],
            "0.5": [
              52.5,
              0,
              0
            ],
            "0.75": [
              92.5,
              0,
              0
            ],
            "1.0": [
              37.5,
              0,
              0
            ]
          }
        },
        "leftLeg": {
          "rotation": {
            "0.0": [
              37.5,
              0,
              0
            ],
            "0.25": [
              -67.5,
              0,
              0
            ],
            "0.5": [
              -35,
              0,
              0
            ],
            "0.75": [
              15,
              0,
              0
            ],
            "1.0": [
              37.5,
              0,
              0
            ]
          },
          "position": {
            "0.0": [
              0,
              0,
              0
            ],
            "0.25": [
              0,
              2,
              -1
            ],
            "0.5": [
              0,
              0,
              -2
            ],
            "0.75": [
              0,
              0,
              1
            ],
            "1.0": [
              0,
              0,
              0
            ]
          }
        },
        "leftLeg2": {
          "rotation": {
            "0.0": [
              47.5,
              0,
              0
            ],
            "0.25": [
              105,
              0,
              0
            ],
            "0.5": [
              35,
              0,
              0
            ],
            "0.75": [
              -15,
              0,
              0
            ],
            "1.0": [
              47.5,
              0,
              0
            ]
          }
        },
        "mout": {
          "rotation": [
            -5,
            0,
            0
          ]
        },
        "mout2": {
          "rotation": [
            15,
            0,
            0
          ]
        }
      }
    },
    "animation.os_opila_bird.bob": {
      "loop": true,
      "animation_length": 4,
      "bones": {
        "body": {
          "rotation": {
            "0.0": [
              7.5,
              0,
              0
            ],
            "2.0": [
              -2.5,
              0,
              0
            ],
            "4.0": [
              7.5,
              0,
              0
            ]
          }
        },
        "head": {
          "rotation": {
            "0.0": [
              -2.5,
              0,
              0
            ],
            "2.0": [
              5,
              0,
              0
            ],
            "4.0": [
              -2.5,
              0,
              0
            ]
          }
        },
        "mout": {
          "rotation": {
            "0.0": [
              -12.5,
              0,
              0
            ],
            "2.0": [
              -2.5,
              0,
              0
            ],
            "4.0": [
              -12.5,
              0,
              0
            ]
          }
        },
        "mout2": {
          "rotation": {
            "0.0": [
              5,
              0,
              0
            ],
            "2.0": [
              0,
              0,
              0
            ],
            "4.0": [
              5,
              0,
              0
            ]
          }
        },
        "hair": {
          "rotation": {
            "0.0": [
              -12.5,
              0,
              0
            ],
            "1.0": [
              -28.00151,
              6.66776,
              5.72635
            ],
            "2.4": [
              -4.28556,
              2.22531,
              -16.92776
            ],
            "4.0": [
              -12.5,
              0,
              0
            ]
          }
        }
      }
    },
    "animation.os_opila_bird.jumpscare": {
      "loop": true,
      "animation_length": 0.25,
      "bones": {
        "mout": {
          "rotation": [
            -12.5,
            0,
            0
          ]
        },
        "mout2": {
          "rotation": [
            25,
            0,
            0
          ]
        },
        "rightWing": {
          "rotation": [
            -72.92119,
            -40.55182,
            95.24694
          ]
        },
        "leftWing": {
          "rotation": [
            -63.0046,
            16.71535,
            -88.90103
          ]
        }
      }
    },
    "animation.os_opila_bird.jump": {
      "loop": true,
      "animation_length": 1,
      "bones": {
        "root": {
          "position": {
            "0.0": [
              0,
              1,
              0
            ],
            "0.5": [
              0,
              -1,
              0
            ],
            "1.0": [
              0,
              1,
              0
            ]
          }
        },
        "body": {
          "rotation": {
            "0.0": [
              -22.5,
              0,
              0
            ],
            "0.5": [
              -15,
              0,
              0
            ],
            "1.0": [
              -22.5,
              0,
              0
            ]
          }
        },
        "head": {
          "rotation": [
            50,
            0,
            0
          ]
        },
        "hair": {
          "rotation": {
            "0.0": [
              7.5,
              0,
              0
            ],
            "0.5": [
              -10,
              0,
              0
            ],
            "1.0": [
              7.5,
              0,
              0
            ]
          }
        },
        "rightWing": {
          "rotation": {
            "0.0": [
              -63.59072,
              8.80348,
              135.68718
            ],
            "0.5": [
              -96.76782,
              4.2453,
              19.5623
            ],
            "1.0": [
              -63.59072,
              8.80348,
              135.68718
            ]
          }
        },
        "leftWing": {
          "rotation": {
            "0.0": [
              -64.80737,
              -6.40865,
              -140.43131
            ],
            "0.5": [
              -96.90804,
              -3.40487,
              -19.71975
            ],
            "1.0": [
              -64.80737,
              -6.40865,
              -140.43131
            ]
          }
        },
        "rightLeg": {
          "rotation": {
            "0.0": [
              -42.5,
              20,
              0
            ],
            "0.5": [
              -35,
              20,
              0
            ],
            "1.0": [
              -42.5,
              20,
              0
            ]
          }
        },
        "rightLeg2": {
          "rotation": {
            "0.0": [
              17.52136,
              0.32621,
              7.49294
            ],
            "0.5": [
              37.52136,
              0.32621,
              7.49294
            ],
            "1.0": [
              17.52136,
              0.32621,
              7.49294
            ]
          }
        },
        "leftLeg": {
          "rotation": {
            "0.0": [
              -42.5,
              -15,
              0
            ],
            "0.5": [
              -35,
              -15,
              0
            ],
            "1.0": [
              -42.5,
              -15,
              0
            ]
          }
        },
        "leftLeg2": {
          "rotation": {
            "0.0": [
              22.5,
              0,
              -10
            ],
            "0.5": [
              42.5,
              0,
              -10
            ],
            "1.0": [
              22.5,
              0,
              -10
            ]
          }
        }
      }
    }
  }
}