{
  "format_version": "1.8.0",
  "animations": {
    "animation.os_queen.walk": {
      "loop": true,
      "animation_length": 0.625,
      "bones": {
        "root": {
          "position": {
            "0.0": [
              0,
              0,
              0
            ],
            "0.25": [
              0,
              5,
              0
            ],
            "0.625": [
              0,
              0,
              0
            ]
          }
        },
        "body": {
          "rotation": {
            "0.0": [
              17.5,
              0,
              0
            ],
            "0.25": [
              -10,
              0,
              0
            ],
            "0.625": [
              17.5,
              0,
              0
            ]
          }
        },
        "leg": {
          "rotation": {
            "0.0": [
              0,
              0,
              0
            ],
            "0.25": [
              40,
              0,
              0
            ],
            "0.625": [
              0,
              0,
              0
            ]
          }
        },
        "leg3": {
          "rotation": {
            "0.0": [
              0,
              0,
              0
            ],
            "0.25": [
              45,
              0,
              0
            ],
            "0.625": [
              0,
              0,
              0
            ]
          }
        }
      }
    }
  }
}