{
  "format_version": "1.8.0",
  "animations": {
    "animation.os_stringer.meetplayer": {
      "loop": "hold_on_last_frame",
      "animation_length": 100,
      "bones": {
        "body": {
          "position": [
            0,
            -21,
            0
          ]
        },
        "eyeball": {
          "position": {
            "0.0": [
              0,
              0,
              7
            ],
            "5.0": [
              0,
              0,
              0
            ]
          },
          "scale": {
            "0.0": [
              1,
              0,
              1
            ],
            "5.0": [
              1,
              0.9,
              1
            ]
          }
        },
        "rightArm": {
          "rotation": {
            "0.0": [
              0,
              0,
              -67.5
            ],
            "16.8333": [
              0,
              0,
              -67.5
            ],
            "23.375": [
              0,
              0,
              -67.5
            ],
            "24.4583": [
              -32.03936,
              -42.24195,
              -13.18937
            ]
          }
        },
        "rightArm2": {
          "rotation": {
            "16.8333": [
              0,
              0,
              0
            ],
            "23.375": [
              0,
              0,
              0
            ],
            "24.4583": [
              44.21448,
              -38.62078,
              -4.67546
            ]
          }
        },
        "leftArm": {
          "rotation": {
            "0.0": [
              0,
              0,
              60
            ],
            "16.8333": [
              0,
              0,
              60
            ],
            "19.2917": [
              59.50286,
              44.24298,
              -16.09668
            ]
          }
        },
        "leftArm2": {
          "rotation": {
            "0.0": [
              0,
              0,
              -30
            ],
            "16.8333": [
              0,
              -0.02136,
              -30
            ],
            "19.2917": [
              0,
              19.97864,
              -30
            ]
          }
        },
        "leftLeg": {
          "rotation": [
            -22.17599,
            46.04179,
            -29.52015
          ]
        },
        "leftLeg2": {
          "rotation": [
            0,
            0,
            -47.5
          ]
        },
        "leftLeg3": {
          "rotation": [
            -22.5,
            40,
            0
          ]
        },
        "leftLeg4": {
          "rotation": [
            -45,
            0,
            0
          ]
        },
        "leftLeg5": {
          "rotation": [
            20,
            -30,
            0
          ]
        },
        "leftLeg6": {
          "rotation": [
            45,
            0,
            0
          ]
        },
        "leftLeg7": {
          "rotation": [
            32.5,
            27.5,
            0
          ]
        },
        "leftLeg8": {
          "rotation": [
            22.5,
            0,
            0
          ]
        }
      }
    },
    "animation.os_stringer.sleep": {
      "animation_length": 14.75,
      "bones": {
        "body": {
          "position": [
            0,
            -67,
            0
          ]
        },
        "eyeball": {
          "position": [
            0,
            0,
            18
          ]
        },
        "rightArm": {
          "rotation": [
            0,
            0,
            -65
          ]
        },
        "rightArm2": {
          "rotation": [
            0,
            0,
            65
          ]
        },
        "leftArm": {
          "rotation": [
            0,
            0,
            52.5
          ]
        },
        "leftArm2": {
          "rotation": [
            0,
            0,
            -40
          ]
        },
        "leftLeg": {
          "rotation": [
            -81.00143,
            -64.05412,
            -8.66738
          ]
        },
        "leftLeg2": {
          "rotation": [
            0,
            0,
            -5
          ]
        },
        "leftLeg3": {
          "rotation": [
            -52.5,
            0,
            90
          ]
        },
        "leftLeg4": {
          "rotation": [
            -17.5,
            0,
            0
          ]
        },
        "leftLeg5": {
          "rotation": [
            90,
            -50,
            0
          ],
          "position": [
            -21,
            0,
            0
          ]
        },
        "leftLeg6": {
          "rotation": [
            0,
            0,
            -22.5
          ]
        },
        "leftLeg7": {
          "rotation": [
            50.39875,
            8.42145,
            -94.58793
          ]
        },
        "leftLeg8": {
          "rotation": [
            0,
            0,
            17.5
          ]
        }
      }
    },
    "animation.os_stringer.open eye": {
      "animation_length": 14.75,
      "bones": {
        "body": {
          "position": [
            0,
            -67,
            0
          ]
        },
        "eyeball": {
          "position": [
            0,
            0,
            0
          ]
        },
        "rightArm": {
          "rotation": [
            0,
            0,
            -65
          ]
        },
        "rightArm2": {
          "rotation": [
            0,
            0,
            65
          ]
        },
        "leftArm": {
          "rotation": [
            0,
            0,
            52.5
          ]
        },
        "leftArm2": {
          "rotation": [
            0,
            0,
            -40
          ]
        },
        "leftLeg": {
          "rotation": [
            -81.00143,
            -64.05412,
            -8.66738
          ]
        },
        "leftLeg2": {
          "rotation": [
            0,
            0,
            -5
          ]
        },
        "leftLeg3": {
          "rotation": [
            -52.5,
            0,
            90
          ]
        },
        "leftLeg4": {
          "rotation": [
            -17.5,
            0,
            0
          ]
        },
        "leftLeg5": {
          "rotation": [
            90,
            -50,
            0
          ],
          "position": [
            -21,
            0,
            0
          ]
        },
        "leftLeg6": {
          "rotation": [
            0,
            0,
            -22.5
          ]
        },
        "leftLeg7": {
          "rotation": [
            50.39875,
            8.42145,
            -94.58793
          ]
        },
        "leftLeg8": {
          "rotation": [
            0,
            0,
            17.5
          ]
        }
      }
    }
  }
}