{
  "format_version": "1.8.0",
  "animations": {
    "animation.os_tc.walk": {
      "loop": true,
      "animation_length": 1,
      "bones": {
        "body": {
          "rotation": {
            "0.0": [
              0,
              0,
              7.5
            ],
            "0.25": [
              7.5,
              0,
              -1.25
            ],
            "0.5": [
              0,
              0,
              -10
            ],
            "0.75": [
              7.5,
              0,
              -1.25
            ],
            "1.0": [
              0,
              0,
              7.5
            ]
          }
        },
        "leg4": {
          "rotation": {
            "0.0": [
              17.5,
              0,
              0
            ],
            "0.25": [
              32.5,
              0,
              0
            ],
            "0.5": [
              -12.5,
              0,
              0
            ],
            "0.75": [
              2.5,
              0,
              0
            ],
            "1.0": [
              17.5,
              0,
              0
            ]
          },
          "position": {
            "0.0": [
              0,
              0,
              3
            ],
            "0.25": [
              0,
              2,
              -3
            ],
            "0.5": [
              0,
              0,
              -3
            ],
            "0.75": [
              0,
              0,
              1
            ],
            "1.0": [
              0,
              0,
              3
            ]
          }
        },
        "leg3": {
          "rotation": {
            "0.0": [
              -17.41255,
              1.40474,
              -1.28737
            ],
            "0.25": [
              0.08745,
              1.40474,
              -1.28737
            ],
            "0.5": [
              10.08745,
              1.40474,
              -1.28737
            ],
            "0.75": [
              32.58745,
              1.40474,
              -1.28737
            ],
            "1.0": [
              -17.41255,
              1.40474,
              -1.28737
            ]
          },
          "position": {
            "0.0": [
              0,
              2,
              -2
            ],
            "0.25": [
              0,
              0,
              -4
            ],
            "0.5": [
              0,
              0,
              -1
            ],
            "0.75": [
              0,
              3,
              -4
            ],
            "1.0": [
              0,
              2,
              -2
            ]
          }
        },
        "leg2": {
          "rotation": {
            "0.0": [
              17.5,
              0,
              0
            ],
            "0.25": [
              15,
              0,
              0
            ],
            "0.5": [
              -12.5,
              0,
              0
            ],
            "0.75": [
              0,
              0,
              0
            ],
            "1.0": [
              17.5,
              0,
              0
            ]
          },
          "position": {
            "0.0": [
              0,
              0,
              1
            ],
            "0.25": [
              0,
              2,
              -3
            ],
            "0.5": [
              0,
              -1,
              -3
            ],
            "0.75": [
              0,
              -1,
              4
            ],
            "1.0": [
              0,
              0,
              1
            ]
          }
        },
        "leg": {
          "rotation": {
            "0.0": [
              -15,
              0,
              0
            ],
            "0.25": [
              0,
              0,
              0
            ],
            "0.5": [
              15,
              0,
              0
            ],
            "0.75": [
              50,
              0,
              0
            ],
            "1.0": [
              -15,
              0,
              0
            ]
          },
          "position": {
            "0.0": [
              0,
              3,
              -3
            ],
            "0.25": [
              0,
              0,
              -3
            ],
            "0.5": [
              0,
              0,
              1
            ],
            "0.75": [
              0,
              4,
              -6
            ],
            "1.0": [
              0,
              3,
              -3
            ]
          }
        },
        "bone": {
          "rotation": {
            "0.0": [
              0,
              0,
              -17.5
            ],
            "0.5": [
              0,
              0,
              25
            ],
            "1.0": [
              0,
              0,
              -17.5
            ]
          }
        },
        "bone2": {
          "rotation": {
            "0.0": [
              0,
              0,
              -22.5
            ],
            "0.5": [
              0,
              0,
              30
            ],
            "1.0": [
              0,
              0,
              -22.5
            ]
          }
        }
      }
    },
    "animation.os_tc.shoot": {
      "animation_length": 2.16667,
      "bones": {
        "c_h": {
          "rotation": {
            "0.0": [
              0,
              0,
              0
            ],
            "1.0": [
              45,
              0,
              0
            ],
            "1.6667": [
              -55,
              0,
              0
            ],
            "2.1667": [
              0,
              0,
              0
            ]
          }
        },
        "bone2": {
          "rotation": {
            "0.0": [
              0,
              0,
              0
            ],
            "0.5": [
              -25,
              0,
              0
            ],
            "1.0": [
              25,
              0,
              0
            ],
            "1.6667": [
              -32.5,
              0,
              0
            ],
            "2.1667": [
              0,
              0,
              0
            ]
          }
        }
      }
    }
  }
}