{
	"format_version": "1.8.0",
	"animations": {
		"animation.jumbo_josh.walk": {
			"loop": true,
			"animation_length": 1.29167,
			"bones": {
				"quadril": {
					"rotation": {
						"0.0": [0, 0, 7.5],
						"0.625": [0, 0, -7.5],
						"1.2917": [0, 0, 7.5]
					},
					"position": {
						"0.0": [0, -5, 0],
						"0.2917": [0, -1, 0],
						"0.625": [0, -6, 0],
						"0.9167": [0, 0, 0],
						"1.2917": [0, -6, 0]
					}
				},
				"cm9": {
					"rotation": {
						"0.0": [9.32548, 13.40571, -1.07706],
						"0.625": [-1.5068, -18.87985, 2.10984],
						"1.2917": [9.32548, 13.40571, -1.07706]
					}
				},
				"cm18": {
					"rotation": {
						"0.0": [-4.50307, 14.8687, -7.7614],
						"0.625": [17.99327, -15.04278, -5.43173],
						"1.2917": [-4.50307, 14.8687, -7.7614]
					}
				},
				"Cm": {
					"rotation": {
						"0.0": [-62.5, 0, 0],
						"0.625": [37.5, 0, 0],
						"1.2917": [-62.5, 0, 0]
					}
				},
				"cm": {
					"rotation": {
						"0.0": [37.5, 0, 0],
						"0.2083": [0, 0, 0],
						"0.625": [-3.08, 0, 0],
						"0.9167": [39.67, 0, 0],
						"1.2917": [37.5, 0, 0]
					}
				},
				"cm2": {
					"rotation": {
						"0.0": [32.5, 0, 0],
						"0.2083": [0, 0, 0],
						"0.625": [0, 0, 0],
						"0.7917": [30.62, 0, 0],
						"1.2917": [32.5, 0, 0]
					}
				},
				"Cm3": {
					"rotation": {
						"0.0": [37.5, 0, 0],
						"0.625": [-46.21, 0, 0],
						"1.2917": [35, 0, 0]
					}
				},
				"cm4": {
					"rotation": {
						"0.0": [17.5, 0, 0],
						"0.5417": [35, 0, 0],
						"0.75": [-1.62, 0, 0],
						"1.125": [1.62, 0, 0],
						"1.2917": [17.5, 0, 0]
					}
				},
				"cm5": {
					"rotation": {
						"0.0": [10, 0, 0],
						"0.5833": [40, 0, 0],
						"0.7917": [-3.82, 0, 0],
						"1.125": [2.89, 0, 0],
						"1.2917": [10, 0, 0]
					}
				},
				"ad": {
					"rotation": {
						"0.0": [0, 0, -12.5],
						"0.625": [0, 0, 17.5],
						"1.2917": [0, 0, -12.5]
					}
				},
				"black": {
					"position": {
						"0.0": [-2, -2, 0],
						"0.3333": [0.13, 0, 0],
						"0.625": [2, -2, 0],
						"0.9583": [0, 1, 0],
						"1.2917": [-2, -2, 0]
					}
				},
				"black2": {
					"position": {
						"0.0": [-2, -2, 0],
						"0.3333": [0.13, 0, 0],
						"0.625": [2, -2, 0],
						"0.9583": [0, 1, 0],
						"1.2917": [-2, -2, 0]
					}
				}
			}
		},
		"animation.jumbo_josh.move_to_target": {
			"loop": true,
			"animation_length": 1.29167,
			"bones": {
				"quadril": {
					"rotation": {
						"0.0": [0, 0, 7.5],
						"0.625": [0, 0, -7.5],
						"1.2917": [0, 0, 7.5]
					},
					"position": {
						"0.0": [0, -5, 0],
						"0.2917": [0, -1, 0],
						"0.625": [0, -6, 0],
						"0.9167": [0, 0, 0],
						"1.2917": [0, -6, 0]
					}
				},
				"cm9": {
					"rotation": {
						"0.0": [9.32548, 13.40571, -1.07706],
						"0.625": [-1.5068, -18.87985, 2.10984],
						"1.2917": [9.32548, 13.40571, -1.07706]
					}
				},
				"cm18": {
					"rotation": {
						"0.0": [-4.50307, 14.8687, -7.7614],
						"0.625": [17.99327, -15.04278, -5.43173],
						"1.2917": [-4.50307, 14.8687, -7.7614]
					}
				},
				"Cm": {
					"rotation": {
						"0.0": [-62.5, 0, 0],
						"0.625": [37.5, 0, 0],
						"1.2917": [-62.5, 0, 0]
					}
				},
				"cm": {
					"rotation": {
						"0.0": [37.5, 0, 0],
						"0.2083": [0, 0, 0],
						"0.625": [-3.08, 0, 0],
						"0.9167": [39.67, 0, 0],
						"1.2917": [37.5, 0, 0]
					}
				},
				"cm2": {
					"rotation": {
						"0.0": [32.5, 0, 0],
						"0.2083": [0, 0, 0],
						"0.625": [0, 0, 0],
						"0.7917": [30.62, 0, 0],
						"1.2917": [32.5, 0, 0]
					}
				},
				"Cm3": {
					"rotation": {
						"0.0": [37.5, 0, 0],
						"0.625": [-46.21, 0, 0],
						"1.2917": [35, 0, 0]
					}
				},
				"cm4": {
					"rotation": {
						"0.0": [17.5, 0, 0],
						"0.5417": [35, 0, 0],
						"0.75": [-1.62, 0, 0],
						"1.125": [1.62, 0, 0],
						"1.2917": [17.5, 0, 0]
					}
				},
				"cm5": {
					"rotation": {
						"0.0": [10, 0, 0],
						"0.5833": [40, 0, 0],
						"0.7917": [-3.82, 0, 0],
						"1.125": [2.89, 0, 0],
						"1.2917": [10, 0, 0]
					}
				},
				"ad": {
					"rotation": {
						"0.0": [0, 0, -12.5],
						"0.625": [0, 0, 17.5],
						"1.2917": [0, 0, -12.5]
					}
				},
				"black": {
					"position": {
						"0.0": [-2, -2, 0],
						"0.3333": [0.13, 0, 0],
						"0.625": [2, -2, 0],
						"0.9583": [0, 1, 0],
						"1.2917": [-2, -2, 0]
					},
					"scale": [0.5, 0.5, 1]
				},
				"black2": {
					"position": {
						"0.0": [-2, -2, 0],
						"0.3333": [0.13, 0, 0],
						"0.625": [2, -2, 0],
						"0.9583": [0, 1, 0],
						"1.2917": [-2, -2, 0]
					},
					"scale": [0.5, 0.5, 1]
				}
			}
		},
		"animation.jumbo_josh.move": {
			"loop": true,
			"animation_length": 15.5,
			"bones": {
				"corpo": {
					"rotation": {
						"0.0": [0, 0, 0],
						"0.9167": [0, 0, 0]
					}
				},
				"Cm6": {
					"rotation": {
						"0.0": [0, 0, 0],
						"0.2917": [-86.46211, 32.20072, -78.5671],
						"0.625": [-126.46211, 32.20072, -78.5671],
						"0.9167": [0, 0, 0]
					}
				},
				"cm9": {
					"rotation": {
						"0.4583": [0, 0, 0],
						"0.6667": [-27.5, 0, 0],
						"0.9167": [0, 0, 0]
					}
				},
				"cm10": {
					"rotation": {
						"0.4583": [0, 0, 0],
						"0.6667": [-38.86, 0, 0],
						"0.9167": [2.5, 0, 0]
					}
				},
				"cm11": {
					"rotation": {
						"0.4583": [0, 0, 0],
						"0.6667": [-67.5, 0, 0],
						"0.9167": [0, 0, 0]
					}
				},
				"cm12": {
					"rotation": {
						"0.4583": [0, 0, 0],
						"0.6667": [-82.5, 0, 0],
						"0.9167": [0, 0, 0]
					}
				},
				"quadril": {
					"rotation": {
						"0.0": [0, 0, 0],
						"0.5833": [0, 22.5, 0],
						"0.9167": [0, 0, 0],
						"2.125": [10, 0, 0],
						"3.4583": [0, 0, 0],
						"4.9167": [5, 0, 0],
						"6.375": [0, 0, 0],
						"7.9167": [7.5, 0, 0],
						"9.3333": [0, 0, 0],
						"10.75": [10, 0, 0],
						"12.3333": [0, 0, 0],
						"13.9583": [12.5, 0, 0],
						"15.5": [0, 0, 0]
					}
				},
				"ad": {
					"rotation": {
						"9.375": [0, -2.5, 0],
						"9.9583": [0, 15, 0],
						"10.5417": [0, 12.5, 0],
						"11.0": [0, -22.5, 0],
						"11.4583": [0, -25, 0],
						"11.7917": [0, -2.5, 0]
					}
				}
			}
		}
	}
}