{
	"format_version": "1.8.0",
	"animations": {
		"animation.opila.move": {
			"loop": true,
			"animation_length": 13.5,
			"bones": {
				"part1": {
					"rotation": {
						"1.8333": [0, 0, 0],
						"3.1667": [5, 0, 0],
						"4.5417": [0, 0, 0],
						"6.0417": [5, 0, 0],
						"7.4167": [0, 0, 0],
						"8.8333": [7.5, 0, 0],
						"10.375": [0, 0, 0],
						"11.8333": [5, 0, 0],
						"13.5": [0, 0, 0]
					}
				},
				"ad": {
					"rotation": {
						"0.0": [0, 0, 0],
						"0.3333": [-9.8491, -28.48042, 20.00533],
						"0.6667": [-10.62733, 26.87089, -22.54562],
						"0.9167": [0, 0, 0],
						"1.25": [-12.45891, -27.51235, 25.56145],
						"1.5833": [-6.77176, 28.00752, -14.19071],
						"1.8333": [0, 0, 0]
					}
				}
			}
		},
		"animation.opila.walk": {
			"loop": true,
			"animation_length": 1.29167,
			"bones": {
				"part1": {
					"rotation": {
						"0.0": [0, 0, -7.5],
						"0.625": [0, 0, 10],
						"1.2917": [0, 0, -7.5]
					}
				},
				"pescoso": {
					"rotation": {
						"0.0": [0, 10, 0],
						"0.625": [0, -10, 0],
						"1.2917": [0, 10, 0]
					}
				},
				"perna": {
					"rotation": {
						"0.0": [-37.5, 0, 0],
						"0.6667": [35, 0, 0],
						"1.2917": [-37.5, 0, 0]
					}
				},
				"bx": {
					"rotation": {
						"0.0": [77.5, 0, 0],
						"0.1667": [0, 0, 0],
						"0.6667": [-3.06, 0, 0],
						"0.8333": [45.92, 0, 0],
						"1.2917": [77.5, 0, 0]
					}
				},
				"perna2": {
					"rotation": {
						"0.0": [37.5, 0, 0],
						"0.6667": [-35, 0, 0],
						"1.2917": [37.5, 0, 0]
					}
				},
				"bx2": {
					"rotation": {
						"0.0": [12.5, 0, 0],
						"0.6667": [77.5, 0, 0],
						"0.8333": [0.17, 0, 0],
						"1.125": [-1.98, 0, 0],
						"1.2917": [12.5, 0, 0]
					}
				}
			}
		},
		"animation.opila.move_to_target": {
			"loop": true,
			"animation_length": 1.29167,
			"bones": {
				"part1": {
					"rotation": {
						"0.0": [0, 0, -7.5],
						"0.625": [0, 0, 10],
						"1.2917": [0, 0, -7.5]
					}
				},
				"pescoso": {
					"rotation": {
						"0.0": [0, 10, 0],
						"0.625": [0, -10, 0],
						"1.2917": [0, 10, 0]
					}
				},
				"perna": {
					"rotation": {
						"0.0": [-65, 0, 0],
						"0.6667": [47.5, 0, 0],
						"1.2917": [-65, 0, 0]
					}
				},
				"bx": {
					"rotation": {
						"0.0": [77.5, 0, 0],
						"0.1667": [0, 0, 0],
						"0.6667": [-3.06, 0, 0],
						"0.8333": [45.92, 0, 0],
						"1.2917": [77.5, 0, 0]
					}
				},
				"perna2": {
					"rotation": {
						"0.0": [37.5, 0, 0],
						"0.6667": [-62.5, 0, 0],
						"1.2917": [37.5, 0, 0]
					}
				},
				"bx2": {
					"rotation": {
						"0.0": [12.5, 0, 0],
						"0.6667": [77.5, 0, 0],
						"0.8333": [0.17, 0, 0],
						"1.125": [-1.98, 0, 0],
						"1.2917": [12.5, 0, 0]
					}
				},
				"asas": {
					"rotation": {
						"0.0": [0, 0, 0],
						"0.625": [0, 0, 42.5],
						"1.2917": [0, 0, 0]
					}
				},
				"asas2": {
					"rotation": {
						"0.0": [0, 0, 0],
						"0.625": [0, 0, -65],
						"1.2917": [0, 0, 0]
					}
				}
			}
		}
	}
}