{
	"format_version": "1.8.0",
	"animations": {
		"animation.stinger_flynn.walk": {
			"loop": true,
			"animation_length": 1.04167,
			"bones": {
				"long": {
					"rotation": [-29.03215, -33.25096, 8.30638]
				},
				"long2": {
					"rotation": [-35, 0, 0]
				},
				"long3": {
					"rotation": {
						"0.0": [-37.5, 0, 0],
						"0.5417": [12.5, 0, 0],
						"1.0417": [-37.5, 0, 0]
					}
				},
				"long4": {
					"rotation": {
						"0.0": [-32.5, 0, 0],
						"0.5417": [22.5, 0, 0],
						"1.0417": [-32.5, 0, 0]
					}
				},
				"long5": {
					"rotation": {
						"0.0": [-27.5, 0, 0],
						"0.5417": [30, 0, 0],
						"1.0417": [-27.5, 0, 0]
					}
				},
				"long6": {
					"rotation": {
						"0.0": [-95, -30, -85],
						"0.5417": [-265.37069, -32.67953, -256.76815],
						"1.0417": [-95, -30, -85]
					}
				},
				"long7": {
					"rotation": [-14.3828, 30.18439, -18.94763]
				},
				"long8": {
					"rotation": [0, 0, -35]
				},
				"long9": {
					"rotation": {
						"0.0": [0, 0, -37.5],
						"0.5417": [0, 0, 17.5],
						"1.0417": [0, 0, -37.5]
					}
				},
				"long10": {
					"rotation": {
						"0.0": [0, 0, -35],
						"0.5417": [0, 0, 25],
						"1.0417": [0, 0, -35]
					}
				},
				"long11": {
					"rotation": {
						"0.0": [0, 0, -37.5],
						"0.5417": [0, 0, 27.5],
						"1.0417": [0, 0, -37.5]
					}
				},
				"long12": {
					"rotation": {
						"0.0": [-107.23, -2.59345, -132.95482],
						"0.5417": [-159.73, -2.59345, -132.95482],
						"1.0417": [-107.23, -2.59345, -132.95482]
					}
				},
				"long13": {
					"rotation": [-36.16444, -34.42254, 2.76268]
				},
				"long14": {
					"rotation": [-40, 0, 0]
				},
				"long15": {
					"rotation": {
						"0.0": [-22.5, 0, 0],
						"0.5417": [22.5, 0, 0],
						"1.0417": [-22.5, 0, 0]
					}
				},
				"long16": {
					"rotation": {
						"0.0": [-32.5, 0, 0],
						"0.5417": [35, 0, 0],
						"1.0417": [-32.5, 0, 0]
					}
				},
				"long17": {
					"rotation": {
						"0.0": [-27.5, 0, 0],
						"0.5417": [42.5, 0, 0],
						"1.0417": [-27.5, 0, 0]
					}
				},
				"long18": {
					"rotation": {
						"0.0": [-90, -35, -92.5],
						"0.5417": [90, -32.5, 92.5],
						"1.0417": [-90, -35, -92.5]
					}
				},
				"long19": {
					"rotation": [-27.92335, 36.6723, -41.37198]
				},
				"long20": {
					"rotation": [0, 0, -35]
				},
				"long21": {
					"rotation": {
						"0.0": [0, 0, -30],
						"0.5417": [0, 0, 17.5],
						"1.0417": [0, 0, -30]
					}
				},
				"long22": {
					"rotation": {
						"0.0": [0, 0, -42.5],
						"0.5417": [0, 0, 37.5],
						"1.0417": [0, 0, -42.5]
					}
				},
				"long23": {
					"rotation": {
						"0.0": [0, 0, -30],
						"0.5417": [0, 0, 27.5],
						"1.0417": [0, 0, -30]
					}
				},
				"long24": {
					"rotation": {
						"0.0": [30, 0, 0],
						"0.5417": [-27.5, 0, 0],
						"1.0417": [30, 0, 0]
					}
				},
				"long25": {
					"rotation": {
						"0.0": [-15, 0, 0],
						"0.5": [25, 0, 0],
						"1.0417": [-15, 0, 0]
					}
				},
				"long26": {
					"rotation": {
						"0.0": [15, 0, 0],
						"0.5417": [-25, 0, 0],
						"1.0417": [15, 0, 0]
					}
				},
				"long27": {
					"rotation": {
						"0.0": [20, 0, 0],
						"0.5417": [-12.5, 0, 0],
						"1.0417": [20, 0, 0]
					}
				},
				"long28": {
					"rotation": {
						"0.0": [22.5, 0, 0],
						"0.5417": [-17.5, 0, 0],
						"1.0417": [22.5, 0, 0]
					}
				},
				"long29": {
					"rotation": {
						"0.0": [30, 0, 0],
						"0.5417": [-25, 0, 0],
						"1.0417": [30, 0, 0]
					}
				},
				"long30": {
					"rotation": {
						"0.0": [-265.63932, -34.96886, -271.42669],
						"0.5417": [-93.87336, -40.17369, -97.96386],
						"1.0417": [-265.63932, -34.96886, -271.42669]
					}
				},
				"long31": {
					"rotation": {
						"0.0": [20, 0, 0],
						"0.5": [-20, 0, 0],
						"1.0417": [20, 0, 0]
					}
				},
				"long32": {
					"rotation": {
						"0.0": [-25, 0, 0],
						"0.5": [25, 0, 0],
						"1.0417": [-25, 0, 0]
					}
				},
				"long33": {
					"rotation": {
						"0.0": [-17.5, 0, 0],
						"0.5417": [20, 0, 0],
						"1.0417": [-17.5, 0, 0]
					}
				},
				"long34": {
					"rotation": {
						"0.0": [-20, 0, 0],
						"0.5417": [25, 0, 0],
						"1.0417": [-20, 0, 0]
					}
				},
				"long35": {
					"rotation": {
						"0.0": [-20, 0, 0],
						"0.5417": [30, 0, 0],
						"1.0417": [-20, 0, 0]
					}
				},
				"long36": {
					"rotation": {
						"0.0": [-90, -42.5, -92.5],
						"0.5417": [90, -45, 97.5],
						"1.0417": [-90, -42.5, -92.5]
					}
				},
				"stingerflynn": {
					"position": {
						"0.0": [0, 0, 0],
						"0.5417": [0, 8, 0],
						"1.0417": [0, 0, 0]
					}
				},
				"cm": {
					"rotation": {
						"0.0": [0, 0, 0],
						"1.0417": [0, 0, 0]
					}
				}
			}
		},
		"animation.stinger_flynn.move": {
			"loop": true,
			"animation_length": 1.04167,
			"bones": {
				"long": {
					"rotation": [-29.03215, -33.25096, 8.30638]
				},
				"long2": {
					"rotation": [-35, 0, 0]
				},
				"long3": {
					"rotation": {
						"0.0": [-37.5, 0, 0],
						"0.5417": [12.5, 0, 0],
						"1.0417": [-37.5, 0, 0]
					}
				},
				"long4": {
					"rotation": {
						"0.0": [-32.5, 0, 0],
						"0.5417": [22.5, 0, 0],
						"1.0417": [-32.5, 0, 0]
					}
				},
				"long5": {
					"rotation": {
						"0.0": [-27.5, 0, 0],
						"0.5417": [30, 0, 0],
						"1.0417": [-27.5, 0, 0]
					}
				},
				"long6": {
					"rotation": {
						"0.0": [-95, -30, -85],
						"0.5417": [-265.37069, -32.67953, -256.76815],
						"1.0417": [-95, -30, -85]
					}
				},
				"long7": {
					"rotation": [-14.3828, 30.18439, -18.94763]
				},
				"long8": {
					"rotation": [0, 0, -35]
				},
				"long9": {
					"rotation": {
						"0.0": [0, 0, -37.5],
						"0.5417": [0, 0, 17.5],
						"1.0417": [0, 0, -37.5]
					}
				},
				"long10": {
					"rotation": {
						"0.0": [0, 0, -35],
						"0.5417": [0, 0, 25],
						"1.0417": [0, 0, -35]
					}
				},
				"long11": {
					"rotation": {
						"0.0": [0, 0, -37.5],
						"0.5417": [0, 0, 27.5],
						"1.0417": [0, 0, -37.5]
					}
				},
				"long12": {
					"rotation": {
						"0.0": [-107.23, -2.59345, -132.95482],
						"0.5417": [-159.73, -2.59345, -132.95482],
						"1.0417": [-107.23, -2.59345, -132.95482]
					}
				},
				"long13": {
					"rotation": [-36.16444, -34.42254, 2.76268]
				},
				"long14": {
					"rotation": [-40, 0, 0]
				},
				"long15": {
					"rotation": {
						"0.0": [-22.5, 0, 0],
						"0.5417": [22.5, 0, 0],
						"1.0417": [-22.5, 0, 0]
					}
				},
				"long16": {
					"rotation": {
						"0.0": [-32.5, 0, 0],
						"0.5417": [35, 0, 0],
						"1.0417": [-32.5, 0, 0]
					}
				},
				"long17": {
					"rotation": {
						"0.0": [-27.5, 0, 0],
						"0.5417": [42.5, 0, 0],
						"1.0417": [-27.5, 0, 0]
					}
				},
				"long18": {
					"rotation": {
						"0.0": [-90, -35, -92.5],
						"0.5417": [90, -32.5, 92.5],
						"1.0417": [-90, -35, -92.5]
					}
				},
				"long19": {
					"rotation": [-27.92335, 36.6723, -41.37198]
				},
				"long20": {
					"rotation": [0, 0, -35]
				},
				"long21": {
					"rotation": {
						"0.0": [0, 0, -30],
						"0.5417": [0, 0, 17.5],
						"1.0417": [0, 0, -30]
					}
				},
				"long22": {
					"rotation": {
						"0.0": [0, 0, -42.5],
						"0.5417": [0, 0, 37.5],
						"1.0417": [0, 0, -42.5]
					}
				},
				"long23": {
					"rotation": {
						"0.0": [0, 0, -30],
						"0.5417": [0, 0, 27.5],
						"1.0417": [0, 0, -30]
					}
				},
				"long24": {
					"rotation": {
						"0.0": [30, 0, 0],
						"0.5417": [-27.5, 0, 0],
						"1.0417": [30, 0, 0]
					}
				},
				"long25": {
					"rotation": {
						"0.0": [-15, 0, 0],
						"0.5": [25, 0, 0],
						"1.0417": [-15, 0, 0]
					}
				},
				"long26": {
					"rotation": {
						"0.0": [15, 0, 0],
						"0.5417": [-25, 0, 0],
						"1.0417": [15, 0, 0]
					}
				},
				"long27": {
					"rotation": {
						"0.0": [20, 0, 0],
						"0.5417": [-12.5, 0, 0],
						"1.0417": [20, 0, 0]
					}
				},
				"long28": {
					"rotation": {
						"0.0": [22.5, 0, 0],
						"0.5417": [-17.5, 0, 0],
						"1.0417": [22.5, 0, 0]
					}
				},
				"long29": {
					"rotation": {
						"0.0": [30, 0, 0],
						"0.5417": [-25, 0, 0],
						"1.0417": [30, 0, 0]
					}
				},
				"long30": {
					"rotation": {
						"0.0": [-265.63932, -34.96886, -271.42669],
						"0.5417": [-93.87336, -40.17369, -97.96386],
						"1.0417": [-265.63932, -34.96886, -271.42669]
					}
				},
				"long31": {
					"rotation": {
						"0.0": [20, 0, 0],
						"0.5": [-20, 0, 0],
						"1.0417": [20, 0, 0]
					}
				},
				"long32": {
					"rotation": {
						"0.0": [-25, 0, 0],
						"0.5": [25, 0, 0],
						"1.0417": [-25, 0, 0]
					}
				},
				"long33": {
					"rotation": {
						"0.0": [-17.5, 0, 0],
						"0.5417": [20, 0, 0],
						"1.0417": [-17.5, 0, 0]
					}
				},
				"long34": {
					"rotation": {
						"0.0": [-20, 0, 0],
						"0.5417": [25, 0, 0],
						"1.0417": [-20, 0, 0]
					}
				},
				"long35": {
					"rotation": {
						"0.0": [-20, 0, 0],
						"0.5417": [30, 0, 0],
						"1.0417": [-20, 0, 0]
					}
				},
				"long36": {
					"rotation": {
						"0.0": [-90, -42.5, -92.5],
						"0.5417": [90, -45, 97.5],
						"1.0417": [-90, -42.5, -92.5]
					}
				},
				"stingerflynn": {
					"position": {
						"0.0": [0, 0, 0],
						"0.5417": [0, 8, 0],
						"1.0417": [0, 0, 0]
					}
				},
				"cm": {
					"rotation": {
						"0.0": [0, 0, 0],
						"1.0417": [0, 0, 0]
					}
				}
			}
		},
		"animation.stinger_flynn.move_to_target": {
			"loop": true,
			"animation_length": 1.04167,
			"bones": {
				"long": {
					"rotation": [-29.03215, -33.25096, 8.30638]
				},
				"long2": {
					"rotation": [-35, 0, 0]
				},
				"long3": {
					"rotation": {
						"0.0": [-37.5, 0, 0],
						"0.5417": [12.5, 0, 0],
						"1.0417": [-37.5, 0, 0]
					}
				},
				"long4": {
					"rotation": {
						"0.0": [-32.5, 0, 0],
						"0.5417": [22.5, 0, 0],
						"1.0417": [-32.5, 0, 0]
					}
				},
				"long5": {
					"rotation": {
						"0.0": [-27.5, 0, 0],
						"0.5417": [30, 0, 0],
						"1.0417": [-27.5, 0, 0]
					}
				},
				"long6": {
					"rotation": {
						"0.0": [-95, -30, -85],
						"0.5417": [-265.37069, -32.67953, -256.76815],
						"1.0417": [-95, -30, -85]
					}
				},
				"long7": {
					"rotation": [-14.3828, 30.18439, -18.94763]
				},
				"long8": {
					"rotation": [0, 0, -35]
				},
				"long9": {
					"rotation": {
						"0.0": [0, 0, -37.5],
						"0.5417": [0, 0, 17.5],
						"1.0417": [0, 0, -37.5]
					}
				},
				"long10": {
					"rotation": {
						"0.0": [0, 0, -35],
						"0.5417": [0, 0, 25],
						"1.0417": [0, 0, -35]
					}
				},
				"long11": {
					"rotation": {
						"0.0": [0, 0, -37.5],
						"0.5417": [0, 0, 27.5],
						"1.0417": [0, 0, -37.5]
					}
				},
				"long12": {
					"rotation": {
						"0.0": [-107.23, -2.59345, -132.95482],
						"0.5417": [-159.73, -2.59345, -132.95482],
						"1.0417": [-107.23, -2.59345, -132.95482]
					}
				},
				"long13": {
					"rotation": [-36.16444, -34.42254, 2.76268]
				},
				"long14": {
					"rotation": [-40, 0, 0]
				},
				"long15": {
					"rotation": {
						"0.0": [-22.5, 0, 0],
						"0.5417": [22.5, 0, 0],
						"1.0417": [-22.5, 0, 0]
					}
				},
				"long16": {
					"rotation": {
						"0.0": [-32.5, 0, 0],
						"0.5417": [35, 0, 0],
						"1.0417": [-32.5, 0, 0]
					}
				},
				"long17": {
					"rotation": {
						"0.0": [-27.5, 0, 0],
						"0.5417": [42.5, 0, 0],
						"1.0417": [-27.5, 0, 0]
					}
				},
				"long18": {
					"rotation": {
						"0.0": [-90, -35, -92.5],
						"0.5417": [90, -32.5, 92.5],
						"1.0417": [-90, -35, -92.5]
					}
				},
				"long19": {
					"rotation": [-27.92335, 36.6723, -41.37198]
				},
				"long20": {
					"rotation": [0, 0, -35]
				},
				"long21": {
					"rotation": {
						"0.0": [0, 0, -30],
						"0.5417": [0, 0, 17.5],
						"1.0417": [0, 0, -30]
					}
				},
				"long22": {
					"rotation": {
						"0.0": [0, 0, -42.5],
						"0.5417": [0, 0, 37.5],
						"1.0417": [0, 0, -42.5]
					}
				},
				"long23": {
					"rotation": {
						"0.0": [0, 0, -30],
						"0.5417": [0, 0, 27.5],
						"1.0417": [0, 0, -30]
					}
				},
				"long24": {
					"rotation": {
						"0.0": [30, 0, 0],
						"0.5417": [-27.5, 0, 0],
						"1.0417": [30, 0, 0]
					}
				},
				"long25": {
					"rotation": {
						"0.0": [-15, 0, 0],
						"0.5": [25, 0, 0],
						"1.0417": [-15, 0, 0]
					}
				},
				"long26": {
					"rotation": {
						"0.0": [15, 0, 0],
						"0.5417": [-25, 0, 0],
						"1.0417": [15, 0, 0]
					}
				},
				"long27": {
					"rotation": {
						"0.0": [20, 0, 0],
						"0.5417": [-12.5, 0, 0],
						"1.0417": [20, 0, 0]
					}
				},
				"long28": {
					"rotation": {
						"0.0": [22.5, 0, 0],
						"0.5417": [-17.5, 0, 0],
						"1.0417": [22.5, 0, 0]
					}
				},
				"long29": {
					"rotation": {
						"0.0": [30, 0, 0],
						"0.5417": [-25, 0, 0],
						"1.0417": [30, 0, 0]
					}
				},
				"long30": {
					"rotation": {
						"0.0": [-265.63932, -34.96886, -271.42669],
						"0.5417": [-93.87336, -40.17369, -97.96386],
						"1.0417": [-265.63932, -34.96886, -271.42669]
					}
				},
				"long31": {
					"rotation": {
						"0.0": [20, 0, 0],
						"0.5": [-20, 0, 0],
						"1.0417": [20, 0, 0]
					}
				},
				"long32": {
					"rotation": {
						"0.0": [-25, 0, 0],
						"0.5": [25, 0, 0],
						"1.0417": [-25, 0, 0]
					}
				},
				"long33": {
					"rotation": {
						"0.0": [-17.5, 0, 0],
						"0.5417": [20, 0, 0],
						"1.0417": [-17.5, 0, 0]
					}
				},
				"long34": {
					"rotation": {
						"0.0": [-20, 0, 0],
						"0.5417": [25, 0, 0],
						"1.0417": [-20, 0, 0]
					}
				},
				"long35": {
					"rotation": {
						"0.0": [-20, 0, 0],
						"0.5417": [30, 0, 0],
						"1.0417": [-20, 0, 0]
					}
				},
				"long36": {
					"rotation": {
						"0.0": [-90, -42.5, -92.5],
						"0.5417": [90, -45, 97.5],
						"1.0417": [-90, -42.5, -92.5]
					}
				},
				"stingerflynn": {
					"position": {
						"0.0": [0, 0, 0],
						"0.5417": [0, 8, 0],
						"1.0417": [0, 0, 0]
					}
				},
				"cm": {
					"rotation": {
						"0.0": [0, 0, 0],
						"1.0417": [0, 0, 0]
					}
				},
				"black": {
					"scale": {
						"0.0": [0.7, 0.9, 0.7],
						"0.5417": [1.7, 2.1, 0.7],
						"1.0417": [0.7, 0.9, 0.7]
					}
				},
				"tentaculos": {
					"rotation": {
						"0.0": [20, 0, 0],
						"0.5833": [22.5, 0, 0]
					},
					"position": {
						"0.0": [0, 4, 0],
						"0.5833": [0, 4, 0]
					}
				}
			}
		}
	}
}