{
  "format_version": "1.12.0",
  "minecraft:geometry": [
    {
      "description": {
        "identifier": "geometry.xl_kidschair1",
        "texture_width": 64,
        "texture_height": 64,
        "visible_bounds_width": 2,
        "visible_bounds_height": 2.5,
        "visible_bounds_offset": [
          0,
          0.75,
          0
        ]
      },
      "bones": [
        {
          "name": "body",
          "pivot": [
            0,
            0,
            0
          ],
          "cubes": [
            {
              "origin": [
                -5,
                0,
                -5
              ],
              "size": [
                3,
                4,
                3
              ],
              "uv": {
                "north": {
                  "uv": [
                    2,
                    20
                  ],
                  "uv_size": [
                    3,
                    4
                  ]
                },
                "east": {
                  "uv": [
                    5,
                    20
                  ],
                  "uv_size": [
                    3,
                    4
                  ]
                },
                "south": {
                  "uv": [
                    8,
                    20
                  ],
                  "uv_size": [
                    3,
                    4
                  ]
                },
                "west": {
                  "uv": [
                    20,
                    8
                  ],
                  "uv_size": [
                    3,
                    4
                  ]
                },
                "up": {
                  "uv": [
                    25,
                    1
                  ],
                  "uv_size": [
                    3,
                    3
                  ]
                },
                "down": {
                  "uv": [
                    2,
                    28
                  ],
                  "uv_size": [
                    3,
                    -3
                  ]
                }
              }
            },
            {
              "origin": [
                -5,
                4,
                -5
              ],
              "size": [
                10,
                1,
                10
              ],
              "uv": {
                "north": {
                  "uv": [
                    2,
                    24
                  ],
                  "uv_size": [
                    10,
                    1
                  ]
                },
                "east": {
                  "uv": [
                    12,
                    24
                  ],
                  "uv_size": [
                    10,
                    1
                  ]
                },
                "south": {
                  "uv": [
                    22,
                    24
                  ],
                  "uv_size": [
                    10,
                    1
                  ]
                },
                "west": {
                  "uv": [
                    25,
                    0
                  ],
                  "uv_size": [
                    10,
                    1
                  ]
                },
                "up": {
                  "uv": [
                    0,
                    0
                  ],
                  "uv_size": [
                    10,
                    10
                  ]
                },
                "down": {
                  "uv": [
                    0,
                    20
                  ],
                  "uv_size": [
                    10,
                    -10
                  ]
                }
              }
            },
            {
              "origin": [
                -5,
                5,
                3
              ],
              "size": [
                10,
                8,
                2
              ],
              "uv": {
                "north": {
                  "uv": [
                    10,
                    0
                  ],
                  "uv_size": [
                    10,
                    8
                  ]
                },
                "east": {
                  "uv": [
                    0,
                    20
                  ],
                  "uv_size": [
                    2,
                    8
                  ]
                },
                "south": {
                  "uv": [
                    10,
                    8
                  ],
                  "uv_size": [
                    10,
                    8
                  ]
                },
                "west": {
                  "uv": [
                    20,
                    0
                  ],
                  "uv_size": [
                    2,
                    8
                  ]
                },
                "up": {
                  "uv": [
                    10,
                    16
                  ],
                  "uv_size": [
                    10,
                    2
                  ]
                },
                "down": {
                  "uv": [
                    10,
                    20
                  ],
                  "uv_size": [
                    10,
                    -2
                  ]
                }
              }
            },
            {
              "origin": [
                2,
                0,
                -5
              ],
              "size": [
                3,
                4,
                3
              ],
              "uv": {
                "north": {
                  "uv": [
                    11,
                    20
                  ],
                  "uv_size": [
                    3,
                    4
                  ]
                },
                "east": {
                  "uv": [
                    20,
                    12
                  ],
                  "uv_size": [
                    3,
                    4
                  ]
                },
                "south": {
                  "uv": [
                    14,
                    20
                  ],
                  "uv_size": [
                    3,
                    4
                  ]
                },
                "west": {
                  "uv": [
                    20,
                    16
                  ],
                  "uv_size": [
                    3,
                    4
                  ]
                },
                "up": {
                  "uv": [
                    25,
                    4
                  ],
                  "uv_size": [
                    3,
                    3
                  ]
                },
                "down": {
                  "uv": [
                    5,
                    28
                  ],
                  "uv_size": [
                    3,
                    -3
                  ]
                }
              }
            },
            {
              "origin": [
                2,
                0,
                2
              ],
              "size": [
                3,
                4,
                3
              ],
              "uv": {
                "north": {
                  "uv": [
                    17,
                    20
                  ],
                  "uv_size": [
                    3,
                    4
                  ]
                },
                "east": {
                  "uv": [
                    20,
                    20
                  ],
                  "uv_size": [
                    3,
                    4
                  ]
                },
                "south": {
                  "uv": [
                    22,
                    0
                  ],
                  "uv_size": [
                    3,
                    4
                  ]
                },
                "west": {
                  "uv": [
                    22,
                    4
                  ],
                  "uv_size": [
                    3,
                    4
                  ]
                },
                "up": {
                  "uv": [
                    8,
                    25
                  ],
                  "uv_size": [
                    3,
                    3
                  ]
                },
                "down": {
                  "uv": [
                    11,
                    28
                  ],
                  "uv_size": [
                    3,
                    -3
                  ]
                }
              }
            },
            {
              "origin": [
                -5,
                0,
                2
              ],
              "size": [
                3,
                4,
                3
              ],
              "uv": {
                "north": {
                  "uv": [
                    23,
                    8
                  ],
                  "uv_size": [
                    3,
                    4
                  ]
                },
                "east": {
                  "uv": [
                    23,
                    12
                  ],
                  "uv_size": [
                    3,
                    4
                  ]
                },
                "south": {
                  "uv": [
                    23,
                    16
                  ],
                  "uv_size": [
                    3,
                    4
                  ]
                },
                "west": {
                  "uv": [
                    23,
                    20
                  ],
                  "uv_size": [
                    3,
                    4
                  ]
                },
                "up": {
                  "uv": [
                    14,
                    25
                  ],
                  "uv_size": [
                    3,
                    3
                  ]
                },
                "down": {
                  "uv": [
                    17,
                    28
                  ],
                  "uv_size": [
                    3,
                    -3
                  ]
                }
              }
            }
          ]
        }
      ]
    }
  ]
}