{
  "format_version": "1.12.0",
  "minecraft:geometry": [
    {
      "description": {
        "identifier": "geometry.xl_officechair",
        "texture_width": 64,
        "texture_height": 64,
        "visible_bounds_width": 2,
        "visible_bounds_height": 2.5,
        "visible_bounds_offset": [
          0,
          0.75,
          0
        ]
      },
      "bones": [
        {
          "name": "body",
          "pivot": [
            0,
            0,
            0
          ],
          "cubes": [
            {
              "origin": [
                -2,
                1,
                -1
              ],
              "size": [
                2,
                5,
                2
              ],
              "uv": {
                "north": {
                  "uv": [
                    26,
                    3
                  ],
                  "uv_size": [
                    2,
                    5
                  ]
                },
                "east": {
                  "uv": [
                    8,
                    26
                  ],
                  "uv_size": [
                    2,
                    5
                  ]
                },
                "south": {
                  "uv": [
                    26,
                    8
                  ],
                  "uv_size": [
                    2,
                    5
                  ]
                },
                "west": {
                  "uv": [
                    10,
                    26
                  ],
                  "uv_size": [
                    2,
                    5
                  ]
                },
                "up": {
                  "uv": [
                    32,
                    15
                  ],
                  "uv_size": [
                    2,
                    2
                  ]
                },
                "down": {
                  "uv": [
                    32,
                    19
                  ],
                  "uv_size": [
                    2,
                    -2
                  ]
                }
              }
            },
            {
              "origin": [
                -6,
                6,
                -7
              ],
              "size": [
                12,
                1,
                13
              ],
              "uv": {
                "north": {
                  "uv": [
                    26,
                    1
                  ],
                  "uv_size": [
                    12,
                    1
                  ]
                },
                "east": {
                  "uv": [
                    24,
                    20
                  ],
                  "uv_size": [
                    13,
                    1
                  ]
                },
                "south": {
                  "uv": [
                    26,
                    2
                  ],
                  "uv_size": [
                    12,
                    1
                  ]
                },
                "west": {
                  "uv": [
                    24,
                    21
                  ],
                  "uv_size": [
                    13,
                    1
                  ]
                },
                "up": {
                  "uv": [
                    0,
                    0
                  ],
                  "uv_size": [
                    12,
                    13
                  ]
                },
                "down": {
                  "uv": [
                    12,
                    13
                  ],
                  "uv_size": [
                    12,
                    -13
                  ]
                }
              }
            },
            {
              "origin": [
                -6,
                7,
                4
              ],
              "size": [
                2,
                3,
                2
              ],
              "uv": {
                "north": {
                  "uv": [
                    28,
                    26
                  ],
                  "uv_size": [
                    2,
                    3
                  ]
                },
                "east": {
                  "uv": [
                    28,
                    29
                  ],
                  "uv_size": [
                    2,
                    3
                  ]
                },
                "south": {
                  "uv": [
                    30,
                    3
                  ],
                  "uv_size": [
                    2,
                    3
                  ]
                },
                "west": {
                  "uv": [
                    30,
                    6
                  ],
                  "uv_size": [
                    2,
                    3
                  ]
                },
                "up": {
                  "uv": [
                    32,
                    23
                  ],
                  "uv_size": [
                    2,
                    2
                  ]
                },
                "down": {
                  "uv": [
                    32,
                    28
                  ],
                  "uv_size": [
                    2,
                    -2
                  ]
                }
              }
            },
            {
              "origin": [
                -8,
                6,
                -7
              ],
              "size": [
                2,
                3,
                2
              ],
              "uv": {
                "north": {
                  "uv": [
                    30,
                    9
                  ],
                  "uv_size": [
                    2,
                    3
                  ]
                },
                "east": {
                  "uv": [
                    30,
                    12
                  ],
                  "uv_size": [
                    2,
                    3
                  ]
                },
                "south": {
                  "uv": [
                    30,
                    15
                  ],
                  "uv_size": [
                    2,
                    3
                  ]
                },
                "west": {
                  "uv": [
                    30,
                    26
                  ],
                  "uv_size": [
                    2,
                    3
                  ]
                },
                "up": {
                  "uv": [
                    28,
                    32
                  ],
                  "uv_size": [
                    2,
                    2
                  ]
                },
                "down": {
                  "uv": [
                    32,
                    30
                  ],
                  "uv_size": [
                    2,
                    -2
                  ]
                }
              }
            },
            {
              "origin": [
                6,
                6,
                -7
              ],
              "size": [
                2,
                3,
                2
              ],
              "uv": {
                "north": {
                  "uv": [
                    30,
                    29
                  ],
                  "uv_size": [
                    2,
                    3
                  ]
                },
                "east": {
                  "uv": [
                    8,
                    31
                  ],
                  "uv_size": [
                    2,
                    3
                  ]
                },
                "south": {
                  "uv": [
                    10,
                    31
                  ],
                  "uv_size": [
                    2,
                    3
                  ]
                },
                "west": {
                  "uv": [
                    12,
                    31
                  ],
                  "uv_size": [
                    2,
                    3
                  ]
                },
                "up": {
                  "uv": [
                    30,
                    32
                  ],
                  "uv_size": [
                    2,
                    2
                  ]
                },
                "down": {
                  "uv": [
                    32,
                    32
                  ],
                  "uv_size": [
                    2,
                    -2
                  ]
                }
              }
            },
            {
              "origin": [
                -8,
                9,
                -7
              ],
              "size": [
                2,
                1,
                13
              ],
              "uv": {
                "north": {
                  "uv": [
                    34,
                    14
                  ],
                  "uv_size": [
                    2,
                    1
                  ]
                },
                "east": {
                  "uv": [
                    24,
                    22
                  ],
                  "uv_size": [
                    13,
                    1
                  ]
                },
                "south": {
                  "uv": [
                    34,
                    15
                  ],
                  "uv_size": [
                    2,
                    1
                  ]
                },
                "west": {
                  "uv": [
                    8,
                    25
                  ],
                  "uv_size": [
                    13,
                    1
                  ]
                },
                "up": {
                  "uv": [
                    0,
                    23
                  ],
                  "uv_size": [
                    2,
                    13
                  ]
                },
                "down": {
                  "uv": [
                    2,
                    36
                  ],
                  "uv_size": [
                    2,
                    -13
                  ]
                }
              }
            },
            {
              "origin": [
                6,
                9,
                -7
              ],
              "size": [
                2,
                1,
                13
              ],
              "uv": {
                "north": {
                  "uv": [
                    16,
                    34
                  ],
                  "uv_size": [
                    2,
                    1
                  ]
                },
                "east": {
                  "uv": [
                    21,
                    25
                  ],
                  "uv_size": [
                    13,
                    1
                  ]
                },
                "south": {
                  "uv": [
                    34,
                    16
                  ],
                  "uv_size": [
                    2,
                    1
                  ]
                },
                "west": {
                  "uv": [
                    26,
                    0
                  ],
                  "uv_size": [
                    13,
                    1
                  ]
                },
                "up": {
                  "uv": [
                    4,
                    23
                  ],
                  "uv_size": [
                    2,
                    13
                  ]
                },
                "down": {
                  "uv": [
                    6,
                    36
                  ],
                  "uv_size": [
                    2,
                    -13
                  ]
                }
              }
            },
            {
              "origin": [
                4,
                7,
                4
              ],
              "size": [
                2,
                3,
                2
              ],
              "uv": {
                "north": {
                  "uv": [
                    14,
                    31
                  ],
                  "uv_size": [
                    2,
                    3
                  ]
                },
                "east": {
                  "uv": [
                    16,
                    31
                  ],
                  "uv_size": [
                    2,
                    3
                  ]
                },
                "south": {
                  "uv": [
                    18,
                    31
                  ],
                  "uv_size": [
                    2,
                    3
                  ]
                },
                "west": {
                  "uv": [
                    20,
                    31
                  ],
                  "uv_size": [
                    2,
                    3
                  ]
                },
                "up": {
                  "uv": [
                    32,
                    32
                  ],
                  "uv_size": [
                    2,
                    2
                  ]
                },
                "down": {
                  "uv": [
                    22,
                    35
                  ],
                  "uv_size": [
                    2,
                    -2
                  ]
                }
              }
            },
            {
              "origin": [
                -6,
                10,
                4
              ],
              "size": [
                12,
                10,
                2
              ],
              "uv": {
                "north": {
                  "uv": [
                    0,
                    13
                  ],
                  "uv_size": [
                    12,
                    10
                  ]
                },
                "east": {
                  "uv": [
                    24,
                    0
                  ],
                  "uv_size": [
                    2,
                    10
                  ]
                },
                "south": {
                  "uv": [
                    12,
                    13
                  ],
                  "uv_size": [
                    12,
                    10
                  ]
                },
                "west": {
                  "uv": [
                    24,
                    10
                  ],
                  "uv_size": [
                    2,
                    10
                  ]
                },
                "up": {
                  "uv": [
                    8,
                    23
                  ],
                  "uv_size": [
                    12,
                    2
                  ]
                },
                "down": {
                  "uv": [
                    20,
                    25
                  ],
                  "uv_size": [
                    12,
                    -2
                  ]
                }
              }
            },
            {
              "origin": [
                0,
                1,
                1
              ],
              "size": [
                2,
                5,
                2
              ],
              "uv": {
                "north": {
                  "uv": [
                    18,
                    26
                  ],
                  "uv_size": [
                    2,
                    5
                  ]
                },
                "east": {
                  "uv": [
                    20,
                    26
                  ],
                  "uv_size": [
                    2,
                    5
                  ]
                },
                "south": {
                  "uv": [
                    22,
                    26
                  ],
                  "uv_size": [
                    2,
                    5
                  ]
                },
                "west": {
                  "uv": [
                    24,
                    26
                  ],
                  "uv_size": [
                    2,
                    5
                  ]
                },
                "up": {
                  "uv": [
                    34,
                    3
                  ],
                  "uv_size": [
                    2,
                    2
                  ]
                },
                "down": {
                  "uv": [
                    34,
                    7
                  ],
                  "uv_size": [
                    2,
                    -2
                  ]
                }
              }
            },
            {
              "origin": [
                -2,
                1,
                1
              ],
              "size": [
                2,
                5,
                2
              ],
              "uv": {
                "north": {
                  "uv": [
                    26,
                    26
                  ],
                  "uv_size": [
                    2,
                    5
                  ]
                },
                "east": {
                  "uv": [
                    28,
                    3
                  ],
                  "uv_size": [
                    2,
                    5
                  ]
                },
                "south": {
                  "uv": [
                    28,
                    8
                  ],
                  "uv_size": [
                    2,
                    5
                  ]
                },
                "west": {
                  "uv": [
                    28,
                    13
                  ],
                  "uv_size": [
                    2,
                    5
                  ]
                },
                "up": {
                  "uv": [
                    34,
                    7
                  ],
                  "uv_size": [
                    2,
                    2
                  ]
                },
                "down": {
                  "uv": [
                    8,
                    36
                  ],
                  "uv_size": [
                    2,
                    -2
                  ]
                }
              }
            }
          ]
        },
        {
          "name": "bone",
          "parent": "body",
          "pivot": [
            0,
            0,
            0
          ],
          "cubes": [
            {
              "origin": [
                0,
                1,
                -1
              ],
              "size": [
                2,
                5,
                2
              ],
              "uv": {
                "north": {
                  "uv": [
                    12,
                    26
                  ],
                  "uv_size": [
                    2,
                    5
                  ]
                },
                "east": {
                  "uv": [
                    26,
                    13
                  ],
                  "uv_size": [
                    2,
                    5
                  ]
                },
                "south": {
                  "uv": [
                    14,
                    26
                  ],
                  "uv_size": [
                    2,
                    5
                  ]
                },
                "west": {
                  "uv": [
                    16,
                    26
                  ],
                  "uv_size": [
                    2,
                    5
                  ]
                },
                "up": {
                  "uv": [
                    24,
                    33
                  ],
                  "uv_size": [
                    2,
                    2
                  ]
                },
                "down": {
                  "uv": [
                    26,
                    35
                  ],
                  "uv_size": [
                    2,
                    -2
                  ]
                }
              }
            },
            {
              "origin": [
                2,
                1,
                0
              ],
              "size": [
                3,
                1,
                2
              ],
              "uv": {
                "north": {
                  "uv": [
                    32,
                    19
                  ],
                  "uv_size": [
                    3,
                    1
                  ]
                },
                "east": {
                  "uv": [
                    34,
                    17
                  ],
                  "uv_size": [
                    2,
                    1
                  ]
                },
                "south": {
                  "uv": [
                    34,
                    9
                  ],
                  "uv_size": [
                    3,
                    1
                  ]
                },
                "west": {
                  "uv": [
                    18,
                    34
                  ],
                  "uv_size": [
                    2,
                    1
                  ]
                },
                "up": {
                  "uv": [
                    26,
                    18
                  ],
                  "uv_size": [
                    3,
                    2
                  ]
                },
                "down": {
                  "uv": [
                    29,
                    20
                  ],
                  "uv_size": [
                    3,
                    -2
                  ]
                }
              }
            },
            {
              "origin": [
                -5,
                1,
                0
              ],
              "size": [
                3,
                1,
                2
              ],
              "uv": {
                "north": {
                  "uv": [
                    10,
                    34
                  ],
                  "uv_size": [
                    3,
                    1
                  ]
                },
                "east": {
                  "uv": [
                    34,
                    18
                  ],
                  "uv_size": [
                    2,
                    1
                  ]
                },
                "south": {
                  "uv": [
                    34,
                    10
                  ],
                  "uv_size": [
                    3,
                    1
                  ]
                },
                "west": {
                  "uv": [
                    20,
                    34
                  ],
                  "uv_size": [
                    2,
                    1
                  ]
                },
                "up": {
                  "uv": [
                    22,
                    31
                  ],
                  "uv_size": [
                    3,
                    2
                  ]
                },
                "down": {
                  "uv": [
                    25,
                    33
                  ],
                  "uv_size": [
                    3,
                    -2
                  ]
                }
              }
            },
            {
              "origin": [
                -1,
                1,
                3
              ],
              "size": [
                2,
                1,
                3
              ],
              "uv": {
                "north": {
                  "uv": [
                    34,
                    23
                  ],
                  "uv_size": [
                    2,
                    1
                  ]
                },
                "east": {
                  "uv": [
                    34,
                    11
                  ],
                  "uv_size": [
                    3,
                    1
                  ]
                },
                "south": {
                  "uv": [
                    34,
                    24
                  ],
                  "uv_size": [
                    2,
                    1
                  ]
                },
                "west": {
                  "uv": [
                    34,
                    12
                  ],
                  "uv_size": [
                    3,
                    1
                  ]
                },
                "up": {
                  "uv": [
                    32,
                    3
                  ],
                  "uv_size": [
                    2,
                    3
                  ]
                },
                "down": {
                  "uv": [
                    32,
                    9
                  ],
                  "uv_size": [
                    2,
                    -3
                  ]
                }
              }
            },
            {
              "origin": [
                -1,
                1,
                -4
              ],
              "size": [
                2,
                1,
                3
              ],
              "uv": {
                "north": {
                  "uv": [
                    34,
                    25
                  ],
                  "uv_size": [
                    2,
                    1
                  ]
                },
                "east": {
                  "uv": [
                    13,
                    34
                  ],
                  "uv_size": [
                    3,
                    1
                  ]
                },
                "south": {
                  "uv": [
                    34,
                    26
                  ],
                  "uv_size": [
                    2,
                    1
                  ]
                },
                "west": {
                  "uv": [
                    34,
                    13
                  ],
                  "uv_size": [
                    3,
                    1
                  ]
                },
                "up": {
                  "uv": [
                    32,
                    9
                  ],
                  "uv_size": [
                    2,
                    3
                  ]
                },
                "down": {
                  "uv": [
                    32,
                    15
                  ],
                  "uv_size": [
                    2,
                    -3
                  ]
                }
              }
            },
            {
              "origin": [
                -1,
                0,
                -4
              ],
              "size": [
                2,
                1,
                1
              ],
              "uv": {
                "north": {
                  "uv": [
                    34,
                    27
                  ],
                  "uv_size": [
                    2,
                    1
                  ]
                },
                "east": {
                  "uv": [
                    17,
                    35
                  ],
                  "uv_size": [
                    1,
                    1
                  ]
                },
                "south": {
                  "uv": [
                    28,
                    34
                  ],
                  "uv_size": [
                    2,
                    1
                  ]
                },
                "west": {
                  "uv": [
                    18,
                    35
                  ],
                  "uv_size": [
                    1,
                    1
                  ]
                },
                "up": {
                  "uv": [
                    34,
                    28
                  ],
                  "uv_size": [
                    2,
                    1
                  ]
                },
                "down": {
                  "uv": [
                    34,
                    30
                  ],
                  "uv_size": [
                    2,
                    -1
                  ]
                }
              }
            },
            {
              "origin": [
                -1,
                0,
                5
              ],
              "size": [
                2,
                1,
                1
              ],
              "uv": {
                "north": {
                  "uv": [
                    30,
                    34
                  ],
                  "uv_size": [
                    2,
                    1
                  ]
                },
                "east": {
                  "uv": [
                    19,
                    35
                  ],
                  "uv_size": [
                    1,
                    1
                  ]
                },
                "south": {
                  "uv": [
                    34,
                    30
                  ],
                  "uv_size": [
                    2,
                    1
                  ]
                },
                "west": {
                  "uv": [
                    35,
                    19
                  ],
                  "uv_size": [
                    1,
                    1
                  ]
                },
                "up": {
                  "uv": [
                    34,
                    31
                  ],
                  "uv_size": [
                    2,
                    1
                  ]
                },
                "down": {
                  "uv": [
                    32,
                    35
                  ],
                  "uv_size": [
                    2,
                    -1
                  ]
                }
              }
            },
            {
              "origin": [
                -5,
                0,
                0
              ],
              "size": [
                1,
                1,
                2
              ],
              "uv": {
                "north": {
                  "uv": [
                    20,
                    35
                  ],
                  "uv_size": [
                    1,
                    1
                  ]
                },
                "east": {
                  "uv": [
                    34,
                    32
                  ],
                  "uv_size": [
                    2,
                    1
                  ]
                },
                "south": {
                  "uv": [
                    21,
                    35
                  ],
                  "uv_size": [
                    1,
                    1
                  ]
                },
                "west": {
                  "uv": [
                    34,
                    33
                  ],
                  "uv_size": [
                    2,
                    1
                  ]
                },
                "up": {
                  "uv": [
                    34,
                    34
                  ],
                  "uv_size": [
                    1,
                    2
                  ]
                },
                "down": {
                  "uv": [
                    10,
                    37
                  ],
                  "uv_size": [
                    1,
                    -2
                  ]
                }
              }
            },
            {
              "origin": [
                4,
                0,
                0
              ],
              "size": [
                1,
                1,
                2
              ],
              "uv": {
                "north": {
                  "uv": [
                    22,
                    35
                  ],
                  "uv_size": [
                    1,
                    1
                  ]
                },
                "east": {
                  "uv": [
                    11,
                    35
                  ],
                  "uv_size": [
                    2,
                    1
                  ]
                },
                "south": {
                  "uv": [
                    23,
                    35
                  ],
                  "uv_size": [
                    1,
                    1
                  ]
                },
                "west": {
                  "uv": [
                    13,
                    35
                  ],
                  "uv_size": [
                    2,
                    1
                  ]
                },
                "up": {
                  "uv": [
                    15,
                    35
                  ],
                  "uv_size": [
                    1,
                    2
                  ]
                },
                "down": {
                  "uv": [
                    16,
                    37
                  ],
                  "uv_size": [
                    1,
                    -2
                  ]
                }
              }
            }
          ]
        }
      ]
    }
  ]
}