{
  "format_version": "1.12.0",
  "minecraft:geometry": [
    {
      "description": {
        "identifier": "geometry.xl_popularkid",
        "texture_width": 64,
        "texture_height": 64,
        "visible_bounds_width": 6,
        "visible_bounds_height": 5,
        "visible_bounds_offset": [
          0,
          0.5,
          0
        ]
      },
      "bones": [
        {
          "name": "body",
          "pivot": [
            0,
            0,
            0
          ],
          "cubes": [
            {
              "origin": [
                -7,
                0,
                -7
              ],
              "size": [
                14,
                13,
                14
              ],
              "uv": {
                "north": {
                  "uv": [
                    0,
                    0
                  ],
                  "uv_size": [
                    12,
                    14
                  ]
                },
                "east": {
                  "uv": [
                    12,
                    0
                  ],
                  "uv_size": [
                    12,
                    14
                  ]
                },
                "south": {
                  "uv": [
                    0,
                    14
                  ],
                  "uv_size": [
                    12,
                    14
                  ]
                },
                "west": {
                  "uv": [
                    12,
                    14
                  ],
                  "uv_size": [
                    12,
                    14
                  ]
                },
                "up": {
                  "uv": [
                    24,
                    0
                  ],
                  "uv_size": [
                    12,
                    12
                  ]
                },
                "down": {
                  "uv": [
                    24,
                    24
                  ],
                  "uv_size": [
                    12,
                    -12
                  ]
                }
              }
            },
            {
              "origin": [
                -8,
                0,
                -7.95
              ],
              "size": [
                16,
                13,
                16
              ],
              "uv": {
                "north": {
                  "uv": [
                    0,
                    46
                  ],
                  "uv_size": [
                    15,
                    13
                  ]
                },
                "east": {
                  "uv": [
                    15,
                    46
                  ],
                  "uv_size": [
                    15,
                    13
                  ]
                },
                "south": {
                  "uv": [
                    30,
                    46
                  ],
                  "uv_size": [
                    15,
                    13
                  ]
                },
                "west": {
                  "uv": [
                    45,
                    46
                  ],
                  "uv_size": [
                    15,
                    13
                  ]
                },
                "up": {
                  "uv": [
                    45,
                    59
                  ],
                  "uv_size": [
                    -15,
                    -13
                  ]
                },
                "down": {
                  "uv": [
                    45,
                    59
                  ],
                  "uv_size": [
                    -15,
                    -13
                  ]
                }
              }
            }
          ]
        }
      ]
    }
  ]
}