{
  "format_version": "1.12.0",
  "minecraft:geometry": [
    {
      "description": {
        "identifier": "geometry.xl_unpopularkids",
        "texture_width": 32,
        "texture_height": 32,
        "visible_bounds_width": 2,
        "visible_bounds_height": 2.5,
        "visible_bounds_offset": [
          0,
          0.75,
          0
        ]
      },
      "bones": [
        {
          "name": "body",
          "pivot": [
            0,
            0,
            0
          ],
          "cubes": [
            {
              "origin": [
                -3,
                0,
                -3
              ],
              "size": [
                6,
                6,
                6
              ],
              "uv": {
                "north": {
                  "uv": [
                    0,
                    0
                  ],
                  "uv_size": [
                    6,
                    6
                  ]
                },
                "east": {
                  "uv": [
                    0,
                    6
                  ],
                  "uv_size": [
                    6,
                    6
                  ]
                },
                "south": {
                  "uv": [
                    6,
                    0
                  ],
                  "uv_size": [
                    6,
                    6
                  ]
                },
                "west": {
                  "uv": [
                    6,
                    6
                  ],
                  "uv_size": [
                    6,
                    6
                  ]
                },
                "up": {
                  "uv": [
                    0,
                    12
                  ],
                  "uv_size": [
                    6,
                    6
                  ]
                },
                "down": {
                  "uv": [
                    12,
                    6
                  ],
                  "uv_size": [
                    6,
                    -6
                  ]
                }
              }
            },
            {
              "origin": [
                -0.5,
                6,
                -3
              ],
              "size": [
                0.5,
                2,
                0.5
              ],
              "uv": {
                "north": {
                  "uv": [
                    14,
                    14
                  ],
                  "uv_size": [
                    1,
                    2
                  ]
                },
                "east": {
                  "uv": [
                    12,
                    15
                  ],
                  "uv_size": [
                    1,
                    2
                  ]
                },
                "south": {
                  "uv": [
                    13,
                    15
                  ],
                  "uv_size": [
                    1,
                    2
                  ]
                },
                "west": {
                  "uv": [
                    15,
                    14
                  ],
                  "uv_size": [
                    1,
                    2
                  ]
                },
                "up": {
                  "uv": [
                    17,
                    7
                  ],
                  "uv_size": [
                    1,
                    1
                  ]
                },
                "down": {
                  "uv": [
                    17,
                    11
                  ],
                  "uv_size": [
                    1,
                    -1
                  ]
                }
              }
            },
            {
              "origin": [
                -0.5,
                1.75,
                3.5
              ],
              "size": [
                0.5,
                6.75,
                0.5
              ],
              "pivot": [
                -0.25,
                5.75,
                4.25
              ],
              "rotation": [
                -12.5,
                0,
                0
              ],
              "uv": {
                "north": {
                  "uv": [
                    12,
                    8
                  ],
                  "uv_size": [
                    1,
                    7
                  ]
                },
                "east": {
                  "uv": [
                    11,
                    12
                  ],
                  "uv_size": [
                    1,
                    7
                  ]
                },
                "south": {
                  "uv": [
                    13,
                    8
                  ],
                  "uv_size": [
                    1,
                    7
                  ]
                },
                "west": {
                  "uv": [
                    6,
                    14
                  ],
                  "uv_size": [
                    1,
                    7
                  ]
                },
                "up": {
                  "uv": [
                    17,
                    11
                  ],
                  "uv_size": [
                    1,
                    1
                  ]
                },
                "down": {
                  "uv": [
                    12,
                    18
                  ],
                  "uv_size": [
                    1,
                    -1
                  ]
                }
              }
            },
            {
              "origin": [
                -0.5,
                8,
                -3
              ],
              "size": [
                0.5,
                0.5,
                7.25
              ],
              "uv": {
                "north": {
                  "uv": [
                    17,
                    12
                  ],
                  "uv_size": [
                    1,
                    1
                  ]
                },
                "east": {
                  "uv": [
                    14,
                    8
                  ],
                  "uv_size": [
                    7,
                    1
                  ]
                },
                "south": {
                  "uv": [
                    13,
                    17
                  ],
                  "uv_size": [
                    1,
                    1
                  ]
                },
                "west": {
                  "uv": [
                    14,
                    9
                  ],
                  "uv_size": [
                    7,
                    1
                  ]
                },
                "up": {
                  "uv": [
                    7,
                    14
                  ],
                  "uv_size": [
                    1,
                    7
                  ]
                },
                "down": {
                  "uv": [
                    8,
                    21
                  ],
                  "uv_size": [
                    1,
                    -7
                  ]
                }
              }
            },
            {
              "origin": [
                -0.5,
                1.5,
                -7.75
              ],
              "size": [
                1,
                1.5,
                4.75
              ],
              "pivot": [
                0,
                0,
                0
              ],
              "rotation": [
                -17.5,
                0,
                0
              ],
              "uv": {
                "north": {
                  "uv": [
                    16,
                    10
                  ],
                  "uv_size": [
                    1,
                    2
                  ]
                },
                "east": {
                  "uv": [
                    6,
                    12
                  ],
                  "uv_size": [
                    5,
                    2
                  ]
                },
                "south": {
                  "uv": [
                    16,
                    12
                  ],
                  "uv_size": [
                    1,
                    2
                  ]
                },
                "west": {
                  "uv": [
                    12,
                    6
                  ],
                  "uv_size": [
                    5,
                    2
                  ]
                },
                "up": {
                  "uv": [
                    9,
                    14
                  ],
                  "uv_size": [
                    1,
                    5
                  ]
                },
                "down": {
                  "uv": [
                    10,
                    19
                  ],
                  "uv_size": [
                    1,
                    -5
                  ]
                }
              }
            },
            {
              "origin": [
                -1,
                1,
                -8
              ],
              "size": [
                2,
                2.25,
                0.25
              ],
              "pivot": [
                0,
                0,
                0
              ],
              "rotation": [
                -17.5,
                0,
                0
              ],
              "uv": {
                "north": {
                  "uv": [
                    14,
                    10
                  ],
                  "uv_size": [
                    2,
                    2
                  ]
                },
                "east": {
                  "uv": [
                    14,
                    16
                  ],
                  "uv_size": [
                    1,
                    2
                  ]
                },
                "south": {
                  "uv": [
                    14,
                    12
                  ],
                  "uv_size": [
                    2,
                    2
                  ]
                },
                "west": {
                  "uv": [
                    16,
                    14
                  ],
                  "uv_size": [
                    1,
                    2
                  ]
                },
                "up": {
                  "uv": [
                    15,
                    16
                  ],
                  "uv_size": [
                    2,
                    1
                  ]
                },
                "down": {
                  "uv": [
                    17,
                    7
                  ],
                  "uv_size": [
                    2,
                    -1
                  ]
                }
              }
            }
          ]
        }
      ]
    }
  ]
}