{
      "format_version": "1.16.100",
      "minecraft:item": {
            "description": {
                  "identifier": "guh:carpenters_chisel",
                  "category": "equipment"
            },
            "components": {
                  "minecraft:icon": {
                        "texture": "guh:carpenters_chisel"
                  },
                  "minecraft:max_stack_size": 1,
                  "minecraft:display_name": {
                        "value": "Carpenter's Chisel"
                  },
                  "minecraft:hand_equipped": true
            }
      }
}