{
  "format_version": "1.12.0",
  "minecraft:geometry": [
    {
      "description": {
        "identifier": "geometry.pizza_peppino",
        "texture_width": 164,
        "texture_height": 164,
        "visible_bounds_width": 4,
        "visible_bounds_height": 4.5,
        "visible_bounds_offset": [
          0,
          1.75,
          0
        ]
      },
      "bones": [
        {
          "name": "Head",
          "pivot": [
            0,
            24,
            0
          ],
          "cubes": [
            {
              "origin": [
                -4,
                24,
                -4
              ],
              "size": [
                8,
                8,
                8
              ],
              "uv": [
                0,
                0
              ]
            },
            {
              "origin": [
                -1,
                25,
                -5
              ],
              "size": [
                2,
                3,
                1
              ],
              "uv": [
                35,
                58
              ]
            }
          ]
        },
        {
          "name": "Hat",
          "parent": "Head",
          "pivot": [
            0,
            31,
            0
          ],
          "rotation": [
            0,
            0,
            7.5
          ],
          "cubes": [
            {
              "origin": [
                -3,
                31,
                -3
              ],
              "size": [
                6,
                7,
                6
              ],
              "uv": [
                0,
                71
              ]
            },
            {
              "origin": [
                -4,
                38,
                -4
              ],
              "size": [
                5,
                2,
                8
              ],
              "pivot": [
                0,
                -1,
                0
              ],
              "rotation": [
                0,
                0,
                5
              ],
              "uv": [
                58,
                74
              ]
            },
            {
              "origin": [
                -1,
                38,
                -4
              ],
              "size": [
                5,
                2,
                8
              ],
              "pivot": [
                0,
                -1,
                0
              ],
              "rotation": [
                0,
                0,
                -5
              ],
              "uv": [
                58,
                74
              ],
              "mirror": true
            }
          ]
        },
        {
          "name": "bone2",
          "parent": "Head",
          "pivot": [
            3,
            29,
            -3.5
          ],
          "rotation": [
            0,
            0,
            15
          ],
          "cubes": [
            {
              "origin": [
                1,
                29,
                -4.5
              ],
              "size": [
                3,
                1,
                1
              ],
              "uv": [
                34,
                82
              ]
            }
          ]
        },
        {
          "name": "bone",
          "parent": "Head",
          "pivot": [
            -3,
            29,
            -4
          ],
          "rotation": [
            0,
            0,
            -17.5
          ],
          "cubes": [
            {
              "origin": [
                -4,
                29,
                -4.5
              ],
              "size": [
                3,
                1,
                1
              ],
              "uv": [
                56,
                82
              ]
            }
          ]
        },
        {
          "name": "RightArm",
          "pivot": [
            -5,
            22,
            0
          ],
          "cubes": [
            {
              "origin": [
                -8,
                12,
                -2
              ],
              "size": [
                4,
                12,
                4
              ],
              "uv": [
                40,
                16
              ]
            },
            {
              "origin": [
                -8,
                12,
                -2
              ],
              "size": [
                4,
                12,
                4
              ],
              "inflate": 0.25,
              "uv": [
                40,
                32
              ]
            }
          ]
        },
        {
          "name": "LeftArm",
          "pivot": [
            5,
            22,
            0
          ],
          "cubes": [
            {
              "origin": [
                4,
                12,
                -2
              ],
              "size": [
                4,
                12,
                4
              ],
              "uv": [
                32,
                48
              ]
            },
            {
              "origin": [
                4,
                12,
                -2
              ],
              "size": [
                4,
                12,
                4
              ],
              "inflate": 0.25,
              "uv": [
                48,
                48
              ]
            }
          ]
        },
        {
          "name": "RightLeg",
          "pivot": [
            -1.9,
            12,
            0
          ],
          "cubes": [
            {
              "origin": [
                -3.9,
                0,
                -2
              ],
              "size": [
                4,
                12,
                4
              ],
              "uv": [
                0,
                16
              ]
            },
            {
              "origin": [
                -3.9,
                0,
                -3
              ],
              "size": [
                4,
                1,
                1
              ],
              "uv": [
                74,
                0
              ]
            },
            {
              "origin": [
                -3.9,
                0,
                -2
              ],
              "size": [
                4,
                12,
                4
              ],
              "inflate": 0.25,
              "uv": [
                0,
                32
              ]
            }
          ]
        },
        {
          "name": "LeftLeg",
          "pivot": [
            1.9,
            12,
            0
          ],
          "cubes": [
            {
              "origin": [
                -0.1,
                0,
                -2
              ],
              "size": [
                4,
                12,
                4
              ],
              "uv": [
                16,
                48
              ]
            },
            {
              "origin": [
                -0.1,
                0,
                -3
              ],
              "size": [
                4,
                1,
                1
              ],
              "uv": [
                74,
                0
              ]
            },
            {
              "origin": [
                -0.1,
                0,
                -2
              ],
              "size": [
                4,
                12,
                4
              ],
              "inflate": 0.25,
              "uv": [
                0,
                48
              ]
            }
          ]
        },
        {
          "name": "Body",
          "pivot": [
            0,
            12,
            0
          ],
          "cubes": [
            {
              "origin": [
                -4,
                12,
                -2
              ],
              "size": [
                8,
                12,
                4
              ],
              "uv": [
                16,
                16
              ]
            },
            {
              "origin": [
                -4,
                12,
                -2
              ],
              "size": [
                8,
                12,
                4
              ],
              "inflate": 0.25,
              "uv": [
                16,
                32
              ]
            }
          ]
        },
        {
          "name": "bone3",
          "pivot": [
            0,
            20,
            -1
          ],
          "cubes": [
            {
              "origin": [
                -4,
                16,
                -1
              ],
              "size": [
                8,
                8,
                7
              ],
              "uv": [
                134,
                149
              ]
            }
          ]
        }
      ]
    }
  ]
}