{
  "format_version": "1.8.0",
  "animations": {
    "animation.os_blue.walk": {
      "loop": true,
      "animation_length": 1,
      "bones": {
        "body": {
          "rotation": {
            "0.0": [
              15,
              0,
              0
            ],
            "0.25": [
              25.08377,
              4.53051,
              2.11751
            ],
            "0.5": [
              17.68908,
              -6.79382,
              -3.18458
            ],
            "0.75": [
              25.33761,
              9.05478,
              4.26175
            ],
            "1.0": [
              15,
              0,
              0
            ]
          }
        },
        "head": {
          "rotation": [
            -7.5,
            0,
            0
          ]
        },
        "leftArm": {
          "rotation": {
            "0.0": [
              -94.48081,
              -17.11221,
              22.78964
            ],
            "0.25": [
              -94.80259,
              -24.45781,
              -9.33233
            ],
            "0.5": [
              -96.06305,
              -16.35395,
              11.73116
            ],
            "0.75": [
              -103.13413,
              -26.61988,
              27.14054
            ],
            "1.0": [
              -94.48081,
              -17.11221,
              22.78964
            ]
          }
        },
        "rightArm": {
          "rotation": {
            "0.0": [
              -84.65685,
              23.79561,
              -15.19015
            ],
            "0.25": [
              -67.59368,
              23.07183,
              21.15279
            ],
            "0.5": [
              -93.9664,
              41.95805,
              0.44874
            ],
            "0.75": [
              -88.33036,
              27.23179,
              -12.73722
            ],
            "1.0": [
              -84.65685,
              23.79561,
              -15.19015
            ]
          }
        },
        "leftLeg": {
          "rotation": {
            "0.0": [
              25,
              0,
              0
            ],
            "0.25": [
              72.5,
              0,
              0
            ],
            "0.5": [
              -10,
              0,
              0
            ],
            "0.75": [
              -2.5,
              0,
              0
            ],
            "1.0": [
              25,
              0,
              0
            ]
          },
          "position": {
            "0.0": [
              0,
              -1,
              1
            ],
            "0.25": [
              0,
              1,
              -4
            ],
            "0.5": [
              0,
              2,
              -4
            ],
            "0.75": [
              0,
              0,
              -5
            ],
            "1.0": [
              0,
              -1,
              1
            ]
          }
        },
        "rightLeg": {
          "rotation": {
            "0.0": [
              -22.5,
              0,
              0
            ],
            "0.25": [
              -7.5,
              0,
              0
            ],
            "0.5": [
              25,
              0,
              0
            ],
            "0.75": [
              65,
              0,
              0
            ],
            "1.0": [
              -22.5,
              0,
              0
            ]
          },
          "position": {
            "0.0": [
              0,
              1,
              -2
            ],
            "0.25": [
              0,
              0,
              -3
            ],
            "0.5": [
              0,
              0,
              1
            ],
            "0.75": [
              0,
              0,
              -5
            ],
            "1.0": [
              0,
              1,
              -2
            ]
          }
        }
      }
    },
    "animation.os_blue.bob": {
      "loop": true,
      "animation_length": 4,
      "bones": {
        "root": {
          "scale": 1.3
        },
        "body": {
          "rotation": {
            "0.0": [
              5,
              0,
              0
            ],
            "2.0": [
              -2.5,
              0,
              0
            ],
            "4.0": [
              5,
              0,
              0
            ]
          }
        },
        "leftArm": {
          "rotation": {
            "0.0": [
              -17.5,
              17.5,
              0
            ],
            "2.0": [
              10.38702,
              -10.50293,
              -7.25012
            ],
            "4.0": [
              -17.5,
              17.5,
              0
            ]
          }
        },
        "rightArm": {
          "rotation": {
            "0.0": [
              -16.44207,
              -24.19982,
              6.44852
            ],
            "2.0": [
              9.09905,
              14.58658,
              13.70063
            ],
            "4.0": [
              -16.44207,
              -24.19982,
              6.44852
            ]
          }
        },
        "leftLeg": {
          "rotation": {
            "0.0": [
              1.10693,
              -12.45167,
              -5.12076
            ],
            "2.0": [
              0.58965,
              -12.35702,
              -2.56304
            ],
            "4.0": [
              1.10693,
              -12.45167,
              -5.12076
            ]
          }
        },
        "rightLeg": {
          "rotation": {
            "0.0": [
              0.86006,
              8.67795,
              4.90523
            ],
            "2.0": [
              0.4778,
              8.70714,
              2.37635
            ],
            "4.0": [
              0.86006,
              8.67795,
              4.90523
            ]
          }
        }
      }
    },
    "animation.os_blue.jumpscare": {
      "loop": true,
      "animation_length": 0.5,
      "bones": {
        "body": {
          "rotation": [
            12.5,
            0,
            0
          ]
        },
        "head": {
          "rotation": {
            "0.0": [
              -22.31594,
              -2.15393,
              -9.76758
            ],
            "0.125": [
              5.7808,
              -17.9052,
              4.21952
            ],
            "0.25": [
              -1.87779,
              11.95306,
              7.17028
            ],
            "0.375": [
              -21.53204,
              -6.65476,
              14.54227
            ],
            "0.5": [
              -22.31594,
              -2.15393,
              -9.76758
            ]
          }
        },
        "leftArm": {
          "rotation": [
            -87.27415,
            -25.40924,
            8.839
          ]
        },
        "rightArm": {
          "rotation": [
            -97.16988,
            34.49508,
            -13.6917
          ]
        }
      }
    }
  }
}