{
	"format_version": "1.8.0",
	"animations": {
		"animation.os_cyan.walk": {
			"loop": true,
			"animation_length": 1,
			"bones": {
				"body": {
					"rotation": [15, 0, 0],
					"position": {
						"0.0": [0, -1, 0],
						"0.25": [0, 0, 0],
						"0.5": [0, -1, 0],
						"0.75": [0, 0, 0],
						"1.0": [0, -1, 0]
					}
				},
				"head": {
					"rotation": [-7.5, 0, 0]
				},
				"leftArm": {
					"rotation": {
						"0.0": [-29.42654, -1.42372, 4.63254],
						"0.25": [-0.78664, 1.11796, 4.33629],
						"0.5": [23.86644, 1.22555, 3.04355],
						"0.75": [65.60927, -0.80337, 5.87325],
						"1.0": [-29.42654, -1.42372, 4.63254]
					},
					"position": {
						"0.0": [0, 1, -1],
						"0.25": [0, 0, -2],
						"0.5": [0, 0, 0],
						"0.75": [0, 1, -3],
						"1.0": [0, 1, -1]
					}
				},
				"leftLeg": {
					"rotation": {
						"0.0": [27.5, 0, 0],
						"0.25": [52.5, 0, 0],
						"0.5": [-15, 0, 0],
						"0.75": [0, 0, 0],
						"1.0": [27.5, 0, 0]
					},
					"position": {
						"0.0": [0, 0, 1],
						"0.25": [0, 1, -1],
						"0.5": [0, 3, -2],
						"0.75": [0, 0, -2],
						"1.0": [0, 0, 1]
					}
				}
			}
		},
		"animation.os_cyan.jumpscare": {
			"loop": true,
			"animation_length": 0.5,
			"bones": {
				"body": {
					"rotation": {
						"0.0": [0, 0, -7.5],
						"0.25": [0, 0, 7.5],
						"0.5": [0, 0, -7.5]
					}
				},
				"head": {
					"rotation": {
						"0.0": [0, 0, -15],
						"0.25": [0, 0, 12.5],
						"0.5": [0, 0, -15]
					}
				}
			}
		},
		"animation.os_cyan.bob": {
			"loop": true,
			"animation_length": 4,
			"bones": {
				"body": {
					"rotation": {
						"0.0": [10, 0, 0],
						"2.0": [-5, 0, 0],
						"4.0": [10, 0, 0]
					}
				},
				"root": {
					"scale": 1.8
				}
			}
		}
	}
}