{
  "format_version": "1.8.0",
  "animations": {
    "animation.os_green.bob": {
      "loop": true,
      "animation_length": 4,
      "bones": {
        "body": {
          "rotation": {
            "0.0": [
              2.71635,
              24.98466,
              0.71364
            ],
            "2.0": [
              6.04638,
              21.91736,
              8.6559
            ],
            "4.0": [
              2.71635,
              24.98466,
              0.71364
            ]
          }
        },
        "body2": {
          "rotation": {
            "0.0": [
              11.59188,
              -13.85358,
              -7.29432
            ],
            "2.0": [
              -2.52475,
              -17.6297,
              2.81781
            ],
            "4.0": [
              11.59188,
              -13.85358,
              -7.29432
            ]
          }
        },
        "body4": {
          "rotation": {
            "0.0": [
              21.63658,
              -13.02226,
              -12.44131
            ],
            "2.0": [
              9.15323,
              -23.90822,
              14.41383
            ],
            "4.0": [
              21.63658,
              -13.02226,
              -12.44131
            ]
          }
        },
        "dirt": {
          "rotation": [
            -12.5,
            0,
            0
          ]
        },
        "dirt2": {
          "rotation": [
            10,
            0,
            0
          ]
        },
        "dirt3": {
          "rotation": [
            20,
            0,
            0
          ]
        },
        "body3": {
          "rotation": {
            "0.0": [
              -55,
              0,
              0
            ],
            "2.0": [
              -30,
              0,
              0
            ],
            "4.0": [
              -55,
              0,
              0
            ]
          }
        },
        "rightArm": {
          "rotation": {
            "0.0": [
              18.27654,
              -5.25839,
              37.99759
            ],
            "1.0": [
              -16.90884,
              -33.46507,
              -16.13166
            ],
            "2.0": [
              -46.70432,
              27.62313,
              32.05225
            ],
            "3.0": [
              -10.93922,
              -68.64519,
              -56.72777
            ],
            "4.0": [
              18.27654,
              -5.25839,
              37.99759
            ]
          }
        },
        "rightArm2": {
          "rotation": {
            "0.0": [
              0,
              0,
              -30
            ],
            "1.0": [
              0,
              0,
              12.5
            ],
            "2.0": [
              0,
              0,
              -47.5
            ],
            "3.0": [
              0,
              0,
              22.5
            ],
            "4.0": [
              0,
              0,
              -30
            ]
          }
        },
        "rightArm3": {
          "rotation": {
            "0.0": [
              0,
              -25,
              0
            ],
            "1.0": [
              -14.97401,
              -20.25437,
              37.68944
            ],
            "2.0": [
              9.79832,
              -23.01009,
              -23.78608
            ],
            "3.0": [
              -19.75275,
              -15.48193,
              53.42444
            ],
            "4.0": [
              0,
              -25,
              0
            ]
          }
        },
        "rightArm4": {
          "rotation": {
            "0.0": [
              56.39498,
              -17.72091,
              -24.60981
            ],
            "1.0": [
              57.84828,
              20.43663,
              29.0527
            ],
            "2.0": [
              64.58031,
              -27.92692,
              -44.33283
            ],
            "3.0": [
              73.2413,
              33.54995,
              61.66276
            ],
            "4.0": [
              56.39498,
              -17.72091,
              -24.60981
            ]
          }
        },
        "rightArm5": {
          "rotation": {
            "0.0": [
              0,
              -22.5,
              0
            ],
            "1.0": [
              0,
              80,
              0
            ],
            "2.0": [
              0,
              -37.5,
              0
            ],
            "3.0": [
              0,
              42.5,
              0
            ],
            "4.0": [
              0,
              -22.5,
              0
            ]
          }
        },
        "leftArm": {
          "rotation": {
            "0.0": [
              0,
              20,
              15
            ],
            "1.0": [
              6.55284,
              -25.56364,
              -15.97492
            ],
            "2.0": [
              -30.55462,
              29.48961,
              33.75458
            ],
            "3.0": [
              -93.03389,
              -9.50876,
              -17.00388
            ],
            "4.0": [
              0,
              20,
              15
            ]
          }
        },
        "leftArm2": {
          "rotation": {
            "0.0": [
              5.38152,
              19.291,
              15.91527
            ],
            "1.0": [
              6.55783,
              39.18574,
              18.28709
            ],
            "2.0": [
              8.76762,
              17.83711,
              29.17558
            ],
            "3.0": [
              -69.37096,
              14.9704,
              44.52955
            ],
            "4.0": [
              5.38152,
              19.291,
              15.91527
            ]
          }
        },
        "leftArm3": {
          "rotation": {
            "0.0": [
              0,
              20,
              17.5
            ],
            "1.0": [
              0,
              32.5,
              17.5
            ],
            "2.0": [
              10.10305,
              9.46282,
              53.39911
            ],
            "3.0": [
              -10.0325,
              9.53767,
              -40.77833
            ],
            "4.0": [
              0,
              20,
              17.5
            ]
          }
        },
        "leftArm4": {
          "rotation": {
            "0.0": [
              0,
              15,
              10
            ],
            "1.0": [
              0,
              -75,
              10
            ],
            "2.0": [
              3.45118,
              9.39129,
              30.28356
            ],
            "3.0": [
              -9.07947,
              4.20854,
              -55.33431
            ],
            "4.0": [
              0,
              15,
              10
            ]
          }
        },
        "leftArm5": {
          "rotation": {
            "0.0": [
              0,
              35,
              0
            ],
            "1.0": [
              0,
              10,
              0
            ],
            "2.0": [
              -0.85553,
              -2.34914,
              20.01754
            ],
            "3.0": [
              1.60757,
              -1.91486,
              -40.02687
            ],
            "4.0": [
              0,
              35,
              0
            ]
          }
        },
        "rightLeg": {
          "rotation": [
            0,
            -15,
            0
          ]
        },
        "leftLeg": {
          "rotation": [
            0,
            17.5,
            0
          ]
        }
      }
    },
    "animation.os_green.walk": {
      "loop": true,
      "animation_length": 1,
      "bones": {
        "body": {
          "rotation": [
            17.5,
            0,
            0
          ],
          "position": {
            "0.0": [
              0,
              -4,
              0
            ],
            "0.5": [
              0,
              0,
              0
            ],
            "1.0": [
              0,
              -4,
              0
            ]
          }
        },
        "rightLeg": {
          "rotation": {
            "0.0": [
              37.5,
              0,
              0
            ],
            "0.25": [
              60,
              0,
              0
            ],
            "0.5": [
              -15,
              0,
              0
            ],
            "0.75": [
              0,
              0,
              0
            ],
            "1.0": [
              37.5,
              0,
              0
            ]
          },
          "position": {
            "0.0": [
              0,
              -1,
              2
            ],
            "0.25": [
              0,
              0,
              -8
            ],
            "0.5": [
              0,
              2,
              -5
            ],
            "0.75": [
              0,
              0,
              -7
            ],
            "1.0": [
              0,
              -1,
              2
            ]
          }
        },
        "leftLeg": {
          "rotation": {
            "0.0": [
              -31.88107,
              0.26322,
              0.67489
            ],
            "0.25": [
              -14.38107,
              0.26322,
              0.67489
            ],
            "0.5": [
              13.11893,
              0.26322,
              0.67489
            ],
            "0.75": [
              55.61893,
              0.26322,
              0.67489
            ],
            "1.0": [
              -31.88107,
              0.26322,
              0.67489
            ]
          },
          "position": {
            "0.0": [
              0,
              2,
              -4
            ],
            "0.25": [
              0,
              0,
              -7
            ],
            "0.5": [
              0,
              0,
              0
            ],
            "0.75": [
              0,
              0,
              -1
            ],
            "1.0": [
              0,
              2,
              -4
            ]
          }
        }
      }
    }
  }
}