{
  "format_version": "1.8.0",
  "animations": {
    "animation.os_purple.bob": {
      "loop": true,
      "animation_length": 1,
      "bones": {
        "rightArm": {
          "rotation": {
            "0.0": [
              -2.5,
              0,
              0
            ],
            "0.5": [
              32.5,
              0,
              0
            ],
            "1.0": [
              -2.5,
              0,
              0
            ]
          }
        },
        "rightArm2": {
          "rotation": {
            "0.0": [
              0,
              0,
              22.5
            ],
            "0.5": [
              32.5,
              0,
              22.5
            ],
            "1.0": [
              0,
              0,
              22.5
            ]
          }
        },
        "rightArm3": {
          "rotation": {
            "0.0": [
              -35,
              0,
              0
            ],
            "0.5": [
              30,
              0,
              0
            ],
            "1.0": [
              -35,
              0,
              0
            ]
          }
        },
        "rightArm4": {
          "rotation": {
            "0.0": [
              25,
              0,
              0
            ],
            "0.5": [
              -7.5,
              0,
              0
            ],
            "1.0": [
              25,
              0,
              0
            ]
          }
        },
        "rightArm5": {
          "rotation": {
            "0.0": [
              0,
              0,
              -17.5
            ],
            "0.5": [
              -30,
              0,
              -17.5
            ],
            "1.0": [
              0,
              0,
              -17.5
            ]
          }
        },
        "rightArm6": {
          "rotation": {
            "0.0": [
              50,
              0,
              0
            ],
            "0.5": [
              -65,
              0,
              0
            ],
            "1.0": [
              50,
              0,
              0
            ]
          }
        }
      }
    },
    "animation.os_purple.jumpscare": {
      "loop": true,
      "animation_length": 0.08333,
      "bones": {
        "body": {
          "rotation": {
            "0.0": [
              0,
              0,
              10
            ],
            "0.0417": [
              0,
              0,
              -7.5
            ]
          },
          "position": [
            0,
            27,
            0
          ]
        },
        "rightArm": {
          "position": {
            "0.0": [
              0,
              -34,
              0
            ],
            "0.0833": [
              0,
              -34,
              0
            ]
          }
        },
        "rightArm4": {
          "position": [
            0,
            -38,
            0
          ]
        }
      }
    }
  }
}