{
  "format_version": "1.8.0",
  "animations": {
    "animation.os_yellow.walk": {
      "loop": true,
      "animation_length": 1,
      "bones": {
        "root": {
          "position": [
            0,
            1,
            0
          ]
        },
        "body": {
          "rotation": {
            "0.0": [
              10,
              0,
              0
            ],
            "0.5": [
              -2.5,
              0,
              0
            ],
            "1.0": [
              10,
              0,
              0
            ]
          },
          "position": {
            "0.0": [
              0,
              0,
              0
            ],
            "0.25": [
              0,
              -1,
              0
            ],
            "0.5": [
              0,
              0,
              0
            ],
            "0.75": [
              0,
              -1,
              0
            ],
            "1.0": [
              0,
              0,
              0
            ]
          }
        },
        "rightArm": {
          "rotation": {
            "0.0": [
              -50.76926,
              13.56626,
              31.03934
            ],
            "0.5": [
              37.35513,
              4.57015,
              37.74997
            ],
            "1.0": [
              -50.76926,
              13.56626,
              31.03934
            ]
          }
        },
        "leftArm": {
          "rotation": {
            "0.0": [
              42.5,
              0,
              -35
            ],
            "0.5": [
              -37.5,
              0,
              -35
            ],
            "1.0": [
              42.5,
              0,
              -35
            ]
          }
        },
        "leftLeg": {
          "rotation": {
            "0.0": [
              7.5,
              0,
              0
            ],
            "0.5": [
              20,
              0,
              0
            ],
            "0.75": [
              47.5,
              0,
              0
            ],
            "1.0": [
              7.5,
              0,
              0
            ]
          },
          "position": {
            "0.0": [
              0,
              2,
              -2
            ],
            "0.25": [
              0,
              -1,
              -2
            ],
            "0.5": [
              0,
              0,
              1
            ],
            "0.75": [
              0,
              2,
              2
            ],
            "1.0": [
              0,
              2,
              -2
            ]
          }
        },
        "rightLeg": {
          "rotation": {
            "0.0": [
              17.5,
              0,
              0
            ],
            "0.25": [
              47.5,
              0,
              0
            ],
            "0.5": [
              -15,
              0,
              0
            ],
            "0.75": [
              -2.5,
              0,
              0
            ],
            "1.0": [
              17.5,
              0,
              0
            ]
          },
          "position": {
            "0.0": [
              0,
              0,
              2
            ],
            "0.25": [
              0,
              1,
              2
            ],
            "0.5": [
              0,
              1,
              -2
            ],
            "0.75": [
              0,
              -1,
              -2
            ],
            "1.0": [
              0,
              0,
              2
            ]
          }
        }
      }
    },
    "animation.os_yellow.jumpscare": {
      "loop": true,
      "animation_length": 0.5,
      "bones": {
        "body": {
          "rotation": [
            4.61736,
            1.75861,
            0.84183
          ]
        },
        "head": {
          "rotation": {
            "0.0": [
              -9.85108,
              1.72794,
              9.85108
            ],
            "0.25": [
              -9.76758,
              -2.15393,
              -12.31594
            ],
            "0.5": [
              -9.85108,
              1.72794,
              9.85108
            ]
          }
        },
        "rightArm": {
          "rotation": [
            -74.76447,
            37.29134,
            11.52297
          ]
        },
        "leftArm": {
          "rotation": [
            -76.09778,
            -32.37367,
            -15.90628
          ]
        }
      }
    },
    "animation.os_yellow.bob": {
      "loop": true,
      "animation_length": 4,
      "bones": {
        "body": {
          "rotation": [
            0,
            0,
            0
          ]
        },
        "rightArm": {
          "rotation": {
            "0.0": [
              0,
              12.5,
              15
            ],
            "2.0": [
              -1.6575,
              12.39135,
              7.32005
            ],
            "4.0": [
              0,
              12.5,
              15
            ]
          }
        },
        "leftArm": {
          "rotation": {
            "0.0": [
              0,
              -7.5,
              -20
            ],
            "2.0": [
              -1.30962,
              -7.38542,
              -9.91547
            ],
            "4.0": [
              0,
              -7.5,
              -20
            ]
          }
        }
      }
    }
  }
}