{
  "entity_sounds": {
    "entities": {
      "os:blue": {
        "events": {
          "attack": {
            "pitch": 1,
            "sound": "mob.jumpscare.attack",
            "volume": 50
          },
          "step": {
            "pitch": 1,
            "sound": "mob.blue.step",
            "volume": 10
          },
          "ambient": "mob.os_blue.ambient"
        },
        "pitch": [
          1
        ],
        "volume": 50
      },
      "os:green": {
        "events": {
          "attack": {
            "pitch": 1,
            "sound": "mob.jumpscare.attack",
            "volume": 50
          },
          "step": {
            "pitch": 1,
            "sound": "mob.green.step",
            "volume": 10
          }
        },
        "pitch": [
          1
        ],
        "volume": 50
      },
      "os:purple": {
        "events": {
          "attack": {
            "pitch": 1,
            "sound": "mob.jumpscare.attack",
            "volume": 50
          }
        },
        "pitch": [
          1
        ],
        "volume": 50
      },
      "os:yellow": {
        "events": {
          "attack": {
            "pitch": 1,
            "sound": "mob.jumpscare.attack",
            "volume": 50
          }
        },
        "pitch": [
          1
        ],
        "volume": 50
      },
      "os:cyan": {
        "events": {
          "attack": {
            "pitch": 1,
            "sound": "mob.jumpscare.attack",
            "volume": 50
          }
        },
        "pitch": [
          1
        ],
        "volume": 50
      }
    }
  }
}