{
	"format_version": "1.12.0",
	"minecraft:geometry": [
		{
			"description": {
				"identifier": "geometry.guh.block",
				"texture_width": 16,
				"texture_height": 16,
				"visible_bounds_width": 3,
				"visible_bounds_height": 2.5,
				"visible_bounds_offset": [0, 0.75, 0]
			},
			"bones": [
				{
					"name": "unknown_bone",
					"pivot": [0, 1, 0],
					"cubes": [
						{
							"origin": [-8, 0, -8],
							"size": [16, 16, 16],
							"uv": {
								"north": {"uv": [0, 0], "uv_size": [16, 16]},
								"east": {"uv": [0, 0], "uv_size": [16, 16]},
								"south": {"uv": [0, 0], "uv_size": [16, 16]},
								"west": {"uv": [0, 0], "uv_size": [16, 16]},
								"up": {"uv": [16, 16], "uv_size": [-16, -16]},
								"down": {"uv": [16, 16], "uv_size": [-16, -16]}
							}
						}
					]
				}
			]
		},
		{
			"description": {
				"identifier": "geometry.guh.slab",
				"texture_width": 16,
				"texture_height": 16,
				"visible_bounds_width": 2,
				"visible_bounds_height": 2.5,
				"visible_bounds_offset": [0, 0.75, 0]
			},
			"bones": [
				{
					"name": "unknown_bone",
					"pivot": [0, 0, 0],
					"cubes": [
						{
							"origin": [-8, 0, -8],
							"size": [16, 8, 16],
							"uv": {
								"north": {"uv": [0, 0], "uv_size": [16, 8]},
								"east": {"uv": [0, 0], "uv_size": [16, 8]},
								"south": {"uv": [0, 0], "uv_size": [16, 8]},
								"west": {"uv": [0, 0], "uv_size": [16, 8]},
								"up": {"uv": [16, 16], "uv_size": [-16, -16]},
								"down": {"uv": [16, 16], "uv_size": [-16, -16]}
							}
						}
					]
				}
			]
		},
		{
			"description": {
				"identifier": "geometry.guh.slab.2",
				"texture_width": 16,
				"texture_height": 16,
				"visible_bounds_width": 3,
				"visible_bounds_height": 2.5,
				"visible_bounds_offset": [0, 0.75, 0]
			},
			"bones": [
				{
					"name": "unknown_bone",
					"pivot": [0, 1, 0],
					"cubes": [
						{
							"origin": [-8, 0, -8],
							"size": [8, 16, 16],
							"uv": {
								"north": {"uv": [0, 0], "uv_size": [8, 16]},
								"east": {"uv": [0, 0], "uv_size": [16, 16]},
								"south": {"uv": [8, 0], "uv_size": [8, 16]},
								"west": {"uv": [0, 0], "uv_size": [16, 16]},
								"up": {"uv": [8, 16], "uv_size": [-8, -16]},
								"down": {"uv": [16, 16], "uv_size": [-8, -16]}
							}
						}
					]
				}
			]
		},
		{
			"description": {
				"identifier": "geometry.guh.slab.3",
				"texture_width": 16,
				"texture_height": 16,
				"visible_bounds_width": 3,
				"visible_bounds_height": 2.5,
				"visible_bounds_offset": [0, 0.75, 0]
			},
			"bones": [
				{
					"name": "unknown_bone",
					"pivot": [0, 1, 0],
					"cubes": [
						{
							"origin": [0, 0, -8],
							"size": [8, 16, 16],
							"uv": {
								"north": {"uv": [8, 0], "uv_size": [8, 16]},
								"east": {"uv": [0, 0], "uv_size": [16, 16]},
								"south": {"uv": [0, 0], "uv_size": [8, 16]},
								"west": {"uv": [0, 0], "uv_size": [16, 16]},
								"up": {"uv": [16, 16], "uv_size": [-8, -16]},
								"down": {"uv": [8, 16], "uv_size": [-8, -16]}
							}
						}
					]
				}
			]
		},
		{
			"description": {
				"identifier": "geometry.guh.slab.4",
				"texture_width": 16,
				"texture_height": 16,
				"visible_bounds_width": 3,
				"visible_bounds_height": 2.5,
				"visible_bounds_offset": [0, 0.75, 0]
			},
			"bones": [
				{
					"name": "unknown_bone",
					"pivot": [0, 1, 0],
					"cubes": [
						{
							"origin": [-8, 0, 0],
							"size": [16, 16, 8],
							"uv": {
								"north": {"uv": [0, 0], "uv_size": [16, 16]},
								"east": {"uv": [0, 0], "uv_size": [8, 16]},
								"south": {"uv": [0, 0], "uv_size": [16, 16]},
								"west": {"uv": [8, 0], "uv_size": [8, 16]},
								"up": {"uv": [16, 8], "uv_size": [-16, -8]},
								"down": {"uv": [16, 8], "uv_size": [-16, -8]}
							}
						}
					]
				}
			]
		},
		{
			"description": {
				"identifier": "geometry.guh.slab.5",
				"texture_width": 16,
				"texture_height": 16,
				"visible_bounds_width": 3,
				"visible_bounds_height": 2.5,
				"visible_bounds_offset": [0, 0.75, 0]
			},
			"bones": [
				{
					"name": "unknown_bone",
					"pivot": [0, 0, 0],
					"cubes": [
						{
							"origin": [-8, 0, -8],
							"size": [16, 16, 8],
							"uv": {
								"north": {"uv": [0, 0], "uv_size": [16, 16]},
								"east": {"uv": [8, 0], "uv_size": [8, 16]},
								"south": {"uv": [0, 0], "uv_size": [16, 16]},
								"west": {"uv": [0, 0], "uv_size": [8, 16]},
								"up": {"uv": [16, 16], "uv_size": [-16, -8]},
								"down": {"uv": [16, 16], "uv_size": [-16, -8]}
							}
						}
					]
				}
			]
		}
	]
}
