{
  "format_version": "1.10.0",
  "animation_controllers": {
    "controller.animation.witch.general": {
      "initial_state": "default",
      "states": {
        "default": {
          "animations": [
            "villager_general",
            "look_at_target",
            "general"
          ]
        }
      }
    },
    "controller.animation.pa_orange.jeneral": {
      "initial_state": "Jemeral",
      "states": {
        "Jemeral": {
          "animations": [
            "jeneral",
            "looking"
          ]
        },
        "Jumpscare ": {
          "animations": [
            "jumpscare"
          ]
        }
      }
    }
  }
}