{
	"format_version": "1.10.0",
	"animation_controllers": {
		"controller.animation.jumpscare_cyan": {
			"initial_state": "default",
			"states": {
				"default": {
					"transitions": [
						{
							"attack": "variable.attack_time>0&&!query.is_stunned"
						},
						{
							"add": "query.has_rider&&!query.is_stunned"
						}
					],
					"on_entry": [
						"/stopsound @a mob.blue.caught"
					]
				},
				"attack": {
					"transitions": [
						{
							"default": "1"
						}
					],
					"on_entry": [
						"/function jumpscare",
						"/tag @s add blue"
					]
				},
				"add": {
					"transitions": [
						{
							"default": "1"
						}
					],
					"on_entry": [
						"/scoreboard objectives add blue dummy",
						"/effect @e[r=2,type=!mr:cyan] blindness 2 255 true",
						"/scoreboard players add @e[r=3,type=!mr:cyan] blue 1",
						"/execute @e[scores={blue=6..1000}] ~ ~ ~event entity @e[type=mr:cyan,r=5] mr:jumpscare_stop",
						"/execute @e[scores={blue=6..1000}] ~ ~ ~tag @e[type=mr:cyan,r=5] remove blue",
						"/kill @e[scores={blue=6..1000}]",
						"/scoreboard players set @a[scores={blue=6..1000}] blue 0"
					]
				}
			}
		}
	}
}
