{
	"format_version": "1.10.0",
	"animation_controllers": {
		"controller.animation.jumpscare_green": {
			"initial_state": "default",
			"states": {
				"default": {
					"transitions": [
						{
							"attack": "variable.attack_time>0&&!query.is_stunned"
						},
						{
							"add": "query.has_rider&&!query.is_stunned"
						}
					]
				},
				"attack": {
					"transitions": [
						{
							"default": "1"
						}
					],
					"on_entry": [
						"/function jumpscare",
						"/tag @s add green"
					]
				},
				"add": {
					"transitions": [
						{
							"default": "1"
						}
					],
					"on_entry": [
						"/scoreboard objectives add green dummy",
						"/effect @e[r=2,type=!mr:green] blindness 2 255 true",
						"/scoreboard players add @e[r=3,type=!mr:green] green 1",
						"/execute @e[scores={green=6..1000}] ~ ~ ~event entity @e[type=mr:green,r=5] mr:jumpscare_stop",
						"/execute @e[scores={green=6..1000}] ~ ~ ~tag @e[type=mr:green,r=5] remove green",
						"/kill @e[scores={green=6..1000}]",
						"/scoreboard players set @a[scores={green=6..1000}] green 0"
					]
				}
			}
		}
	}
}
