{
	"format_version": "1.10.0",
	"animation_controllers": {
		"controller.animation.jumpscare_orange": {
			"initial_state": "default",
			"states": {
				"default": {
					"transitions": [
						{
							"attack": "variable.attack_time>0&&!query.is_stunned"
						},
						{
							"add": "query.has_rider&&!query.is_stunned"
						}
					],
					"on_entry": [
						"/stopsound @a mob.orange.caught"
					]
				},
				"attack": {
					"transitions": [
						{
							"default": "1"
						}
					],
					"on_entry": [
						"/function jumpscare",
						"/tag @s add orange"
					]
				},
				"add": {
					"transitions": [
						{
							"default": "1"
						}
					],
					"on_entry": [
						"/scoreboard objectives add orange dummy",
						"/effect @e[r=2,type=!mr:orange] blindness 2 255 true",
						"/scoreboard players add @e[r=3,type=!mr:orange] orange 1",
						"/execute @e[scores={orange=6..1000}] ~ ~ ~event entity @e[type=mr:orange,r=5]
mr:jumpscare_stop",
						"/execute @e[scores={orange=6..1000}] ~ ~ ~tag @e[type=mr:orange,r=5] remove orange",
						"/kill @e[scores={orange=6..1000}]",
						"/scoreboard players set @a[scores={orange=6..1000}] orange 0"
					]
				}
			}
		}
	}
}
