{
	"format_version": "1.10.0",
	"animation_controllers": {
		"controller.animation.jumpscare_purple": {
			"initial_state": "default",
			"states": {
				"default": {
					"transitions": [
						{
							"attack": "variable.attack_time>0&&!query.is_stunned"
						},
						{
							"add": "query.has_rider&&!query.is_stunned"
						}
					],
					"on_entry": [
						"/stopsound @a mob.purple.caught"
					]
				},
				"attack": {
					"transitions": [
						{
							"default": "1"
						}
					],
					"on_entry": [
						"/function jumpscare",
						"/tag @s add purple"
					]
				},
				"add": {
					"transitions": [
						{
							"default": "1"
						}
					],
					"on_entry": [
						"/scoreboard objectives add purple dummy",
						"/effect @e[r=2,type=!pa:witch] blindness 2 255 true",
						"/scoreboard players add @e[r=3,type=!pa:witch] purple 1",
						"/execute @e[scores={purple=6..1000}] ~ ~ ~event entity @e[type=pa:witch,r=5] mr:jumpscare_stop",
						"/execute @e[scores={purple=6..1000}] ~ ~ ~tag @e[type=pa:witch,r=5] remove purple",
						"/kill @e[scores={purple=6..1000}]",
						"/scoreboard players set @a[scores={purple=6..1000}] purple 0"
					]
				}
			}
		}
	}
}
