{
	"format_version": "1.8.0",
	"animations": {
		"animation.purple.move": {
			"loop": true,
			"animation_length": 1,
			"bones": {
				"LeftArm": {
					"rotation": {
						"0.0": [0, 0, 0],
						"0.5": [-20, 0, 0],
						"1.0": [0, 0, 0]
					},
					"position": {
						"0.0": [0, 0, 0],
						"0.5": [0, 0, 0],
						"1.0": [0, 0, 0]
					}
				},
				"bone4": {
					"rotation": {
						"0.0": [0, 0, 0],
						"0.5": [-50, 0, 0],
						"0.75": [-26.70325, -4.93642, 19.46119],
						"1.0": [0, 0, 0]
					}
				},
				"bone5": {
					"rotation": {
						"0.0": [0, 0, 0],
						"0.5": [0, 0, 0],
						"0.75": [-80, 0, 0],
						"1.0": [0, 0, 0]
					}
				},
				"Head": {
					"position": [0, -9, 0]
				},
				"RightArm": {
					"rotation": {
						"0.0": [-20, 0, 0],
						"0.5": [0, 0, 0],
						"1.0": [-20, 0, 0]
					},
					"position": {
						"0.0": [0, 0, 0],
						"0.5": [0, 0, 0],
						"1.0": [0, 0, 0]
					}
				},
				"bone": {
					"rotation": {
						"0.0": [-50, 0, 0],
						"0.25": [-26.70325, 4.93642, -19.46119],
						"0.5": [0, 0, 0],
						"1.0": [-50, 0, 0]
					}
				},
				"bone2": {
					"rotation": {
						"0.0": [0, 0, 0],
						"0.25": [-72.5, 0, 0],
						"0.5": [0, 0, 0],
						"1.0": [0, 0, 0]
					}
				},
				"bone3": {
					"rotation": {
						"0.0": [0, 0, 0],
						"1.0": [0, 360, 0]
					},
					"scale": {
						"0.0": [1, 1, 1],
						"0.25": [1.5, 1, 1],
						"0.5": [1.2, 1, 1],
						"0.75": [1.5, 1, 1],
						"1.0": [1, 1, 1]
					}
				}
			}
		}
	}
}