{
	"format_version": "1.8.0",
	"animations": {
		"animation.purple.general": {
			"loop": true,
			"animation_length": 1,
			"bones": {
				"bone4": {
					"rotation": {
						"0.0": [0, 0, 0],
						"0.5": [2.01377, -8.09581, 0.32038],
						"1.0": [0, 0, 0]
					}
				},
				"Head": {
					"position": [0, -14, 0]
				},
				"bone": {
					"rotation": {
						"0.0": [0, 0, 0],
						"0.5": [2.24731, 7.05917, -0.3254],
						"1.0": [0, 0, 0]
					}
				},
				"bone3": {
					"rotation": {
						"0.0": [0, 0, 0],
						"1.0": [0, 360, 0]
					},
					"scale": {
						"0.0": [1, 1, 1],
						"0.25": [1, 1, 1.2],
						"0.5": [1, 1, 1],
						"0.75": [1.2, 1, 1],
						"1.0": [1, 1, 1]
					}
				}
			}
		}
	}
}