{
	"format_version": "1.8.0",
	"animations": {
		"animation.purple.jumpscare": {
			"animation_length": 1,
			"bones": {
				"bone4": {
					"rotation": {
						"0.0": [0, 0, 0],
						"0.0833": [-67.5, 0, 0],
						"0.125": [5.57, 0, 0],
						"1.0": [0, 0, 0]
					},
					"scale": {
						"0.0": [1, 1, 1],
						"0.25": [1, 2.2, 1],
						"1.0": [1, 1, 1]
					}
				},
				"Head": {
					"rotation": {
						"0.0": [0, 0, 0],
						"0.25": [0, 0, 0],
						"0.5": [0, 0, 0],
						"0.5417": [0, 0, -2.5],
						"0.5833": [0, 0, 2.5],
						"0.625": [0, 0, -2.5],
						"0.6667": [0, 0, 2.5],
						"0.7083": [0, 0, -2.5],
						"0.75": [0, 0, 0],
						"1.0": [0, 0, 0]
					},
					"position": {
						"0.0": [0, 0, 0],
						"0.25": [0, 34, 0],
						"0.375": [0, 34, 3],
						"0.5": [0, 34, -1.93],
						"0.5417": [-1, 34, -3.57],
						"0.5833": [1, 34, -5.22],
						"0.625": [-1, 34, -6.86],
						"0.6667": [1, 34, -8.51],
						"0.7083": [-1, 34, -10.15],
						"0.75": [0, 34, -11.79],
						"0.875": [0, 34, -22.89],
						"1.0": [0, 34, -20]
					},
					"scale": {
						"0.75": [1, 1, 1],
						"0.875": [1.4, 1.4, 1],
						"1.0": [1, 1, 1]
					}
				},
				"bone6": {
					"position": {
						"0.0": [0, 0, 0],
						"0.25": [0, 0, 0],
						"0.5": [0, 1, 0],
						"0.75": [0, 2.5, 0],
						"0.9167": [0, -0.33, 0],
						"1.0": [0, 0, 0]
					}
				},
				"bone8": {
					"position": {
						"0.0": [0, 0, 0],
						"0.25": [0, 0, 0],
						"0.5": [0, -3, 0],
						"0.75": [0, -3.5, 0],
						"0.9167": [0, -0.33, 0],
						"1.0": [0, 0, 0]
					}
				},
				"bone": {
					"rotation": {
						"0.0": [0, 0, 0],
						"0.0833": [-65, 0, 0],
						"0.125": [-2.05, 0, 0],
						"1.0": [0, 0, 0]
					},
					"scale": {
						"0.0": [1, 1, 1],
						"0.125": [1, 1, 1],
						"0.25": [1, 2.2, 1],
						"1.0": [1, 1, 1]
					}
				}
			}
		}
	}
}