{"format_version":"1.8.0","minecraft:entity":{"component_groups":{},"components":{"minecraft:addrider":{"entity_type":"mako"},"minecraft:annotation.open_door":{},"minecraft:attack":{"damage":4,"effect_duration":30,"effect_name":"wither"},"minecraft:behavior.float":{"priority":2,"speed_multiplier":1},"minecraft:behavior.hurt_by_target":{"priority":3},"minecraft:behavior.melee_attack":{"max_dist":3,"priority":2,"random_stop_interval":100,"reach_multiplier":1.4,"speed_multiplier":1,"target_dist":0,"track_target":true},"minecraft:behavior.nearest_attackable_target":{"entity_types":[{"filters":{"any_of":[{"subject":"other","test":"is_family","value":"player"}]},"max_dist":50,"must_see":false}],"must_reach":false,"must_see":false,"priority":3,"speed_multiplier":1,"within_radius":25},"minecraft:behavior.open_door":{"close_door_after":true,"on_death":"query.last_hit_by_player ? 10 : 0"},"minecraft:behavior.owner_hurt_by_target":{"priority":1},"minecraft:behavior.owner_hurt_target":{"priority":2},"minecraft:behavior.ranged_attack":{"attack_interval_max":3,"attack_interval_min":1,"attack_radius":15,"burst_interval":0.5,"burst_shots":1},"minecraft:breathable":{"suffocateTime":0,"totalSupply":15},"minecraft:can_climb":{},"minecraft:collision_box":{"height":1.8,"width":0.6},"minecraft:experience_reward":{"on_death":"query.last_hit_by_player ? 10 : 0"},"minecraft:fall_damage":{"value":0},"minecraft:health":{"max":50,"value":50},"minecraft:input_ground_controlled":{},"minecraft:jump.static":{},"minecraft:knockback_resistance":{"max":0.2,"value":0.2},"minecraft:mob_effect":{"effect_range":5,"effect_time":5,"entity_filter":{"all_of":[{"subject":"other","test":"is_family","value":"monster"}]},"mob_effect":"regeneration"},"minecraft:movement":{"max":0.35,"value":0.2},"minecraft:movement.basic":{},"minecraft:nameable":{"allowNameTagRenaming":true,"alwaysShow":true},"minecraft:navigation.walk":{"can_path_over_water":true},"minecraft:on_death":{"event":"on:death","target":"self"},"minecraft:on_hurt":{"event":"on:hurt","target":"self"},"minecraft:on_hurt_by_player":{"event":"on:hurt_by_player","target":"self"},"minecraft:on_ignite":{"event":"on:ignite","target":"self"},"minecraft:on_target_acquired":{"event":"on:target_acquired","target":"self"},"minecraft:on_target_escape":{"event":"on:target_escape","target":"self"},"minecraft:on_wake_with_owner":{"event":"on:wake_with_owner","target":"self"},"minecraft:physics":{},"minecraft:rideable":{"crouching_skip_interact":true,"family_types":["player","mako"],"interact_text":"Drive","priority":0,"pull_in_entities":false,"seat_count":2,"seats":[{"position":[0,0,0]},{"max_rider_count":1,"min_rider_count":0,"position":[0,0,0]}]},"minecraft:scale":{"value":1},"minecraft:shooter":{"def":"pa:cure","type":"Cure your enemies"},"minecraft:type_family":{"family":["monster"]},"minecraft:underwater_movement":{"value":0.03}},"description":{"identifier":"leader:thera_red","is_experimental":false,"is_spawnable":true,"is_summonable":true},"events":{"on:death":{"run_command":{"command":[]}},"on:hurt":{"run_command":{"command":[]}},"on:hurt_by_player":{"run_command":{"command":[]}},"on:ignite":{"run_command":{"command":[]}},"on:target_acquired":{"run_command":{"command":[]}},"on:target_escape":{"run_command":{"command":[]}},"on:wake_with_owner":{"run_command":{"command":[]}}}}}