{
  "format_version": "1.12.0",
  "minecraft:geometry": [
    {
      "description": {
        "identifier": "geometry.yg_zophius",
        "texture_width": 64,
        "texture_height": 64,
        "visible_bounds_width": 3,
        "visible_bounds_height": 4.5,
        "visible_bounds_offset": [
          0,
          1.75,
          0
        ]
      },
      "bones": [
        {
          "name": "Root"
        },
        {
          "name": "Body",
          "pivot": [
            0,
            6,
            0
          ],
          "cubes": [
            {
              "origin": [
                -3.72,
                -1.44,
                -3.72
              ],
              "size": [
                7.44,
                14.88,
                7.44
              ],
              "uv": [
                0,
                26
              ],
              "inflate": 0
            }
          ],
          "parent": "Root"
        },
        {
          "name": "bone",
          "pivot": [
            0,
            13,
            0
          ],
          "cubes": [
            {
              "origin": [
                -3.42,
                11.16,
                -3.42
              ],
              "size": [
                6.84,
                13.68,
                6.84
              ],
              "uv": [
                28,
                26
              ],
              "inflate": 0
            }
          ],
          "parent": "Body"
        },
        {
          "name": "bone2",
          "pivot": [
            0,
            25,
            0
          ],
          "cubes": [
            {
              "origin": [
                -3.0,
                24.0,
                -3.0
              ],
              "size": [
                6.0,
                12.0,
                6.0
              ],
              "uv": [
                22,
                45
              ],
              "inflate": 0
            }
          ],
          "parent": "bone"
        },
        {
          "name": "Head",
          "pivot": [
            0,
            36,
            0
          ],
          "cubes": [
            {
              "origin": [
                -8.0,
                36.0,
                -5.0
              ],
              "size": [
                16.0,
                16.0,
                10.0
              ],
              "uv": [
                0,
                0
              ],
              "inflate": 0
            }
          ],
          "parent": "bone2"
        }
      ]
    }
  ]
}