{
  "format_version": "1.12.0",
  "minecraft:geometry": [
    {
      "description": {
        "identifier": "geometry.yg_nab_nab",
        "texture_width": 64,
        "texture_height": 64,
        "visible_bounds_width": 2,
        "visible_bounds_height": 4.5,
        "visible_bounds_offset": [
          0,
          1.75,
          0
        ]
      },
      "bones": [
        {
          "name": "Root"
        },
        {
          "name": "Body",
          "pivot": [
            0,
            20.585,
            -2.1
          ],
          "cubes": [
            {
              "origin": [
                -6.0,
                20.0,
                -4.0
              ],
              "size": [
                12.0,
                15.0,
                8.0
              ],
              "uv": [
                0,
                0
              ],
              "inflate": 0
            },
            {
              "origin": [
                -5.0,
                35.0,
                -4.0
              ],
              "size": [
                10.0,
                6.0,
                8.0
              ],
              "uv": [
                0,
                23
              ],
              "inflate": 0
            },
            {
              "origin": [
                -2.0,
                41.0,
                -2.0
              ],
              "size": [
                4.0,
                2.0,
                4.0
              ],
              "uv": [
                28,
                23
              ],
              "inflate": 0
            },
            {
              "origin": [
                -1.5,
                43.0,
                -1.5
              ],
              "size": [
                3.0,
                2.0,
                3.0
              ],
              "uv": [
                35,
                2
              ],
              "inflate": 0
            },
            {
              "origin": [
                -1.0,
                45.0,
                -1.0
              ],
              "size": [
                2.0,
                2.0,
                2.0
              ],
              "uv": [
                0,
                0
              ],
              "inflate": 0
            },
            {
              "origin": [
                -1.5,
                37.5,
                -4.5
              ],
              "size": [
                3.0,
                3.0,
                2.0
              ],
              "uv": [
                8,
                37
              ],
              "inflate": 0
            },
            {
              "origin": [
                -4.5,
                33.5,
                -4.5
              ],
              "size": [
                3.0,
                3.0,
                2.0
              ],
              "uv": [
                8,
                37
              ],
              "inflate": 0
            },
            {
              "origin": [
                1.5,
                33.5,
                -4.5
              ],
              "size": [
                3.0,
                3.0,
                2.0
              ],
              "uv": [
                8,
                37
              ],
              "inflate": 0
            },
            {
              "origin": [
                -1.95,
                37.0,
                -4.8
              ],
              "size": [
                3.9,
                3.9,
                2.6
              ],
              "uv": [
                36,
                29
              ],
              "inflate": 0
            },
            {
              "origin": [
                -4.95,
                33.0,
                -4.8
              ],
              "size": [
                3.9,
                3.9,
                2.6
              ],
              "uv": [
                36,
                29
              ],
              "inflate": 0
            },
            {
              "origin": [
                1.05,
                33.0,
                -4.8
              ],
              "size": [
                3.9,
                3.9,
                2.6
              ],
              "uv": [
                36,
                29
              ],
              "inflate": 0
            }
          ],
          "parent": "Root"
        },
        {
          "name": "bone5",
          "pivot": [
            0,
            27,
            -4
          ],
          "cubes": [
            {
              "origin": [
                -1.5,
                27.0,
                -9.0
              ],
              "size": [
                3.0,
                0.0,
                5.0
              ],
              "uv": [
                27,
                0
              ],
              "inflate": 0
            }
          ],
          "parent": "Body",
          "rotation": [
            72.5,
            0,
            0
          ]
        },
        {
          "name": "bone6",
          "pivot": [
            0,
            27,
            -9
          ],
          "cubes": [
            {
              "origin": [
                -1.5,
                27.0,
                -14.0
              ],
              "size": [
                3.0,
                0.0,
                5.0
              ],
              "uv": [
                27,
                0
              ],
              "inflate": 0
            }
          ],
          "parent": "bone5",
          "rotation": [
            32.5,
            0,
            0
          ]
        },
        {
          "name": "Rightarm",
          "pivot": [
            -6,
            33,
            0
          ],
          "cubes": [
            {
              "origin": [
                -7.08,
                23.6,
                -1.08
              ],
              "size": [
                2.16,
                10.8,
                2.16
              ],
              "uv": [
                0,
                37
              ],
              "inflate": 0
            }
          ],
          "parent": "Body"
        },
        {
          "name": "bone",
          "pivot": [
            -6,
            23.5,
            0
          ],
          "cubes": [
            {
              "origin": [
                -7.0,
                13.0,
                -1.0
              ],
              "size": [
                2.0,
                11.0,
                2.0
              ],
              "uv": [
                34,
                35
              ],
              "inflate": 0
            }
          ],
          "parent": "Rightarm"
        },
        {
          "name": "Leftarm",
          "pivot": [
            6,
            33,
            0
          ],
          "cubes": [
            {
              "origin": [
                4.92,
                23.6,
                -1.08
              ],
              "size": [
                2.16,
                10.8,
                2.16
              ],
              "uv": [
                0,
                37
              ],
              "inflate": 0,
              "mirror": true
            }
          ],
          "parent": "Body"
        },
        {
          "name": "bone3",
          "pivot": [
            6,
            23.5,
            0
          ],
          "cubes": [
            {
              "origin": [
                5.0,
                13.0,
                -1.0
              ],
              "size": [
                2.0,
                11.0,
                2.0
              ],
              "uv": [
                34,
                35
              ],
              "inflate": 0,
              "mirror": true
            }
          ],
          "parent": "Leftarm"
        },
        {
          "name": "Rightleg",
          "pivot": [
            -3,
            21,
            0
          ],
          "cubes": [
            {
              "origin": [
                -4.08,
                10.6,
                -1.08
              ],
              "size": [
                2.16,
                10.8,
                2.16
              ],
              "uv": [
                0,
                37
              ],
              "inflate": 0
            }
          ],
          "parent": "Root"
        },
        {
          "name": "bone2",
          "pivot": [
            -3,
            10.5,
            0
          ],
          "cubes": [
            {
              "origin": [
                -4.0,
                0.0,
                -1.0
              ],
              "size": [
                2.0,
                11.0,
                2.0
              ],
              "uv": [
                34,
                35
              ],
              "inflate": 0
            }
          ],
          "parent": "Rightleg"
        },
        {
          "name": "Leftleg",
          "pivot": [
            3,
            21,
            0
          ],
          "cubes": [
            {
              "origin": [
                1.92,
                10.6,
                -1.08
              ],
              "size": [
                2.16,
                10.8,
                2.16
              ],
              "uv": [
                0,
                37
              ],
              "inflate": 0,
              "mirror": true
            }
          ],
          "parent": "Root"
        },
        {
          "name": "bone4",
          "pivot": [
            3,
            10.5,
            0
          ],
          "cubes": [
            {
              "origin": [
                2.0,
                0.0,
                -1.0
              ],
              "size": [
                2.0,
                11.0,
                2.0
              ],
              "uv": [
                34,
                35
              ],
              "inflate": 0,
              "mirror": true
            }
          ],
          "parent": "Leftleg"
        }
      ]
    }
  ]
}