{
	"format_version": "1.8.0",
	"animations": {
		"animation.gazel.door_open": {
			"loop": true,
			"animation_length": 9999,
			"bones": {
				"Door": {
					"rotation": {
						"0.0": [0, 0, 0],
						"0.9583": [0, -90, 0]
					}
				}
			}
		},
		"animation.gazel.door_close": {
			"loop": true,
			"animation_length": 9999,
			"bones": {
				"Door": {
					"rotation": {
						"0.0": [0, -90, 0],
						"0.9583": [0, 0, 0]
					}
				}
			}
		},
		"animation.gazel.turning": {
			"loop": true,
			"bones": {
				"Koleso1": {
					"rotation": [0, "Math.max(-26, Math.min(26,query.yaw_speed * 0.5))", 0]
				},
				"Koleso2": {
					"rotation": [0, "Math.max(-26, Math.min(26,query.yaw_speed * 0.5))", 0]
				},
				"Ryl": {
					"rotation": [0, 0, "Math.max(-50, Math.min(50,query.yaw_speed * -0.8))"]
				}
			}
		},
		"animation.gazel.drive": {
			"loop": true,
			"animation_length": 0.29167,
			"bones": {
				"Koleso1": {
					"rotation": {
						"0.0": [0, 0, 0],
						"0.2917": [360, 0, 0]
					}
				},
				"Koleso2": {
					"rotation": {
						"0.0": [0, 0, 0],
						"0.2917": [360, 0, 0]
					}
				},
				"Koleso3": {
					"rotation": {
						"0.0": [0, 0, 0],
						"0.2917": [360, 0, 0]
					}
				},
				"Koleso4": {
					"rotation": {
						"0.0": [0, 0, 0],
						"0.2917": [360, 0, 0]
					}
				}
			}
		}
	}
}