{
	"format_version": "1.14.0",
	"sound_definitions": {
		"mob.blue.idle": {
			"sounds": [
				"sounds/mob/blue/blueidle1",
				"sounds/mob/blue/blueidle2"
			]
		},
		"mob.blue.step": {
			"sounds": [
				"sounds/mob/blue/bluestep1",
				"sounds/mob/blue/bluestep2"
			]
		},
		"mob.blue.caught": {
			"sounds": [
				"sounds/mob/blue/bluecaught"
			]
		},
		"mob.green.step": {
			"sounds": [
				"sounds/mob/green/greenstep1",
				"sounds/mob/green/greenstep2"
			]
		},
		"mob.green.idle": {
			"sounds": [
				"sounds/mob/green/greenparty"
			]
		},
		"mob.orange.step": {
			"sounds": [
				"sounds/mob/orange/orangestep1",
				"sounds/mob/orange/orangestep2",
				"sounds/mob/orange/orangestep3"
			]
		},
		"mob.orange.caught": {
			"sounds": [
				"sounds/mob/orange/orangecaught"
			]
		},
		"random.rainbowfriendsjumpscare": {
			"sounds": [
				"sounds/mob/jumpscare"
			]
		}
	}
}