{
	"file_path": "C:\\Users\\Usuario\\AppData\\Local\\Packages\\Microsoft.MinecraftUWP_8wekyb3d8bbwe\\LocalState\\games\\com.mojang\\development_behavior_packs\\Mineral Finder v1_2 BP\\entities\\basurero.json",
	"file_type": "entity",
	"format_version": 1,
	"file_uuid": "3c535478_741c_4c9d_b918_852e49b5c5fb",
	"file_version": 6,
	"cache_content": {
		"children": [
			{
				"data": "1.19.0",
				"key": "format_version"
			},
			{
				"open": {
					"format_version": "1.19.0",
					"minecraft:entity": {
						"description": {
							"identifier": "mf3:basurero",
							"is_summonable": true,
							"is_spawnable": true,
							"is_experimental": false
						},
						"components": {
							"minecraft:type_family": {
								"family": [
									"inanimate"
								]
							},
							"minecraft:health": {
								"value": 4,
								"max": 4
							},
							"minecraft:collision_box": {
								"width": 0.9,
								"height": 0.9
							},
							"minecraft:physics": {
								"has_collision": true,
								"has_gravity": true
							},
							"minecraft:pushable": {
								"is_pushable": false,
								"is_pushable_by_piston": true
							},
							"minecraft:movement": {
								"value": 0
							},
							"minecraft:knockback_resistance": {
								"value": 1,
								"max": 1
							},
							"minecraft:conditional_bandwidth_optimization": {},
							"minecraft:damage_sensor": {
								"triggers": {
									"cause": "fall",
									"deals_damage": false
								}
							},
							"minecraft:loot": {
								"table": "loot_tables/lbasurero.json"
							},
							"minecraft:entity_sensor": {
								"sensor_range": 7,
								"minimum_count": 1,
								"maximum_count": 20,
								"relative_range": true,
								"require_all": false,
								"event_filters": {
									"subject": "other",
									"test": "is_family",
									"value": "player"
								},
								"event": "basura"
							},
							"minecraft:interact": {
								"interactions": [
									{
										"interact_text": "Delete",
										"on_interact": {
											"event": "eliminar"
										}
									}
								]
							}
						},
						"events": {
							"basura": {
								"run_command": {
									"command": [
										"execute @e[type=mf3:basurero,r=1] ~ ~ ~ tp @e[type=item,r=2] ~ ~ ~ true"
									]
								}
							},
							"eliminar": {
								"run_command": {
									"command": [
										"execute @e[type=mf3:basurero,r=1] ~ ~ ~ kill @e[type=item,r=0.5]"
									]
								}
							}
						}
					}
				},
				"key": "minecraft:entity",
				"children": [
					{
						"key": "description",
						"is_minified": true,
						"children": {
							"identifier": "mf3:basurero",
							"is_summonable": true,
							"is_spawnable": true,
							"is_experimental": false
						}
					},
					{
						"key": "components",
						"is_minified": true,
						"children": {
							"minecraft:type_family": {
								"family": [
									"inanimate"
								]
							},
							"minecraft:health": {
								"value": 4,
								"max": 4
							},
							"minecraft:collision_box": {
								"width": 0.9,
								"height": 0.9
							},
							"minecraft:physics": {
								"has_collision": true,
								"has_gravity": true
							},
							"minecraft:pushable": {
								"is_pushable": false,
								"is_pushable_by_piston": true
							},
							"minecraft:movement": {
								"value": 0
							},
							"minecraft:knockback_resistance": {
								"value": 1,
								"max": 1
							},
							"minecraft:conditional_bandwidth_optimization": {},
							"minecraft:damage_sensor": {
								"triggers": {
									"cause": "fall",
									"deals_damage": false
								}
							},
							"minecraft:loot": {
								"table": "loot_tables/lbasurero.json"
							},
							"minecraft:entity_sensor": {
								"sensor_range": 7,
								"minimum_count": 1,
								"maximum_count": 20,
								"relative_range": true,
								"require_all": false,
								"event_filters": {
									"subject": "other",
									"test": "is_family",
									"value": "player"
								},
								"event": "basura"
							},
							"minecraft:interact": {
								"interactions": [
									{
										"interact_text": "Delete",
										"on_interact": {
											"event": "eliminar"
										}
									}
								]
							}
						}
					},
					{
						"open": {
							"description": {
								"identifier": "mf3:basurero",
								"is_summonable": true,
								"is_spawnable": true,
								"is_experimental": false
							},
							"components": {
								"minecraft:type_family": {
									"family": [
										"inanimate"
									]
								},
								"minecraft:health": {
									"value": 4,
									"max": 4
								},
								"minecraft:collision_box": {
									"width": 0.9,
									"height": 0.9
								},
								"minecraft:physics": {
									"has_collision": true,
									"has_gravity": true
								},
								"minecraft:pushable": {
									"is_pushable": false,
									"is_pushable_by_piston": true
								},
								"minecraft:movement": {
									"value": 0
								},
								"minecraft:knockback_resistance": {
									"value": 1,
									"max": 1
								},
								"minecraft:conditional_bandwidth_optimization": {},
								"minecraft:damage_sensor": {
									"triggers": {
										"cause": "fall",
										"deals_damage": false
									}
								},
								"minecraft:loot": {
									"table": "loot_tables/lbasurero.json"
								},
								"minecraft:entity_sensor": {
									"sensor_range": 7,
									"minimum_count": 1,
									"maximum_count": 20,
									"relative_range": true,
									"require_all": false,
									"event_filters": {
										"subject": "other",
										"test": "is_family",
										"value": "player"
									},
									"event": "basura"
								},
								"minecraft:interact": {
									"interactions": [
										{
											"interact_text": "Delete",
											"on_interact": {
												"event": "eliminar"
											}
										}
									]
								}
							},
							"events": {
								"basura": {
									"run_command": {
										"command": [
											"execute @e[type=mf3:basurero,r=1] ~ ~ ~ tp @e[type=item,r=2] ~ ~ ~ true"
										]
									}
								},
								"eliminar": {
									"run_command": {
										"command": [
											"execute @e[type=mf3:basurero,r=1] ~ ~ ~ kill @e[type=item,r=0.5]"
										]
									}
								}
							}
						},
						"key": "events",
						"children": [
							{
								"open": {
									"basura": {
										"run_command": {
											"command": [
												"execute @e[type=mf3:basurero,r=1] ~ ~ ~ tp @e[type=item,r=2] ~ ~ ~ true"
											]
										}
									},
									"eliminar": {
										"run_command": {
											"command": [
												"execute @e[type=mf3:basurero,r=1] ~ ~ ~ kill @e[type=item,r=0.5]"
											]
										}
									}
								},
								"key": "basura",
								"children": [
									{
										"open": {
											"run_command": {
												"command": [
													"execute @e[type=mf3:basurero,r=1] ~ ~ ~ tp @e[type=item,r=2] ~ ~ ~ true"
												]
											}
										},
										"key": "run_command",
										"children": [
											{
												"open": {
													"command": [
														"execute @e[type=mf3:basurero,r=1] ~ ~ ~ tp @e[type=item,r=2] ~ ~ ~ true"
													]
												},
												"key": "command",
												"is_minified": true,
												"children": [
													"execute @e[type=mf3:basurero,r=1] ~ ~ ~ tp @e[type=item,r=2] ~ ~ ~ true"
												]
											}
										]
									}
								]
							},
							{
								"open": {
									"basura": {
										"run_command": {
											"command": [
												"execute @e[type=mf3:basurero,r=1] ~ ~ ~ tp @e[type=item,r=2] ~ ~ ~ true"
											]
										}
									},
									"eliminar": {
										"run_command": {
											"command": [
												"execute @e[type=mf3:basurero,r=1] ~ ~ ~ kill @e[type=item,r=0.5]"
											]
										}
									}
								},
								"key": "eliminar",
								"children": [
									{
										"open": {
											"run_command": {
												"command": [
													"execute @e[type=mf3:basurero,r=1] ~ ~ ~ kill @e[type=item,r=0.5]"
												]
											}
										},
										"key": "run_command",
										"children": [
											{
												"open": {
													"command": [
														"execute @e[type=mf3:basurero,r=1] ~ ~ ~ kill @e[type=item,r=0.5]"
													]
												},
												"key": "command",
												"is_minified": true,
												"children": [
													"execute @e[type=mf3:basurero,r=1] ~ ~ ~ kill @e[type=item,r=0.5]"
												]
											}
										]
									}
								]
							}
						]
					}
				]
			}
		]
	}
}