{
	"file_path": "C:\\Users\\Usuario\\AppData\\Local\\Packages\\Microsoft.MinecraftUWP_8wekyb3d8bbwe\\LocalState\\games\\com.mojang\\development_behavior_packs\\Mineral Finder v1_2 BP\\entities\\dhierro.json",
	"file_type": "entity",
	"format_version": 1,
	"file_uuid": "165e9c32_cb78_4a7a_a450_57815ca0be27",
	"file_version": 21,
	"cache_content": {
		"children": [
			{
				"data": "1.19.0",
				"key": "format_version"
			},
			{
				"open": {
					"format_version": "1.19.0",
					"minecraft:entity": {
						"description": {
							"identifier": "mf3:dhierro",
							"is_summonable": true,
							"is_spawnable": true,
							"is_experimental": false
						},
						"components": {
							"minecraft:type_family": {
								"family": [
									"inanimate"
								]
							},
							"minecraft:experience_reward": {
								"on_death": "query.last_hit_by_player ? 34 : 26"
							},
							"minecraft:health": {
								"value": 10,
								"max": 10
							},
							"minecraft:nameable": {
								"allow_name_tag_renaming": true
							},
							"minecraft:collision_box": {
								"width": 2,
								"height": 1.5
							},
							"minecraft:can_climb": {},
							"minecraft:healable": {
								"items": [
									{
										"heal_amount": 5,
										"item": "minecraft:iron_nugget"
									}
								]
							},
							"minecraft:physics": {
								"has_collision": true,
								"has_gravity": true
							},
							"minecraft:pushable": {
								"is_pushable": true,
								"is_pushable_by_piston": true
							},
							"minecraft:movement": {
								"value": 0.25
							},
							"minecraft:knockback_resistance": {
								"value": 1,
								"max": 1
							},
							"minecraft:damage_sensor": {
								"triggers": {
									"cause": "fall",
									"deals_damage": false
								}
							},
							"minecraft:conditional_bandwidth_optimization": {},
							"minecraft:jump.static": {},
							"minecraft:loot": {
								"table": "loot_tables/ldhierro.json"
							},
							"minecraft:entity_sensor": {
								"sensor_range": 5,
								"minimum_count": 1,
								"maximum_count": 20,
								"relative_range": true,
								"require_all": false,
								"event_filters": {
									"subject": "other",
									"test": "is_family",
									"value": "player"
								},
								"event": "detecthie"
							},
							"minecraft:hurt_on_condition": {
								"damage_conditions": [
									{
										"filters": {
											"test": "in_lava",
											"subject": "self",
											"operator": "==",
											"value": true
										},
										"cause": "lava",
										"damage_per_tick": 1
									}
								]
							},
							"minecraft:tameable": {
								"probability": 1,
								"tame_items": [
									"minecraft:redstone"
								]
							},
							"minecraft:inventory": {
								"container_type": "inventory",
								"inventory_size": 27,
								"can_be_siphoned_from": false,
								"restrict_to_owner": true,
								"private": true
							},
							"minecraft:rideable": {
								"seat_count": 1,
								"family_types": [
									"player"
								],
								"seats": [
									{
										"min_rider_count": 1,
										"max_rider_count": 1,
										"position": [
											-0.125,
											0.75,
											0
										]
									}
								],
								"interact_text": "Subir",
								"rider_can_interact": true,
								"pull_in_entities": false
							},
							"minecraft:input_ground_controlled": {},
							"minecraft:behavior.player_ride_tamed": {
								"priority": 1
							},
							"minecraft:navigation.walk": {
								"avoid_damage_blocks": true,
								"can_path_over_lava": true,
								"can_path_from_air": true,
								"can_path_over_water": true,
								"avoid_water": true
							},
							"minecraft:fire_immune": true
						},
						"events": {
							"detecthie": {
								"run_command": {
									"command": [
										"function fdhierro",
										"execute @e[type=mf3:dhierro,r=2] ~ ~ ~ effect @a[r=2] night_vision 20 1 true"
									]
								}
							}
						}
					}
				},
				"key": "minecraft:entity",
				"children": [
					{
						"open": {
							"description": {
								"identifier": "mf3:dhierro",
								"is_summonable": true,
								"is_spawnable": true,
								"is_experimental": false
							},
							"components": {
								"minecraft:type_family": {
									"family": [
										"inanimate"
									]
								},
								"minecraft:experience_reward": {
									"on_death": "query.last_hit_by_player ? 34 : 26"
								},
								"minecraft:health": {
									"value": 10,
									"max": 10
								},
								"minecraft:nameable": {
									"allow_name_tag_renaming": true
								},
								"minecraft:collision_box": {
									"width": 2,
									"height": 1.5
								},
								"minecraft:can_climb": {},
								"minecraft:healable": {
									"items": [
										{
											"heal_amount": 5,
											"item": "minecraft:iron_nugget"
										}
									]
								},
								"minecraft:physics": {
									"has_collision": true,
									"has_gravity": true
								},
								"minecraft:pushable": {
									"is_pushable": true,
									"is_pushable_by_piston": true
								},
								"minecraft:movement": {
									"value": 0.25
								},
								"minecraft:knockback_resistance": {
									"value": 1,
									"max": 1
								},
								"minecraft:damage_sensor": {
									"triggers": {
										"cause": "fall",
										"deals_damage": false
									}
								},
								"minecraft:conditional_bandwidth_optimization": {},
								"minecraft:jump.static": {},
								"minecraft:loot": {
									"table": "loot_tables/ldhierro.json"
								},
								"minecraft:entity_sensor": {
									"sensor_range": 5,
									"minimum_count": 1,
									"maximum_count": 20,
									"relative_range": true,
									"require_all": false,
									"event_filters": {
										"subject": "other",
										"test": "is_family",
										"value": "player"
									},
									"event": "detecthie"
								},
								"minecraft:hurt_on_condition": {
									"damage_conditions": [
										{
											"filters": {
												"test": "in_lava",
												"subject": "self",
												"operator": "==",
												"value": true
											},
											"cause": "lava",
											"damage_per_tick": 1
										}
									]
								},
								"minecraft:tameable": {
									"probability": 1,
									"tame_items": [
										"minecraft:redstone"
									]
								},
								"minecraft:inventory": {
									"container_type": "inventory",
									"inventory_size": 27,
									"can_be_siphoned_from": false,
									"restrict_to_owner": true,
									"private": true
								},
								"minecraft:rideable": {
									"seat_count": 1,
									"family_types": [
										"player"
									],
									"seats": [
										{
											"min_rider_count": 1,
											"max_rider_count": 1,
											"position": [
												-0.125,
												0.75,
												0
											]
										}
									],
									"interact_text": "Subir",
									"rider_can_interact": true,
									"pull_in_entities": false
								},
								"minecraft:input_ground_controlled": {},
								"minecraft:behavior.player_ride_tamed": {
									"priority": 1
								},
								"minecraft:navigation.walk": {
									"avoid_damage_blocks": true,
									"can_path_over_lava": true,
									"can_path_from_air": true,
									"can_path_over_water": true,
									"avoid_water": true
								},
								"minecraft:fire_immune": true
							},
							"events": {
								"detecthie": {
									"run_command": {
										"command": [
											"function fdhierro",
											"execute @e[type=mf3:dhierro,r=2] ~ ~ ~ effect @a[r=2] night_vision 20 1 true"
										]
									}
								}
							}
						},
						"key": "description",
						"is_minified": true,
						"children": {
							"identifier": "mf3:dhierro",
							"is_summonable": true,
							"is_spawnable": true,
							"is_experimental": false
						}
					},
					{
						"open": {
							"description": {
								"identifier": "mf3:dhierro",
								"is_summonable": true,
								"is_spawnable": true,
								"is_experimental": false
							},
							"components": {
								"minecraft:type_family": {
									"family": [
										"inanimate"
									]
								},
								"minecraft:experience_reward": {
									"on_death": "query.last_hit_by_player ? 34 : 26"
								},
								"minecraft:health": {
									"value": 10,
									"max": 10
								},
								"minecraft:nameable": {
									"allow_name_tag_renaming": true
								},
								"minecraft:collision_box": {
									"width": 2,
									"height": 1.5
								},
								"minecraft:can_climb": {},
								"minecraft:healable": {
									"items": [
										{
											"heal_amount": 5,
											"item": "minecraft:iron_nugget"
										}
									]
								},
								"minecraft:physics": {
									"has_collision": true,
									"has_gravity": true
								},
								"minecraft:pushable": {
									"is_pushable": true,
									"is_pushable_by_piston": true
								},
								"minecraft:movement": {
									"value": 0.25
								},
								"minecraft:knockback_resistance": {
									"value": 1,
									"max": 1
								},
								"minecraft:damage_sensor": {
									"triggers": {
										"cause": "fall",
										"deals_damage": false
									}
								},
								"minecraft:conditional_bandwidth_optimization": {},
								"minecraft:jump.static": {},
								"minecraft:loot": {
									"table": "loot_tables/ldhierro.json"
								},
								"minecraft:entity_sensor": {
									"sensor_range": 5,
									"minimum_count": 1,
									"maximum_count": 20,
									"relative_range": true,
									"require_all": false,
									"event_filters": {
										"subject": "other",
										"test": "is_family",
										"value": "player"
									},
									"event": "detecthie"
								},
								"minecraft:hurt_on_condition": {
									"damage_conditions": [
										{
											"filters": {
												"test": "in_lava",
												"subject": "self",
												"operator": "==",
												"value": true
											},
											"cause": "lava",
											"damage_per_tick": 1
										}
									]
								},
								"minecraft:tameable": {
									"probability": 1,
									"tame_items": [
										"minecraft:redstone"
									]
								},
								"minecraft:inventory": {
									"container_type": "inventory",
									"inventory_size": 27,
									"can_be_siphoned_from": false,
									"restrict_to_owner": true,
									"private": true
								},
								"minecraft:rideable": {
									"seat_count": 1,
									"family_types": [
										"player"
									],
									"seats": [
										{
											"min_rider_count": 1,
											"max_rider_count": 1,
											"position": [
												-0.125,
												0.75,
												0
											]
										}
									],
									"interact_text": "Subir",
									"rider_can_interact": true,
									"pull_in_entities": false
								},
								"minecraft:input_ground_controlled": {},
								"minecraft:behavior.player_ride_tamed": {
									"priority": 1
								},
								"minecraft:navigation.walk": {
									"avoid_damage_blocks": true,
									"can_path_over_lava": true,
									"can_path_from_air": true,
									"can_path_over_water": true,
									"avoid_water": true
								},
								"minecraft:fire_immune": true
							},
							"events": {
								"detecthie": {
									"run_command": {
										"command": [
											"function fdhierro",
											"execute @e[type=mf3:dhierro,r=2] ~ ~ ~ effect @a[r=2] night_vision 20 1 true"
										]
									}
								}
							}
						},
						"key": "components",
						"children": [
							{
								"key": "minecraft:type_family",
								"is_minified": true,
								"children": {
									"family": [
										"inanimate"
									]
								}
							},
							{
								"key": "minecraft:experience_reward",
								"is_minified": true,
								"children": {
									"on_death": "query.last_hit_by_player ? 34 : 26"
								}
							},
							{
								"key": "minecraft:health",
								"is_minified": true,
								"children": {
									"value": 10,
									"max": 10
								}
							},
							{
								"key": "minecraft:nameable",
								"is_minified": true,
								"children": {
									"allow_name_tag_renaming": true
								}
							},
							{
								"key": "minecraft:collision_box",
								"is_minified": true,
								"children": {
									"width": 2,
									"height": 1.5
								}
							},
							{
								"key": "minecraft:can_climb",
								"is_minified": true,
								"children": {}
							},
							{
								"key": "minecraft:healable",
								"children": [
									{
										"open": {
											"items": [
												{
													"heal_amount": 5,
													"item": "minecraft:iron_nugget"
												}
											]
										},
										"key": "items",
										"children": [
											{
												"open": [
													{
														"heal_amount": 5,
														"item": "minecraft:iron_nugget"
													}
												],
												"is_minified": true,
												"children": {
													"heal_amount": 5,
													"item": "minecraft:iron_nugget"
												}
											}
										]
									}
								]
							},
							{
								"key": "minecraft:physics",
								"is_minified": true,
								"children": {
									"has_collision": true,
									"has_gravity": true
								}
							},
							{
								"key": "minecraft:pushable",
								"is_minified": true,
								"children": {
									"is_pushable": true,
									"is_pushable_by_piston": true
								}
							},
							{
								"key": "minecraft:movement",
								"is_minified": true,
								"children": {
									"value": 0.25
								}
							},
							{
								"key": "minecraft:knockback_resistance",
								"is_minified": true,
								"children": {
									"value": 1,
									"max": 1
								}
							},
							{
								"key": "minecraft:damage_sensor",
								"is_minified": true,
								"children": {
									"triggers": {
										"cause": "fall",
										"deals_damage": false
									}
								}
							},
							{
								"key": "minecraft:conditional_bandwidth_optimization",
								"is_minified": true,
								"children": {}
							},
							{
								"key": "minecraft:jump.static",
								"is_minified": true,
								"children": {}
							},
							{
								"open": {
									"minecraft:type_family": {
										"family": [
											"inanimate"
										]
									},
									"minecraft:experience_reward": {
										"on_death": "query.last_hit_by_player ? 34 : 26"
									},
									"minecraft:health": {
										"value": 10,
										"max": 10
									},
									"minecraft:nameable": {
										"allow_name_tag_renaming": true
									},
									"minecraft:collision_box": {
										"width": 2,
										"height": 1.5
									},
									"minecraft:can_climb": {},
									"minecraft:healable": {
										"items": [
											{
												"heal_amount": 5,
												"item": "minecraft:iron_nugget"
											}
										]
									},
									"minecraft:physics": {
										"has_collision": true,
										"has_gravity": true
									},
									"minecraft:pushable": {
										"is_pushable": true,
										"is_pushable_by_piston": true
									},
									"minecraft:movement": {
										"value": 0.25
									},
									"minecraft:knockback_resistance": {
										"value": 1,
										"max": 1
									},
									"minecraft:damage_sensor": {
										"triggers": {
											"cause": "fall",
											"deals_damage": false
										}
									},
									"minecraft:conditional_bandwidth_optimization": {},
									"minecraft:jump.static": {},
									"minecraft:loot": {
										"table": "loot_tables/ldhierro.json"
									},
									"minecraft:entity_sensor": {
										"sensor_range": 5,
										"minimum_count": 1,
										"maximum_count": 20,
										"relative_range": true,
										"require_all": false,
										"event_filters": {
											"subject": "other",
											"test": "is_family",
											"value": "player"
										},
										"event": "detecthie"
									},
									"minecraft:hurt_on_condition": {
										"damage_conditions": [
											{
												"filters": {
													"test": "in_lava",
													"subject": "self",
													"operator": "==",
													"value": true
												},
												"cause": "lava",
												"damage_per_tick": 1
											}
										]
									},
									"minecraft:tameable": {
										"probability": 1,
										"tame_items": [
											"minecraft:redstone"
										]
									},
									"minecraft:inventory": {
										"container_type": "inventory",
										"inventory_size": 27,
										"can_be_siphoned_from": false,
										"restrict_to_owner": true,
										"private": true
									},
									"minecraft:rideable": {
										"seat_count": 1,
										"family_types": [
											"player"
										],
										"seats": [
											{
												"min_rider_count": 1,
												"max_rider_count": 1,
												"position": [
													-0.125,
													0.75,
													0
												]
											}
										],
										"interact_text": "Subir",
										"rider_can_interact": true,
										"pull_in_entities": false
									},
									"minecraft:input_ground_controlled": {},
									"minecraft:behavior.player_ride_tamed": {
										"priority": 1
									},
									"minecraft:navigation.walk": {
										"avoid_damage_blocks": true,
										"can_path_over_lava": true,
										"can_path_from_air": true,
										"can_path_over_water": true,
										"avoid_water": true
									},
									"minecraft:fire_immune": true
								},
								"key": "minecraft:loot",
								"is_minified": true,
								"children": {
									"table": "loot_tables/ldhierro.json"
								}
							},
							{
								"open": {
									"minecraft:type_family": {
										"family": [
											"inanimate"
										]
									},
									"minecraft:experience_reward": {
										"on_death": "query.last_hit_by_player ? 34 : 26"
									},
									"minecraft:health": {
										"value": 10,
										"max": 10
									},
									"minecraft:nameable": {
										"allow_name_tag_renaming": true
									},
									"minecraft:collision_box": {
										"width": 2,
										"height": 1.5
									},
									"minecraft:can_climb": {},
									"minecraft:healable": {
										"items": [
											{
												"heal_amount": 5,
												"item": "minecraft:iron_nugget"
											}
										]
									},
									"minecraft:physics": {
										"has_collision": true,
										"has_gravity": true
									},
									"minecraft:pushable": {
										"is_pushable": true,
										"is_pushable_by_piston": true
									},
									"minecraft:movement": {
										"value": 0.25
									},
									"minecraft:knockback_resistance": {
										"value": 1,
										"max": 1
									},
									"minecraft:damage_sensor": {
										"triggers": {
											"cause": "fall",
											"deals_damage": false
										}
									},
									"minecraft:conditional_bandwidth_optimization": {},
									"minecraft:jump.static": {},
									"minecraft:loot": {
										"table": "loot_tables/ldhierro.json"
									},
									"minecraft:entity_sensor": {
										"sensor_range": 5,
										"minimum_count": 1,
										"maximum_count": 20,
										"relative_range": true,
										"require_all": false,
										"event_filters": {
											"subject": "other",
											"test": "is_family",
											"value": "player"
										},
										"event": "detecthie"
									},
									"minecraft:hurt_on_condition": {
										"damage_conditions": [
											{
												"filters": {
													"test": "in_lava",
													"subject": "self",
													"operator": "==",
													"value": true
												},
												"cause": "lava",
												"damage_per_tick": 1
											}
										]
									},
									"minecraft:tameable": {
										"probability": 1,
										"tame_items": [
											"minecraft:redstone"
										]
									},
									"minecraft:inventory": {
										"container_type": "inventory",
										"inventory_size": 27,
										"can_be_siphoned_from": false,
										"restrict_to_owner": true,
										"private": true
									},
									"minecraft:rideable": {
										"seat_count": 1,
										"family_types": [
											"player"
										],
										"seats": [
											{
												"min_rider_count": 1,
												"max_rider_count": 1,
												"position": [
													-0.125,
													0.75,
													0
												]
											}
										],
										"interact_text": "Subir",
										"rider_can_interact": true,
										"pull_in_entities": false
									},
									"minecraft:input_ground_controlled": {},
									"minecraft:behavior.player_ride_tamed": {
										"priority": 1
									},
									"minecraft:navigation.walk": {
										"avoid_damage_blocks": true,
										"can_path_over_lava": true,
										"can_path_from_air": true,
										"can_path_over_water": true,
										"avoid_water": true
									},
									"minecraft:fire_immune": true
								},
								"key": "minecraft:entity_sensor",
								"children": [
									{
										"data": "5",
										"key": "sensor_range"
									},
									{
										"data": "1",
										"key": "minimum_count"
									},
									{
										"data": "20",
										"key": "maximum_count"
									},
									{
										"data": "true",
										"key": "relative_range"
									},
									{
										"data": "false",
										"key": "require_all"
									},
									{
										"open": {
											"sensor_range": 5,
											"minimum_count": 1,
											"maximum_count": 20,
											"relative_range": true,
											"require_all": false,
											"event_filters": {
												"subject": "other",
												"test": "is_family",
												"value": "player"
											},
											"event": "detecthie"
										},
										"key": "event_filters",
										"is_minified": true,
										"children": {
											"subject": "other",
											"test": "is_family",
											"value": "player"
										}
									},
									{
										"data": "detecthie",
										"key": "event"
									}
								]
							},
							{
								"key": "minecraft:hurt_on_condition",
								"is_minified": true,
								"children": {
									"damage_conditions": [
										{
											"filters": {
												"test": "in_lava",
												"subject": "self",
												"operator": "==",
												"value": true
											},
											"cause": "lava",
											"damage_per_tick": 1
										}
									]
								}
							},
							{
								"key": "minecraft:tameable",
								"children": [
									{
										"data": "1",
										"key": "probability"
									},
									{
										"open": {
											"probability": 1,
											"tame_items": [
												"minecraft:redstone"
											]
										},
										"key": "tame_items",
										"is_minified": true,
										"children": [
											"minecraft:redstone"
										]
									}
								]
							},
							{
								"key": "minecraft:inventory",
								"is_minified": true,
								"children": {
									"container_type": "inventory",
									"inventory_size": 27,
									"can_be_siphoned_from": false,
									"restrict_to_owner": true,
									"private": true
								}
							},
							{
								"key": "minecraft:rideable",
								"children": [
									{
										"data": "1",
										"key": "seat_count"
									},
									{
										"key": "family_types",
										"is_minified": true,
										"children": [
											"player"
										]
									},
									{
										"open": {
											"seat_count": 1,
											"family_types": [
												"player"
											],
											"seats": [
												{
													"min_rider_count": 1,
													"max_rider_count": 1,
													"position": [
														-0.125,
														0.75,
														0
													]
												}
											],
											"interact_text": "Subir",
											"rider_can_interact": true,
											"pull_in_entities": false
										},
										"key": "seats",
										"children": [
											{
												"open": [
													{
														"min_rider_count": 1,
														"max_rider_count": 1,
														"position": [
															-0.125,
															0.75,
															0
														]
													}
												],
												"children": [
													{
														"data": "1",
														"key": "min_rider_count"
													},
													{
														"data": "1",
														"key": "max_rider_count"
													},
													{
														"open": {
															"min_rider_count": 1,
															"max_rider_count": 1,
															"position": [
																-0.125,
																0.75,
																0
															]
														},
														"key": "position",
														"is_minified": true,
														"children": [
															-0.125,
															0.75,
															0
														]
													}
												]
											}
										]
									},
									{
										"data": "Subir",
										"key": "interact_text"
									},
									{
										"data": "true",
										"key": "rider_can_interact"
									},
									{
										"data": "false",
										"key": "pull_in_entities"
									}
								]
							},
							{
								"key": "minecraft:input_ground_controlled",
								"is_minified": true,
								"children": {}
							},
							{
								"key": "minecraft:behavior.player_ride_tamed",
								"is_minified": true,
								"children": {
									"priority": 1
								}
							},
							{
								"key": "minecraft:navigation.walk",
								"is_minified": true,
								"children": {
									"avoid_damage_blocks": true,
									"can_path_over_lava": true,
									"can_path_from_air": true,
									"can_path_over_water": true,
									"avoid_water": true
								}
							},
							{
								"data": "true",
								"key": "minecraft:fire_immune"
							}
						]
					},
					{
						"open": {
							"description": {
								"identifier": "mf3:dhierro",
								"is_summonable": true,
								"is_spawnable": true,
								"is_experimental": false
							},
							"components": {
								"minecraft:type_family": {
									"family": [
										"inanimate"
									]
								},
								"minecraft:experience_reward": {
									"on_death": "query.last_hit_by_player ? 34 : 26"
								},
								"minecraft:health": {
									"value": 10,
									"max": 10
								},
								"minecraft:nameable": {
									"allow_name_tag_renaming": true
								},
								"minecraft:collision_box": {
									"width": 2,
									"height": 1.5
								},
								"minecraft:can_climb": {},
								"minecraft:healable": {
									"items": [
										{
											"heal_amount": 5,
											"item": "minecraft:iron_nugget"
										}
									]
								},
								"minecraft:physics": {
									"has_collision": true,
									"has_gravity": true
								},
								"minecraft:pushable": {
									"is_pushable": true,
									"is_pushable_by_piston": true
								},
								"minecraft:movement": {
									"value": 0.25
								},
								"minecraft:knockback_resistance": {
									"value": 1,
									"max": 1
								},
								"minecraft:damage_sensor": {
									"triggers": {
										"cause": "fall",
										"deals_damage": false
									}
								},
								"minecraft:conditional_bandwidth_optimization": {},
								"minecraft:jump.static": {},
								"minecraft:loot": {
									"table": "loot_tables/ldhierro.json"
								},
								"minecraft:entity_sensor": {
									"sensor_range": 5,
									"minimum_count": 1,
									"maximum_count": 20,
									"relative_range": true,
									"require_all": false,
									"event_filters": {
										"subject": "other",
										"test": "is_family",
										"value": "player"
									},
									"event": "detecthie"
								},
								"minecraft:hurt_on_condition": {
									"damage_conditions": [
										{
											"filters": {
												"test": "in_lava",
												"subject": "self",
												"operator": "==",
												"value": true
											},
											"cause": "lava",
											"damage_per_tick": 1
										}
									]
								},
								"minecraft:tameable": {
									"probability": 1,
									"tame_items": [
										"minecraft:redstone"
									]
								},
								"minecraft:inventory": {
									"container_type": "inventory",
									"inventory_size": 27,
									"can_be_siphoned_from": false,
									"restrict_to_owner": true,
									"private": true
								},
								"minecraft:rideable": {
									"seat_count": 1,
									"family_types": [
										"player"
									],
									"seats": [
										{
											"min_rider_count": 1,
											"max_rider_count": 1,
											"position": [
												-0.125,
												0.75,
												0
											]
										}
									],
									"interact_text": "Subir",
									"rider_can_interact": true,
									"pull_in_entities": false
								},
								"minecraft:input_ground_controlled": {},
								"minecraft:behavior.player_ride_tamed": {
									"priority": 1
								},
								"minecraft:navigation.walk": {
									"avoid_damage_blocks": true,
									"can_path_over_lava": true,
									"can_path_from_air": true,
									"can_path_over_water": true,
									"avoid_water": true
								},
								"minecraft:fire_immune": true
							},
							"events": {
								"detecthie": {
									"run_command": {
										"command": [
											"function fdhierro",
											"execute @e[type=mf3:dhierro,r=2] ~ ~ ~ effect @a[r=2] night_vision 20 1 true"
										]
									}
								}
							}
						},
						"key": "events",
						"children": [
							{
								"open": {
									"detecthie": {
										"run_command": {
											"command": [
												"function fdhierro",
												"execute @e[type=mf3:dhierro,r=2] ~ ~ ~ effect @a[r=2] night_vision 20 1 true"
											]
										}
									}
								},
								"key": "detecthie",
								"children": [
									{
										"open": {
											"run_command": {
												"command": [
													"function fdhierro",
													"execute @e[type=mf3:dhierro,r=2] ~ ~ ~ effect @a[r=2] night_vision 20 1 true"
												]
											}
										},
										"key": "run_command",
										"children": [
											{
												"open": {
													"command": [
														"function fdhierro",
														"execute @e[type=mf3:dhierro,r=2] ~ ~ ~ effect @a[r=2] night_vision 20 1 true"
													]
												},
												"key": "command",
												"is_minified": true,
												"children": [
													"function fdhierro",
													"execute @e[type=mf3:dhierro,r=2] ~ ~ ~ effect @a[r=2] night_vision 20 1 true"
												]
											}
										]
									}
								]
							}
						]
					}
				]
			}
		]
	}
}