{
	"file_path": "C:\\Users\\Usuario\\AppData\\Local\\Packages\\Microsoft.MinecraftUWP_8wekyb3d8bbwe\\LocalState\\games\\com.mojang\\development_behavior_packs\\Mineral Finder v1_2 BP\\entities\\imanlapis.json",
	"file_type": "entity",
	"format_version": 1,
	"file_uuid": "7e0e425a_9dce_4dc1_9115_5197ae611187",
	"file_version": 18,
	"cache_content": {
		"children": [
			{
				"data": "1.19.0",
				"key": "format_version"
			},
			{
				"open": {
					"format_version": "1.19.0",
					"minecraft:entity": {
						"description": {
							"identifier": "mf3:imanlapis",
							"is_summonable": true,
							"is_spawnable": true,
							"is_experimental": false
						},
						"components": {
							"minecraft:type_family": {
								"family": [
									"inanimate"
								]
							},
							"minecraft:experience_reward": {
								"on_death": "query.last_hit_by_player ? 34 : 26"
							},
							"minecraft:health": {
								"value": 6,
								"max": 6
							},
							"minecraft:nameable": {
								"allow_name_tag_renaming": true
							},
							"minecraft:collision_box": {
								"width": 1.5,
								"height": 2.5
							},
							"minecraft:physics": {
								"has_collision": true,
								"has_gravity": true
							},
							"minecraft:pushable": {
								"is_pushable": true,
								"is_pushable_by_piston": true
							},
							"minecraft:movement": {
								"value": 0
							},
							"minecraft:knockback_resistance": {
								"value": 1,
								"max": 1
							},
							"minecraft:damage_sensor": {
								"triggers": {
									"cause": "fall",
									"deals_damage": false
								}
							},
							"minecraft:conditional_bandwidth_optimization": {},
							"minecraft:loot": {
								"table": "loot_tables/limanlapis.json"
							},
							"minecraft:hurt_on_condition": {
								"damage_conditions": [
									{
										"filters": {
											"test": "in_lava",
											"subject": "self",
											"operator": "==",
											"value": true
										},
										"cause": "lava",
										"damage_per_tick": 1
									}
								]
							},
							"minecraft:interact": {
								"interactions": [
									{
										"on_interact": {
											"event": "atralap"
										},
										"interact_text": "EXTRACT"
									}
								]
							},
							"minecraft:fire_immune": true
						},
						"events": {
							"atralap": {
								"run_command": {
									"command": [
										"playanimation @e[type=mf3:imanlapis,r=5] animation.in.giro a 1",
										"playsound iman @a[r=10] ~ ~ ~ 1.0 1.0 1.0",
										"clone ~-8 ~-120 ~-8 ~8 ~-1 ~8 ~-8 ~5 ~-8 filtered move lapis_ore 0",
										"clone ~-8 ~-120 ~-8 ~8 ~-1 ~8 ~-8 ~5 ~-8 filtered move deepslate_lapis_ore 0"
									]
								}
							}
						}
					}
				},
				"key": "minecraft:entity",
				"children": [
					{
						"open": {
							"description": {
								"identifier": "mf3:imanlapis",
								"is_summonable": true,
								"is_spawnable": true,
								"is_experimental": false
							},
							"components": {
								"minecraft:type_family": {
									"family": [
										"inanimate"
									]
								},
								"minecraft:experience_reward": {
									"on_death": "query.last_hit_by_player ? 34 : 26"
								},
								"minecraft:health": {
									"value": 6,
									"max": 6
								},
								"minecraft:nameable": {
									"allow_name_tag_renaming": true
								},
								"minecraft:collision_box": {
									"width": 1.5,
									"height": 2.5
								},
								"minecraft:physics": {
									"has_collision": true,
									"has_gravity": true
								},
								"minecraft:pushable": {
									"is_pushable": true,
									"is_pushable_by_piston": true
								},
								"minecraft:movement": {
									"value": 0
								},
								"minecraft:knockback_resistance": {
									"value": 1,
									"max": 1
								},
								"minecraft:damage_sensor": {
									"triggers": {
										"cause": "fall",
										"deals_damage": false
									}
								},
								"minecraft:conditional_bandwidth_optimization": {},
								"minecraft:loot": {
									"table": "loot_tables/limanlapis.json"
								},
								"minecraft:hurt_on_condition": {
									"damage_conditions": [
										{
											"filters": {
												"test": "in_lava",
												"subject": "self",
												"operator": "==",
												"value": true
											},
											"cause": "lava",
											"damage_per_tick": 1
										}
									]
								},
								"minecraft:interact": {
									"interactions": [
										{
											"on_interact": {
												"event": "atralap"
											},
											"interact_text": "EXTRACT"
										}
									]
								},
								"minecraft:fire_immune": true
							},
							"events": {
								"atralap": {
									"run_command": {
										"command": [
											"playanimation @e[type=mf3:imanlapis,r=5] animation.in.giro a 1",
											"playsound iman @a[r=10] ~ ~ ~ 1.0 1.0 1.0",
											"clone ~-8 ~-120 ~-8 ~8 ~-1 ~8 ~-8 ~5 ~-8 filtered move lapis_ore 0",
											"clone ~-8 ~-120 ~-8 ~8 ~-1 ~8 ~-8 ~5 ~-8 filtered move deepslate_lapis_ore 0"
										]
									}
								}
							}
						},
						"key": "description",
						"is_minified": true,
						"children": {
							"identifier": "mf3:imanlapis",
							"is_summonable": true,
							"is_spawnable": true,
							"is_experimental": false
						}
					},
					{
						"open": {
							"description": {
								"identifier": "mf3:imanlapis",
								"is_summonable": true,
								"is_spawnable": true,
								"is_experimental": false
							},
							"components": {
								"minecraft:type_family": {
									"family": [
										"inanimate"
									]
								},
								"minecraft:experience_reward": {
									"on_death": "query.last_hit_by_player ? 34 : 26"
								},
								"minecraft:health": {
									"value": 6,
									"max": 6
								},
								"minecraft:nameable": {
									"allow_name_tag_renaming": true
								},
								"minecraft:collision_box": {
									"width": 1.5,
									"height": 2.5
								},
								"minecraft:physics": {
									"has_collision": true,
									"has_gravity": true
								},
								"minecraft:pushable": {
									"is_pushable": true,
									"is_pushable_by_piston": true
								},
								"minecraft:movement": {
									"value": 0
								},
								"minecraft:knockback_resistance": {
									"value": 1,
									"max": 1
								},
								"minecraft:damage_sensor": {
									"triggers": {
										"cause": "fall",
										"deals_damage": false
									}
								},
								"minecraft:conditional_bandwidth_optimization": {},
								"minecraft:loot": {
									"table": "loot_tables/limanlapis.json"
								},
								"minecraft:hurt_on_condition": {
									"damage_conditions": [
										{
											"filters": {
												"test": "in_lava",
												"subject": "self",
												"operator": "==",
												"value": true
											},
											"cause": "lava",
											"damage_per_tick": 1
										}
									]
								},
								"minecraft:interact": {
									"interactions": [
										{
											"on_interact": {
												"event": "atralap"
											},
											"interact_text": "EXTRACT"
										}
									]
								},
								"minecraft:fire_immune": true
							},
							"events": {
								"atralap": {
									"run_command": {
										"command": [
											"playanimation @e[type=mf3:imanlapis,r=5] animation.in.giro a 1",
											"playsound iman @a[r=10] ~ ~ ~ 1.0 1.0 1.0",
											"clone ~-8 ~-120 ~-8 ~8 ~-1 ~8 ~-8 ~5 ~-8 filtered move lapis_ore 0",
											"clone ~-8 ~-120 ~-8 ~8 ~-1 ~8 ~-8 ~5 ~-8 filtered move deepslate_lapis_ore 0"
										]
									}
								}
							}
						},
						"key": "components",
						"children": [
							{
								"key": "minecraft:type_family",
								"is_minified": true,
								"children": {
									"family": [
										"inanimate"
									]
								}
							},
							{
								"key": "minecraft:experience_reward",
								"is_minified": true,
								"children": {
									"on_death": "query.last_hit_by_player ? 34 : 26"
								}
							},
							{
								"key": "minecraft:health",
								"is_minified": true,
								"children": {
									"value": 6,
									"max": 6
								}
							},
							{
								"key": "minecraft:nameable",
								"is_minified": true,
								"children": {
									"allow_name_tag_renaming": true
								}
							},
							{
								"key": "minecraft:collision_box",
								"is_minified": true,
								"children": {
									"width": 1.5,
									"height": 2.5
								}
							},
							{
								"key": "minecraft:physics",
								"is_minified": true,
								"children": {
									"has_collision": true,
									"has_gravity": true
								}
							},
							{
								"key": "minecraft:pushable",
								"is_minified": true,
								"children": {
									"is_pushable": true,
									"is_pushable_by_piston": true
								}
							},
							{
								"key": "minecraft:movement",
								"is_minified": true,
								"children": {
									"value": 0
								}
							},
							{
								"key": "minecraft:knockback_resistance",
								"is_minified": true,
								"children": {
									"value": 1,
									"max": 1
								}
							},
							{
								"key": "minecraft:damage_sensor",
								"is_minified": true,
								"children": {
									"triggers": {
										"cause": "fall",
										"deals_damage": false
									}
								}
							},
							{
								"key": "minecraft:conditional_bandwidth_optimization",
								"is_minified": true,
								"children": {}
							},
							{
								"open": {
									"minecraft:type_family": {
										"family": [
											"inanimate"
										]
									},
									"minecraft:experience_reward": {
										"on_death": "query.last_hit_by_player ? 34 : 26"
									},
									"minecraft:health": {
										"value": 6,
										"max": 6
									},
									"minecraft:nameable": {
										"allow_name_tag_renaming": true
									},
									"minecraft:collision_box": {
										"width": 1.5,
										"height": 2.5
									},
									"minecraft:physics": {
										"has_collision": true,
										"has_gravity": true
									},
									"minecraft:pushable": {
										"is_pushable": true,
										"is_pushable_by_piston": true
									},
									"minecraft:movement": {
										"value": 0
									},
									"minecraft:knockback_resistance": {
										"value": 1,
										"max": 1
									},
									"minecraft:damage_sensor": {
										"triggers": {
											"cause": "fall",
											"deals_damage": false
										}
									},
									"minecraft:conditional_bandwidth_optimization": {},
									"minecraft:loot": {
										"table": "loot_tables/limanlapis.json"
									},
									"minecraft:hurt_on_condition": {
										"damage_conditions": [
											{
												"filters": {
													"test": "in_lava",
													"subject": "self",
													"operator": "==",
													"value": true
												},
												"cause": "lava",
												"damage_per_tick": 1
											}
										]
									},
									"minecraft:interact": {
										"interactions": [
											{
												"on_interact": {
													"event": "atralap"
												},
												"interact_text": "EXTRACT"
											}
										]
									},
									"minecraft:fire_immune": true
								},
								"key": "minecraft:loot",
								"is_minified": true,
								"children": {
									"table": "loot_tables/limanlapis.json"
								}
							},
							{
								"key": "minecraft:hurt_on_condition",
								"is_minified": true,
								"children": {
									"damage_conditions": [
										{
											"filters": {
												"test": "in_lava",
												"subject": "self",
												"operator": "==",
												"value": true
											},
											"cause": "lava",
											"damage_per_tick": 1
										}
									]
								}
							},
							{
								"open": {
									"minecraft:type_family": {
										"family": [
											"inanimate"
										]
									},
									"minecraft:experience_reward": {
										"on_death": "query.last_hit_by_player ? 34 : 26"
									},
									"minecraft:health": {
										"value": 6,
										"max": 6
									},
									"minecraft:nameable": {
										"allow_name_tag_renaming": true
									},
									"minecraft:collision_box": {
										"width": 1.5,
										"height": 2.5
									},
									"minecraft:physics": {
										"has_collision": true,
										"has_gravity": true
									},
									"minecraft:pushable": {
										"is_pushable": true,
										"is_pushable_by_piston": true
									},
									"minecraft:movement": {
										"value": 0
									},
									"minecraft:knockback_resistance": {
										"value": 1,
										"max": 1
									},
									"minecraft:damage_sensor": {
										"triggers": {
											"cause": "fall",
											"deals_damage": false
										}
									},
									"minecraft:conditional_bandwidth_optimization": {},
									"minecraft:loot": {
										"table": "loot_tables/limanlapis.json"
									},
									"minecraft:hurt_on_condition": {
										"damage_conditions": [
											{
												"filters": {
													"test": "in_lava",
													"subject": "self",
													"operator": "==",
													"value": true
												},
												"cause": "lava",
												"damage_per_tick": 1
											}
										]
									},
									"minecraft:interact": {
										"interactions": [
											{
												"on_interact": {
													"event": "atralap"
												},
												"interact_text": "EXTRACT"
											}
										]
									},
									"minecraft:fire_immune": true
								},
								"key": "minecraft:interact",
								"children": [
									{
										"open": {
											"interactions": [
												{
													"on_interact": {
														"event": "atralap"
													},
													"interact_text": "EXTRACT"
												}
											]
										},
										"key": "interactions",
										"children": [
											{
												"open": [
													{
														"on_interact": {
															"event": "atralap"
														},
														"interact_text": "EXTRACT"
													}
												],
												"children": [
													{
														"open": {
															"on_interact": {
																"event": "atralap"
															},
															"interact_text": "EXTRACT"
														},
														"key": "on_interact",
														"is_minified": true,
														"children": {
															"event": "atralap"
														}
													},
													{
														"data": "EXTRACT",
														"key": "interact_text"
													}
												]
											}
										]
									}
								]
							},
							{
								"data": "true",
								"key": "minecraft:fire_immune"
							}
						]
					},
					{
						"open": {
							"description": {
								"identifier": "mf3:imanlapis",
								"is_summonable": true,
								"is_spawnable": true,
								"is_experimental": false
							},
							"components": {
								"minecraft:type_family": {
									"family": [
										"inanimate"
									]
								},
								"minecraft:experience_reward": {
									"on_death": "query.last_hit_by_player ? 34 : 26"
								},
								"minecraft:health": {
									"value": 6,
									"max": 6
								},
								"minecraft:nameable": {
									"allow_name_tag_renaming": true
								},
								"minecraft:collision_box": {
									"width": 1.5,
									"height": 2.5
								},
								"minecraft:physics": {
									"has_collision": true,
									"has_gravity": true
								},
								"minecraft:pushable": {
									"is_pushable": true,
									"is_pushable_by_piston": true
								},
								"minecraft:movement": {
									"value": 0
								},
								"minecraft:knockback_resistance": {
									"value": 1,
									"max": 1
								},
								"minecraft:damage_sensor": {
									"triggers": {
										"cause": "fall",
										"deals_damage": false
									}
								},
								"minecraft:conditional_bandwidth_optimization": {},
								"minecraft:loot": {
									"table": "loot_tables/limanlapis.json"
								},
								"minecraft:hurt_on_condition": {
									"damage_conditions": [
										{
											"filters": {
												"test": "in_lava",
												"subject": "self",
												"operator": "==",
												"value": true
											},
											"cause": "lava",
											"damage_per_tick": 1
										}
									]
								},
								"minecraft:interact": {
									"interactions": [
										{
											"on_interact": {
												"event": "atralap"
											},
											"interact_text": "EXTRACT"
										}
									]
								},
								"minecraft:fire_immune": true
							},
							"events": {
								"atralap": {
									"run_command": {
										"command": [
											"playanimation @e[type=mf3:imanlapis,r=5] animation.in.giro a 1",
											"playsound iman @a[r=10] ~ ~ ~ 1.0 1.0 1.0",
											"clone ~-8 ~-120 ~-8 ~8 ~-1 ~8 ~-8 ~5 ~-8 filtered move lapis_ore 0",
											"clone ~-8 ~-120 ~-8 ~8 ~-1 ~8 ~-8 ~5 ~-8 filtered move deepslate_lapis_ore 0"
										]
									}
								}
							}
						},
						"key": "events",
						"children": [
							{
								"open": {
									"atralap": {
										"run_command": {
											"command": [
												"playanimation @e[type=mf3:imanlapis,r=5] animation.in.giro a 1",
												"playsound iman @a[r=10] ~ ~ ~ 1.0 1.0 1.0",
												"clone ~-8 ~-120 ~-8 ~8 ~-1 ~8 ~-8 ~5 ~-8 filtered move lapis_ore 0",
												"clone ~-8 ~-120 ~-8 ~8 ~-1 ~8 ~-8 ~5 ~-8 filtered move deepslate_lapis_ore 0"
											]
										}
									}
								},
								"key": "atralap",
								"children": [
									{
										"open": {
											"run_command": {
												"command": [
													"playanimation @e[type=mf3:imanlapis,r=5] animation.in.giro a 1",
													"playsound iman @a[r=10] ~ ~ ~ 1.0 1.0 1.0",
													"clone ~-8 ~-120 ~-8 ~8 ~-1 ~8 ~-8 ~5 ~-8 filtered move lapis_ore 0",
													"clone ~-8 ~-120 ~-8 ~8 ~-1 ~8 ~-8 ~5 ~-8 filtered move deepslate_lapis_ore 0"
												]
											}
										},
										"key": "run_command",
										"children": [
											{
												"open": {
													"command": [
														"playanimation @e[type=mf3:imanlapis,r=5] animation.in.giro a 1",
														"playsound iman @a[r=10] ~ ~ ~ 1.0 1.0 1.0",
														"clone ~-8 ~-120 ~-8 ~8 ~-1 ~8 ~-8 ~5 ~-8 filtered move lapis_ore 0",
														"clone ~-8 ~-120 ~-8 ~8 ~-1 ~8 ~-8 ~5 ~-8 filtered move deepslate_lapis_ore 0"
													]
												},
												"key": "command",
												"is_minified": true,
												"children": [
													"playanimation @e[type=mf3:imanlapis,r=5] animation.in.giro a 1",
													"playsound iman @a[r=10] ~ ~ ~ 1.0 1.0 1.0",
													"clone ~-8 ~-120 ~-8 ~8 ~-1 ~8 ~-8 ~5 ~-8 filtered move lapis_ore 0",
													"clone ~-8 ~-120 ~-8 ~8 ~-1 ~8 ~-8 ~5 ~-8 filtered move deepslate_lapis_ore 0"
												]
											}
										]
									}
								]
							}
						]
					}
				]
			}
		]
	}
}