{
	"file_path": "C:\\Users\\Usuario\\AppData\\Local\\Packages\\Microsoft.MinecraftUWP_8wekyb3d8bbwe\\LocalState\\games\\com.mojang\\development_behavior_packs\\Mineral Finder v1_2 BP\\entities\\peso.json",
	"file_type": "entity",
	"format_version": 1,
	"file_uuid": "04e26794_654b_41d1_939a_8f0c8f21a4aa",
	"file_version": 6,
	"cache_content": {
		"children": [
			{
				"data": "1.19.0",
				"key": "format_version"
			},
			{
				"open": {
					"format_version": "1.19.0",
					"minecraft:entity": {
						"description": {
							"identifier": "mf3:peso",
							"is_summonable": true,
							"is_spawnable": false,
							"is_experimental": false
						},
						"components": {
							"minecraft:type_family": {
								"family": [
									"inanimate"
								]
							},
							"minecraft:health": {
								"value": 50,
								"max": 50
							},
							"minecraft:collision_box": {
								"width": 16,
								"height": 1
							},
							"minecraft:physics": {
								"has_collision": false,
								"has_gravity": true
							},
							"minecraft:pushable": {
								"is_pushable": false,
								"is_pushable_by_piston": false
							},
							"minecraft:movement": {
								"value": 0
							},
							"minecraft:knockback_resistance": {
								"value": 1,
								"max": 1
							},
							"minecraft:conditional_bandwidth_optimization": {},
							"minecraft:damage_sensor": {
								"triggers": {
									"cause": "fall",
									"deals_damage": false
								}
							},
							"minecraft:transformation": {
								"into": "minecraft:zombie",
								"delay": {
									"value": 60
								}
							},
							"minecraft:fire_immune": true
						},
						"component_groups": {},
						"events": {}
					}
				},
				"key": "minecraft:entity",
				"children": [
					{
						"open": {
							"description": {
								"identifier": "mf3:peso",
								"is_summonable": true,
								"is_spawnable": false,
								"is_experimental": false
							},
							"components": {
								"minecraft:type_family": {
									"family": [
										"inanimate"
									]
								},
								"minecraft:health": {
									"value": 50,
									"max": 50
								},
								"minecraft:collision_box": {
									"width": 16,
									"height": 1
								},
								"minecraft:physics": {
									"has_collision": false,
									"has_gravity": true
								},
								"minecraft:pushable": {
									"is_pushable": false,
									"is_pushable_by_piston": false
								},
								"minecraft:movement": {
									"value": 0
								},
								"minecraft:knockback_resistance": {
									"value": 1,
									"max": 1
								},
								"minecraft:conditional_bandwidth_optimization": {},
								"minecraft:damage_sensor": {
									"triggers": {
										"cause": "fall",
										"deals_damage": false
									}
								},
								"minecraft:transformation": {
									"into": "minecraft:zombie",
									"delay": {
										"value": 60
									}
								},
								"minecraft:fire_immune": true
							},
							"component_groups": {},
							"events": {}
						},
						"key": "description",
						"is_minified": true,
						"children": {
							"identifier": "mf3:peso",
							"is_summonable": true,
							"is_spawnable": false,
							"is_experimental": false
						}
					},
					{
						"key": "components",
						"is_minified": true,
						"children": {
							"minecraft:type_family": {
								"family": [
									"inanimate"
								]
							},
							"minecraft:health": {
								"value": 50,
								"max": 50
							},
							"minecraft:collision_box": {
								"width": 16,
								"height": 1
							},
							"minecraft:physics": {
								"has_collision": false,
								"has_gravity": true
							},
							"minecraft:pushable": {
								"is_pushable": false,
								"is_pushable_by_piston": false
							},
							"minecraft:movement": {
								"value": 0
							},
							"minecraft:knockback_resistance": {
								"value": 1,
								"max": 1
							},
							"minecraft:conditional_bandwidth_optimization": {},
							"minecraft:damage_sensor": {
								"triggers": {
									"cause": "fall",
									"deals_damage": false
								}
							},
							"minecraft:transformation": {
								"into": "minecraft:zombie",
								"delay": {
									"value": 60
								}
							},
							"minecraft:fire_immune": true
						}
					},
					{
						"key": "component_groups",
						"is_minified": true,
						"children": {}
					},
					{
						"key": "events",
						"is_minified": true,
						"children": {}
					}
				]
			}
		]
	}
}