{
      "format_version": "1.12",
      "minecraft:recipe_shaped": {
            "description": {
                  "identifier": "guh:carpenters_chisel"
            },
            "tags": [
                  "crafting_table"
            ],
            "pattern": [
                  "G",
                  "#"
            ],
            "key": {
                  "G": {
                        "item": "minecraft:iron_ingot"
                  },
                  "#": {
                        "item": "guh:carpenters_block"
                  }
            },
            "result": {
                  "item": "guh:carpenters_chisel"
            }
      }
}