{
	"format_version": "1.16.0",
	"minecraft:entity": {
		"description": {
			"identifier": "anniboy:electric_fence",
			"is_spawnable": true,
			"is_summonable": true,
			"is_experimental": false,
			"scripts": {
				"animate": [
					"anniboy_functions"
				]
			},
			"animations": {
				"anniboy_functions": "controller.animation.anniboy.electric_fence.functions"
			}
		},
		"component_groups": {
			"function": {
				"minecraft:skin_id": {
					"value": 1
				}
			},
			"function_2": {
				"minecraft:skin_id": {
					"value": 2
				}
			},
			"unowned": {
				"minecraft:tameable": {
					"probability": 1,
					"tame_items": [
						"minecraft:redstone_block",
						"minecraft:redstone",
						"minecraft:redstone_dust",
						"minecraft:redstone_torch"
					],
					"tame_event": {
						"event": "minecraft:on_prime"
					}
				}
			},
			"owned": {
				"minecraft:is_tamed": {},
				"minecraft:damage_sensor": {
					"triggers": {
					  "cause": "fall",
					  "deals_damage": false
					}
				},
					"minecraft:fire_immune": {
					},
				"minecraft:behavior.nearest_attackable_target": {
					"priority": 0,
					"entity_types": [
						{
							"max_dist": 2,
							"filters": {
								"any_of": [
									{
										"test": "is_family",
										"subject": "other",
										"value": "mob"
									},
									{
										"test": "is_family",
										"subject": "other",
										"value": "player"
									}
								]
							}
						}
					],
					"must_see": false,
					"attack_interval": 0,
					"persist_time": 0,
					"reselect_targets": true,
					"must_reach": false
				},
				"minecraft:attack": {
					"damage": 100
				},
				"minecraft:mob_effect": {
					"effect_range": 2,
					"mob_effect": "slowness",
					"effect_time": 20,
					"entity_filter": {
						"test": "is_target",
						"subject": "other",
						"value": true
					}
				},
				"minecraft:interact": {
					"interactions": [
						{
							"on_interact": {
								"filters": {
									"all_of": [
										{
											"test": "has_equipment",
											"subject": "other",
											"domain": "hand",
											"value": "minecraft:shears"
										},
										{
											"test": "is_owner",
											"subject": "other",
											"value": true
										}
									]
								},
								"event": "broke"
							},
							"use_item": false,
							"interact_text": "action.interact.break",
							"hurt_item": 3
						}
					]
				}
			},
			"remove": {
				"minecraft:skin_id": {
					"value": 0
				}
			}
		},
		"components": {
			"minecraft:experience_reward": {
				"on_death": "query.last_hit_by_player ? 10 : 0"
			},
			"minecraft:nameable": {
				"allow_name_tag_renaming": false
			},
			"minecraft:type_family": {
				"family": [
					"electric_fence"
				]
			},
			"minecraft:health": {
				"value": 1000,
				"max": 1000
			},
			"minecraft:knockback_resistance": {
				"value": 99999
			},
			"minecraft:breathable": {
				"total_supply": 99999,
				"breathes_solids": true,
				"breathes_water": true,
				"breathes_lava": true,
				"breathes_air": true
			},
			"minecraft:movement": {
				"value": 0
			},
			"minecraft:collision_box": {
				"width": 1,
				"height": 0.8
			},
			"minecraft:jump.static": {},
			"minecraft:can_climb": {},
			"minecraft:behavior.melee_attack": {
				"priority": 1
			},
			"minecraft:pushable": {
				"is_pushable": false,
				"is_pushable_by_piston": true
			},
			"minecraft:conditional_bandwidth_optimization": {},
			"minecraft:navigation.walk": {
				"can_path_over_water": false,
				"avoid_water": false,
				"avoid_damage_blocks": false
			},
			"minecraft:healable": {
				"items": [
					{
						"item": "minecraft:iron_ingot",
						"heal_amount": 120
					},
					{
						"item": "minecraft:iron_nugget",
						"heal_amount": 100
					}
				]
			}
		},
		"events": {
			"minecraft:entity_spawned": {
				"add": {
					"component_groups": [
						"function",
						"unowned"
					]
				}
			},
			"minecraft:on_prime": {
				"add": {
					"component_groups": [
						"owned"
					]
				},
				"remove": {
					"component_groups": [
						"unowned"
					]
				}
			},
			"remove": {
				"add": {
					"component_groups": [
						"remove"
					]
				},
				"remove": {
					"component_groups": [
						"function"
					]
				}
			},
			"remove_2": {
				"add": {
					"component_groups": [
						"remove"
					]
				},
				"remove": {
					"component_groups": [
						"function_2"
					]
				}
			},
			"broke": {
				"add": {
					"component_groups": [
						"function_2"
					]
				}
			}
		}
	}
}