{
	"format_version": "1.12.0",
	"minecraft:entity": {
		"description": {
			"identifier": "minecraft:fishing_hook",
			"is_spawnable": false,
			"is_summonable": false,
			"is_experimental": false,
			"scripts": {
				"animate": [
					"anniboy_functions"
				]
			},
			"animations": {
				"anniboy_functions": "controller.animation.anniboy.fishdis.functions"
			}
		},
		"component_groups": {
			"loot_jungle": {
				"minecraft:loot": {
					"table": "loot_tables/gameplay/jungle_fishing.json"
				}
			},
			"despawn": {
				"minecraft:skin_id": {
					"value": 1
				}
			}
		},
		"components": {
			"minecraft:collision_box": {
				"width": 0.15,
				"height": 0.15
			},
			"minecraft:projectile": {
				"on_hit": {
					"stick_in_ground": {}
				}
			},
			"minecraft:loot": {
				"table": "loot_tables/gameplay/fishing.json"
			},
			"minecraft:physics": {},
			"minecraft:pushable": {
				"is_pushable": false,
				"is_pushable_by_piston": true
			},
			"minecraft:conditional_bandwidth_optimization": {
				"default_values": {
					"max_optimized_distance": 80,
					"max_dropped_ticks": 10,
					"use_motion_prediction_hints": true
				}
			},
			"minecraft:entity_sensor": {
				"sensor_range": 2,
				"event_filters": {
					"any_of": [
						{
							"test": "is_family",
							"subject": "other",
							"value": "electric_fence"
						},
						{
							"test": "is_family",
							"subject": "other",
							"value": "anniboy_door"
						}
					]
				},
				"event": "minecraft:despawn"
			}
		},
		"events": {
			"minecraft:entity_spawned": {
				"sequence": [
					{
						"filters": {
							"test": "is_biome",
							"value": "jungle"
						},
						"add": {
							"component_groups": [
								"loot_jungle"
							]
						}
					}
				]
			},
			"minecraft:despawn": {
				"add": {
					"component_groups": [
						"despawn"
					]
				}
			}
		}
	}
}