{
  "format_version": "1.8.0",
  "minecraft:client_entity": {
    "description": {
      "identifier": "pa:spider",
      "min_engine_version": "1.8.0",
      "materials": {
        "default": "spider",
        "invisible": "spider_invisible"
      },
      "textures": {
        "default": "textures/entity/pamobile/pa_spider"
      },
      "geometry": {
        "default": "geometry.pa_spider"
      },
      "animations": {
        "default_leg_pose": "animation.pa_spider.default_leg_pose",
        "look_at_target": "animation.pa_spider.look_at_target",
        "walk": "animation.pa_spider.walk_1"
      },
      "animation_controllers": [
        {
          "move": "controller.animation.spider.move"
        }
      ],
      "render_controllers": [
        "controller.render.spider"
      ],
      "spawn_egg": {
        "texture": "pa:spider",
        "texture_index": 0
      }
    }
  }
}