{
  "format_version": "1.10.0",
  "minecraft:client_entity": {
    "description": {
      "identifier": "pizza:vig_phase2",
      "min_engine_version": "1.8.0",
      "materials": {
        "default": "pig"
      },
      "textures": {
        "default": "textures/entity/pamobile/pizza_vig_phase2",
        "saddled": "textures/entity/pamobile/pizza_vig_phase2"
      },
      "geometry": {
        "default": "geometry.pizza_vig_phase2"
      },
      "animations": {
        "setup": "animation.vig.setup",
        "walk": "animation.vig.move",
        "look_at_target": "animation.common.look_at_target",
        "baby_transform": "animation.pizza_vig_phase2.baby_transform"
      },
      "scripts": {
        "animate": [
          "setup",
          {
            "walk": "query.modified_move_speed"
          },
          "look_at_target",
          {
            "baby_transform": "query.is_baby"
          }
        ]
      },
      "render_controllers": [
        "controller.render.pig"
      ],
      "spawn_egg": {
        "texture": "pizza:vig_phase2",
        "texture_index": 0
      }
    }
  }
}