{
  "format_version": "1.8.0",
  "animations": {
    "animation.pa_pepino.default_leg_pose": {
      "loop": true,
      "bones": {
        "leg0": {
          "rotation": [
            0,
            "45.0 - this",
            "-45.0 - this"
          ]
        },
        "leg1": {
          "rotation": [
            0,
            "-45.0 - this",
            "45.0 - this"
          ]
        },
        "leg2": {
          "rotation": [
            0,
            "22.5 - this",
            "-33.3 - this"
          ]
        },
        "leg3": {
          "rotation": [
            0,
            "-22.5 - this",
            "33.3 - this"
          ]
        },
        "leg4": {
          "rotation": [
            0,
            "-22.5 - this",
            "-33.3 - this"
          ]
        },
        "leg5": {
          "rotation": [
            0,
            "22.5 - this",
            "33.3 - this"
          ]
        },
        "leg6": {
          "rotation": [
            0,
            "-45.0 - this",
            "-45.0 - this"
          ]
        },
        "leg7": {
          "rotation": [
            0,
            "45.0 - this",
            "45.0 - this"
          ]
        }
      }
    },
    "animation.pa_pepino.look_at_target": {
      "loop": true,
      "bones": {
        "head": {
          "rotation": [
            "query.target_x_rotation",
            "query.target_y_rotation",
            0
          ]
        }
      }
    },
    "animation.spider.walk": {
      "anim_time_update": "query.modified_distance_moved",
      "loop": true,
      "bones": {
        "leg0": {
          "rotation": [
            0,
            "-math.abs(math.cos(query.anim_time * 76.34 + 90 * 0) * 22.92)",
            "math.abs(math.sin(query.anim_time * 38.17 + 90 * 0) * 22.92)"
          ]
        },
        "leg1": {
          "rotation": [
            0,
            "math.abs(math.cos(query.anim_time * 76.34 + 90 * 0) * 22.92)",
            "-math.abs(math.sin(query.anim_time * 38.17 + 90 * 0) * 22.92)"
          ]
        },
        "leg2": {
          "rotation": [
            0,
            "-math.abs(math.cos(query.anim_time * 76.34 + 90 * 1) * 22.92)",
            "math.abs(math.sin(query.anim_time * 38.17 + 90 * 1) * 22.92)"
          ]
        },
        "leg3": {
          "rotation": [
            0,
            "math.abs(math.cos(query.anim_time * 76.34 + 90 * 1) * 22.92)",
            "-math.abs(math.sin(query.anim_time * 38.17 + 90 * 1) * 22.92)"
          ]
        },
        "leg4": {
          "rotation": [
            0,
            "-math.abs(math.cos(query.anim_time * 76.34 + 90 * 2) * 22.92)",
            "math.abs(math.sin(query.anim_time * 38.17 + 90 * 2) * 22.92)"
          ]
        },
        "leg5": {
          "rotation": [
            0,
            "math.abs(math.cos(query.anim_time * 76.34 + 90 * 2) * 22.92)",
            "-math.abs(math.sin(query.anim_time * 38.17 + 90 * 2) * 22.92)"
          ]
        },
        "leg6": {
          "rotation": [
            0,
            "-math.abs(math.cos(query.anim_time * 76.34 + 90 * 3) * 22.92)",
            "math.abs(math.sin(query.anim_time * 38.17 + 90 * 3) * 22.92)"
          ]
        },
        "leg7": {
          "rotation": [
            0,
            "math.abs(math.cos(query.anim_time * 76.34 + 90 * 3) * 22.92)",
            "-math.abs(math.sin(query.anim_time * 38.17 + 90 * 3) * 22.92)"
          ]
        }
      }
    },
    "animation.pa_pepino.run": {
      "loop": true,
      "animation_length": 0.5,
      "bones": {
        "Head": {
          "rotation": {
            "0.0": [
              10,
              0,
              0
            ],
            "0.5": [
              10,
              0,
              0
            ]
          },
          "position": {
            "0.0": [
              0,
              -1,
              -7
            ],
            "0.5": [
              0,
              -1,
              -7
            ]
          },
          "scale": {
            "0.0": [
              1,
              1,
              1
            ],
            "0.25": [
              1,
              0.9,
              1
            ],
            "0.5": [
              1,
              1,
              1
            ]
          }
        },
        "Body": {
          "rotation": {
            "0.0": [
              30,
              0,
              0
            ],
            "0.25": [
              35,
              0,
              0
            ],
            "0.5": [
              30,
              0,
              0
            ]
          }
        },
        "RightArm": {
          "rotation": {
            "0.0": [
              -47.5,
              0,
              0
            ],
            "0.25": [
              75,
              0,
              0
            ],
            "0.5": [
              -47.5,
              0,
              0
            ]
          },
          "position": {
            "0.0": [
              0,
              -1,
              -5
            ],
            "0.5": [
              0,
              -1,
              -5
            ]
          }
        },
        "LeftArm": {
          "rotation": {
            "0.0": [
              80,
              0,
              0
            ],
            "0.25": [
              -52.5,
              0,
              0
            ],
            "0.5": [
              80,
              0,
              0
            ]
          },
          "position": {
            "0.0": [
              0,
              -2,
              -5
            ],
            "0.5": [
              0,
              -2,
              -5
            ]
          }
        },
        "RightLeg": {
          "rotation": {
            "0.0": [
              35,
              0,
              0
            ],
            "0.25": [
              -40,
              0,
              0
            ],
            "0.5": [
              35,
              0,
              0
            ]
          },
          "position": {
            "0.0": [
              0,
              0,
              0
            ],
            "0.25": [
              0,
              2,
              -3
            ],
            "0.375": [
              0,
              0,
              -1.5
            ],
            "0.5": [
              0,
              0,
              0
            ]
          }
        },
        "LeftLeg": {
          "rotation": {
            "0.0": [
              -42.5,
              0,
              0
            ],
            "0.25": [
              40,
              0,
              0
            ],
            "0.5": [
              -42.5,
              0,
              0
            ]
          },
          "position": {
            "0.0": [
              0,
              0,
              0
            ],
            "0.25": [
              0,
              2,
              0
            ],
            "0.375": [
              0,
              0,
              0
            ],
            "0.5": [
              0,
              0,
              0
            ]
          }
        },
        "Hat": {
          "rotation": {
            "0.0": [
              -42.5,
              0,
              0
            ],
            "0.25": [
              -62.5,
              0,
              0
            ],
            "0.5": [
              -42.5,
              0,
              0
            ]
          }
        },
        "bone": {
          "rotation": {
            "0.0": [
              0,
              0,
              37.5
            ],
            "0.5": [
              0,
              0,
              37.5
            ]
          }
        },
        "bone2": {
          "rotation": {
            "0.0": [
              -0.34744,
              2.09131,
              -37.73308
            ],
            "0.5": [
              -0.34744,
              2.09131,
              -37.73308
            ]
          }
        },
        "bone3": {
          "rotation": {
            "0.0": [
              0,
              0,
              0
            ],
            "0.0417": [
              0,
              0,
              52.5
            ],
            "0.0833": [
              0,
              0,
              90
            ],
            "0.125": [
              0,
              0,
              132.5
            ],
            "0.1667": [
              0,
              0,
              180
            ],
            "0.2083": [
              0,
              0,
              230
            ],
            "0.25": [
              0,
              0,
              270
            ],
            "0.2917": [
              0,
              0,
              320
            ],
            "0.3333": [
              0,
              0,
              360
            ],
            "0.375": [
              0,
              0,
              405
            ],
            "0.4167": [
              0,
              0,
              450
            ],
            "0.4583": [
              0,
              0,
              505
            ],
            "0.5": [
              0,
              0,
              540
            ]
          },
          "position": [
            0,
            0,
            -27
          ],
          "scale": [
            4.1,
            4.1,
            5.7
          ]
        }
      }
    }
  }
}