{
	"format_version": "1.8.0",
	"minecraft:entity": {
		"description": {
			"identifier": "mr:orange",
			"is_spawnable": true,
			"is_summonable": true,
			"is_experimental": false,
			"scripts": {
				"animate": [
					"jumpscare_orange"
				]
			},
			"animations": {
				"jumpscare_orange": "controller.animation.jumpscare_orange"
			}
		},
		"component_groups": {
			"jumpscare_orange": {
				"minecraft:attack": {
					"damage": 0
				}
			},
			"jumpscare_rest_orange": {
				"minecraft:is_stunned": {},
				"minecraft:attack": {
					"damage": 8
				},
				"minecraft:timer": {
					"looping": false,
					"randomInterval": false,
					"time": 2,
					"time_down_event": {
						"event": "mr:jumpscare_standby"
					}
				}
			},
			"nap_orange": {
				"minecraft:behavior.nap": {
					"priority": 8,
					"cooldown_min": 0,
					"cooldown_max": 0,
					"mob_detect_dist": 12,
					"mob_detect_height": 6,
					"can_nap_filters": {
						"all_of": [
							{
								"test": "in_water",
								"subject": "self",
								"operator": "==",
								"value": false
							},
							{
								"test": "on_ground",
								"subject": "self",
								"operator": "==",
								"value": true
							},
							{
								"test": "is_underground",
								"subject": "self",
								"operator": "==",
								"value": true
							}
						]
					},
					"wake_mob_exceptions": {
						"any_of": [
							{
								"test": "trusts",
								"subject": "other",
								"operator": "==",
								"value": true
							},
							{
								"test": "is_family",
								"subject": "other",
								"operator": "==",
								"value": "rainbowfriend"
							},
							{
								"test": "is_sneaking",
								"subject": "other",
								"operator": "==",
								"value": true
							}
						]
					}
				},
				"minecraft:timer": {
					"looping": false,
					"randomInterval": false,
					"time": 20,
					"time_down_event": {
						"event": "mr:nap_stop"
					}
				}
			}
		},
		"components": {
			"minecraft:type_family": {
				"family": [
					"rainbowfriend"
				]
			},
			"minecraft:damage_sensor": {
				"triggers": {
					"cause": "fall",
					"deals_damage": false
				}
			},
			"minecraft:behavior.float": {
				"priority": 0
			},
			"minecraft:nameable": {},
			"minecraft:rideable": {
				"seat_count": 1,
				"rider_can_interact": false,
				"seats": [
					{
						"position": [
							0,
							0.4,
							1.3
						],
						"rotate_rider_by": 180,
						"lock_rider_rotation": 0
					}
				]
			},
			"minecraft:collision_box": {
				"height": 1.5,
				"width": 0.4
			},
			"minecraft:health": {
				"value": 5000,
				"max": 5000
			},
			"minecraft:movement": {
				"value": 0.38
			},
			"minecraft:annotation.open_door": {},
			"minecraft:behavior.open_door": {
				"priority": 4
			},
			"minecraft:navigation.climb": {
				"is_amphibious": true,
				"can_path_over_water": true,
				"avoid_damage_blocks": true,
				"can_open_doors": true
			},
			"minecraft:movement.basic": {},
			"minecraft:jump.static": {},
			"minecraft:can_climb": {},
			"minecraft:behavior.mount_pathing": {
				"priority": 5,
				"speed_multiplier": 1.25,
				"target_dist": 0,
				"track_target": true
			},
			"minecraft:attack": {
				"damage": 12
			},
			"minecraft:fall_damage": {
				"value": 0
			},
			"minecraft:home": {},
			"minecraft:knockback_resistance": {
				"value": 1,
				"max": 1
			},
			"minecraft:leashable": {
				"soft_distance": 2,
				"hard_distance": 3,
				"max_distance": 4
			},
			"minecraft:balloonable": {},
			"minecraft:behavior.melee_attack": {
				"priority": 0,
				"speed_multiplier": 1,
				"track_target": true,
				"reach_multiplier": 1.6
			},
			"minecraft:behavior.random_stroll": {
				"priority": 0,
				"speed_multiplier": 1,
				"interval": 500
			},
			"minecraft:behavior.look_at_player": {
				"priority": 7,
				"look_distance": 6,
				"probability": 0.02
			},
			"minecraft:behavior.random_look_around": {
				"priority": 9
			},
			"minecraft:behavior.nearest_attackable_target": {
				"priority": 1,
				"within_radius": 64,
				"reselect_targets": true,
				"entity_types": [
					{
						"filters": {
							"any_of": [
								{
									"test": "is_family",
									"subject": "other",
									"value": "player"
								},
								{
									"test": "is_family",
									"subject": "other",
									"value": "villager"
								},
								{
									"test": "is_family",
									"subject": "other",
									"value": "irongolem"
								},
								{
									"test": "is_family",
									"subject": "other",
									"value": "wandering_trader"
								},
								{
									"test": "is_family",
									"subject": "other",
									"value": "snowgolem"
								}
							]
						},
						"max_dist": 64
					}
				],
				"must_see": false,
				"must_see_forget_duration": 1000
			},
			"minecraft:behavior.hurt_by_target": {
				"priority": 4
			},
			"minecraft:physics": {},
			"minecraft:follow_range": {
				"value": 64
			},
			"minecraft:underwater_movement": {
				"value": 0.02
			},
			"minecraft:scale": {
				"value": 1
			},
			"minecraft:on_target_acquired": {
				"event": "on:target_acquired",
				"target": "self"
			},
			"minecraft:pushable": {
				"is_pushable": true,
				"is_pushable_by_piston": true
			},
			"minecraft:behavior.go_home": {
				"priority": 6,
				"interval": 300,
				"speed_multiplier": 1,
				"goal_radius": 4,
				"on_failed": {
					"event": "on_home_failed_orange",
					"target": "self"
				},
				"on_home": {
					"event": "on_home_orange",
					"target": "self"
				}
			}
		},
		"events": {
			"minecraft:entity_spawned": {
				"add": {
					"component_groups": [
						"jumpscare_orange"
					]
				}
			},
			"mr:jumpscare_standby": {
				"remove": {
					"component_groups": [
						"jumpscare_rest_orange"
					]
				},
				"add": {
					"component_groups": [
						"jumpscare_orange"
					]
				}
			},
			"mr:jumpscare_stop": {
				"add": {
					"component_groups": [
						"jumpscare_rest_orange"
					]
				},
				"remove": {
					"component_groups": [
						"jumpscare_orange"
					]
				}
			},
			"mr:on_home_orange": {
				"add": {
					"component_groups": [
						"nap_orange"
					]
				}
			},
			"mr:on_home_failed_orange": {
				"remove": {
					"component_groups": [
						"go_home_orange"
					]
				}
			},
			"mr:nap_stop": {
				"remove": {
					"component_groups": [
						"nap_orange"
					]
				}
			},
			"on:target_acquired": {
				"run_command": {
					"command": [
						"playsound mob.orange.caught @a[r=10]"
					]
				}
			}
		}
	}
}