{
	"format_version": "1.8.0",
	"minecraft:entity": {
		"description": {
			"identifier": "pa:witch",
			"is_spawnable": true,
			"is_summonable": true,
			"is_experimental": false,
			"scripts": {
				"animate": [
					"jumpscare_purple"
				]
			},
			"animations": {
				"jumpscare_purple": "controller.animation.jumpscare_purple"
			}
		},
		"component_groups": {
			"jumpscare_purple": {
				"minecraft:attack": {
					"damage": 0
				}
			},
			"jumpscare_rest_purple": {
				"minecraft:is_stunned": {},
				"minecraft:attack": {
					"damage": 8
				},
				"minecraft:timer": {
					"looping": false,
					"randomInterval": false,
					"time": 2,
					"time_down_event": {
						"event": "mr:jumpscare_standby"
					}
				}
			}
		},
		"components": {
			"minecraft:type_family": {
				"family": [
					"rainbowfriend"
				]
			},
			"minecraft:damage_sensor": {
				"triggers": {
					"cause": "fall",
					"deals_damage": false
				}
			},
			"minecraft:behavior.float": {
				"priority": 0
			},
			"minecraft:nameable": {},
			"minecraft:rideable": {
				"seat_count": 1,
				"rider_can_interact": false,
				"crouching_skip_interact": false,
				"seats": [
					{
						"position": [
							0,
							0.3,
							2
						],
						"rotate_rider_by": 180,
						"lock_rider_rotation": 0
					}
				]
			},
			"minecraft:collision_box": {
				"height": 1,
				"width": 0.5
			},
			"minecraft:health": {
				"value": 5000,
				"max": 5000
			},
			"minecraft:movement": {
				"value": 0.25
			},
			"minecraft:annotation.open_door": {},
			"minecraft:behavior.open_door": {
				"priority": 4
			},
			"minecraft:navigation.walk": {
				"is_amphibious": true,
				"can_path_over_water": true,
				"avoid_damage_blocks": true,
				"can_open_doors": true
			},
			"minecraft:movement.basic": {},
			"minecraft:jump.static": {},
			"minecraft:can_climb": {},
			"minecraft:behavior.mount_pathing": {
				"priority": 5,
				"speed_multiplier": 1.25,
				"target_dist": 0,
				"track_target": true
			},
			"minecraft:attack": {
				"damage": 12
			},
			"minecraft:fall_damage": {
				"value": 0
			},
			"minecraft:knockback_resistance": {
				"value": 1,
				"max": 1
			},
			"minecraft:balloonable": {},
			"minecraft:behavior.melee_attack": {
				"priority": 0,
				"speed_multiplier": 1.4,
				"track_target": true,
				"reach_multiplier": 1.6
			},
			"minecraft:behavior.move_towards_target": {
				"priority": 0,
				"speed_multiplier": 1,
				"within_radius": 64
			},
			"minecraft:behavior.random_stroll": {
				"priority": 6,
				"speed_multiplier": 1
			},
			"minecraft:behavior.look_at_player": {
				"priority": 7,
				"look_distance": 6,
				"probability": 0.02
			},
			"minecraft:behavior.random_look_around": {
				"priority": 9
			},
			"minecraft:behavior.nearest_attackable_target": {
				"priority": 1,
				"within_radius": 64,
				"reselect_targets": true,
				"entity_types": [
					{
						"filters": {
							"any_of": [
								{
									"test": "is_family",
									"subject": "other",
									"value": "player"
								},
								{
									"test": "is_family",
									"subject": "other",
									"value": "villager"
								},
								{
									"test": "is_family",
									"subject": "other",
									"value": "irongolem"
								},
								{
									"test": "is_family",
									"subject": "other",
									"value": "wandering_trader"
								},
								{
									"test": "is_family",
									"subject": "other",
									"value": "snowgolem"
								}
							]
						},
						"max_dist": 64
					}
				],
				"must_see": false,
				"must_see_forget_duration": 1000
			},
			"minecraft:behavior.hurt_by_target": {
				"priority": 4
			},
			"minecraft:physics": {},
			"minecraft:follow_range": {
				"value": 64
			},
			"minecraft:underwater_movement": {
				"value": 0.02
			},
			"minecraft:scale": {
				"value": 1.2
			},
			"minecraft:fire_immune": true,
			"minecraft:pushable": {
				"is_pushable": true,
				"is_pushable_by_piston": true
			}
		},
		"events": {
			"minecraft:entity_spawned": {
				"add": {
					"component_groups": [
						"jumpscare_purple"
					]
				}
			},
			"mr:jumpscare_standby": {
				"remove": {
					"component_groups": [
						"jumpscare_rest_purple"
					]
				},
				"add": {
					"component_groups": [
						"jumpscare_purple"
					]
				}
			},
			"mr:jumpscare_stop": {
				"add": {
					"component_groups": [
						"jumpscare_rest_purple"
					]
				},
				"remove": {
					"component_groups": [
						"jumpscare_purple"
					]
				}
			}
		}
	}
}