{
	"format_version": "1.8.0",
	"animations": {
		"animation.blue.move": {
			"loop": true,
			"animation_length": 1,
			"bones": {
				"Body": {
					"rotation": {
						"0.0": [7.50706, 2.4786, 0.32652],
						"0.25": [4.99527, 0.21782, -2.4905],
						"0.5": [7.50706, -2.4786, -0.32652],
						"0.75": [4.99527, -0.21782, 2.4905],
						"1.0": [7.50706, 2.4786, 0.32652]
					},
					"position": {
						"0.0": [0, -0.4, 0],
						"0.25": [0, 0, 0],
						"0.5": [0, -0.4, 0],
						"0.75": [0, 0, 0],
						"1.0": [0, -0.4, 0]
					}
				},
				"bone2": {
					"rotation": {
						"0.0": [0, 0, 0],
						"0.25": [0, 0, 0],
						"0.5": [0, 0, 0],
						"0.75": [0, 0, 0],
						"1.0": [0, 0, 0]
					}
				},
				"RightArm": {
					"rotation": {
						"0.0": [-35, 0, 0],
						"0.25": [-46.73244, 14.15626, -11.0459],
						"0.5": [-54.8924, 3.82821, 3.21873],
						"1.0": [-35, 0, 0]
					}
				},
				"LeftArm": {
					"rotation": {
						"0.0": [-54.8924, -3.82821, -3.21873],
						"0.5": [-35.10003, 0.21975, -0.96153],
						"0.75": [-46.73244, -14.15626, 11.0459],
						"1.0": [-54.8924, -3.82821, -3.21873]
					}
				},
				"Head": {
					"rotation": {
						"0.0": [2.39669, -2.91496, 0.47547],
						"0.25": [0.19112, 0.06549, -2.49172],
						"0.5": [2.43816, 2.08487, 0.47517],
						"0.75": [0, 0, 2.5],
						"1.0": [2.5, -2.5, 0]
					}
				},
				"bone5": {
					"rotation": {
						"0.0": [0, 0, 0],
						"0.25": [1.7008, 0.6024, -6.44723],
						"0.5": [0, 0, 0],
						"0.75": [5.64, 0.71, 7.44],
						"1.0": [0, 0, 0]
					},
					"position": {
						"0.0": [0, 0, 0],
						"0.25": [0, -0.3, 0],
						"0.5": [0, 0, 0],
						"0.75": [0, -0.3, 0],
						"1.0": [0, 0, 0]
					}
				},
				"bone9": {
					"rotation": {
						"0.0": [0, 0, 0],
						"0.25": [0.86229, 0.45838, -9.95378],
						"0.5": [0, 0, 0],
						"0.75": [0, 0, 10],
						"1.0": [0, 0, 0]
					}
				},
				"LeftLeg": {
					"rotation": {
						"0.0": [12.5, 0, 0],
						"0.5": [-9.88317, -0.43168, -2.46522],
						"1.0": [12.5, 0, 0]
					},
					"position": {
						"0.0": [0, 0, 1],
						"0.25": [0, 1.5, 0],
						"0.5": [0, 0, -1],
						"1.0": [0, 0, 1]
					}
				},
				"bone3": {
					"rotation": {
						"0.0": [0, 0, 0],
						"0.25": [12.5, 0, 0],
						"0.5": [0, 0, 0],
						"1.0": [0, 0, 0]
					}
				},
				"RightLeg": {
					"rotation": {
						"0.0": [-9.88317, 0.43168, 2.46522],
						"0.5": [12.5, 0, 0],
						"1.0": [-9.88317, 0.43168, 2.46522]
					},
					"position": {
						"0.0": [0, 0, -1],
						"0.5": [0, 0, 1],
						"0.75": [0, 1.5, 0],
						"1.0": [0, 0, -1]
					}
				},
				"bone": {
					"rotation": {
						"0.0": [0, 0, 0],
						"0.5": [0, 0, 0],
						"0.75": [12.5, 0, 0],
						"1.0": [0, 0, 0]
					}
				}
			}
		}
	}
}