{
	"format_version": "1.8.0",
	"animations": {
		"animation.blue.jumspace": {
			"animation_length": 1,
			"bones": {
				"RightArm": {
					"rotation": [-65, 0, 0]
				},
				"LeftArm": {
					"rotation": [-60, 0, 0]
				},
				"Head": {
					"rotation": {
						"0.0": [0, 0, 0],
						"0.125": [0, 0, -17.5],
						"0.25": [0, 0, 27.5],
						"0.375": [0, 0, -15],
						"0.5": [0, 0, 12.5],
						"0.625": [0, 0, -15],
						"0.75": [0, 0, 20],
						"0.875": [0, 0, -15],
						"1.0": [0, 0, 0]
					},
					"position": {
						"0.0": [0, 0, 0],
						"0.125": [0.6, 0, 0],
						"0.25": [-2.4, 0, 0],
						"0.375": [1.1, 0, 0],
						"0.5": [-0.8, 0, 0],
						"0.625": [1, 0, 0],
						"0.75": [-1.2, 0, 0],
						"0.875": [0.6, 0, 0],
						"1.0": [0, 0, 0]
					}
				}
			}
		}
	}
}