{
	"format_version": "1.8.0",
	"animations": {
		"animation.blue.general": {
			"loop": true,
			"animation_length": 3,
			"bones": {
				"Body": {
					"rotation": {
						"0.0": [0, 0, 0],
						"1.5": [2.5, 0, 0],
						"3.0": [0, 0, 0]
					},
					"position": {
						"0.0": [0, 0, 0],
						"1.5": [0, -0.5, 0],
						"3.0": [0, 0, 0]
					}
				},
				"bone2": {
					"rotation": {
						"0.0": [0, 0, 0],
						"1.5": [5, 0, 0],
						"3.0": [0, 0, 0]
					}
				},
				"RightArm": {
					"rotation": {
						"0.0": [0, 0, 0],
						"1.5": [-5, 0, 2.5],
						"3.0": [0, 0, 0]
					}
				},
				"LeftArm": {
					"rotation": {
						"0.0": [0, 0, 0],
						"1.5": [-7.5, 0, -2.5],
						"3.0": [0, 0, 0]
					}
				},
				"Head": {
					"rotation": {
						"0.0": [0, 0, 0],
						"0.75": [1.25005, 2.55393, -2.44488],
						"1.5": [2.5, 0, 0],
						"2.25": [1.14093, -2.5516, 2.44731],
						"3.0": [0, 0, 0]
					}
				},
				"bone7": {
					"rotation": {
						"0.0": [0, 0, 0],
						"1.5": [0, 5, 0],
						"3.0": [0, 0, 0]
					}
				},
				"bone5": {
					"rotation": {
						"0.0": [0, 0, 0],
						"0.75": [0, 0, -5],
						"1.5": [0, 0, 0],
						"2.25": [0, 0, 5],
						"3.0": [0, 0, 0]
					}
				},
				"bone9": {
					"rotation": {
						"0.0": [0, 0, 0],
						"1.0": [0, 0, 7.5],
						"1.5": [0, 0, 0],
						"2.25": [0, 0, -10],
						"3.0": [0, 0, 0]
					}
				}
			}
		}
	}
}