{
  "resource_pack_name": "vanilla",
  "texture_name": "atlas.items",
  "texture_data": {
    "egg_camel": {
      "textures": "textures/items/egg_camel"
    },
    "egg_lion": {
      "textures": "textures/items/egg_lion"
    },
    "egg_penguin": {
      "textures": "textures/items/egg_penguin"
    },
    "egg_tiger": {
      "textures": "textures/items/egg_tiger"
    },
    "egg_elephant": {
      "textures": "textures/items/egg_elephant"
    },
    "egg_deer": {
      "textures": "textures/items/egg_deer"
    },
    "egg_panther": {
      "textures": "textures/items/egg_panther"
    },
    "egg_frog": {
      "textures": "textures/items/egg_frog"
    },
    "egg_crocodile": {
      "textures": "textures/items/egg_crocodile"
    },
    "egg_mouse": {
      "textures": "textures/items/egg_mouse"
    },
    "gallardo": {
      "textures": "textures/items/gallardo"
    },
    "bench": {
      "textures": "textures/items/bench"
    },
    "christmas_tree": {
      "textures": "textures/items/christmas_tree"
    },
    "tivi": {
      "textures": "textures/items/tivi"
    },
    "closet": {
      "textures": "textures/items/closet"
    },
    "laptop": {
      "textures": "textures/items/laptop"
    },
    "piano": {
      "textures": "textures/items/piano"
    },
    "armchairs": {
      "textures": "textures/items/armchairs"
    },
    "chair": {
      "textures": "textures/items/chair"
    },
    "big_table": {
      "textures": "textures/items/big_table"
    },
    "small_table": {
      "textures": "textures/items/small_table"
    },
    "drone": {
      "textures": "textures/items/drone"
    },
    "colorful_gifts": {
      "textures": "textures/items/colorful_gifts"
    },
    "mr_tama": {
      "textures": "textures/items/pamobile/mr_tama"
    },
    "mr:coach_pickles": {
      "textures": "textures/items/pamobile/mr_coach_pickles"
    },
    "r:chef_pogster": {
      "textures": "textures/items/pamobile/r_chef_pogster"
    },
    "mr:stinky_joel": {
      "textures": "textures/items/pamobile/mr_stinky_joel"
    },
    "mr:silent_steve": {
      "textures": "textures/items/pamobile/mr_silent_steve"
    },
    "mr:stinger_flynn_v2": {
      "textures": "textures/items/pamobile/mr_stinger_flynn_v2"
    },
    "mr:stinger_off": {
      "textures": "textures/items/pamobile/mr_stinger_off"
    },
    "mr:stinger_on": {
      "textures": "textures/items/pamobile/mr_stinger_on"
    },
    "mr:tamataki_chamataki": {
      "textures": "textures/items/pamobile/mr_tamataki_chamataki"
    },
    "mr:tarta_opila_evil": {
      "textures": "textures/items/pamobile/mr_tarta_opila_evil"
    },
    "mr:evil_bannan": {
      "textures": "textures/items/pamobile/mr_evil_bannan"
    },
    "mr:nabnab": {
      "textures": "textures/items/pamobile/mr_nabnab"
    },
    "mr:nabnaleena": {
      "textures": "textures/items/pamobile/mr_nabnaleena"
    },
    "mr:opila_birds": {
      "textures": "textures/items/pamobile/mr_opila_birds"
    },
    "mr:nabnab_spider": {
      "textures": "textures/items/pamobile/mr_nabnab_spider"
    },
    "mr:nabnaleena_spider": {
      "textures": "textures/items/pamobile/mr_nabnaleena_spider"
    },
    "mr_bob": {
      "textures": "textures/items/pamobile/mr_bob"
    },
    "mr_mini": {
      "textures": "textures/items/pamobile/mr_mini"
    },
    "mr:queen_boun": {
      "textures": "textures/items/pamobile/mr_queen_boun"
    },
    "mr:jumbo_josh": {
      "textures": "textures/items/pamobile/mr_jumbo_josh"
    },
    "mr:opila_and_mini_opila": {
      "textures": "textures/items/pamobile/mr_opila_and_mini_opila"
    },
    "mr:mini_opila": {
      "textures": "textures/items/pamobile/mr_mini_opila"
    },
    "mr:bob_mob": {
      "textures": "textures/items/pamobile/mr_bob_mob"
    },
    "mr:mr_kabob_off": {
      "textures": "textures/items/pamobile/mr_mr_kabob_off"
    },
    "mr_drone_tracks": {
      "textures": "textures/items/pamobile/mr_drone_tracks"
    },
    "mr:banban": {
      "textures": "textures/items/pamobile/mr_banban"
    },
    "mr:att": {
      "textures": "textures/items/pamobile/mr_att"
    },
    "mr:mr_kabob": {
      "textures": "textures/items/pamobile/mr_mr_kabob"
    },
    "mr:nabnaleena_off": {
      "textures": "textures/items/pamobile/mr_nabnaleena_off"
    },
    "mr:dron": {
      "textures": "textures/items/pamobile/mr_dron"
    },
    "mr:nabnaleena_on": {
      "textures": "textures/items/pamobile/mr_nabnaleena_on"
    },
    "mr:nab_scene": {
      "textures": "textures/items/pamobile/mr_nab_scene"
    },
    "mr_stinger_arm": {
      "textures": "textures/items/pamobile/mr_stinger_arm"
    },
    "mr:banbaleena": {
      "textures": "textures/items/pamobile/mr_banbaleena"
    },
    "mr:stinger_and_ban": {
      "textures": "textures/items/pamobile/mr_stinger_and_ban"
    },
    "mr:nabnaleena_sc": {
      "textures": "textures/items/pamobile/mr_nabnaleena_sc"
    },
    "mr:banbaleena_sit": {
      "textures": "textures/items/pamobile/mr_banbaleena_sit"
    },
    "mr:scene_the_end": {
      "textures": "textures/items/pamobile/mr_scene_the_end"
    },
    "mr:zophius": {
      "textures": "textures/items/pamobile/mr_zophius"
    }
  }
}