{
	"format_version": "1.12.0",
	"minecraft:geometry": [
		{
			"description": {
				"identifier": "geometry.4_head_skibidi_toilet",
				"texture_width": 64,
				"texture_height": 64,
				"visible_bounds_width": 4,
				"visible_bounds_height": 5,
				"visible_bounds_offset": [
					0,
					1.5,
					0
				]
			},
			"bones": [
				{
					"name": "Body",
					"pivot": [
						0,
						22,
						0
					],
					"cubes": [
						{
							"origin": [
								-3,
								6,
								-4
							],
							"size": [
								6,
								2,
								2
							],
							"uv": [
								42,
								38
							]
						},
						{
							"origin": [
								-3,
								6,
								2
							],
							"size": [
								6,
								2,
								2
							],
							"uv": [
								42,
								38
							]
						},
						{
							"origin": [
								-3,
								4,
								-3
							],
							"size": [
								6,
								2,
								1
							],
							"uv": [
								43,
								39
							]
						},
						{
							"origin": [
								3,
								6,
								-3
							],
							"size": [
								1,
								2,
								6
							],
							"uv": [
								38,
								34
							]
						},
						{
							"origin": [
								-4,
								6,
								-3
							],
							"size": [
								1,
								2,
								6
							],
							"uv": [
								38,
								34
							]
						},
						{
							"origin": [
								-3,
								4,
								2
							],
							"size": [
								6,
								2,
								1
							],
							"uv": [
								43,
								39
							]
						},
						{
							"origin": [
								-3,
								0,
								-2
							],
							"size": [
								6,
								8,
								4
							],
							"uv": [
								40,
								36
							]
						},
						{
							"origin": [
								-5,
								8,
								-6
							],
							"size": [
								10,
								3,
								11
							],
							"uv": [
								0,
								33
							]
						},
						{
							"origin": [
								-5,
								10,
								5
							],
							"size": [
								10,
								10,
								5
							],
							"uv": [
								34,
								33
							]
						},
						{
							"origin": [
								-6,
								20,
								5
							],
							"size": [
								12,
								1,
								5
							],
							"uv": [
								30,
								41
							]
						},
						{
							"origin": [
								-1,
								21,
								7
							],
							"size": [
								2,
								1,
								1
							],
							"uv": [
								34,
								45
							]
						},
						{
							"origin": [
								-4,
								11,
								4
							],
							"size": [
								8,
								11,
								1
							],
							"uv": [
								40,
								36
							]
						}
					]
				},
				{
					"name": "Head",
					"parent": "Body",
					"pivot": [
						0,
						22,
						0
					],
					"cubes": [
						{
							"origin": [
								-4,
								37,
								-5
							],
							"size": [
								8,
								8,
								8
							],
							"uv": [
								0,
								0
							]
						},
						{
							"origin": [
								-2,
								9,
								-3
							],
							"size": [
								4,
								28,
								4
							],
							"uv": [
								48,
								0
							]
						}
					]
				},
				{
					"name": "Head4",
					"parent": "Body",
					"pivot": [
						0,
						22,
						-6
					],
					"rotation": [
						22.5,
						0,
						0
					],
					"cubes": [
						{
							"origin": [
								-4,
								28,
								-11
							],
							"size": [
								8,
								8,
								8
							],
							"uv": [
								0,
								48
							]
						},
						{
							"origin": [
								-2,
								9,
								-9
							],
							"size": [
								4,
								19,
								4
							],
							"uv": [
								48,
								0
							]
						}
					]
				},
				{
					"name": "Head3",
					"parent": "Body",
					"pivot": [
						-8,
						22,
						-4
					],
					"rotation": [
						25,
						0,
						-25
					],
					"cubes": [
						{
							"origin": [
								-12,
								35,
								-9
							],
							"size": [
								8,
								8,
								8
							],
							"uv": [
								0,
								0
							]
						},
						{
							"origin": [
								-10,
								9,
								-7
							],
							"size": [
								4,
								28,
								4
							],
							"uv": [
								48,
								0
							]
						}
					]
				},
				{
					"name": "Head2",
					"parent": "Body",
					"pivot": [
						8,
						22,
						-4
					],
					"rotation": [
						15,
						0,
						27.5
					],
					"cubes": [
						{
							"origin": [
								4,
								37,
								-9
							],
							"size": [
								8,
								8,
								8
							],
							"uv": [
								0,
								0
							]
						},
						{
							"origin": [
								6,
								9,
								-7
							],
							"size": [
								4,
								28,
								4
							],
							"uv": [
								48,
								0
							]
						}
					]
				}
			]
		}
	]
}