{
	"file_path": "C:\\Users\\Usuario\\AppData\\Local\\Packages\\Microsoft.MinecraftUWP_8wekyb3d8bbwe\\LocalState\\games\\com.mojang\\development_behavior_packs\\Mineral Finder v1_2 BP\\recipes\\rimanhierro.json",
	"file_type": "recipe",
	"format_version": 1,
	"file_uuid": "9e2b0eff_6ed1_4d55_ac7a_9c6e45cb56e6",
	"file_version": 4,
	"cache_content": {
		"children": [
			{
				"data": "1.19.0",
				"key": "format_version"
			},
			{
				"open": {
					"format_version": "1.19.0",
					"minecraft:recipe_shaped": {
						"description": {
							"identifier": "mf3:rimanhierro"
						},
						"tags": [
							"crafting_table"
						],
						"pattern": [
							"###",
							"#P#",
							"$P$"
						],
						"key": {
							"#": {
								"item": "minecraft:iron_ingot"
							},
							"$": {
								"item": "minecraft:raw_iron"
							}
						},
						"result": [
							{
								"item": "mf3:imanhierro_spawn_egg"
							}
						]
					}
				},
				"key": "minecraft:recipe_shaped",
				"children": [
					{
						"open": {
							"description": {
								"identifier": "mf3:rimanhierro"
							},
							"tags": [
								"crafting_table"
							],
							"pattern": [
								"###",
								"#P#",
								"$P$"
							],
							"key": {
								"#": {
									"item": "minecraft:iron_ingot"
								},
								"$": {
									"item": "minecraft:raw_iron"
								}
							},
							"result": [
								{
									"item": "mf3:imanhierro_spawn_egg"
								}
							]
						},
						"key": "description",
						"is_minified": true,
						"children": {
							"identifier": "mf3:rimanhierro"
						}
					},
					{
						"key": "tags",
						"is_minified": true,
						"children": [
							"crafting_table"
						]
					},
					{
						"key": "pattern",
						"is_minified": true,
						"children": [
							"###",
							"#P#",
							"$P$"
						]
					},
					{
						"open": {
							"description": {
								"identifier": "mf3:rimanhierro"
							},
							"tags": [
								"crafting_table"
							],
							"pattern": [
								"###",
								"#P#",
								"$P$"
							],
							"key": {
								"#": {
									"item": "minecraft:iron_ingot"
								},
								"$": {
									"item": "minecraft:raw_iron"
								}
							},
							"result": [
								{
									"item": "mf3:imanhierro_spawn_egg"
								}
							]
						},
						"key": "key",
						"children": [
							{
								"key": "#",
								"is_minified": true,
								"children": {
									"item": "minecraft:iron_ingot"
								}
							},
							{
								"open": {
									"#": {
										"item": "minecraft:iron_ingot"
									},
									"$": {
										"item": "minecraft:raw_iron"
									}
								},
								"key": "$",
								"is_minified": true,
								"children": {
									"item": "minecraft:raw_iron"
								}
							}
						]
					},
					{
						"open": {
							"description": {
								"identifier": "mf3:rimanhierro"
							},
							"tags": [
								"crafting_table"
							],
							"pattern": [
								"###",
								"#P#",
								"$P$"
							],
							"key": {
								"#": {
									"item": "minecraft:iron_ingot"
								},
								"$": {
									"item": "minecraft:raw_iron"
								}
							},
							"result": [
								{
									"item": "mf3:imanhierro_spawn_egg"
								}
							]
						},
						"key": "result",
						"children": [
							{
								"open": [
									{
										"item": "mf3:imanhierro_spawn_egg"
									}
								],
								"is_minified": true,
								"children": {
									"item": "mf3:imanhierro_spawn_egg"
								}
							}
						]
					}
				]
			}
		]
	}
}