{
	"file_path": "C:\\Users\\Usuario\\AppData\\Local\\Packages\\Microsoft.MinecraftUWP_8wekyb3d8bbwe\\LocalState\\games\\com.mojang\\development_behavior_packs\\Mineral Finder v1_2 BP\\recipes\\rimancuarzo.json",
	"file_type": "recipe",
	"format_version": 1,
	"file_uuid": "bddb8710_da4e_4fd8_8da1_04271d59de6a",
	"file_version": 3,
	"cache_content": {
		"children": [
			{
				"data": "1.19.0",
				"key": "format_version"
			},
			{
				"open": {
					"format_version": "1.19.0",
					"minecraft:recipe_shaped": {
						"description": {
							"identifier": "mf3:rimancuarzo"
						},
						"tags": [
							"crafting_table"
						],
						"pattern": [
							"###",
							"#P#",
							"$P$"
						],
						"key": {
							"#": {
								"item": "minecraft:iron_ingot"
							},
							"$": {
								"item": "minecraft:quartz"
							}
						},
						"result": [
							{
								"item": "mf3:imancuarzo_spawn_egg"
							}
						]
					}
				},
				"key": "minecraft:recipe_shaped",
				"children": [
					{
						"open": {
							"description": {
								"identifier": "mf3:rimancuarzo"
							},
							"tags": [
								"crafting_table"
							],
							"pattern": [
								"###",
								"#P#",
								"$P$"
							],
							"key": {
								"#": {
									"item": "minecraft:iron_ingot"
								},
								"$": {
									"item": "minecraft:quartz"
								}
							},
							"result": [
								{
									"item": "mf3:imancuarzo_spawn_egg"
								}
							]
						},
						"key": "description",
						"is_minified": true,
						"children": {
							"identifier": "mf3:rimancuarzo"
						}
					},
					{
						"key": "tags",
						"is_minified": true,
						"children": [
							"crafting_table"
						]
					},
					{
						"key": "pattern",
						"is_minified": true,
						"children": [
							"###",
							"#P#",
							"$P$"
						]
					},
					{
						"open": {
							"description": {
								"identifier": "mf3:rimancuarzo"
							},
							"tags": [
								"crafting_table"
							],
							"pattern": [
								"###",
								"#P#",
								"$P$"
							],
							"key": {
								"#": {
									"item": "minecraft:iron_ingot"
								},
								"$": {
									"item": "minecraft:quartz"
								}
							},
							"result": [
								{
									"item": "mf3:imancuarzo_spawn_egg"
								}
							]
						},
						"key": "key",
						"children": [
							{
								"key": "#",
								"is_minified": true,
								"children": {
									"item": "minecraft:iron_ingot"
								}
							},
							{
								"open": {
									"#": {
										"item": "minecraft:iron_ingot"
									},
									"$": {
										"item": "minecraft:quartz"
									}
								},
								"key": "$",
								"is_minified": true,
								"children": {
									"item": "minecraft:quartz"
								}
							}
						]
					},
					{
						"open": {
							"description": {
								"identifier": "mf3:rimancuarzo"
							},
							"tags": [
								"crafting_table"
							],
							"pattern": [
								"###",
								"#P#",
								"$P$"
							],
							"key": {
								"#": {
									"item": "minecraft:iron_ingot"
								},
								"$": {
									"item": "minecraft:quartz"
								}
							},
							"result": [
								{
									"item": "mf3:imancuarzo_spawn_egg"
								}
							]
						},
						"key": "result",
						"children": [
							{
								"open": [
									{
										"item": "mf3:imancuarzo_spawn_egg"
									}
								],
								"is_minified": true,
								"children": {
									"item": "mf3:imancuarzo_spawn_egg"
								}
							}
						]
					}
				]
			}
		]
	}
}