{
  "resource_pack_name": "vanilla",
  "texture_name": "atlas.items",
  "texture_data": {
    "egg_camel": {
      "textures": "textures/items/egg_camel"
    },
    "egg_lion": {
      "textures": "textures/items/egg_lion"
    },
    "egg_penguin": {
      "textures": "textures/items/egg_penguin"
    },
    "egg_tiger": {
      "textures": "textures/items/egg_tiger"
    },
    "egg_elephant": {
      "textures": "textures/items/egg_elephant"
    },
    "egg_deer": {
      "textures": "textures/items/egg_deer"
    },
    "egg_panther": {
      "textures": "textures/items/egg_panther"
    },
    "egg_frog": {
      "textures": "textures/items/egg_frog"
    },
    "egg_crocodile": {
      "textures": "textures/items/egg_crocodile"
    },
    "egg_mouse": {
      "textures": "textures/items/egg_mouse"
    },
    "gallardo": {
      "textures": "textures/items/gallardo"
    },
    "bench": {
      "textures": "textures/items/bench"
    },
    "christmas_tree": {
      "textures": "textures/items/christmas_tree"
    },
    "tivi": {
      "textures": "textures/items/tivi"
    },
    "closet": {
      "textures": "textures/items/closet"
    },
    "laptop": {
      "textures": "textures/items/laptop"
    },
    "piano": {
      "textures": "textures/items/piano"
    },
    "armchairs": {
      "textures": "textures/items/armchairs"
    },
    "chair": {
      "textures": "textures/items/chair"
    },
    "big_table": {
      "textures": "textures/items/big_table"
    },
    "small_table": {
      "textures": "textures/items/small_table"
    },
    "drone": {
      "textures": "textures/items/drone"
    },
    "colorful_gifts": {
      "textures": "textures/items/colorful_gifts"
    },
    "st:toilets": {
      "textures": "textures/items/pamobile/st_toilets"
    },
    "s:speakermen": {
      "textures": "textures/items/pamobile/s_speakermen"
    },
    "c:big": {
      "textures": "textures/items/pamobile/c_big"
    },
    "st:spider": {
      "textures": "textures/items/pamobile/st_spider"
    },
    "c:cameramen": {
      "textures": "textures/items/pamobile/c_cameramen"
    },
    "c:speaker_spider": {
      "textures": "textures/items/pamobile/c_speaker_spider"
    },
    "c:sc": {
      "textures": "textures/items/pamobile/c_sc"
    },
    "c:bigspeaker": {
      "textures": "textures/items/pamobile/c_bigspeaker"
    },
    "pa_cameramenmodr": {
      "textures": [
        "textures/items/pamobile/pa_cameramenmodr"
      ]
    },
    "st:bigtoilets": {
      "textures": "textures/items/pamobile/st_bigtoilets"
    },
    "pa:skippity_man_calm": {
      "textures": "textures/items/pamobile/pa_skippity_man_calm"
    },
    "pa:skippity_man_angry": {
      "textures": "textures/items/pamobile/pa_skippity_man_angry"
    },
    "st:fast": {
      "textures": "textures/items/pamobile/st_fast"
    },
    "pa:titan_speaker": {
      "textures": "textures/items/pamobile/pa_titan_speaker"
    },
    "pa:titan_camera": {
      "textures": "textures/items/pamobile/pa_titan_camera"
    },
    "st:parasite": {
      "textures": "textures/items/pamobile/st_parasite"
    },
    "pa:toilet": {
      "textures": "textures/items/pamobile/pa_toilet"
    },
    "pa:rocket": {
      "textures": "textures/items/pamobile/pa_rocket"
    },
    "st:coemtoilets": {
      "textures": "textures/items/pamobile/st_coemtoilets"
    },
    "pa:heli": {
      "textures": "textures/items/pamobile/pa_heli"
    }
  }
}