{
  "mob.st_toilets.ambient": {
    "category": " neutral",
    "sounds": [
      "sounds/mob/st_toilets/ambient"
    ]
  },
  "mob.st_toilets.hurt": {
    "category": " neutral",
    "sounds": [
      "sounds/mob/st_toilets/hurt",
      "sounds/mob/witch/hurt2",
      "sounds/mob/witch/hurt3"
    ]
  },
  "mob.st_spider.ambient": {
    "category": " neutral",
    "sounds": [
      {
        "load_on_low_memory": true,
        "name": "sounds/mob/st_spider/ambient",
        "pitch": 0.7
      },
      "sounds/mob/st_spider/ambient",
      "sounds/mob/witch/ambient2",
      "sounds/mob/witch/ambient3",
      "sounds/mob/witch/ambient4",
      "sounds/mob/witch/ambient5"
    ]
  },
  "mob.st_spider.hurt": {
    "category": " neutral",
    "sounds": [
      "sounds/mob/st_spider/hurt",
      "sounds/mob/witch/hurt2",
      "sounds/mob/witch/hurt3"
    ]
  },
  "mob.c_bigspeaker.throw": {
    "category": " neutral",
    "sounds": [
      "sounds/mob/c_bigspeaker/throw"
    ]
  },
  "mob.c_bigspeaker.hit": {
    "category": " neutral",
    "sounds": [
      "sounds/mob/c_bigspeaker/hit"
    ]
  },
  "mob.s_speakermen.hit": {
    "category": " neutral",
    "sounds": [
      "sounds/mob/s_speakermen/hit"
    ]
  },
  "mob.c_speaker_spider.throw": {
    "category": " neutral",
    "sounds": [
      "sounds/mob/c_speaker_spider/throw"
    ]
  },
  "mob.s_speakermen.throw": {
    "category": " neutral",
    "sounds": [
      "sounds/mob/s_speakermen/throw"
    ]
  },
  "mob.pa_titan_speaker.throw": {
    "category": " neutral",
    "sounds": [
      "sounds/mob/pa_titan_speaker/throw"
    ]
  },
  "mob.st_fast.ambient": {
    "category": " neutral",
    "sounds": [
      {
        "load_on_low_memory": true,
        "name": "sounds/mob/st_fast/ambient",
        "pitch": 0.7
      },
      "sounds/mob/witch/ambient1",
      "sounds/mob/witch/ambient2",
      "sounds/mob/witch/ambient3",
      "sounds/mob/witch/ambient4",
      "sounds/mob/witch/ambient5"
    ]
  },
  "mob.st_bigtoilets.ambient": {
    "category": " neutral",
    "sounds": [
      "sounds/mob/st_bigtoilets/ambient"
    ]
  },
  "mob.pa_skippity_man_angry.ambient": {
    "category": " neutral",
    "sounds": [
      "sounds/mob/pa_skippity_man_angry/ambient"
    ]
  },
  "mob.pa_skippity_man_angry.hurt": {
    "category": " neutral",
    "sounds": [
      "sounds/mob/pa_skippity_man_angry/hurt"
    ]
  },
  "mob.pa_rocket.ambient": {
    "category": " neutral",
    "sounds": [
      {
        "load_on_low_memory": true,
        "name": "sounds/mob/pa_rocket/ambient",
        "pitch": 0.7
      },
      "sounds/mob/witch/ambient1",
      "sounds/mob/witch/ambient2",
      "sounds/mob/witch/ambient3",
      "sounds/mob/witch/ambient4",
      "sounds/mob/witch/ambient5"
    ]
  },
  "mob.pa_heli.throw": {
    "category": " neutral",
    "sounds": [
      "sounds/mob/pa_heli/throw"
    ]
  }
}