{
  "format_version": "1.12.0",
  "minecraft:geometry": [
    {
      "description": {
        "identifier": "geometry.kg_bcm",
        "texture_width": 256,
        "texture_height": 256,
        "visible_bounds_width": 5,
        "visible_bounds_height": 8,
        "visible_bounds_offset": [
          0,
          3,
          0
        ]
      },
      "bones": [
        {
          "name": "bone",
          "pivot": [
            0,
            0,
            0
          ],
          "cubes": [
            {
              "origin": [
                5,
                0,
                -4
              ],
              "size": [
                6,
                34,
                5
              ],
              "uv": [
                152,
                133
              ]
            },
            {
              "origin": [
                -11,
                0,
                -4
              ],
              "size": [
                6,
                34,
                5
              ],
              "uv": [
                70,
                138
              ]
            },
            {
              "origin": [
                5,
                0,
                -10
              ],
              "size": [
                6,
                3,
                6
              ],
              "uv": [
                53,
                38
              ]
            },
            {
              "origin": [
                -11,
                0,
                -10
              ],
              "size": [
                6,
                3,
                6
              ],
              "uv": [
                0,
                32
              ]
            },
            {
              "origin": [
                -12,
                32,
                -6
              ],
              "size": [
                24,
                33,
                8
              ],
              "uv": [
                74,
                69
              ]
            },
            {
              "origin": [
                -15,
                51,
                -8
              ],
              "size": [
                30,
                15,
                9
              ],
              "uv": [
                102,
                18
              ]
            },
            {
              "origin": [
                -5,
                61,
                -6
              ],
              "size": [
                10,
                14,
                6
              ],
              "uv": [
                40,
                89
              ]
            },
            {
              "origin": [
                -6,
                71,
                -18
              ],
              "size": [
                12,
                12,
                24
              ],
              "uv": [
                54,
                33
              ]
            },
            {
              "origin": [
                0,
                75,
                -18
              ],
              "size": [
                8,
                16,
                24
              ],
              "uv": [
                0,
                89
              ]
            },
            {
              "origin": [
                -5,
                75,
                -14
              ],
              "size": [
                2,
                23,
                3
              ],
              "uv": [
                49,
                18
              ]
            },
            {
              "origin": [
                -10,
                96,
                -14
              ],
              "size": [
                5,
                2,
                3
              ],
              "uv": [
                0,
                41
              ]
            },
            {
              "origin": [
                2,
                87,
                -19
              ],
              "size": [
                11,
                6,
                26
              ],
              "uv": [
                0,
                57
              ]
            },
            {
              "origin": [
                -8,
                70,
                -27
              ],
              "size": [
                15,
                14,
                9
              ],
              "uv": [
                126,
                42
              ]
            },
            {
              "origin": [
                -9,
                69,
                -25
              ],
              "size": [
                18,
                16,
                7
              ],
              "uv": [
                120,
                110
              ]
            },
            {
              "origin": [
                -5,
                72,
                -15
              ],
              "size": [
                10,
                10,
                29
              ],
              "uv": [
                0,
                18
              ]
            },
            {
              "origin": [
                17,
                51,
                -8
              ],
              "size": [
                9,
                15,
                10
              ],
              "uv": [
                138,
                65
              ]
            },
            {
              "origin": [
                -26,
                51,
                -8
              ],
              "size": [
                9,
                15,
                10
              ],
              "uv": [
                32,
                138
              ]
            },
            {
              "origin": [
                -26,
                54,
                -6
              ],
              "size": [
                49,
                11,
                7
              ],
              "uv": [
                0,
                0
              ]
            },
            {
              "origin": [
                -25,
                34,
                -7
              ],
              "size": [
                8,
                32,
                8
              ],
              "uv": [
                120,
                133
              ]
            },
            {
              "origin": [
                -24,
                17,
                -5
              ],
              "size": [
                6,
                49,
                6
              ],
              "uv": [
                96,
                110
              ]
            },
            {
              "origin": [
                17,
                34,
                -7
              ],
              "size": [
                8,
                32,
                8
              ],
              "uv": [
                0,
                129
              ]
            },
            {
              "origin": [
                18,
                35,
                -16
              ],
              "size": [
                6,
                8,
                20
              ],
              "pivot": [
                0,
                0,
                0
              ],
              "rotation": [
                12.5,
                0,
                0
              ],
              "uv": [
                44,
                110
              ]
            },
            {
              "origin": [
                17,
                34,
                -20
              ],
              "size": [
                7,
                10,
                4
              ],
              "pivot": [
                0,
                0,
                0
              ],
              "rotation": [
                12.5,
                0,
                0
              ],
              "uv": [
                0,
                18
              ]
            },
            {
              "origin": [
                21,
                43,
                -20
              ],
              "size": [
                3,
                6,
                3
              ],
              "pivot": [
                0,
                0,
                0
              ],
              "rotation": [
                12.5,
                0,
                0
              ],
              "uv": [
                0,
                57
              ]
            }
          ]
        }
      ]
    }
  ]
}