{
  "format_version": "1.12.0",
  "minecraft:geometry": [
    {
      "description": {
        "identifier": "geometry.kg_bsm",
        "texture_width": 256,
        "texture_height": 256,
        "visible_bounds_width": 5,
        "visible_bounds_height": 7.5,
        "visible_bounds_offset": [
          0,
          3.25,
          0
        ]
      },
      "bones": [
        {
          "name": "bone",
          "pivot": [
            0,
            0,
            0
          ],
          "cubes": [
            {
              "origin": [
                5,
                0,
                -4
              ],
              "size": [
                6,
                34,
                5
              ],
              "uv": [
                27,
                122
              ]
            },
            {
              "origin": [
                -11,
                0,
                -4
              ],
              "size": [
                6,
                34,
                5
              ],
              "uv": [
                76,
                114
              ]
            },
            {
              "origin": [
                5,
                0,
                -10
              ],
              "size": [
                6,
                3,
                6
              ],
              "uv": [
                108,
                94
              ]
            },
            {
              "origin": [
                -11,
                0,
                -10
              ],
              "size": [
                6,
                3,
                6
              ],
              "uv": [
                108,
                33
              ]
            },
            {
              "origin": [
                -12,
                32,
                -6
              ],
              "size": [
                24,
                33,
                8
              ],
              "uv": [
                0,
                18
              ]
            },
            {
              "origin": [
                -15,
                51,
                -8
              ],
              "size": [
                30,
                15,
                9
              ],
              "uv": [
                55,
                50
              ]
            },
            {
              "origin": [
                -5,
                61,
                -6
              ],
              "size": [
                10,
                14,
                6
              ],
              "uv": [
                108,
                74
              ]
            },
            {
              "origin": [
                -7,
                71,
                -7
              ],
              "size": [
                14,
                22,
                8
              ],
              "uv": [
                64,
                18
              ]
            },
            {
              "origin": [
                17,
                51,
                -8
              ],
              "size": [
                9,
                15,
                10
              ],
              "uv": [
                108,
                8
              ]
            },
            {
              "origin": [
                -26,
                51,
                -8
              ],
              "size": [
                9,
                15,
                10
              ],
              "uv": [
                98,
                104
              ]
            },
            {
              "origin": [
                -26,
                54,
                -6
              ],
              "size": [
                49,
                11,
                7
              ],
              "uv": [
                0,
                0
              ]
            },
            {
              "origin": [
                -25,
                34,
                -7
              ],
              "size": [
                8,
                32,
                8
              ],
              "uv": [
                0,
                87
              ]
            },
            {
              "origin": [
                -24,
                17,
                -5
              ],
              "size": [
                6,
                49,
                6
              ],
              "uv": [
                52,
                74
              ]
            },
            {
              "origin": [
                17,
                34,
                -7
              ],
              "size": [
                8,
                32,
                8
              ],
              "uv": [
                76,
                74
              ]
            },
            {
              "origin": [
                18,
                35,
                -16
              ],
              "size": [
                6,
                8,
                20
              ],
              "pivot": [
                0,
                0,
                0
              ],
              "rotation": [
                12.5,
                0,
                0
              ],
              "uv": [
                0,
                59
              ]
            },
            {
              "origin": [
                17,
                34,
                -20
              ],
              "size": [
                7,
                10,
                4
              ],
              "pivot": [
                0,
                0,
                0
              ],
              "rotation": [
                12.5,
                0,
                0
              ],
              "uv": [
                32,
                59
              ]
            },
            {
              "origin": [
                21,
                43,
                -20
              ],
              "size": [
                3,
                6,
                3
              ],
              "pivot": [
                0,
                0,
                0
              ],
              "rotation": [
                12.5,
                0,
                0
              ],
              "uv": [
                0,
                59
              ]
            }
          ]
        }
      ]
    }
  ]
}