{
  "format_version": "1.12",
  "minecraft:recipe_shaped": {
    "description": {
      "identifier": "recipes_b07f8d90"
    },
    "tags": [
      "crafting_table"
    ],
    "pattern": [
      "ABA",
      " C ",
      "DDD"
    ],
    "key": {
      "A": {
        "item": "minecraft:netherite_block",
        "data": 0
      },
      "B": {
        "item": "minecraft:skull",
        "data": 0
      },
      "C": {
        "item": "minecraft:gold_block",
        "data": 0
      },
      "D": {
        "item": "minecraft:stone",
        "data": 0
      }
    },
    "result": {
      "item": "stick:statue_spawn_egg",
      "count": 1
    }
  }
}