{
  "format_version": "1.12.0",
  "minecraft:geometry": [
    {
      "description": {
        "identifier": "geometry.mr_dron",
        "texture_width": 64,
        "texture_height": 64,
        "visible_bounds_width": 3,
        "visible_bounds_height": 3.5,
        "visible_bounds_offset": [
          0,
          1.25,
          0
        ]
      },
      "bones": [
        {
          "name": "Root",
          "pivot": [
            0,
            23,
            0
          ]
        },
        {
          "name": "Body",
          "pivot": [
            0,
            24,
            0
          ],
          "cubes": [
            {
              "origin": [
                -1.4,
                22.3,
                -1.4
              ],
              "size": [
                2.8,
                3.4,
                2.8
              ],
              "uv": [
                8,
                0
              ],
              "inflate": 0
            },
            {
              "origin": [
                -1.0,
                23.5,
                -8.0
              ],
              "size": [
                2.0,
                1.0,
                16.0
              ],
              "pivot": [
                0.0,
                23.0,
                0.0
              ],
              "rotation": [
                0.0,
                -42.5,
                0.0
              ],
              "uv": [
                0,
                17
              ],
              "inflate": 0
            },
            {
              "origin": [
                -1.0,
                23.5,
                -8.0
              ],
              "size": [
                2.0,
                1.0,
                16.0
              ],
              "pivot": [
                0.0,
                23.0,
                0.0
              ],
              "rotation": [
                0.0,
                42.5,
                0.0
              ],
              "uv": [
                0,
                0
              ],
              "inflate": 0
            }
          ],
          "parent": "Root"
        },
        {
          "name": "bone2",
          "pivot": [
            -5,
            23,
            -5
          ],
          "cubes": [
            {
              "origin": [
                -9.0,
                23.0,
                -8.0
              ],
              "size": [
                1.0,
                2.0,
                6.0
              ],
              "uv": [
                20,
                0
              ],
              "inflate": 0
            },
            {
              "origin": [
                -8.0,
                23.0,
                -2.0
              ],
              "size": [
                6.0,
                2.0,
                1.0
              ],
              "uv": [
                14,
                34
              ],
              "inflate": 0
            },
            {
              "origin": [
                -8.0,
                23.0,
                -9.0
              ],
              "size": [
                6.0,
                2.0,
                1.0
              ],
              "uv": [
                34,
                13
              ],
              "inflate": 0
            },
            {
              "origin": [
                -2.0,
                23.0,
                -8.0
              ],
              "size": [
                1.0,
                2.0,
                6.0
              ],
              "uv": [
                0,
                17
              ],
              "inflate": 0
            }
          ],
          "parent": "Body"
        },
        {
          "name": "bone6",
          "pivot": [
            -5,
            24,
            -5
          ],
          "cubes": [
            {
              "origin": [
                -7.3,
                23.4,
                -7.3
              ],
              "size": [
                4.6,
                1.2,
                4.6
              ],
              "uv": [
                28,
                17
              ],
              "inflate": 0
            }
          ],
          "parent": "bone2"
        },
        {
          "name": "bone4",
          "pivot": [
            5,
            23,
            -5
          ],
          "cubes": [
            {
              "origin": [
                1.0,
                23.0,
                -8.0
              ],
              "size": [
                1.0,
                2.0,
                6.0
              ],
              "uv": [
                0,
                8
              ],
              "inflate": 0
            },
            {
              "origin": [
                2.0,
                23.0,
                -2.0
              ],
              "size": [
                6.0,
                2.0,
                1.0
              ],
              "uv": [
                34,
                5
              ],
              "inflate": 0
            },
            {
              "origin": [
                2.0,
                23.0,
                -9.0
              ],
              "size": [
                6.0,
                2.0,
                1.0
              ],
              "uv": [
                0,
                34
              ],
              "inflate": 0
            },
            {
              "origin": [
                8.0,
                23.0,
                -8.0
              ],
              "size": [
                1.0,
                2.0,
                6.0
              ],
              "uv": [
                0,
                0
              ],
              "inflate": 0
            }
          ],
          "parent": "Body"
        },
        {
          "name": "bone7",
          "pivot": [
            5,
            24,
            -5
          ],
          "cubes": [
            {
              "origin": [
                2.7,
                23.4,
                -7.3
              ],
              "size": [
                4.6,
                1.2,
                4.6
              ],
              "uv": [
                28,
                8
              ],
              "inflate": 0
            }
          ],
          "parent": "bone4"
        },
        {
          "name": "bone3",
          "pivot": [
            5,
            23,
            5
          ],
          "cubes": [
            {
              "origin": [
                1.0,
                23.0,
                2.0
              ],
              "size": [
                1.0,
                2.0,
                6.0
              ],
              "uv": [
                20,
                17
              ],
              "inflate": 0
            },
            {
              "origin": [
                2.0,
                23.0,
                8.0
              ],
              "size": [
                6.0,
                2.0,
                1.0
              ],
              "uv": [
                28,
                34
              ],
              "inflate": 0
            },
            {
              "origin": [
                2.0,
                23.0,
                1.0
              ],
              "size": [
                6.0,
                2.0,
                1.0
              ],
              "uv": [
                34,
                22
              ],
              "inflate": 0
            },
            {
              "origin": [
                8.0,
                23.0,
                2.0
              ],
              "size": [
                1.0,
                2.0,
                6.0
              ],
              "uv": [
                20,
                8
              ],
              "inflate": 0
            }
          ],
          "parent": "Body"
        },
        {
          "name": "bone8",
          "pivot": [
            5,
            24,
            5
          ],
          "cubes": [
            {
              "origin": [
                2.7,
                23.4,
                2.7
              ],
              "size": [
                4.6,
                1.2,
                4.6
              ],
              "uv": [
                28,
                0
              ],
              "inflate": 0
            }
          ],
          "parent": "bone3"
        },
        {
          "name": "bone",
          "pivot": [
            -5,
            23,
            5
          ],
          "cubes": [
            {
              "origin": [
                -9.0,
                23.0,
                2.0
              ],
              "size": [
                1.0,
                2.0,
                6.0
              ],
              "uv": [
                20,
                25
              ],
              "inflate": 0
            },
            {
              "origin": [
                -8.0,
                23.0,
                8.0
              ],
              "size": [
                6.0,
                2.0,
                1.0
              ],
              "uv": [
                0,
                37
              ],
              "inflate": 0
            },
            {
              "origin": [
                -8.0,
                23.0,
                1.0
              ],
              "size": [
                6.0,
                2.0,
                1.0
              ],
              "uv": [
                34,
                30
              ],
              "inflate": 0
            },
            {
              "origin": [
                -2.0,
                23.0,
                2.0
              ],
              "size": [
                1.0,
                2.0,
                6.0
              ],
              "uv": [
                0,
                25
              ],
              "inflate": 0
            }
          ],
          "parent": "Body"
        },
        {
          "name": "bone5",
          "pivot": [
            -5,
            24,
            5
          ],
          "cubes": [
            {
              "origin": [
                -7.3,
                23.4,
                2.7
              ],
              "size": [
                4.6,
                1.2,
                4.6
              ],
              "uv": [
                28,
                25
              ],
              "inflate": 0
            }
          ],
          "parent": "bone"
        }
      ]
    }
  ]
}