{
  "format_version": "1.12.0",
  "minecraft:geometry": [
    {
      "description": {
        "identifier": "geometry.mr_nabnab_spider",
        "texture_width": 64,
        "texture_height": 64,
        "visible_bounds_width": 4,
        "visible_bounds_height": 4.5,
        "visible_bounds_offset": [
          0,
          1.75,
          0
        ]
      },
      "bones": [
        {
          "name": "Root",
          "pivot": [
            0,
            5,
            -23
          ],
          "rotation": [
            -90,
            0,
            0
          ]
        },
        {
          "name": "Body",
          "pivot": [
            0,
            20,
            -23
          ],
          "cubes": [
            {
              "origin": [
                -5.0,
                20.0,
                -27.0
              ],
              "size": [
                10.0,
                16.0,
                8.0
              ],
              "uv": [
                0,
                0
              ],
              "inflate": 0
            },
            {
              "origin": [
                -4.0,
                21.0,
                -27.0
              ],
              "size": [
                8.0,
                8.0,
                4.0
              ],
              "uv": [
                23,
                24
              ],
              "inflate": 0
            },
            {
              "origin": [
                -4.0,
                21.0,
                -27.0
              ],
              "size": [
                8.0,
                8.0,
                0.0
              ],
              "uv": [
                0,
                47
              ],
              "inflate": 0
            }
          ],
          "parent": "Root"
        },
        {
          "name": "bone7",
          "pivot": [
            0.5,
            27,
            -24
          ],
          "cubes": [
            {
              "origin": [
                -2.5,
                26.0,
                -27.0
              ],
              "size": [
                5.0,
                1.0,
                3.0
              ],
              "uv": [
                43,
                0
              ],
              "inflate": 0
            },
            {
              "origin": [
                -2.5,
                26.0,
                -32.0
              ],
              "size": [
                5.0,
                1.0,
                1.0
              ],
              "uv": [
                36,
                21
              ],
              "inflate": 0
            },
            {
              "origin": [
                -3.0,
                26.0,
                -31.0
              ],
              "size": [
                6.0,
                1.0,
                4.0
              ],
              "uv": [
                36,
                7
              ],
              "inflate": 0
            }
          ],
          "parent": "Body",
          "rotation": [
            47.5,
            0,
            0
          ]
        },
        {
          "name": "bone8",
          "pivot": [
            0.5,
            26.5,
            -32
          ],
          "cubes": [
            {
              "origin": [
                -3.0,
                26.5,
                -43.0
              ],
              "size": [
                6.0,
                0.0,
                11.0
              ],
              "uv": [
                0,
                24
              ],
              "inflate": 0
            }
          ],
          "parent": "bone7",
          "rotation": [
            92.5,
            0,
            0
          ]
        },
        {
          "name": "bone6",
          "pivot": [
            0,
            36,
            -23
          ],
          "cubes": [
            {
              "origin": [
                -2.0,
                34.0,
                -25.0
              ],
              "size": [
                4.0,
                5.0,
                4.0
              ],
              "uv": [
                36,
                12
              ],
              "inflate": 0
            },
            {
              "origin": [
                -1.5,
                36.0,
                -24.5
              ],
              "size": [
                3.0,
                5.0,
                3.0
              ],
              "uv": [
                16,
                47
              ],
              "inflate": 0
            },
            {
              "origin": [
                -1.5,
                40.0,
                -23.0
              ],
              "size": [
                3.0,
                5.0,
                0.0
              ],
              "uv": [
                47,
                27
              ],
              "inflate": 0
            },
            {
              "origin": [
                0.0,
                40.0,
                -24.5
              ],
              "size": [
                0.0,
                5.0,
                3.0
              ],
              "uv": [
                0,
                0
              ],
              "inflate": 0
            },
            {
              "origin": [
                -2.5,
                35.0,
                -25.5
              ],
              "size": [
                5.0,
                2.0,
                5.0
              ],
              "uv": [
                28,
                0
              ],
              "inflate": 0
            }
          ],
          "parent": "Body",
          "rotation": [
            -20.44582,
            11.73507,
            -9.3361
          ]
        },
        {
          "name": "bone2",
          "pivot": [
            0,
            34,
            -27
          ],
          "cubes": [
            {
              "origin": [
                -1.4,
                32.6,
                -28.0
              ],
              "size": [
                2.8,
                2.8,
                2.0
              ],
              "uv": [
                43,
                23
              ],
              "inflate": 0
            },
            {
              "origin": [
                -1.2,
                32.8,
                -28.1
              ],
              "size": [
                2.4,
                2.4,
                0.0
              ],
              "uv": [
                6,
                26
              ],
              "inflate": 0
            }
          ],
          "parent": "Body",
          "rotation": [
            -5,
            0,
            0
          ]
        },
        {
          "name": "bone4",
          "pivot": [
            -2.8,
            31,
            -27
          ],
          "cubes": [
            {
              "origin": [
                -4.2,
                29.6,
                -28.0
              ],
              "size": [
                2.8,
                2.8,
                2.0
              ],
              "uv": [
                0,
                43
              ],
              "inflate": 0
            },
            {
              "origin": [
                -4.0,
                29.8,
                -28.1
              ],
              "size": [
                2.4,
                2.4,
                0.0
              ],
              "uv": [
                23,
                24
              ],
              "inflate": 0
            }
          ],
          "parent": "Body",
          "rotation": [
            0,
            5,
            0
          ]
        },
        {
          "name": "bone5",
          "pivot": [
            3,
            31,
            -27
          ],
          "cubes": [
            {
              "origin": [
                1.4,
                29.6,
                -28.0
              ],
              "size": [
                2.8,
                2.8,
                2.0
              ],
              "uv": [
                36,
                36
              ],
              "inflate": 0
            },
            {
              "origin": [
                1.6,
                29.8,
                -28.1
              ],
              "size": [
                2.4,
                2.4,
                0.0
              ],
              "uv": [
                6,
                24
              ],
              "inflate": 0
            }
          ],
          "parent": "Body",
          "rotation": [
            0,
            -5,
            0
          ]
        },
        {
          "name": "RightArm",
          "pivot": [
            -5,
            28,
            -23
          ],
          "cubes": [
            {
              "origin": [
                -7.0,
                20.0,
                -25.0
              ],
              "size": [
                2.0,
                8.0,
                4.0
              ],
              "uv": [
                40,
                36
              ],
              "inflate": 0
            }
          ],
          "parent": "Body",
          "rotation": [
            -15,
            0,
            115
          ]
        },
        {
          "name": "bone9",
          "pivot": [
            -6,
            20,
            -23
          ],
          "cubes": [
            {
              "origin": [
                -6.0,
                10.0,
                -24.0
              ],
              "size": [
                0.0,
                10.0,
                3.0
              ],
              "uv": [
                10,
                51
              ],
              "inflate": 0
            },
            {
              "origin": [
                -6.7,
                17.0,
                -23.0
              ],
              "size": [
                1.4,
                3.0,
                0.0
              ],
              "uv": [
                6,
                3
              ],
              "inflate": 0
            }
          ],
          "parent": "RightArm",
          "rotation": [
            65,
            0,
            0
          ]
        },
        {
          "name": "LeftArm",
          "pivot": [
            5,
            28,
            -23
          ],
          "cubes": [
            {
              "origin": [
                5.0,
                20.0,
                -25.0
              ],
              "size": [
                2.0,
                8.0,
                4.0
              ],
              "uv": [
                28,
                36
              ],
              "inflate": 0
            }
          ],
          "parent": "Body",
          "rotation": [
            -15,
            0,
            -115
          ]
        },
        {
          "name": "bone11",
          "pivot": [
            6,
            20,
            -23
          ],
          "cubes": [
            {
              "origin": [
                6.0,
                10.0,
                -24.0
              ],
              "size": [
                0.0,
                10.0,
                3.0
              ],
              "uv": [
                49,
                51
              ],
              "inflate": 0
            },
            {
              "origin": [
                5.3,
                17.0,
                -23.0
              ],
              "size": [
                1.4,
                3.0,
                0.0
              ],
              "uv": [
                6,
                0
              ],
              "inflate": 0
            }
          ],
          "parent": "LeftArm",
          "rotation": [
            65,
            0,
            0
          ]
        },
        {
          "name": "LeftLeg",
          "pivot": [
            3,
            21,
            -23
          ],
          "cubes": [
            {
              "origin": [
                1.0,
                13.0,
                -24.7
              ],
              "size": [
                4.0,
                8.0,
                3.4
              ],
              "uv": [
                14,
                36
              ],
              "inflate": 0
            }
          ],
          "parent": "Root",
          "rotation": [
            -15,
            0,
            -32.5
          ]
        },
        {
          "name": "bone3",
          "pivot": [
            3,
            13,
            -23
          ],
          "cubes": [
            {
              "origin": [
                1.5,
                10.0,
                -23.0
              ],
              "size": [
                3.0,
                3.0,
                0.0
              ],
              "uv": [
                0,
                0
              ],
              "inflate": 0
            },
            {
              "origin": [
                3.0,
                5.0,
                -24.0
              ],
              "size": [
                0.0,
                8.0,
                3.0
              ],
              "uv": [
                28,
                45
              ],
              "inflate": 0
            }
          ],
          "parent": "LeftLeg",
          "rotation": [
            65,
            0,
            0
          ]
        },
        {
          "name": "RightLeg",
          "pivot": [
            -3,
            21,
            -23
          ],
          "cubes": [
            {
              "origin": [
                -5.0,
                13.0,
                -24.7
              ],
              "size": [
                4.0,
                8.0,
                3.4
              ],
              "uv": [
                0,
                32
              ],
              "inflate": 0
            }
          ],
          "parent": "Root",
          "rotation": [
            -15,
            0,
            32.5
          ]
        },
        {
          "name": "bone",
          "pivot": [
            -3,
            13,
            -23
          ],
          "cubes": [
            {
              "origin": [
                -4.5,
                10.0,
                -23.0
              ],
              "size": [
                3.0,
                3.0,
                0.0
              ],
              "uv": [
                25,
                36
              ],
              "inflate": 0
            },
            {
              "origin": [
                -3.0,
                5.0,
                -24.0
              ],
              "size": [
                0.0,
                8.0,
                3.0
              ],
              "uv": [
                0,
                21
              ],
              "inflate": 0
            }
          ],
          "parent": "RightLeg",
          "rotation": [
            65,
            0,
            0
          ]
        }
      ]
    }
  ]
}