{
  "format_version": "1.12.0",
  "minecraft:geometry": [
    {
      "description": {
        "identifier": "geometry.mr_nab_scene",
        "texture_width": 64,
        "texture_height": 64,
        "visible_bounds_width": 2,
        "visible_bounds_height": 7,
        "visible_bounds_offset": [
          0,
          0.5,
          0
        ]
      },
      "bones": [
        {
          "name": "Root",
          "pivot": [
            0,
            -43,
            0
          ]
        },
        {
          "name": "Body",
          "pivot": [
            0,
            -28,
            0
          ],
          "cubes": [
            {
              "origin": [
                -5.0,
                -28.0,
                -4.0
              ],
              "size": [
                10.0,
                16.0,
                8.0
              ],
              "uv": [
                0,
                0
              ],
              "inflate": 0
            },
            {
              "origin": [
                -4.0,
                -27.0,
                -4.0
              ],
              "size": [
                8.0,
                8.0,
                4.0
              ],
              "uv": [
                23,
                24
              ],
              "inflate": 0
            },
            {
              "origin": [
                -4.0,
                -27.0,
                -4.0
              ],
              "size": [
                8.0,
                8.0,
                0.0
              ],
              "uv": [
                0,
                47
              ],
              "inflate": 0
            }
          ],
          "parent": "Root"
        },
        {
          "name": "bone7",
          "pivot": [
            0.5,
            -23,
            -1
          ],
          "cubes": [
            {
              "origin": [
                -2.5,
                -24.0,
                -4.0
              ],
              "size": [
                5.0,
                1.0,
                3.0
              ],
              "uv": [
                43,
                0
              ],
              "inflate": 0
            },
            {
              "origin": [
                -2.5,
                -24.0,
                -9.0
              ],
              "size": [
                5.0,
                1.0,
                1.0
              ],
              "uv": [
                36,
                21
              ],
              "inflate": 0
            },
            {
              "origin": [
                -3.0,
                -24.0,
                -8.0
              ],
              "size": [
                6.0,
                1.0,
                4.0
              ],
              "uv": [
                36,
                7
              ],
              "inflate": 0
            }
          ],
          "parent": "Body",
          "rotation": [
            35,
            0,
            0
          ]
        },
        {
          "name": "bone8",
          "pivot": [
            0.5,
            -23.5,
            -9
          ],
          "cubes": [
            {
              "origin": [
                -3.0,
                -23.5,
                -20.0
              ],
              "size": [
                6.0,
                0.0,
                11.0
              ],
              "uv": [
                0,
                24
              ],
              "inflate": 0
            }
          ],
          "parent": "bone7",
          "rotation": [
            52.5,
            0,
            0
          ]
        },
        {
          "name": "bone6",
          "pivot": [
            0,
            -12,
            0
          ],
          "cubes": [
            {
              "origin": [
                -2.0,
                -14.0,
                -2.0
              ],
              "size": [
                4.0,
                5.0,
                4.0
              ],
              "uv": [
                36,
                12
              ],
              "inflate": 0
            },
            {
              "origin": [
                -1.5,
                -12.0,
                -1.5
              ],
              "size": [
                3.0,
                5.0,
                3.0
              ],
              "uv": [
                16,
                47
              ],
              "inflate": 0
            },
            {
              "origin": [
                -1.5,
                -8.0,
                0.0
              ],
              "size": [
                3.0,
                5.0,
                0.0
              ],
              "uv": [
                47,
                27
              ],
              "inflate": 0
            },
            {
              "origin": [
                0.0,
                -8.0,
                -1.5
              ],
              "size": [
                0.0,
                5.0,
                3.0
              ],
              "uv": [
                0,
                0
              ],
              "inflate": 0
            },
            {
              "origin": [
                -2.5,
                -13.0,
                -2.5
              ],
              "size": [
                5.0,
                2.0,
                5.0
              ],
              "uv": [
                28,
                0
              ],
              "inflate": 0
            }
          ],
          "parent": "Body",
          "rotation": [
            0,
            0,
            -5
          ]
        },
        {
          "name": "bone2",
          "pivot": [
            0,
            -14,
            -4
          ],
          "cubes": [
            {
              "origin": [
                -1.4,
                -15.4,
                -5.0
              ],
              "size": [
                2.8,
                2.8,
                2.0
              ],
              "uv": [
                43,
                23
              ],
              "inflate": 0
            },
            {
              "origin": [
                -1.2,
                -15.2,
                -5.1
              ],
              "size": [
                2.4,
                2.4,
                0.0
              ],
              "uv": [
                6,
                26
              ],
              "inflate": 0
            }
          ],
          "parent": "Body",
          "rotation": [
            -5,
            0,
            0
          ]
        },
        {
          "name": "bone4",
          "pivot": [
            -2.8,
            -17,
            -4
          ],
          "cubes": [
            {
              "origin": [
                -4.2,
                -18.4,
                -5.0
              ],
              "size": [
                2.8,
                2.8,
                2.0
              ],
              "uv": [
                0,
                43
              ],
              "inflate": 0
            },
            {
              "origin": [
                -4.0,
                -18.2,
                -5.1
              ],
              "size": [
                2.4,
                2.4,
                0.0
              ],
              "uv": [
                23,
                24
              ],
              "inflate": 0
            }
          ],
          "parent": "Body",
          "rotation": [
            0,
            5,
            0
          ]
        },
        {
          "name": "bone5",
          "pivot": [
            3,
            -17,
            -4
          ],
          "cubes": [
            {
              "origin": [
                1.4,
                -18.4,
                -5.0
              ],
              "size": [
                2.8,
                2.8,
                2.0
              ],
              "uv": [
                36,
                36
              ],
              "inflate": 0
            },
            {
              "origin": [
                1.6,
                -18.2,
                -5.1
              ],
              "size": [
                2.4,
                2.4,
                0.0
              ],
              "uv": [
                6,
                24
              ],
              "inflate": 0
            }
          ],
          "parent": "Body",
          "rotation": [
            0,
            -5,
            0
          ]
        },
        {
          "name": "RightArm",
          "pivot": [
            -5,
            -19,
            0
          ],
          "cubes": [
            {
              "origin": [
                -7.0,
                -27.0,
                -2.0
              ],
              "size": [
                2.0,
                8.0,
                4.0
              ],
              "uv": [
                40,
                36
              ],
              "inflate": 0
            }
          ],
          "parent": "Body",
          "rotation": [
            0,
            0,
            2.5
          ]
        },
        {
          "name": "bone9",
          "pivot": [
            -6,
            -27,
            0
          ],
          "cubes": [
            {
              "origin": [
                -6.0,
                -37.0,
                -1.0
              ],
              "size": [
                0.0,
                10.0,
                3.0
              ],
              "uv": [
                10,
                51
              ],
              "inflate": 0
            },
            {
              "origin": [
                -6.7,
                -30.0,
                0.0
              ],
              "size": [
                1.4,
                3.0,
                0.0
              ],
              "uv": [
                6,
                3
              ],
              "inflate": 0
            }
          ],
          "parent": "RightArm"
        },
        {
          "name": "LeftArm",
          "pivot": [
            5,
            -19,
            0
          ],
          "cubes": [
            {
              "origin": [
                5.0,
                -27.0,
                -2.0
              ],
              "size": [
                2.0,
                8.0,
                4.0
              ],
              "uv": [
                28,
                36
              ],
              "inflate": 0
            }
          ],
          "parent": "Body",
          "rotation": [
            0,
            0,
            -2.5
          ]
        },
        {
          "name": "bone11",
          "pivot": [
            6,
            -27,
            0
          ],
          "cubes": [
            {
              "origin": [
                6.0,
                -37.0,
                -1.0
              ],
              "size": [
                0.0,
                10.0,
                3.0
              ],
              "uv": [
                49,
                51
              ],
              "inflate": 0
            },
            {
              "origin": [
                5.3,
                -30.0,
                0.0
              ],
              "size": [
                1.4,
                3.0,
                0.0
              ],
              "uv": [
                6,
                0
              ],
              "inflate": 0
            }
          ],
          "parent": "LeftArm"
        },
        {
          "name": "LeftLeg",
          "pivot": [
            3,
            -27,
            0
          ],
          "cubes": [
            {
              "origin": [
                1.0,
                -35.0,
                -1.7
              ],
              "size": [
                4.0,
                8.0,
                3.4
              ],
              "uv": [
                14,
                36
              ],
              "inflate": 0
            }
          ],
          "parent": "Root",
          "rotation": [
            0,
            0,
            -2.5
          ]
        },
        {
          "name": "bone3",
          "pivot": [
            3,
            -35,
            0
          ],
          "cubes": [
            {
              "origin": [
                1.5,
                -38.0,
                0.0
              ],
              "size": [
                3.0,
                3.0,
                0.0
              ],
              "uv": [
                0,
                0
              ],
              "inflate": 0
            },
            {
              "origin": [
                3.0,
                -43.0,
                -1.0
              ],
              "size": [
                0.0,
                8.0,
                3.0
              ],
              "uv": [
                28,
                45
              ],
              "inflate": 0
            }
          ],
          "parent": "LeftLeg"
        },
        {
          "name": "RightLeg",
          "pivot": [
            -3,
            -27,
            0
          ],
          "cubes": [
            {
              "origin": [
                -5.0,
                -35.0,
                -1.7
              ],
              "size": [
                4.0,
                8.0,
                3.4
              ],
              "uv": [
                0,
                32
              ],
              "inflate": 0
            }
          ],
          "parent": "Root",
          "rotation": [
            0,
            0,
            2.5
          ]
        },
        {
          "name": "bone",
          "pivot": [
            -3,
            -35,
            0
          ],
          "cubes": [
            {
              "origin": [
                -4.5,
                -38.0,
                0.0
              ],
              "size": [
                3.0,
                3.0,
                0.0
              ],
              "uv": [
                25,
                36
              ],
              "inflate": 0
            },
            {
              "origin": [
                -3.0,
                -43.0,
                -1.0
              ],
              "size": [
                0.0,
                8.0,
                3.0
              ],
              "uv": [
                0,
                21
              ],
              "inflate": 0
            }
          ],
          "parent": "RightLeg"
        }
      ]
    }
  ]
}