{
  "format_version": "1.12.0",
  "minecraft:geometry": [
    {
      "description": {
        "identifier": "geometry.mr_queen_boun",
        "texture_width": 128,
        "texture_height": 128,
        "visible_bounds_width": 5,
        "visible_bounds_height": 4,
        "visible_bounds_offset": [
          0,
          1,
          0
        ]
      },
      "bones": [
        {
          "name": "Root"
        },
        {
          "name": "LeftLeg",
          "pivot": [
            4,
            16.3,
            2
          ],
          "cubes": [
            {
              "origin": [
                1.4,
                11.1,
                -1.2
              ],
              "size": [
                5.2,
                7.4,
                6.4
              ],
              "uv": [
                18,
                65
              ],
              "inflate": 0
            }
          ],
          "parent": "Root",
          "rotation": [
            -7.5,
            -2.5,
            -2.5
          ]
        },
        {
          "name": "bone6",
          "pivot": [
            4,
            -0.7,
            0
          ],
          "parent": "LeftLeg"
        },
        {
          "name": "bone7",
          "pivot": [
            4,
            11.3,
            3
          ],
          "cubes": [
            {
              "origin": [
                2.0,
                6.3,
                1.0
              ],
              "size": [
                4.0,
                6.0,
                5.0
              ],
              "uv": [
                0,
                0
              ],
              "inflate": 0
            }
          ],
          "parent": "LeftLeg",
          "rotation": [
            27.5,
            0,
            0
          ]
        },
        {
          "name": "bone8",
          "pivot": [
            4,
            6.3,
            4
          ],
          "cubes": [
            {
              "origin": [
                2.2,
                1.3,
                1.6
              ],
              "size": [
                3.6,
                6.0,
                3.8
              ],
              "uv": [
                0,
                27
              ],
              "inflate": 0
            }
          ],
          "parent": "bone7",
          "rotation": [
            -27.5,
            0,
            0
          ]
        },
        {
          "name": "bone9",
          "pivot": [
            4,
            2.3,
            3
          ],
          "cubes": [
            {
              "origin": [
                1.5,
                -0.7,
                -3.0
              ],
              "size": [
                5.0,
                3.0,
                9.0
              ],
              "uv": [
                24,
                53
              ],
              "inflate": 0
            }
          ],
          "parent": "bone8",
          "rotation": [
            7.5,
            0,
            2.5
          ]
        },
        {
          "name": "RightLeg",
          "pivot": [
            -4,
            16.3,
            2
          ],
          "cubes": [
            {
              "origin": [
                -6.6,
                11.1,
                -1.2
              ],
              "size": [
                5.2,
                7.4,
                6.4
              ],
              "uv": [
                63,
                66
              ],
              "inflate": 0
            }
          ],
          "parent": "Root",
          "rotation": [
            -7.5,
            2.5,
            2.5
          ]
        },
        {
          "name": "bone",
          "pivot": [
            -4,
            -0.7,
            0
          ],
          "parent": "RightLeg"
        },
        {
          "name": "bone2",
          "pivot": [
            -4,
            11.3,
            3
          ],
          "cubes": [
            {
              "origin": [
                -6.0,
                6.3,
                1.0
              ],
              "size": [
                4.0,
                6.0,
                5.0
              ],
              "uv": [
                67,
                0
              ],
              "inflate": 0
            }
          ],
          "parent": "RightLeg",
          "rotation": [
            27.5,
            0,
            0
          ]
        },
        {
          "name": "bone3",
          "pivot": [
            -4,
            6.3,
            4
          ],
          "cubes": [
            {
              "origin": [
                -5.8,
                1.3,
                1.6
              ],
              "size": [
                3.6,
                6.0,
                3.8
              ],
              "uv": [
                0,
                69
              ],
              "inflate": 0
            }
          ],
          "parent": "bone2",
          "rotation": [
            -27.5,
            0,
            0
          ]
        },
        {
          "name": "bone4",
          "pivot": [
            -4,
            2.3,
            3
          ],
          "cubes": [
            {
              "origin": [
                -6.5,
                -0.7,
                -3.0
              ],
              "size": [
                5.0,
                3.0,
                9.0
              ],
              "uv": [
                54,
                16
              ],
              "inflate": 0
            }
          ],
          "parent": "bone3",
          "rotation": [
            7.5,
            0,
            -2.5
          ]
        },
        {
          "name": "Body",
          "pivot": [
            0,
            12,
            -1
          ],
          "cubes": [
            {
              "origin": [
                -5.0,
                12.0,
                -9.0
              ],
              "size": [
                10.0,
                10.0,
                16.0
              ],
              "uv": [
                0,
                27
              ],
              "inflate": 0
            },
            {
              "origin": [
                -4.4,
                12.6,
                -10.0
              ],
              "size": [
                8.8,
                8.8,
                19.0
              ],
              "uv": [
                0,
                0
              ],
              "inflate": 0
            }
          ],
          "parent": "Root",
          "rotation": [
            -10,
            0,
            0
          ]
        },
        {
          "name": "bone14",
          "pivot": [
            0,
            15,
            -8
          ],
          "cubes": [
            {
              "origin": [
                -3.0,
                14.0,
                -11.0
              ],
              "size": [
                6.0,
                10.0,
                6.0
              ],
              "uv": [
                0,
                53
              ],
              "inflate": 0
            }
          ],
          "parent": "Body",
          "rotation": [
            22.5,
            0,
            0
          ]
        },
        {
          "name": "Head",
          "pivot": [
            0,
            24,
            -8
          ],
          "cubes": [
            {
              "origin": [
                -4.0,
                24.0,
                -12.0
              ],
              "size": [
                8.0,
                8.0,
                8.0
              ],
              "uv": [
                35,
                0
              ],
              "inflate": 0
            },
            {
              "origin": [
                -2.7,
                25.0,
                -18.0
              ],
              "size": [
                5.4,
                3.0,
                8.0
              ],
              "uv": [
                56,
                33
              ],
              "inflate": 0
            },
            {
              "origin": [
                -1.1,
                27.6,
                -18.3
              ],
              "size": [
                2.2,
                1.0,
                1.0
              ],
              "uv": [
                13,
                3
              ],
              "inflate": 0
            },
            {
              "origin": [
                -2.9,
                32.0,
                -10.9
              ],
              "size": [
                5.8,
                4.0,
                5.8
              ],
              "uv": [
                66,
                44
              ],
              "inflate": 0
            }
          ],
          "parent": "bone14",
          "rotation": [
            -10,
            0,
            0
          ]
        },
        {
          "name": "bone18",
          "pivot": [
            -4,
            32,
            -8
          ],
          "cubes": [
            {
              "origin": [
                -6.0,
                30.0,
                -9.0
              ],
              "size": [
                3.0,
                5.0,
                2.0
              ],
              "uv": [
                36,
                27
              ],
              "inflate": 0
            }
          ],
          "parent": "Head",
          "rotation": [
            0,
            0,
            -45
          ]
        },
        {
          "name": "bone16",
          "pivot": [
            2,
            29,
            -12
          ],
          "cubes": [
            {
              "origin": [
                0.7,
                28.3,
                -13.0
              ],
              "size": [
                2.6,
                2.6,
                2.0
              ],
              "uv": [
                54,
                33
              ],
              "inflate": 0
            },
            {
              "origin": [
                0.9,
                28.5,
                -13.1
              ],
              "size": [
                2.2,
                2.2,
                1.0
              ],
              "uv": [
                9,
                27
              ],
              "inflate": 0
            }
          ],
          "parent": "Head",
          "rotation": [
            0,
            -2.5,
            0
          ]
        },
        {
          "name": "bone15",
          "pivot": [
            0,
            25,
            -12
          ],
          "cubes": [
            {
              "origin": [
                -2.0,
                23.9,
                -17.0
              ],
              "size": [
                4.0,
                1.1,
                5.0
              ],
              "uv": [
                0,
                11
              ],
              "inflate": 0
            }
          ],
          "parent": "Head"
        },
        {
          "name": "bone17",
          "pivot": [
            -2,
            29,
            -12
          ],
          "cubes": [
            {
              "origin": [
                -3.3,
                28.3,
                -13.0
              ],
              "size": [
                2.6,
                2.6,
                2.0
              ],
              "uv": [
                54,
                21
              ],
              "inflate": 0
            },
            {
              "origin": [
                -3.1,
                28.5,
                -13.1
              ],
              "size": [
                2.2,
                2.2,
                1.0
              ],
              "uv": [
                13,
                0
              ],
              "inflate": 0
            }
          ],
          "parent": "Head",
          "rotation": [
            0,
            2.5,
            0
          ]
        },
        {
          "name": "bone19",
          "pivot": [
            4,
            32,
            -8
          ],
          "cubes": [
            {
              "origin": [
                3.0,
                30.0,
                -9.0
              ],
              "size": [
                3.0,
                5.0,
                2.0
              ],
              "uv": [
                0,
                36
              ],
              "inflate": 0
            }
          ],
          "parent": "Head",
          "rotation": [
            0,
            0,
            40
          ]
        },
        {
          "name": "Tail",
          "pivot": [
            0,
            16.6,
            9
          ],
          "cubes": [
            {
              "origin": [
                -3.5,
                13.1,
                7.0
              ],
              "size": [
                7.0,
                7.0,
                7.0
              ],
              "uv": [
                45,
                46
              ],
              "inflate": 0
            }
          ],
          "parent": "Body",
          "rotation": [
            -15,
            0,
            0
          ]
        },
        {
          "name": "bone5",
          "pivot": [
            0,
            16.6,
            14
          ],
          "cubes": [
            {
              "origin": [
                -2.7,
                13.9,
                13.0
              ],
              "size": [
                5.4,
                5.4,
                7.0
              ],
              "uv": [
                45,
                60
              ],
              "inflate": 0
            }
          ],
          "parent": "Tail",
          "rotation": [
            10,
            0,
            0
          ]
        },
        {
          "name": "bone10",
          "pivot": [
            0,
            16.6,
            20
          ],
          "cubes": [
            {
              "origin": [
                -2.0,
                14.6,
                19.0
              ],
              "size": [
                4.0,
                4.0,
                10.0
              ],
              "uv": [
                36,
                27
              ],
              "inflate": 0
            }
          ],
          "parent": "bone5",
          "rotation": [
            22.5,
            0,
            0
          ]
        },
        {
          "name": "LeftArm",
          "pivot": [
            4,
            12,
            -7
          ],
          "cubes": [
            {
              "origin": [
                2.7,
                9.0,
                -8.3
              ],
              "size": [
                2.6,
                3.0,
                2.6
              ],
              "uv": [
                54,
                16
              ],
              "inflate": 0
            }
          ],
          "parent": "Body",
          "rotation": [
            -10,
            0,
            -10
          ]
        },
        {
          "name": "bone13",
          "pivot": [
            4,
            9,
            -7
          ],
          "cubes": [
            {
              "origin": [
                3.0,
                5.0,
                -8.0
              ],
              "size": [
                2.0,
                4.0,
                2.0
              ],
              "uv": [
                35,
                0
              ],
              "inflate": 0
            }
          ],
          "parent": "LeftArm",
          "rotation": [
            -10,
            0,
            5
          ]
        },
        {
          "name": "RightArm",
          "pivot": [
            -4,
            12,
            -7
          ],
          "cubes": [
            {
              "origin": [
                -5.3,
                9.0,
                -8.3
              ],
              "size": [
                2.6,
                3.0,
                2.6
              ],
              "uv": [
                54,
                28
              ],
              "inflate": 0
            }
          ],
          "parent": "Body",
          "rotation": [
            -10,
            0,
            10
          ]
        },
        {
          "name": "bone11",
          "pivot": [
            -4,
            9,
            -7
          ],
          "cubes": [
            {
              "origin": [
                -5.0,
                5.0,
                -8.0
              ],
              "size": [
                2.0,
                4.0,
                2.0
              ],
              "uv": [
                18,
                53
              ],
              "inflate": 0
            }
          ],
          "parent": "RightArm",
          "rotation": [
            -10,
            0,
            -5
          ]
        },
        {
          "name": "bone12",
          "pivot": [
            -4,
            6.5,
            -7
          ],
          "cubes": [
            {
              "origin": [
                -4.0,
                6.0,
                -10.0
              ],
              "size": [
                0.0,
                1.0,
                6.0
              ],
              "uv": [
                0,
                11
              ],
              "inflate": 0
            },
            {
              "origin": [
                -4.5,
                5.5,
                -11.0
              ],
              "size": [
                1.0,
                2.0,
                1.0
              ],
              "uv": [
                0,
                11
              ],
              "inflate": 0
            },
            {
              "origin": [
                -4.0,
                4.5,
                -14.0
              ],
              "size": [
                0.0,
                4.0,
                3.0
              ],
              "uv": [
                13,
                8
              ],
              "inflate": 0
            },
            {
              "origin": [
                -4.5,
                5.5,
                -14.0
              ],
              "size": [
                1.0,
                2.0,
                1.0
              ],
              "uv": [
                0,
                0
              ],
              "inflate": 0
            },
            {
              "origin": [
                -4.5,
                7.5,
                -12.0
              ],
              "size": [
                1.0,
                1.0,
                1.0
              ],
              "uv": [
                15,
                17
              ],
              "inflate": 0
            },
            {
              "origin": [
                -4.5,
                4.5,
                -12.0
              ],
              "size": [
                1.0,
                1.0,
                1.0
              ],
              "uv": [
                11,
                17
              ],
              "inflate": 0
            },
            {
              "origin": [
                -4.5,
                7.5,
                -15.0
              ],
              "size": [
                1.0,
                1.0,
                1.0
              ],
              "uv": [
                0,
                3
              ],
              "inflate": 0
            },
            {
              "origin": [
                -4.5,
                4.5,
                -15.0
              ],
              "size": [
                1.0,
                1.0,
                1.0
              ],
              "uv": [
                0,
                14
              ],
              "inflate": 0
            },
            {
              "origin": [
                -4.5,
                8.0,
                -14.0
              ],
              "size": [
                1.0,
                1.0,
                2.0
              ],
              "uv": [
                35,
                16
              ],
              "inflate": 0
            },
            {
              "origin": [
                -4.5,
                4.0,
                -14.0
              ],
              "size": [
                1.0,
                1.0,
                2.0
              ],
              "uv": [
                10,
                34
              ],
              "inflate": 0
            }
          ],
          "parent": "bone11"
        }
      ]
    }
  ]
}