{
  "format_version": "1.12.0",
  "minecraft:geometry": [
    {
      "description": {
        "identifier": "geometry.mr_zophius",
        "texture_width": 128,
        "texture_height": 128,
        "visible_bounds_width": 6,
        "visible_bounds_height": 7,
        "visible_bounds_offset": [
          0,
          1.5,
          0
        ]
      },
      "bones": [
        {
          "name": "Body",
          "cubes": [
            {
              "origin": [
                -6.0,
                0.0,
                -6.0
              ],
              "size": [
                12.0,
                18.0,
                12.0
              ],
              "uv": [
                0,
                28
              ],
              "inflate": 0
            }
          ]
        },
        {
          "name": "bone",
          "pivot": [
            0,
            18,
            0
          ],
          "cubes": [
            {
              "origin": [
                -5.5,
                17.0,
                -5.5
              ],
              "size": [
                11.0,
                18.0,
                11.0
              ],
              "uv": [
                37,
                47
              ],
              "inflate": 0
            }
          ],
          "parent": "Body",
          "rotation": [
            2.5,
            0,
            0
          ]
        },
        {
          "name": "bone2",
          "pivot": [
            0,
            35,
            0
          ],
          "cubes": [
            {
              "origin": [
                -4.5,
                34.0,
                -4.5
              ],
              "size": [
                9.0,
                14.0,
                9.0
              ],
              "uv": [
                0,
                58
              ],
              "inflate": 0
            }
          ],
          "parent": "bone",
          "rotation": [
            2.5,
            0,
            0
          ]
        },
        {
          "name": "bone3",
          "pivot": [
            0,
            48,
            0
          ],
          "cubes": [
            {
              "origin": [
                -4.0,
                46.0,
                -4.0
              ],
              "size": [
                8.0,
                14.0,
                8.0
              ],
              "uv": [
                66,
                0
              ],
              "inflate": 0
            }
          ],
          "parent": "bone2",
          "rotation": [
            42.5,
            0,
            0
          ]
        },
        {
          "name": "bone4",
          "pivot": [
            0,
            58,
            0
          ],
          "cubes": [
            {
              "origin": [
                -11.0,
                58.0,
                -11.0
              ],
              "size": [
                22.0,
                6.0,
                22.0
              ],
              "uv": [
                0,
                0
              ],
              "inflate": 0
            }
          ],
          "parent": "bone3",
          "rotation": [
            50,
            0,
            0
          ]
        }
      ]
    }
  ]
}