{
  "format_version": "1.12.0",
  "minecraft:geometry": [
    {
      "description": {
        "identifier": "geometry.pa_witch",
        "texture_width": 128,
        "texture_height": 128,
        "visible_bounds_width": 3,
        "visible_bounds_height": 3.5,
        "visible_bounds_offset": [
          0,
          1.25,
          0
        ]
      },
      "bones": [
        {
          "name": "Root"
        },
        {
          "name": "LeftLeg",
          "pivot": [
            2.3,
            12,
            0
          ],
          "cubes": [
            {
              "origin": [
                0.3,
                7.0,
                -2.0
              ],
              "size": [
                4.0,
                6.0,
                4.0
              ],
              "uv": [
                40,
                0
              ],
              "inflate": 0
            }
          ],
          "parent": "Root",
          "rotation": [
            0,
            -2.5,
            -2.5
          ]
        },
        {
          "name": "bone3",
          "pivot": [
            2.3,
            7,
            0
          ],
          "cubes": [
            {
              "origin": [
                0.3,
                3.0,
                -2.0
              ],
              "size": [
                4.0,
                4.0,
                4.0
              ],
              "uv": [
                14,
                93
              ],
              "inflate": 0
            }
          ],
          "parent": "LeftLeg"
        },
        {
          "name": "bone4",
          "pivot": [
            2.3,
            3,
            0
          ],
          "cubes": [
            {
              "origin": [
                -0.2,
                0.0,
                -5.3
              ],
              "size": [
                5.0,
                3.0,
                7.6
              ],
              "uv": [
                23,
                7
              ],
              "inflate": 0
            },
            {
              "origin": [
                -0.4,
                0.0,
                -5.5
              ],
              "size": [
                5.4,
                3.2,
                8.0
              ],
              "uv": [
                47,
                90
              ],
              "inflate": 0
            }
          ],
          "parent": "bone3",
          "rotation": [
            0,
            0,
            2.5
          ]
        },
        {
          "name": "Body",
          "pivot": [
            0,
            12,
            0
          ],
          "cubes": [
            {
              "origin": [
                -4.0,
                12.0,
                -3.0
              ],
              "size": [
                8.0,
                12.0,
                6.0
              ],
              "uv": [
                0,
                14
              ],
              "inflate": 0
            },
            {
              "origin": [
                -4.2,
                11.8,
                -3.2
              ],
              "size": [
                4.4,
                12.4,
                6.4
              ],
              "uv": [
                0,
                32
              ],
              "inflate": 0
            }
          ],
          "parent": "Root"
        },
        {
          "name": "RightArm",
          "pivot": [
            -5,
            24,
            0
          ],
          "cubes": [
            {
              "origin": [
                -7.0,
                18.0,
                -2.0
              ],
              "size": [
                3.0,
                6.0,
                4.0
              ],
              "uv": [
                57,
                33
              ],
              "inflate": 0
            },
            {
              "origin": [
                -7.2,
                17.9,
                -2.1
              ],
              "size": [
                3.4,
                6.2,
                4.2
              ],
              "uv": [
                42,
                56
              ],
              "inflate": 0
            }
          ],
          "parent": "Body",
          "rotation": [
            2.5,
            0,
            3.5
          ]
        },
        {
          "name": "bone5",
          "pivot": [
            -5,
            18,
            0
          ],
          "cubes": [
            {
              "origin": [
                -7.2,
                10.9,
                -2.1
              ],
              "size": [
                3.4,
                7.2,
                4.2
              ],
              "uv": [
                0,
                50
              ],
              "inflate": 0
            },
            {
              "origin": [
                -7.0,
                11.0,
                -2.0
              ],
              "size": [
                3.0,
                7.0,
                4.0
              ],
              "uv": [
                48,
                45
              ],
              "inflate": 0
            }
          ],
          "parent": "RightArm",
          "rotation": [
            -5,
            0,
            0
          ]
        },
        {
          "name": "bone6",
          "pivot": [
            -6,
            11,
            0
          ],
          "cubes": [
            {
              "origin": [
                -7.3,
                9.0,
                -2.2
              ],
              "size": [
                3.6,
                2.0,
                4.4
              ],
              "uv": [
                57,
                24
              ],
              "inflate": 0
            },
            {
              "origin": [
                -7.3,
                7.0,
                -2.2
              ],
              "size": [
                3.6,
                2.0,
                4.4
              ],
              "uv": [
                56,
                0
              ],
              "inflate": 0
            }
          ],
          "parent": "bone5"
        },
        {
          "name": "LeftArm",
          "pivot": [
            5,
            24,
            0
          ],
          "cubes": [
            {
              "origin": [
                4.0,
                18.0,
                -2.0
              ],
              "size": [
                3.0,
                6.0,
                4.0
              ],
              "uv": [
                56,
                56
              ],
              "inflate": 0
            }
          ],
          "parent": "Body",
          "rotation": [
            2.5,
            0,
            -3.5
          ]
        },
        {
          "name": "bone8",
          "pivot": [
            5,
            18,
            0
          ],
          "cubes": [
            {
              "origin": [
                4.0,
                11.0,
                -2.0
              ],
              "size": [
                3.0,
                7.0,
                4.0
              ],
              "uv": [
                32,
                49
              ],
              "inflate": 0
            }
          ],
          "parent": "LeftArm",
          "rotation": [
            -5,
            0,
            0
          ]
        },
        {
          "name": "bone9",
          "pivot": [
            6,
            11,
            0
          ],
          "cubes": [
            {
              "origin": [
                3.7,
                9.0,
                -2.2
              ],
              "size": [
                3.6,
                2.0,
                4.4
              ],
              "uv": [
                28,
                17
              ],
              "inflate": 0
            },
            {
              "origin": [
                3.7,
                7.0,
                -2.2
              ],
              "size": [
                3.6,
                2.0,
                4.4
              ],
              "uv": [
                25,
                0
              ],
              "inflate": 0
            }
          ],
          "parent": "bone8"
        },
        {
          "name": "Head",
          "pivot": [
            0,
            24,
            0
          ],
          "cubes": [
            {
              "origin": [
                -4.7,
                23.8,
                -3.9
              ],
              "size": [
                5.1,
                7.8,
                7.8
              ],
              "uv": [
                21,
                25
              ],
              "inflate": 0
            },
            {
              "origin": [
                -4.5,
                24.0,
                -3.7
              ],
              "size": [
                9.0,
                7.4,
                7.4
              ],
              "uv": [
                0,
                0
              ],
              "inflate": 0
            },
            {
              "origin": [
                3.0,
                25.0,
                -3.0
              ],
              "size": [
                2.0,
                6.0,
                6.0
              ],
              "uv": [
                20,
                39
              ],
              "inflate": 0
            },
            {
              "origin": [
                4.0,
                26.0,
                -2.0
              ],
              "size": [
                2.0,
                4.0,
                4.0
              ],
              "uv": [
                10,
                60
              ],
              "inflate": 0
            },
            {
              "origin": [
                4.0,
                26.0,
                0.0
              ],
              "size": [
                6.0,
                4.0,
                0.0
              ],
              "pivot": [
                6.0,
                28.0,
                0.0
              ],
              "rotation": [
                0.0,
                0.0,
                -15.0
              ],
              "uv": [
                40,
                10
              ],
              "inflate": 0
            },
            {
              "origin": [
                4.0,
                26.4,
                -1.0
              ],
              "size": [
                3.0,
                3.2,
                2.0
              ],
              "pivot": [
                6.0,
                28.0,
                0.0
              ],
              "rotation": [
                0.0,
                0.0,
                -15.0
              ],
              "uv": [
                58,
                43
              ],
              "inflate": 0
            },
            {
              "origin": [
                1.0,
                25.3,
                -3.8
              ],
              "size": [
                1.0,
                1.0,
                2.0
              ],
              "uv": [
                46,
                80
              ],
              "inflate": 0
            },
            {
              "origin": [
                -2.0,
                24.8,
                -3.8
              ],
              "size": [
                1.0,
                1.0,
                2.0
              ],
              "uv": [
                46,
                80
              ],
              "inflate": 0
            }
          ],
          "parent": "Body"
        },
        {
          "name": "bone7",
          "pivot": [
            -2,
            28,
            -3
          ],
          "cubes": [
            {
              "origin": [
                -3.2,
                26.5,
                -4.2
              ],
              "size": [
                2.4,
                2.4,
                2.0
              ],
              "uv": [
                38,
                27
              ],
              "inflate": 0
            },
            {
              "origin": [
                -3.0,
                26.7,
                -4.3
              ],
              "size": [
                2.0,
                2.0,
                0.0
              ],
              "uv": [
                0,
                2
              ],
              "inflate": 0
            }
          ],
          "parent": "Head"
        },
        {
          "name": "bone10",
          "pivot": [
            2,
            28,
            -3
          ],
          "cubes": [
            {
              "origin": [
                0.8,
                26.5,
                -4.2
              ],
              "size": [
                2.4,
                2.4,
                2.0
              ],
              "uv": [
                35,
                0
              ],
              "inflate": 0
            },
            {
              "origin": [
                1.0,
                26.7,
                -4.3
              ],
              "size": [
                2.0,
                2.0,
                0.0
              ],
              "uv": [
                0,
                0
              ],
              "inflate": 0
            }
          ],
          "parent": "Head"
        },
        {
          "name": "RightLeg",
          "pivot": [
            -2.3,
            12,
            0
          ],
          "cubes": [
            {
              "origin": [
                -4.5,
                6.9,
                -2.2
              ],
              "size": [
                4.4,
                6.2,
                4.4
              ],
              "uv": [
                45,
                27
              ],
              "inflate": 0
            },
            {
              "origin": [
                -4.3,
                7.0,
                -2.0
              ],
              "size": [
                4.0,
                6.0,
                4.0
              ],
              "uv": [
                36,
                39
              ],
              "inflate": 0
            }
          ],
          "parent": "Root",
          "rotation": [
            0,
            2.5,
            2.5
          ]
        },
        {
          "name": "bone",
          "pivot": [
            -2.3,
            7,
            0
          ],
          "cubes": [
            {
              "origin": [
                -4.3,
                2.0,
                -2.0
              ],
              "size": [
                4.0,
                5.0,
                4.0
              ],
              "uv": [
                53,
                15
              ],
              "inflate": 0
            },
            {
              "origin": [
                -4.5,
                1.9,
                -2.2
              ],
              "size": [
                4.4,
                5.2,
                4.4
              ],
              "uv": [
                14,
                51
              ],
              "inflate": 0
            }
          ],
          "parent": "RightLeg"
        },
        {
          "name": "bone2",
          "pivot": [
            -2.3,
            3,
            0
          ],
          "cubes": [
            {
              "origin": [
                -4.6,
                0.0,
                -5.3
              ],
              "size": [
                4.6,
                3.0,
                7.6
              ],
              "uv": [
                38,
                17
              ],
              "inflate": 0
            }
          ],
          "parent": "bone",
          "rotation": [
            0,
            0,
            -2.5
          ]
        }
      ]
    }
  ]
}