{
  "format_version": "1.8.0",
  "animations": {
    "animation.mr_stinger_and_ban.gfx": {
      "animation_length": 10,
      "bones": {
        "Root": {
          "position": [
            0,
            -32,
            0
          ],
          "scale": [
            2,
            2,
            2
          ]
        },
        "Body": {
          "position": [
            0,
            0,
            0
          ]
        },
        "RightLeg": {
          "rotation": [
            -30,
            0,
            0
          ]
        },
        "bone": {
          "rotation": {
            "0.0": [
              -57.5,
              0,
              0
            ],
            "4.0": [
              -42.5,
              0,
              0
            ]
          }
        },
        "bone2": {
          "rotation": [
            27.5,
            0,
            0
          ]
        },
        "RightLeg2": {
          "rotation": [
            -12.98886,
            35.49468,
            68.32789
          ]
        },
        "bone7": {
          "rotation": {
            "0.0": [
              -57.08026,
              -29.17151,
              -26.5183
            ],
            "4.0": [
              -57.08,
              -29.17,
              -26.52
            ]
          },
          "position": [
            0,
            0,
            0
          ],
          "scale": 0.7
        },
        "bone5": {
          "rotation": [
            0,
            0,
            0
          ],
          "scale": 1
        },
        "Root2": {
          "rotation": [
            27.2339,
            11.0311,
            -28.07555
          ],
          "position": [
            8,
            0,
            6
          ]
        },
        "bone8": {
          "rotation": [
            22.5,
            0,
            0
          ]
        },
        "LeftLeg": {
          "rotation": [
            -30,
            0,
            0
          ]
        },
        "bone10": {
          "rotation": {
            "0.0": [
              -57.5,
              0,
              0
            ],
            "4.0": [
              -35,
              0,
              0
            ]
          }
        },
        "bone11": {
          "rotation": [
            32.5,
            0,
            0
          ]
        },
        "bone14": {
          "rotation": [
            27.5,
            0,
            0
          ]
        }
      }
    }
  }
}