{
	"format_version": "1.12.0",
	"minecraft:geometry": [
		{
			"description": {
				"identifier": "geometry.blue",
				"texture_width": 128,
				"texture_height": 128,
				"visible_bounds_width": 3,
				"visible_bounds_height": 5,
				"visible_bounds_offset": [0, 1.5, 0]
			},
			"bones": [
				{
					"name": "all",
					"pivot": [0, 0, 0]
				},
				{
					"name": "body0",
					"parent": "all",
					"pivot": [0, 17, 0],
					"cubes": [
						{
							"origin": [-4, 17, -3],
							"size": [8, 1, 6],
							"uv": [0, 0]
						},
						{
							"origin": [-4, 17.5, -3.6],
							"size": [8, 1, 1],
							"uv": [0, 0]
						},
						{
							"origin": [-4.3, 18.3, -3.9],
							"size": [8.6, 1.9, 1.3],
							"uv": [0, 0]
						},
						{
							"origin": [-4.8, 20.2, -4.4],
							"size": [9.6, 1.5, 1.8],
							"uv": [0, 0]
						},
						{
							"origin": [-5.3, 21.7, -4.7],
							"size": [10.6, 1.5, 1.8],
							"uv": [0, 0]
						},
						{
							"origin": [-5.3, 23.2, -5],
							"size": [10.6, 2.2, 2],
							"uv": [0, 0]
						},
						{
							"origin": [-4, 17.5, 2.6],
							"size": [8, 1, 1],
							"uv": [0, 0]
						},
						{
							"origin": [-4.3, 18.3, 2.6],
							"size": [8.6, 1.9, 1.3],
							"uv": [0, 0]
						},
						{
							"origin": [-4.8, 20.2, 2.6],
							"size": [9.6, 1.5, 1.8],
							"uv": [0, 0]
						},
						{
							"origin": [-5.3, 21.7, 2.9],
							"size": [10.6, 1.5, 1.8],
							"uv": [0, 0]
						},
						{
							"origin": [-5.3, 23.2, 3],
							"size": [10.6, 2.2, 2],
							"uv": [0, 0]
						},
						{
							"origin": [-5.3, 23.2, 1],
							"size": [10.6, 2.2, 2],
							"uv": [0, 0]
						},
						{
							"origin": [-5.3, 23.2, -1],
							"size": [10.6, 2.2, 2],
							"uv": [0, 0]
						},
						{
							"origin": [-5.3, 23.2, -3],
							"size": [10.6, 2.2, 2],
							"uv": [0, 0]
						},
						{
							"origin": [3.8, 17.5, -3.3],
							"size": [1, 1, 6.3],
							"uv": [0, 0]
						},
						{
							"origin": [4.8, 20.2, -3.6],
							"size": [1, 1.5, 6.6],
							"uv": [0, 0]
						},
						{
							"origin": [5.3, 21.7, -4.2],
							"size": [1, 3.7, 7.2],
							"uv": [0, 0]
						},
						{
							"origin": [4.3, 18.2, -3.4],
							"size": [1, 2, 6.4],
							"uv": [0, 0]
						},
						{
							"origin": [-6.3, 21.7, -4.2],
							"size": [1, 3.7, 7.2],
							"uv": [0, 0],
							"mirror": true
						},
						{
							"origin": [-4.8, 17.5, -3.4],
							"size": [1, 1, 6.4],
							"uv": [0, 0],
							"mirror": true
						},
						{
							"origin": [-5.3, 18.2, -3.4],
							"size": [1, 2, 6.4],
							"uv": [0, 0],
							"mirror": true
						},
						{
							"origin": [-5.8, 20.2, -3.6],
							"size": [1, 1.5, 6.6],
							"uv": [0, 0],
							"mirror": true
						},
						{
							"origin": [4.3, 18.2, -3],
							"size": [1, 2, 6.4],
							"uv": [0, 0]
						},
						{
							"origin": [4.8, 20.2, -3],
							"size": [1, 1.5, 6.6],
							"uv": [0, 0]
						},
						{
							"origin": [5.3, 21.7, -3],
							"size": [1, 3.7, 7.2],
							"uv": [0, 0]
						},
						{
							"origin": [3.8, 17.5, -3],
							"size": [1, 1, 6.3],
							"uv": [0, 0]
						},
						{
							"origin": [-4.8, 17.5, -3],
							"size": [1, 1, 6.4],
							"uv": [0, 0],
							"mirror": true
						},
						{
							"origin": [-5.3, 18.2, -3],
							"size": [1, 2, 6.4],
							"uv": [0, 0],
							"mirror": true
						},
						{
							"origin": [-5.8, 20.2, -3],
							"size": [1, 1.5, 6.6],
							"uv": [0, 0],
							"mirror": true
						},
						{
							"origin": [-6.3, 21.7, -3],
							"size": [1, 3.7, 7.2],
							"uv": [0, 0],
							"mirror": true
						}
					]
				},
				{
					"name": "body1",
					"parent": "body0",
					"pivot": [0, 25.4, 0],
					"cubes": [
						{
							"origin": [-4, 36, -3],
							"size": [8, 1, 6],
							"uv": [0, 0]
						},
						{
							"origin": [-4, 35.5, -3.6],
							"size": [8, 1, 1],
							"uv": [0, 0]
						},
						{
							"origin": [-4.3, 33.8, -3.9],
							"size": [8.6, 1.9, 1.3],
							"uv": [0, 0]
						},
						{
							"origin": [-4.8, 32.3, -4.4],
							"size": [9.6, 1.5, 1.8],
							"uv": [0, 0]
						},
						{
							"origin": [-5.3, 30.8, -4.7],
							"size": [10.6, 1.5, 1.8],
							"uv": [0, 0]
						},
						{
							"origin": [-5.3, 28.6, -5],
							"size": [10.6, 2.2, 2],
							"uv": [0, 0]
						},
						{
							"origin": [-5.7, 25.4, -5.3],
							"size": [11.3, 3.3, 2.3],
							"uv": [0, 0]
						},
						{
							"origin": [-4, 35.5, 2.6],
							"size": [8, 1, 1],
							"uv": [0, 0]
						},
						{
							"origin": [-4.3, 33.8, 2.6],
							"size": [8.6, 1.9, 1.3],
							"uv": [0, 0]
						},
						{
							"origin": [-4.8, 32.3, 2.6],
							"size": [9.6, 1.5, 1.8],
							"uv": [0, 0]
						},
						{
							"origin": [-5.3, 30.8, 2.9],
							"size": [10.6, 1.5, 1.8],
							"uv": [0, 0]
						},
						{
							"origin": [-5.3, 28.6, 3],
							"size": [10.6, 2.2, 2],
							"uv": [0, 0]
						},
						{
							"origin": [-5.7, 25.4, 3],
							"size": [11.3, 3.3, 2.3],
							"uv": [0, 0]
						},
						{
							"origin": [-5.7, 25.4, 1],
							"size": [11.3, 3.3, 2.3],
							"uv": [0, 0]
						},
						{
							"origin": [-5.7, 25.4, -1],
							"size": [11.3, 3.3, 2.3],
							"uv": [0, 0]
						},
						{
							"origin": [-5.7, 25.4, -3],
							"size": [11.3, 3.3, 2.3],
							"uv": [0, 0]
						},
						{
							"origin": [3.8, 35.5, -3.3],
							"size": [1, 1, 6.3],
							"uv": [0, 0]
						},
						{
							"origin": [4.8, 32.3, -3.6],
							"size": [1, 1.5, 6.6],
							"uv": [0, 0]
						},
						{
							"origin": [5.3, 28.6, -4.2],
							"size": [1, 3.7, 7.2],
							"uv": [0, 0]
						},
						{
							"origin": [5.6, 25.4, -4.7],
							"size": [1, 3.3, 7.7],
							"uv": [0, 0]
						},
						{
							"origin": [-6.6, 25.4, -4.7],
							"size": [1, 3.3, 7.7],
							"uv": [0, 0],
							"mirror": true
						},
						{
							"origin": [4.3, 33.8, -3.4],
							"size": [1, 2, 6.4],
							"uv": [0, 0]
						},
						{
							"origin": [-6.3, 28.6, -4.2],
							"size": [1, 3.7, 7.2],
							"uv": [0, 0],
							"mirror": true
						},
						{
							"origin": [-4.8, 35.5, -3.4],
							"size": [1, 1, 6.4],
							"uv": [0, 0],
							"mirror": true
						},
						{
							"origin": [-5.3, 33.8, -3.4],
							"size": [1, 2, 6.4],
							"uv": [0, 0],
							"mirror": true
						},
						{
							"origin": [-5.8, 32.3, -3.6],
							"size": [1, 1.5, 6.6],
							"uv": [0, 0],
							"mirror": true
						},
						{
							"origin": [4.3, 33.8, -3],
							"size": [1, 2, 6.4],
							"uv": [0, 0]
						},
						{
							"origin": [4.8, 32.3, -3],
							"size": [1, 1.5, 6.6],
							"uv": [0, 0]
						},
						{
							"origin": [5.3, 28.6, -3],
							"size": [1, 3.7, 7.2],
							"uv": [0, 0]
						},
						{
							"origin": [5.6, 25.4, -3],
							"size": [1, 3.3, 7.7],
							"uv": [0, 0]
						},
						{
							"origin": [3.8, 35.5, -3],
							"size": [1, 1, 6.3],
							"uv": [0, 0]
						},
						{
							"origin": [-4.8, 35.5, -3],
							"size": [1, 1, 6.4],
							"uv": [0, 0],
							"mirror": true
						},
						{
							"origin": [-5.3, 33.8, -3],
							"size": [1, 2, 6.4],
							"uv": [0, 0],
							"mirror": true
						},
						{
							"origin": [-5.8, 32.3, -3],
							"size": [1, 1.5, 6.6],
							"uv": [0, 0],
							"mirror": true
						},
						{
							"origin": [-6.3, 28.6, -3],
							"size": [1, 3.7, 7.2],
							"uv": [0, 0],
							"mirror": true
						},
						{
							"origin": [-6.6, 25.4, -3],
							"size": [1, 3.3, 7.7],
							"uv": [0, 0],
							"mirror": true
						}
					]
				},
				{
					"name": "head",
					"parent": "body1",
					"pivot": [0, 37, 0],
					"cubes": [
						{
							"origin": [-5, 37, -5],
							"size": [10, 1, 10],
							"uv": [0, 0]
						},
						{
							"origin": [-5, 37.4, 4.6],
							"size": [10, 1, 1],
							"uv": [0, 0]
						},
						{
							"origin": [-5.5, 37.9, 4.8],
							"size": [11, 1, 1],
							"uv": [0, 0]
						},
						{
							"origin": [-5.5, 38.9, 5],
							"size": [11, 1.2, 1],
							"uv": [0, 0]
						},
						{
							"origin": [-5.5, 45.2, 5],
							"size": [11, 1.2, 1],
							"uv": [0, 0]
						},
						{
							"origin": [-5.5, 46.2, 4.7],
							"size": [11, 1.2, 1],
							"uv": [0, 0]
						},
						{
							"origin": [-4.8, 46.9, 4.3],
							"size": [9.6, 1.2, 1],
							"uv": [0, 0]
						},
						{
							"origin": [-5.9, 40.1, 5],
							"size": [11.8, 5.3, 1.1],
							"uv": [0, 0]
						},
						{
							"origin": [-4.8, 46.9, -5.3],
							"size": [9.6, 1.2, 1],
							"uv": [0, 0]
						},
						{
							"origin": [-5.5, 46.2, -5.7],
							"size": [11, 1.2, 1],
							"uv": [0, 0]
						},
						{
							"origin": [-5.5, 45.2, -6],
							"size": [11, 1.2, 1],
							"uv": [0, 0]
						},
						{
							"origin": [-5.9, 40.1, -6.1],
							"size": [11.8, 5.3, 1.1],
							"uv": [0, 0]
						},
						{
							"origin": [-5.5, 38.9, -6],
							"size": [11, 1.2, 1],
							"uv": [0, 0]
						},
						{
							"origin": [-5.8, 45.2, -5.4],
							"size": [11, 1.2, 1],
							"uv": [0, 0]
						},
						{
							"origin": [-6.2, 40.1, -5.5],
							"size": [11.8, 5.3, 1.1],
							"uv": [0, 0]
						},
						{
							"origin": [-5.8, 38.9, -5.4],
							"size": [11, 1.2, 1],
							"uv": [0, 0]
						},
						{
							"origin": [-5.2, 45.2, -5.4],
							"size": [11, 1.2, 1],
							"uv": [0, 0],
							"mirror": true
						},
						{
							"origin": [-5.6, 40.1, -5.5],
							"size": [11.8, 5.3, 1.1],
							"uv": [0, 0],
							"mirror": true
						},
						{
							"origin": [-5.2, 38.9, -5.4],
							"size": [11, 1.2, 1],
							"uv": [0, 0],
							"mirror": true
						},
						{
							"origin": [-5.5, 37.9, -5.8],
							"size": [11, 1, 1],
							"uv": [0, 0]
						},
						{
							"origin": [-5, 37.4, -5.6],
							"size": [10, 1, 1],
							"uv": [0, 0]
						},
						{
							"origin": [4.7, 37.4, -5],
							"size": [1, 1, 10],
							"uv": [0, 0]
						},
						{
							"origin": [5.2, 38.1, -5],
							"size": [1, 2, 10],
							"uv": [0, 0]
						},
						{
							"origin": [5.6, 39.4, -5],
							"size": [1, 6, 10],
							"uv": [0, 0]
						},
						{
							"origin": [5.2, 44.8, -5],
							"size": [1, 2, 10],
							"uv": [0, 0]
						},
						{
							"origin": [4.8, 46.4, -5],
							"size": [1, 1, 10],
							"uv": [0, 0]
						},
						{
							"origin": [4.4, 47.1, -5],
							"size": [1, 1, 9.8],
							"uv": [0, 0]
						},
						{
							"origin": [-5.4, 47.1, -5],
							"size": [1, 1, 9.8],
							"uv": [0, 0],
							"mirror": true
						},
						{
							"origin": [-4.9, 47.6, -5],
							"size": [5, 1, 9.6],
							"uv": [0, 0],
							"mirror": true
						},
						{
							"origin": [-0.1, 47.6, -5],
							"size": [5, 1, 9.6],
							"uv": [0, 0]
						},
						{
							"origin": [-6.2, 44.8, -5],
							"size": [1, 2, 10],
							"uv": [0, 0],
							"mirror": true
						},
						{
							"origin": [-5.8, 46.4, -5],
							"size": [1, 1, 10],
							"uv": [0, 0],
							"mirror": true
						},
						{
							"origin": [-6.6, 39.4, -5],
							"size": [1, 6, 10],
							"uv": [0, 0],
							"mirror": true
						},
						{
							"origin": [-6.2, 38.1, -5],
							"size": [1, 2, 10],
							"uv": [0, 0],
							"mirror": true
						},
						{
							"origin": [-5.7, 37.4, -5],
							"size": [1, 1, 10],
							"uv": [0, 0],
							"mirror": true
						}
					]
				},
				{
					"name": "eye0",
					"parent": "head",
					"pivot": [-3.7, 43.8, -5.7],
					"cubes": [
						{
							"origin": [-5.2, 42.3, -6.7],
							"size": [3, 3, 2],
							"uv": [86, 114]
						}
					]
				},
				{
					"name": "eye1",
					"parent": "eye0",
					"pivot": [-3.7, 43.8, -6],
					"cubes": [
						{
							"origin": [-5.2, 42.3, -7],
							"size": [3, 3, 2],
							"inflate": -0.2,
							"uv": [106, 15]
						}
					]
				},
				{
					"name": "eye2",
					"parent": "head",
					"pivot": [3.7, 43.8, -5.7],
					"cubes": [
						{
							"origin": [2.2, 42.3, -6.7],
							"size": [3, 3, 2],
							"uv": [86, 114],
							"mirror": true
						}
					]
				},
				{
					"name": "eye3",
					"parent": "eye2",
					"pivot": [3.7, 43.8, -6],
					"cubes": [
						{
							"origin": [2.5, 45.2, -7],
							"size": [3.6, 1, 2],
							"inflate": -0.2,
							"pivot": [7.4, 43.7, -6],
							"rotation": [0, 0, -32.5],
							"uv": [106, 15],
							"mirror": true
						},
						{
							"origin": [1.3, 45.2, -7],
							"size": [3.6, 1, 2],
							"inflate": -0.2,
							"pivot": [0, 43.7, -6],
							"rotation": [0, 0, 32.5],
							"uv": [106, 15]
						}
					]
				},
				{
					"name": "mouth",
					"parent": "head",
					"pivot": [0, 39.7, -5.3],
					"cubes": [
						{
							"origin": [-1, 38.7, -6.3],
							"size": [2, 2, 2],
							"uv": [114, 11]
						},
						{
							"origin": [0.7, 39.1, -6.3],
							"size": [2, 1.8, 2],
							"uv": [114, 11]
						},
						{
							"origin": [0.7, 38.9, -6.3],
							"size": [1, 1, 2],
							"uv": [114, 11]
						},
						{
							"origin": [0.7, 38.9, -6.3],
							"size": [1, 1, 2],
							"inflate": 0.01,
							"uv": [93, 69]
						},
						{
							"origin": [1.4, 38.9, -6.3],
							"size": [1, 1, 2],
							"inflate": 0.01,
							"uv": [93, 69]
						},
						{
							"origin": [1.4, 38.5, -6.1],
							"size": [1, 1, 2],
							"inflate": 0.01,
							"uv": [93, 69]
						},
						{
							"origin": [2, 38.1, -6.1],
							"size": [1, 1, 2],
							"inflate": 0.01,
							"uv": [93, 69]
						},
						{
							"origin": [2, 37, -6.1],
							"size": [1, 1.5, 2],
							"inflate": -0.1,
							"uv": [93, 69]
						},
						{
							"origin": [2, 36.5, -6.1],
							"size": [1, 1, 1],
							"inflate": 0.03,
							"uv": [93, 69]
						},
						{
							"origin": [2.2, 39, -6.3],
							"size": [1, 1, 2],
							"inflate": 0.01,
							"uv": [93, 69]
						},
						{
							"origin": [2.5, 38.7, -6.1],
							"size": [1, 1, 2],
							"inflate": 0.01,
							"uv": [93, 69]
						},
						{
							"origin": [2.7, 39.3, -6.3],
							"size": [1, 1, 2],
							"uv": [114, 11]
						},
						{
							"origin": [-3.7, 39.3, -6.3],
							"size": [1, 1, 2],
							"uv": [114, 11],
							"mirror": true
						},
						{
							"origin": [-1.7, 38.9, -6.3],
							"size": [1, 1, 2],
							"uv": [114, 11],
							"mirror": true
						},
						{
							"origin": [1.7, 39.7, -6.3],
							"size": [2.8, 1.6, 2],
							"uv": [114, 11]
						},
						{
							"origin": [-2.7, 39.1, -6.3],
							"size": [2, 1.8, 2],
							"uv": [114, 11],
							"mirror": true
						},
						{
							"origin": [-4.5, 39.7, -6.3],
							"size": [2.8, 1.6, 2],
							"uv": [114, 11],
							"mirror": true
						}
					]
				},
				{
					"name": "bone",
					"parent": "head",
					"pivot": [0, 48.6, 0],
					"cubes": [
						{
							"origin": [-1, 48.6, -4.5],
							"size": [2, 4, 1],
							"uv": [13, 105]
						},
						{
							"origin": [-4, 48.6, -2.5],
							"size": [1, 4, 2],
							"uv": [13, 105]
						},
						{
							"origin": [3, 48.6, -2.5],
							"size": [1, 4, 2],
							"uv": [13, 105],
							"mirror": true
						},
						{
							"origin": [-3, 48.6, -3.5],
							"size": [2, 2, 1],
							"uv": [13, 105]
						},
						{
							"origin": [1, 48.6, -3.5],
							"size": [2, 2, 1],
							"uv": [13, 105]
						},
						{
							"origin": [3, 48.6, 0.5],
							"size": [1, 4, 2],
							"uv": [13, 105],
							"mirror": true
						},
						{
							"origin": [1, 48.6, 2.5],
							"size": [2, 2, 1],
							"uv": [13, 105]
						},
						{
							"origin": [3, 48.6, -0.5],
							"size": [1, 2, 1],
							"uv": [13, 105]
						},
						{
							"origin": [-4, 48.6, -0.5],
							"size": [1, 2, 1],
							"uv": [13, 105],
							"mirror": true
						},
						{
							"origin": [-1, 48.6, 3.5],
							"size": [2, 4, 1],
							"uv": [13, 105]
						},
						{
							"origin": [-3, 48.6, 2.5],
							"size": [2, 2, 1],
							"uv": [13, 105]
						},
						{
							"origin": [-4, 48.6, 0.5],
							"size": [1, 4, 2],
							"uv": [13, 105]
						}
					]
				},
				{
					"name": "arm0",
					"parent": "body1",
					"pivot": [5, 35.4, 0],
					"rotation": [0, 0, -15],
					"cubes": [
						{
							"origin": [5, 34.4, -2],
							"size": [4, 1, 4],
							"uv": [0, 0]
						},
						{
							"origin": [4.8, 29.8, -2],
							"size": [1, 5, 4],
							"uv": [0, 0]
						},
						{
							"origin": [8.2, 29.8, -2],
							"size": [1, 5, 4],
							"uv": [0, 0]
						},
						{
							"origin": [5, 29.8, -2.2],
							"size": [4, 5, 1],
							"uv": [0, 0]
						},
						{
							"origin": [5, 29.8, 1.2],
							"size": [4, 5, 1],
							"uv": [0, 0]
						},
						{
							"origin": [5, 25.8, 1.2],
							"size": [4, 4, 1],
							"inflate": 0.2,
							"uv": [0, 0]
						},
						{
							"origin": [5, 25.8, -2.2],
							"size": [4, 4, 1],
							"inflate": 0.2,
							"uv": [0, 0]
						},
						{
							"origin": [8.2, 25.8, -2],
							"size": [1, 4, 4],
							"inflate": 0.2,
							"uv": [0, 0]
						},
						{
							"origin": [4.8, 25.8, -2],
							"size": [1, 4, 4],
							"inflate": 0.2,
							"uv": [0, 0]
						},
						{
							"origin": [6.8, 25.8, -2],
							"size": [1, 4, 4],
							"inflate": 0.2,
							"uv": [0, 0]
						},
						{
							"origin": [5.8, 25.8, -2],
							"size": [1, 4, 4],
							"inflate": 0.2,
							"uv": [0, 0]
						}
					]
				},
				{
					"name": "arm1",
					"parent": "arm0",
					"pivot": [7, 25.6, 0],
					"cubes": [
						{
							"origin": [5, 24.6, -2],
							"size": [4, 1, 4],
							"uv": [0, 0]
						},
						{
							"origin": [5, 18, 1.2],
							"size": [4, 8, 1],
							"inflate": 0.2,
							"uv": [0, 0]
						},
						{
							"origin": [5, 18, -2.2],
							"size": [4, 8, 1],
							"inflate": 0.2,
							"uv": [0, 0]
						},
						{
							"origin": [8.2, 18, -2],
							"size": [1, 8, 4],
							"inflate": 0.2,
							"uv": [0, 0]
						},
						{
							"origin": [6.4, 17.5, -2],
							"size": [2.6, 8, 4],
							"inflate": 0.2,
							"uv": [0, 0]
						},
						{
							"origin": [4.8, 18, -2],
							"size": [1, 8, 4],
							"inflate": 0.2,
							"uv": [0, 0]
						},
						{
							"origin": [5, 17.5, -2],
							"size": [2.6, 8, 4],
							"inflate": 0.2,
							"uv": [0, 0]
						},
						{
							"origin": [5, 17, -2],
							"size": [2.6, 8, 4],
							"uv": [0, 0]
						},
						{
							"origin": [6.4, 17, -2],
							"size": [2.6, 8, 4],
							"uv": [0, 0]
						}
					]
				},
				{
					"name": "arm2",
					"parent": "body1",
					"pivot": [-5, 35.4, 0],
					"rotation": [0, 0, 15],
					"cubes": [
						{
							"origin": [-9, 34.4, -2],
							"size": [4, 1, 4],
							"uv": [0, 0],
							"mirror": true
						},
						{
							"origin": [-5.8, 29.8, -2],
							"size": [1, 5, 4],
							"uv": [0, 0],
							"mirror": true
						},
						{
							"origin": [-9.2, 29.8, -2],
							"size": [1, 5, 4],
							"uv": [0, 0],
							"mirror": true
						},
						{
							"origin": [-9, 29.8, -2.2],
							"size": [4, 5, 1],
							"uv": [0, 0],
							"mirror": true
						},
						{
							"origin": [-9, 29.8, 1.2],
							"size": [4, 5, 1],
							"uv": [0, 0],
							"mirror": true
						},
						{
							"origin": [-9, 25.8, 1.2],
							"size": [4, 4, 1],
							"inflate": 0.2,
							"uv": [0, 0],
							"mirror": true
						},
						{
							"origin": [-9, 25.8, -2.2],
							"size": [4, 4, 1],
							"inflate": 0.2,
							"uv": [0, 0],
							"mirror": true
						},
						{
							"origin": [-9.2, 25.8, -2],
							"size": [1, 4, 4],
							"inflate": 0.2,
							"uv": [0, 0],
							"mirror": true
						},
						{
							"origin": [-5.8, 25.8, -2],
							"size": [1, 4, 4],
							"inflate": 0.2,
							"uv": [0, 0],
							"mirror": true
						},
						{
							"origin": [-7.8, 25.8, -2],
							"size": [1, 4, 4],
							"inflate": 0.2,
							"uv": [0, 0],
							"mirror": true
						},
						{
							"origin": [-6.8, 25.8, -2],
							"size": [1, 4, 4],
							"inflate": 0.2,
							"uv": [0, 0],
							"mirror": true
						}
					]
				},
				{
					"name": "arm3",
					"parent": "arm2",
					"pivot": [-7, 25.6, 0],
					"cubes": [
						{
							"origin": [-9, 24.6, -2],
							"size": [4, 1, 4],
							"uv": [0, 0],
							"mirror": true
						},
						{
							"origin": [-9, 18, 1.2],
							"size": [4, 8, 1],
							"inflate": 0.2,
							"uv": [0, 0],
							"mirror": true
						},
						{
							"origin": [-9, 18, -2.2],
							"size": [4, 8, 1],
							"inflate": 0.2,
							"uv": [0, 0],
							"mirror": true
						},
						{
							"origin": [-9.2, 18, -2],
							"size": [1, 8, 4],
							"inflate": 0.2,
							"uv": [0, 0],
							"mirror": true
						},
						{
							"origin": [-9, 17.5, -2],
							"size": [2.6, 8, 4],
							"inflate": 0.2,
							"uv": [0, 0],
							"mirror": true
						},
						{
							"origin": [-5.8, 18, -2],
							"size": [1, 8, 4],
							"inflate": 0.2,
							"uv": [0, 0],
							"mirror": true
						},
						{
							"origin": [-7.6, 17.5, -2],
							"size": [2.6, 8, 4],
							"inflate": 0.2,
							"uv": [0, 0],
							"mirror": true
						},
						{
							"origin": [-7.6, 17, -2],
							"size": [2.6, 8, 4],
							"uv": [0, 0],
							"mirror": true
						},
						{
							"origin": [-9, 17, -2],
							"size": [2.6, 8, 4],
							"uv": [0, 0],
							"mirror": true
						}
					]
				},
				{
					"name": "leg0",
					"parent": "all",
					"pivot": [3, 18.4, 0],
					"rotation": [0, -5, -5],
					"cubes": [
						{
							"origin": [1, 17.4, -2],
							"size": [4, 1, 4],
							"uv": [0, 0]
						},
						{
							"origin": [0.8, 12.8, -2],
							"size": [1, 5, 4],
							"uv": [0, 0]
						},
						{
							"origin": [4.2, 12.8, -2],
							"size": [1, 5, 4],
							"uv": [0, 0]
						},
						{
							"origin": [1, 12.8, -2.2],
							"size": [4, 5, 1],
							"uv": [0, 0]
						},
						{
							"origin": [1, 12.8, 1.2],
							"size": [4, 5, 1],
							"uv": [0, 0]
						},
						{
							"origin": [1, 8.8, 1.2],
							"size": [4, 4, 1],
							"inflate": 0.2,
							"uv": [0, 0]
						},
						{
							"origin": [1, 8.8, -2.2],
							"size": [4, 4, 1],
							"inflate": 0.2,
							"uv": [0, 0]
						},
						{
							"origin": [4.2, 8.8, -2],
							"size": [1, 4, 4],
							"inflate": 0.2,
							"uv": [0, 0]
						},
						{
							"origin": [0.8, 8.8, -2],
							"size": [1, 4, 4],
							"inflate": 0.2,
							"uv": [0, 0]
						},
						{
							"origin": [2.8, 8.8, -2],
							"size": [1, 4, 4],
							"inflate": 0.2,
							"uv": [0, 0]
						},
						{
							"origin": [1.8, 8.8, -2],
							"size": [1, 4, 4],
							"inflate": 0.2,
							"uv": [0, 0]
						}
					]
				},
				{
					"name": "leg1",
					"parent": "leg0",
					"pivot": [3, 8.6, 0],
					"cubes": [
						{
							"origin": [1, 7.6, -2],
							"size": [4, 1, 4],
							"uv": [0, 0]
						},
						{
							"origin": [1, 1, 1.2],
							"size": [4, 8, 1],
							"inflate": 0.2,
							"uv": [0, 0]
						},
						{
							"origin": [1, 1, -2.2],
							"size": [4, 8, 1],
							"inflate": 0.2,
							"uv": [0, 0]
						},
						{
							"origin": [4.2, 1, -2],
							"size": [1, 8, 4],
							"inflate": 0.2,
							"uv": [0, 0]
						},
						{
							"origin": [2.4, 0.5, -2],
							"size": [2.6, 8, 4],
							"inflate": 0.2,
							"uv": [0, 0]
						},
						{
							"origin": [0.8, 1, -2],
							"size": [1, 8, 4],
							"inflate": 0.2,
							"uv": [0, 0]
						},
						{
							"origin": [1, 0.5, -2],
							"size": [2.6, 8, 4],
							"inflate": 0.2,
							"uv": [0, 0]
						},
						{
							"origin": [1, 0, -2],
							"size": [2.6, 8, 4],
							"uv": [0, 0]
						},
						{
							"origin": [2.4, 0, -2],
							"size": [2.6, 8, 4],
							"uv": [0, 0]
						}
					]
				},
				{
					"name": "leg2",
					"parent": "all",
					"pivot": [-3, 18.4, 0],
					"rotation": [0, 5, 5],
					"cubes": [
						{
							"origin": [-5, 17.4, -2],
							"size": [4, 1, 4],
							"uv": [0, 0],
							"mirror": true
						},
						{
							"origin": [-1.8, 12.8, -2],
							"size": [1, 5, 4],
							"uv": [0, 0],
							"mirror": true
						},
						{
							"origin": [-5.2, 12.8, -2],
							"size": [1, 5, 4],
							"uv": [0, 0],
							"mirror": true
						},
						{
							"origin": [-5, 12.8, -2.2],
							"size": [4, 5, 1],
							"uv": [0, 0],
							"mirror": true
						},
						{
							"origin": [-5, 12.8, 1.2],
							"size": [4, 5, 1],
							"uv": [0, 0],
							"mirror": true
						},
						{
							"origin": [-5, 8.8, 1.2],
							"size": [4, 4, 1],
							"inflate": 0.2,
							"uv": [0, 0],
							"mirror": true
						},
						{
							"origin": [-5, 8.8, -2.2],
							"size": [4, 4, 1],
							"inflate": 0.2,
							"uv": [0, 0],
							"mirror": true
						},
						{
							"origin": [-5.2, 8.8, -2],
							"size": [1, 4, 4],
							"inflate": 0.2,
							"uv": [0, 0],
							"mirror": true
						},
						{
							"origin": [-1.8, 8.8, -2],
							"size": [1, 4, 4],
							"inflate": 0.2,
							"uv": [0, 0],
							"mirror": true
						},
						{
							"origin": [-3.8, 8.8, -2],
							"size": [1, 4, 4],
							"inflate": 0.2,
							"uv": [0, 0],
							"mirror": true
						},
						{
							"origin": [-2.8, 8.8, -2],
							"size": [1, 4, 4],
							"inflate": 0.2,
							"uv": [0, 0],
							"mirror": true
						}
					]
				},
				{
					"name": "leg3",
					"parent": "leg2",
					"pivot": [-3, 8.6, 0],
					"cubes": [
						{
							"origin": [-5, 7.6, -2],
							"size": [4, 1, 4],
							"uv": [0, 0],
							"mirror": true
						},
						{
							"origin": [-5, 1, 1.2],
							"size": [4, 8, 1],
							"inflate": 0.2,
							"uv": [0, 0],
							"mirror": true
						},
						{
							"origin": [-5, 1, -2.2],
							"size": [4, 8, 1],
							"inflate": 0.2,
							"uv": [0, 0],
							"mirror": true
						},
						{
							"origin": [-5.2, 1, -2],
							"size": [1, 8, 4],
							"inflate": 0.2,
							"uv": [0, 0],
							"mirror": true
						},
						{
							"origin": [-5, 0.5, -2],
							"size": [2.6, 8, 4],
							"inflate": 0.2,
							"uv": [0, 0],
							"mirror": true
						},
						{
							"origin": [-1.8, 1, -2],
							"size": [1, 8, 4],
							"inflate": 0.2,
							"uv": [0, 0],
							"mirror": true
						},
						{
							"origin": [-3.6, 0.5, -2],
							"size": [2.6, 8, 4],
							"inflate": 0.2,
							"uv": [0, 0],
							"mirror": true
						},
						{
							"origin": [-3.6, 0, -2],
							"size": [2.6, 8, 4],
							"uv": [0, 0],
							"mirror": true
						},
						{
							"origin": [-5, 0, -2],
							"size": [2.6, 8, 4],
							"uv": [0, 0],
							"mirror": true
						}
					]
				}
			]
		}
	]
}