{
	"format_version": "1.12.0",
	"minecraft:geometry": [
		{
			"description": {
				"identifier": "geometry.box",
				"texture_width": 128,
				"texture_height": 128,
				"visible_bounds_width": 3,
				"visible_bounds_height": 3,
				"visible_bounds_offset": [0, 0.5, 0]
			},
			"bones": [
				{
					"name": "bone",
					"pivot": [0, 0, 0],
					"cubes": [
						{"origin": [-9, 0, -10], "size": [1, 12, 20], "uv": [0, 0]},
						{"origin": [8, 7, -2], "size": [1, 5, 4], "inflate": 0.1, "uv": [91, 89], "mirror": true},
						{"origin": [-9, 7, -2], "size": [1, 5, 4], "inflate": 0.1, "uv": [91, 89]},
						{"origin": [-8, 12, -2], "size": [16, 1, 4], "inflate": 0.1, "uv": [91, 89]},
						{"origin": [8, 0, -10], "size": [1, 12, 20], "uv": [0, 0], "mirror": true},
						{"origin": [-8, 0, -11], "size": [16, 12, 1], "uv": [0, 0], "mirror": true},
						{"origin": [-8, 0, 10], "size": [16, 12, 1], "uv": [0, 0], "mirror": true},
						{"origin": [-8, 12, 0], "size": [16, 1, 10], "uv": [0, 0], "mirror": true},
						{"origin": [-8, 12, -10], "size": [16, 1, 10], "uv": [0, 0], "mirror": true}
					]
				}
			]
		}
	]
}