{
	"format_version": "1.12.0",
	"minecraft:geometry": [
		{
			"description": {
				"identifier": "geometry.green",
				"texture_width": 128,
				"texture_height": 128,
				"visible_bounds_width": 13,
				"visible_bounds_height": 6.5,
				"visible_bounds_offset": [0, 2.75, 0]
			},
			"bones": [
				{
					"name": "all",
					"pivot": [0, 0, 0]
				},
				{
					"name": "body0",
					"parent": "all",
					"pivot": [0, 13, 0],
					"cubes": [
						{"origin": [-4, 21, -4], "size": [8, 3, 8], "uv": [0, 0]},
						{"origin": [-4.5, 21, -4], "size": [8, 3, 8], "uv": [0, 0]},
						{"origin": [-4, 21, -3.4], "size": [8, 3, 8], "uv": [0, 0]},
						{"origin": [-3.5, 21, -4], "size": [8, 3, 8], "uv": [0, 0], "mirror": true},
						{"origin": [-4, 21, -4.6], "size": [8, 3, 8], "uv": [0, 0]},
						{"origin": [-4, 11, -3.4], "size": [8, 3, 8], "uv": [0, 0]},
						{"origin": [-3.5, 11, -4], "size": [8, 3, 8], "uv": [0, 0], "mirror": true},
						{"origin": [-4, 11, -4.6], "size": [8, 3, 8], "uv": [0, 0]},
						{"origin": [-4.5, 11, -4], "size": [8, 3, 8], "uv": [0, 0]},
						{"origin": [-4, 11, -4], "size": [8, 3, 8], "uv": [0, 0]},
						{"origin": [-4, 12, -4], "size": [8, 11, 8], "inflate": 0.15, "uv": [0, 0]},
						{"origin": [-4, 12, -4.6], "size": [8, 11, 8], "inflate": 0.15, "uv": [0, 0]},
						{"origin": [-4.5, 12, -4], "size": [8, 11, 8], "inflate": 0.15, "uv": [0, 0]},
						{"origin": [-4, 12, -3.4], "size": [8, 11, 8], "inflate": 0.15, "uv": [0, 0]},
						{"origin": [-3.5, 12, -4], "size": [8, 11, 8], "inflate": 0.15, "uv": [0, 0], "mirror": true}
					]
				},
				{
					"name": "body1",
					"parent": "body0",
					"pivot": [0, 22, 0],
					"cubes": [
						{"origin": [-4, 32, -4], "size": [8, 1, 8], "uv": [0, 0]},
						{"origin": [-4.5, 32, -4], "size": [8, 1, 8], "uv": [0, 0]},
						{"origin": [-4, 32, -3.4], "size": [8, 1, 8], "uv": [0, 0]},
						{"origin": [-3.5, 32, -4], "size": [8, 1, 8], "uv": [0, 0], "mirror": true},
						{"origin": [-4, 32, -4.6], "size": [8, 1, 8], "uv": [0, 0]},
						{"origin": [-4, 22, -3.4], "size": [8, 1, 8], "uv": [0, 0]},
						{"origin": [-3.5, 22, -4], "size": [8, 1, 8], "uv": [0, 0], "mirror": true},
						{"origin": [-4, 22, -4.6], "size": [8, 1, 8], "uv": [0, 0]},
						{"origin": [-4.5, 22, -4], "size": [8, 1, 8], "uv": [0, 0]},
						{"origin": [-4, 22, -4], "size": [8, 1, 8], "uv": [0, 0]},
						{"origin": [-4, 23, -4], "size": [8, 9, 8], "inflate": 0.15, "uv": [0, 0]},
						{"origin": [-4, 23, -4.6], "size": [8, 9, 8], "inflate": 0.15, "uv": [0, 0]},
						{"origin": [-4.5, 23, -4], "size": [8, 9, 8], "inflate": 0.15, "uv": [0, 0]},
						{"origin": [-4, 23, -3.4], "size": [8, 9, 8], "inflate": 0.15, "uv": [0, 0]},
						{"origin": [-3.5, 23, -4], "size": [8, 9, 8], "inflate": 0.15, "uv": [0, 0], "mirror": true}
					]
				},
				{
					"name": "body2",
					"parent": "body1",
					"pivot": [0, 31, 0],
					"cubes": [
						{"origin": [-4, 41, -4], "size": [8, 1, 8], "uv": [0, 0]},
						{"origin": [-4.5, 41, -4], "size": [8, 1, 8], "uv": [0, 0]},
						{"origin": [-4, 41, -3.4], "size": [8, 1, 8], "uv": [0, 0]},
						{"origin": [-3.5, 41, -4], "size": [8, 1, 8], "uv": [0, 0], "mirror": true},
						{"origin": [-4, 41, -4.6], "size": [8, 1, 8], "uv": [0, 0]},
						{"origin": [-4, 31, -3.4], "size": [8, 1, 8], "uv": [0, 0]},
						{"origin": [-3.5, 31, -4], "size": [8, 1, 8], "uv": [0, 0], "mirror": true},
						{"origin": [-4, 31, -4.6], "size": [8, 1, 8], "uv": [0, 0]},
						{"origin": [-4.5, 31, -4], "size": [8, 1, 8], "uv": [0, 0]},
						{"origin": [-4, 31, -4], "size": [8, 1, 8], "uv": [0, 0]},
						{"origin": [-4, 32, -4], "size": [8, 9, 8], "inflate": 0.15, "uv": [0, 0]},
						{"origin": [-4, 32, -4.6], "size": [8, 9, 8], "inflate": 0.15, "uv": [0, 0]},
						{"origin": [-4.5, 32, -4], "size": [8, 9, 8], "inflate": 0.15, "uv": [0, 0]},
						{"origin": [-4, 32, -3.4], "size": [8, 9, 8], "inflate": 0.15, "uv": [0, 0]},
						{"origin": [-3.5, 32, -4], "size": [8, 9, 8], "inflate": 0.15, "uv": [0, 0], "mirror": true}
					]
				},
				{
					"name": "head0",
					"parent": "body2",
					"pivot": [0, 41, 0]
				},
				{
					"name": "head",
					"parent": "head0",
					"pivot": [0, 47, 4],
					"rotation": [-22.5, 0, 0],
					"cubes": [
						{"origin": [-4, 47, -4], "size": [8, 1, 8], "inflate": 0.01, "uv": [102, 113]},
						{"origin": [-4, 45, 1], "size": [1, 2, 1], "inflate": 0.01, "uv": [0, 109]},
						{"origin": [-4, 45, -1], "size": [1, 2, 1], "inflate": 0.01, "uv": [0, 109]},
						{"origin": [-4, 45, -3], "size": [1, 2, 1], "inflate": 0.01, "uv": [0, 109]},
						{"origin": [-3, 45, -4], "size": [1, 2, 1], "inflate": 0.01, "uv": [0, 109]},
						{"origin": [2, 45, -4], "size": [1, 2, 1], "inflate": 0.01, "uv": [0, 109], "mirror": true},
						{"origin": [3, 45, -3], "size": [1, 2, 1], "inflate": 0.01, "uv": [0, 109], "mirror": true},
						{"origin": [3, 45, -1], "size": [1, 2, 1], "inflate": 0.01, "uv": [0, 109], "mirror": true},
						{"origin": [3, 45, 1], "size": [1, 2, 1], "inflate": 0.01, "uv": [0, 109], "mirror": true},
						{"origin": [-1.5, 45, -4], "size": [1, 2, 1], "inflate": 0.01, "uv": [0, 109]},
						{"origin": [0.5, 45, -4], "size": [1, 2, 1], "inflate": 0.01, "uv": [0, 109], "mirror": true},
						{"origin": [-4, 43, 3], "size": [8, 5, 1], "inflate": 0.01, "uv": [102, 113]},
						{"origin": [-4, 47, -5], "size": [8, 12, 1], "uv": [0, 0]},
						{"origin": [-4, 47, 4], "size": [8, 12, 1], "uv": [0, 0]},
						{"origin": [-4.6, 47, -4.5], "size": [1, 12, 8], "uv": [0, 0]},
						{"origin": [3.6, 47, -4.5], "size": [1, 12, 8], "uv": [0, 0], "mirror": true},
						{"origin": [3.6, 47, -3.5], "size": [1, 12, 8], "uv": [0, 0], "mirror": true},
						{"origin": [-4.6, 47, -3.5], "size": [1, 12, 8], "uv": [0, 0]},
						{"origin": [-4, 43, 4], "size": [8, 4, 1], "uv": [0, 0]},
						{"origin": [-4, 42.5, 3], "size": [8, 1, 1], "uv": [0, 0]},
						{"origin": [3.6, 43, 2.5], "size": [1, 4, 2], "uv": [0, 0], "mirror": true},
						{"origin": [-4.6, 43, 2.5], "size": [1, 4, 2], "uv": [0, 0]},
						{"origin": [-5, 47, -4], "size": [1, 12, 8], "uv": [0, 0]},
						{"origin": [-4.5, 59, -4], "size": [5, 1, 8], "uv": [0, 0]},
						{"origin": [-4, 59, -4.6], "size": [5, 1, 8], "uv": [0, 0]},
						{"origin": [-1, 59, -4.6], "size": [5, 1, 8], "uv": [0, 0], "mirror": true},
						{"origin": [-1, 59, -3.4], "size": [5, 1, 8], "uv": [0, 0], "mirror": true},
						{"origin": [-4, 59, -3.4], "size": [5, 1, 8], "uv": [0, 0]},
						{"origin": [0.4, 59, -4], "size": [4, 1, 8], "uv": [0, 0], "mirror": true},
						{"origin": [4, 47, -4], "size": [1, 12, 8], "uv": [0, 0], "mirror": true}
					]
				},
				{
					"name": "eye0",
					"parent": "head",
					"pivot": [2.5, 53.5, -3],
					"rotation": [0, -22.5, 0],
					"cubes": [
						{"origin": [0.6, 51.5, -6], "size": [4, 4, 3], "uv": [8, 105]}
					]
				},
				{
					"name": "eye1",
					"parent": "eye0",
					"pivot": [2.6, 53.5, -3],
					"cubes": [
						{"origin": [1.6, 52.5, -6.3], "size": [2, 2, 3], "inflate": -0.2, "uv": [84, 104]}
					]
				},
				{
					"name": "eye2",
					"parent": "head",
					"pivot": [-2.5, 53.5, -3],
					"rotation": [0, 22.5, 0],
					"cubes": [
						{"origin": [-4.6, 51.5, -6], "size": [4, 4, 3], "uv": [8, 105], "mirror": true}
					]
				},
				{
					"name": "eye3",
					"parent": "eye2",
					"pivot": [-2.6, 53.5, -3],
					"cubes": [
						{"origin": [-3.6, 52.5, -6.3], "size": [2, 2, 3], "inflate": -0.2, "uv": [84, 104], "mirror": true}
					]
				},
				{
					"name": "jaw",
					"parent": "head0",
					"pivot": [0, 46, 4],
					"cubes": [
						{"origin": [-4, 46, -4], "size": [8, 1, 8], "inflate": 0.01, "uv": [102, 113]},
						{"origin": [-4, 47, 0], "size": [1, 2, 1], "inflate": 0.01, "uv": [9, 104]},
						{"origin": [-4, 47, -2], "size": [1, 2, 1], "inflate": 0.01, "uv": [9, 104]},
						{"origin": [-4, 47, 2], "size": [1, 2, 1], "inflate": 0.01, "uv": [9, 104]},
						{"origin": [-4, 47, -4], "size": [1, 2, 1], "inflate": 0.01, "uv": [9, 104]},
						{"origin": [-2, 47, -4], "size": [1, 2, 1], "inflate": 0.01, "uv": [9, 104]},
						{"origin": [3, 47, 2], "size": [1, 2, 1], "inflate": 0.01, "uv": [9, 104], "mirror": true},
						{"origin": [3, 47, 0], "size": [1, 2, 1], "inflate": 0.01, "uv": [9, 104], "mirror": true},
						{"origin": [3, 47, -2], "size": [1, 2, 1], "inflate": 0.01, "uv": [9, 104], "mirror": true},
						{"origin": [3, 47, -4], "size": [1, 2, 1], "inflate": 0.01, "uv": [9, 104], "mirror": true},
						{"origin": [1, 47, -4], "size": [1, 2, 1], "inflate": 0.01, "uv": [9, 104], "mirror": true},
						{"origin": [-0.5, 47, -4], "size": [1, 2, 1], "inflate": 0.01, "uv": [9, 104]},
						{"origin": [-4, 42, -5], "size": [8, 5, 1], "uv": [0, 0]},
						{"origin": [-4, 42, 4], "size": [8, 5, 1], "uv": [0, 0]},
						{"origin": [-4.6, 42, -4.5], "size": [1, 5, 8], "uv": [0, 0]},
						{"origin": [3.6, 42, -4.5], "size": [1, 5, 8], "uv": [0, 0], "mirror": true},
						{"origin": [3.6, 42, -3.5], "size": [1, 5, 8], "uv": [0, 0], "mirror": true},
						{"origin": [-4.6, 42, -3.5], "size": [1, 5, 8], "uv": [0, 0]},
						{"origin": [-5, 42, -4], "size": [1, 5, 8], "uv": [0, 0]},
						{"origin": [-4.5, 41, -4], "size": [5, 1, 8], "uv": [0, 0]},
						{"origin": [-4, 41, -4.6], "size": [5, 1, 8], "uv": [0, 0]},
						{"origin": [-1, 41, -4.6], "size": [5, 1, 8], "uv": [0, 0], "mirror": true},
						{"origin": [-1, 41, -3.4], "size": [5, 1, 8], "uv": [0, 0], "mirror": true},
						{"origin": [-4, 41, -3.4], "size": [5, 1, 8], "uv": [0, 0]},
						{"origin": [0.4, 41, -4], "size": [4, 1, 8], "uv": [0, 0], "mirror": true},
						{"origin": [4, 42, -4], "size": [1, 5, 8], "uv": [0, 0], "mirror": true}
					]
				},
				{
					"name": "tongue",
					"parent": "jaw",
					"pivot": [0, 46, 2],
					"cubes": [
						{"origin": [-1, 47, -2], "size": [2, 1, 4], "uv": [116, 0]}
					]
				},
				{
					"name": "arm0",
					"parent": "body2",
					"pivot": [4.6, 38, 0],
					"cubes": [
						{"origin": [4.6, 36, -2], "size": [11, 4, 4], "uv": [0, 0]},
						{"origin": [3.6, 36, -2], "size": [11, 4, 4], "uv": [0, 0]},
						{"origin": [4.6, 40, -2], "size": [11, 1, 4], "uv": [0, 0]},
						{"origin": [4.6, 35, -2], "size": [11, 1, 4], "uv": [0, 0]},
						{"origin": [4.6, 36, -3], "size": [11, 4, 1], "uv": [0, 0]},
						{"origin": [4.6, 35.6, -2.6], "size": [11, 4, 1], "uv": [0, 0]},
						{"origin": [4.6, 35.6, 1.6], "size": [11, 4, 1], "uv": [0, 0]},
						{"origin": [4.6, 36, 2], "size": [11, 4, 1], "uv": [0, 0]},
						{"origin": [4.6, 36.4, 1.6], "size": [11, 4, 1], "uv": [0, 0]},
						{"origin": [4.6, 36.4, -2.6], "size": [11, 4, 1], "uv": [0, 0]}
					]
				},
				{
					"name": "arm1",
					"parent": "arm0",
					"pivot": [15.6, 38, 0],
					"cubes": [
						{"origin": [15.6, 36, -2], "size": [11, 4, 4], "uv": [0, 0]},
						{"origin": [15.6, 40, -2], "size": [11, 1, 4], "uv": [0, 0]},
						{"origin": [15.6, 35, -2], "size": [11, 1, 4], "uv": [0, 0]},
						{"origin": [15.6, 36, -3], "size": [11, 4, 1], "uv": [0, 0]},
						{"origin": [15.6, 35.6, -2.6], "size": [11, 4, 1], "uv": [0, 0]},
						{"origin": [15.6, 35.6, 1.6], "size": [11, 4, 1], "uv": [0, 0]},
						{"origin": [15.6, 36, 2], "size": [11, 4, 1], "uv": [0, 0]},
						{"origin": [15.6, 36.4, 1.6], "size": [11, 4, 1], "uv": [0, 0]},
						{"origin": [15.6, 36.4, -2.6], "size": [11, 4, 1], "uv": [0, 0]}
					]
				},
				{
					"name": "arm2",
					"parent": "arm1",
					"pivot": [26.6, 38, 0],
					"cubes": [
						{"origin": [26.6, 36, -2], "size": [11, 4, 4], "uv": [0, 0]},
						{"origin": [26.6, 40, -2], "size": [11, 1, 4], "uv": [0, 0]},
						{"origin": [26.6, 35, -2], "size": [11, 1, 4], "uv": [0, 0]},
						{"origin": [26.6, 36, -3], "size": [11, 4, 1], "uv": [0, 0]},
						{"origin": [26.6, 35.6, -2.6], "size": [11, 4, 1], "uv": [0, 0]},
						{"origin": [26.6, 35.6, 1.6], "size": [11, 4, 1], "uv": [0, 0]},
						{"origin": [26.6, 36, 2], "size": [11, 4, 1], "uv": [0, 0]},
						{"origin": [26.6, 36.4, 1.6], "size": [11, 4, 1], "uv": [0, 0]},
						{"origin": [26.6, 36.4, -2.6], "size": [11, 4, 1], "uv": [0, 0]}
					]
				},
				{
					"name": "arm3",
					"parent": "arm2",
					"pivot": [37.6, 38, 0],
					"cubes": [
						{"origin": [37.6, 36, -2], "size": [11, 4, 4], "uv": [0, 0]},
						{"origin": [37.6, 40, -2], "size": [11, 1, 4], "uv": [0, 0]},
						{"origin": [37.6, 35, -2], "size": [11, 1, 4], "uv": [0, 0]},
						{"origin": [37.6, 36, -3], "size": [11, 4, 1], "uv": [0, 0]},
						{"origin": [37.6, 35.6, -2.6], "size": [11, 4, 1], "uv": [0, 0]},
						{"origin": [37.6, 35.6, 1.6], "size": [11, 4, 1], "uv": [0, 0]},
						{"origin": [37.6, 36, 2], "size": [11, 4, 1], "uv": [0, 0]},
						{"origin": [37.6, 36.4, 1.6], "size": [11, 4, 1], "uv": [0, 0]},
						{"origin": [37.6, 36.4, -2.6], "size": [11, 4, 1], "uv": [0, 0]}
					]
				},
				{
					"name": "arm4",
					"parent": "arm3",
					"pivot": [48.6, 38, 0],
					"cubes": [
						{"origin": [48.6, 36, -2], "size": [11, 4, 4], "uv": [0, 0]},
						{"origin": [48.6, 40, -2], "size": [11, 1, 4], "uv": [0, 0]},
						{"origin": [48.6, 35, -2], "size": [11, 1, 4], "uv": [0, 0]},
						{"origin": [48.6, 36, -3], "size": [11, 4, 1], "uv": [0, 0]},
						{"origin": [48.6, 35.6, -2.6], "size": [11, 4, 1], "uv": [0, 0]},
						{"origin": [48.6, 35.6, 1.6], "size": [11, 4, 1], "uv": [0, 0]},
						{"origin": [48.6, 36, 2], "size": [11, 4, 1], "uv": [0, 0]},
						{"origin": [48.6, 36.4, 1.6], "size": [11, 4, 1], "uv": [0, 0]},
						{"origin": [48.6, 36.4, -2.6], "size": [11, 4, 1], "uv": [0, 0]}
					]
				},
				{
					"name": "arm5",
					"parent": "arm4",
					"pivot": [59.6, 38, 0],
					"cubes": [
						{"origin": [59.6, 36, -2], "size": [11, 4, 4], "uv": [0, 0]},
						{"origin": [59.6, 40, -2], "size": [11, 1, 4], "uv": [0, 0]},
						{"origin": [59.6, 35, -2], "size": [11, 1, 4], "uv": [0, 0]},
						{"origin": [59.6, 36, -3], "size": [11, 4, 1], "uv": [0, 0]},
						{"origin": [59.6, 35.6, -2.6], "size": [11, 4, 1], "uv": [0, 0]},
						{"origin": [59.6, 35.6, 1.6], "size": [11, 4, 1], "uv": [0, 0]},
						{"origin": [59.6, 36, 2], "size": [11, 4, 1], "uv": [0, 0]},
						{"origin": [59.6, 36.4, 1.6], "size": [11, 4, 1], "uv": [0, 0]},
						{"origin": [59.6, 36.4, -2.6], "size": [11, 4, 1], "uv": [0, 0]}
					]
				},
				{
					"name": "arm6",
					"parent": "arm5",
					"pivot": [70.6, 38, 0],
					"cubes": [
						{"origin": [70.6, 36, -2], "size": [11, 4, 4], "uv": [0, 0]},
						{"origin": [71.6, 36, -2], "size": [11, 4, 4], "uv": [0, 0]},
						{"origin": [70.6, 40, -2], "size": [11, 1, 4], "uv": [0, 0]},
						{"origin": [70.6, 35, -2], "size": [11, 1, 4], "uv": [0, 0]},
						{"origin": [70.6, 36, -3], "size": [11, 4, 1], "uv": [0, 0]},
						{"origin": [70.6, 35.6, -2.6], "size": [11, 4, 1], "uv": [0, 0]},
						{"origin": [70.6, 35.6, 1.6], "size": [11, 4, 1], "uv": [0, 0]},
						{"origin": [70.6, 36, 2], "size": [11, 4, 1], "uv": [0, 0]},
						{"origin": [70.6, 36.4, 1.6], "size": [11, 4, 1], "uv": [0, 0]},
						{"origin": [70.6, 36.4, -2.6], "size": [11, 4, 1], "uv": [0, 0]}
					]
				},
				{
					"name": "finger0",
					"parent": "arm6",
					"pivot": [81.6, 40, 0],
					"rotation": [0, 0, -7.5],
					"cubes": [
						{"origin": [81.6, 39, -1], "size": [9, 2, 2], "uv": [0, 0]}
					]
				},
				{
					"name": "finger1",
					"parent": "arm6",
					"pivot": [81.6, 38, 0],
					"cubes": [
						{"origin": [81.6, 37, -1], "size": [9, 2, 2], "uv": [0, 0]}
					]
				},
				{
					"name": "finger2",
					"parent": "arm6",
					"pivot": [81.6, 36, 0],
					"rotation": [0, 0, 7.5],
					"cubes": [
						{"origin": [81.6, 35, -1], "size": [9, 2, 2], "uv": [0, 0]}
					]
				},
				{
					"name": "arm7",
					"parent": "body2",
					"pivot": [-4.6, 38, 0],
					"cubes": [
						{"origin": [-15.6, 36, -2], "size": [11, 4, 4], "uv": [0, 0], "mirror": true},
						{"origin": [-14.6, 36, -2], "size": [11, 4, 4], "uv": [0, 0], "mirror": true},
						{"origin": [-15.6, 40, -2], "size": [11, 1, 4], "uv": [0, 0], "mirror": true},
						{"origin": [-15.6, 35, -2], "size": [11, 1, 4], "uv": [0, 0], "mirror": true},
						{"origin": [-15.6, 36, -3], "size": [11, 4, 1], "uv": [0, 0], "mirror": true},
						{"origin": [-15.6, 35.6, -2.6], "size": [11, 4, 1], "uv": [0, 0], "mirror": true},
						{"origin": [-15.6, 35.6, 1.6], "size": [11, 4, 1], "uv": [0, 0], "mirror": true},
						{"origin": [-15.6, 36, 2], "size": [11, 4, 1], "uv": [0, 0], "mirror": true},
						{"origin": [-15.6, 36.4, 1.6], "size": [11, 4, 1], "uv": [0, 0], "mirror": true},
						{"origin": [-15.6, 36.4, -2.6], "size": [11, 4, 1], "uv": [0, 0], "mirror": true}
					]
				},
				{
					"name": "arm8",
					"parent": "arm7",
					"pivot": [-15.6, 38, 0],
					"cubes": [
						{"origin": [-26.6, 36, -2], "size": [11, 4, 4], "uv": [0, 0], "mirror": true},
						{"origin": [-26.6, 40, -2], "size": [11, 1, 4], "uv": [0, 0], "mirror": true},
						{"origin": [-26.6, 35, -2], "size": [11, 1, 4], "uv": [0, 0], "mirror": true},
						{"origin": [-26.6, 36, -3], "size": [11, 4, 1], "uv": [0, 0], "mirror": true},
						{"origin": [-26.6, 35.6, -2.6], "size": [11, 4, 1], "uv": [0, 0], "mirror": true},
						{"origin": [-26.6, 35.6, 1.6], "size": [11, 4, 1], "uv": [0, 0], "mirror": true},
						{"origin": [-26.6, 36, 2], "size": [11, 4, 1], "uv": [0, 0], "mirror": true},
						{"origin": [-26.6, 36.4, 1.6], "size": [11, 4, 1], "uv": [0, 0], "mirror": true},
						{"origin": [-26.6, 36.4, -2.6], "size": [11, 4, 1], "uv": [0, 0], "mirror": true}
					]
				},
				{
					"name": "arm9",
					"parent": "arm8",
					"pivot": [-26.6, 38, 0],
					"cubes": [
						{"origin": [-37.6, 36, -2], "size": [11, 4, 4], "uv": [0, 0], "mirror": true},
						{"origin": [-37.6, 40, -2], "size": [11, 1, 4], "uv": [0, 0], "mirror": true},
						{"origin": [-37.6, 35, -2], "size": [11, 1, 4], "uv": [0, 0], "mirror": true},
						{"origin": [-37.6, 36, -3], "size": [11, 4, 1], "uv": [0, 0], "mirror": true},
						{"origin": [-37.6, 35.6, -2.6], "size": [11, 4, 1], "uv": [0, 0], "mirror": true},
						{"origin": [-37.6, 35.6, 1.6], "size": [11, 4, 1], "uv": [0, 0], "mirror": true},
						{"origin": [-37.6, 36, 2], "size": [11, 4, 1], "uv": [0, 0], "mirror": true},
						{"origin": [-37.6, 36.4, 1.6], "size": [11, 4, 1], "uv": [0, 0], "mirror": true},
						{"origin": [-37.6, 36.4, -2.6], "size": [11, 4, 1], "uv": [0, 0], "mirror": true}
					]
				},
				{
					"name": "arm10",
					"parent": "arm9",
					"pivot": [-37.6, 38, 0],
					"cubes": [
						{"origin": [-48.6, 36, -2], "size": [11, 4, 4], "uv": [0, 0], "mirror": true},
						{"origin": [-48.6, 40, -2], "size": [11, 1, 4], "uv": [0, 0], "mirror": true},
						{"origin": [-48.6, 35, -2], "size": [11, 1, 4], "uv": [0, 0], "mirror": true},
						{"origin": [-48.6, 36, -3], "size": [11, 4, 1], "uv": [0, 0], "mirror": true},
						{"origin": [-48.6, 35.6, -2.6], "size": [11, 4, 1], "uv": [0, 0], "mirror": true},
						{"origin": [-48.6, 35.6, 1.6], "size": [11, 4, 1], "uv": [0, 0], "mirror": true},
						{"origin": [-48.6, 36, 2], "size": [11, 4, 1], "uv": [0, 0], "mirror": true},
						{"origin": [-48.6, 36.4, 1.6], "size": [11, 4, 1], "uv": [0, 0], "mirror": true},
						{"origin": [-48.6, 36.4, -2.6], "size": [11, 4, 1], "uv": [0, 0], "mirror": true}
					]
				},
				{
					"name": "arm11",
					"parent": "arm10",
					"pivot": [-48.6, 38, 0],
					"cubes": [
						{"origin": [-59.6, 36, -2], "size": [11, 4, 4], "uv": [0, 0], "mirror": true},
						{"origin": [-59.6, 40, -2], "size": [11, 1, 4], "uv": [0, 0], "mirror": true},
						{"origin": [-59.6, 35, -2], "size": [11, 1, 4], "uv": [0, 0], "mirror": true},
						{"origin": [-59.6, 36, -3], "size": [11, 4, 1], "uv": [0, 0], "mirror": true},
						{"origin": [-59.6, 35.6, -2.6], "size": [11, 4, 1], "uv": [0, 0], "mirror": true},
						{"origin": [-59.6, 35.6, 1.6], "size": [11, 4, 1], "uv": [0, 0], "mirror": true},
						{"origin": [-59.6, 36, 2], "size": [11, 4, 1], "uv": [0, 0], "mirror": true},
						{"origin": [-59.6, 36.4, 1.6], "size": [11, 4, 1], "uv": [0, 0], "mirror": true},
						{"origin": [-59.6, 36.4, -2.6], "size": [11, 4, 1], "uv": [0, 0], "mirror": true}
					]
				},
				{
					"name": "arm12",
					"parent": "arm11",
					"pivot": [-59.6, 38, 0],
					"cubes": [
						{"origin": [-70.6, 36, -2], "size": [11, 4, 4], "uv": [0, 0], "mirror": true},
						{"origin": [-70.6, 40, -2], "size": [11, 1, 4], "uv": [0, 0], "mirror": true},
						{"origin": [-70.6, 35, -2], "size": [11, 1, 4], "uv": [0, 0], "mirror": true},
						{"origin": [-70.6, 36, -3], "size": [11, 4, 1], "uv": [0, 0], "mirror": true},
						{"origin": [-70.6, 35.6, -2.6], "size": [11, 4, 1], "uv": [0, 0], "mirror": true},
						{"origin": [-70.6, 35.6, 1.6], "size": [11, 4, 1], "uv": [0, 0], "mirror": true},
						{"origin": [-70.6, 36, 2], "size": [11, 4, 1], "uv": [0, 0], "mirror": true},
						{"origin": [-70.6, 36.4, 1.6], "size": [11, 4, 1], "uv": [0, 0], "mirror": true},
						{"origin": [-70.6, 36.4, -2.6], "size": [11, 4, 1], "uv": [0, 0], "mirror": true}
					]
				},
				{
					"name": "arm13",
					"parent": "arm12",
					"pivot": [-70.6, 38, 0],
					"cubes": [
						{"origin": [-81.6, 36, -2], "size": [11, 4, 4], "uv": [0, 0], "mirror": true},
						{"origin": [-82.6, 36, -2], "size": [11, 4, 4], "uv": [0, 0], "mirror": true},
						{"origin": [-81.6, 40, -2], "size": [11, 1, 4], "uv": [0, 0], "mirror": true},
						{"origin": [-81.6, 35, -2], "size": [11, 1, 4], "uv": [0, 0], "mirror": true},
						{"origin": [-81.6, 36, -3], "size": [11, 4, 1], "uv": [0, 0], "mirror": true},
						{"origin": [-81.6, 35.6, -2.6], "size": [11, 4, 1], "uv": [0, 0], "mirror": true},
						{"origin": [-81.6, 35.6, 1.6], "size": [11, 4, 1], "uv": [0, 0], "mirror": true},
						{"origin": [-81.6, 36, 2], "size": [11, 4, 1], "uv": [0, 0], "mirror": true},
						{"origin": [-81.6, 36.4, 1.6], "size": [11, 4, 1], "uv": [0, 0], "mirror": true},
						{"origin": [-81.6, 36.4, -2.6], "size": [11, 4, 1], "uv": [0, 0], "mirror": true}
					]
				},
				{
					"name": "finger3",
					"parent": "arm13",
					"pivot": [-81.6, 40, 0],
					"rotation": [0, 0, 7.5],
					"cubes": [
						{"origin": [-90.6, 39, -1], "size": [9, 2, 2], "uv": [0, 0], "mirror": true}
					]
				},
				{
					"name": "finger4",
					"parent": "arm13",
					"pivot": [-81.6, 38, 0],
					"cubes": [
						{"origin": [-90.6, 37, -1], "size": [9, 2, 2], "uv": [0, 0], "mirror": true}
					]
				},
				{
					"name": "finger5",
					"parent": "arm13",
					"pivot": [-81.6, 36, 0],
					"rotation": [0, 0, -7.5],
					"cubes": [
						{"origin": [-90.6, 35, -1], "size": [9, 2, 2], "uv": [0, 0], "mirror": true}
					]
				},
				{
					"name": "leg0",
					"parent": "all",
					"pivot": [4.5, 14, 0],
					"cubes": [
						{"origin": [5, 12, -2], "size": [10, 4, 4], "inflate": 0.5, "uv": [0, 0]},
						{"origin": [5.5, 12, -2], "size": [10, 4, 4], "inflate": 0.5, "uv": [0, 0]},
						{"origin": [5, 16, -2], "size": [10, 1, 4], "inflate": 0.5, "uv": [0, 0]},
						{"origin": [5, 11, -2], "size": [10, 1, 4], "inflate": 0.5, "uv": [0, 0]},
						{"origin": [5, 12, -3], "size": [10, 4, 1], "inflate": 0.5, "uv": [0, 0]},
						{"origin": [5, 11.6, -2.6], "size": [10, 4, 1], "inflate": 0.5, "uv": [0, 0]},
						{"origin": [5, 11.6, 1.6], "size": [10, 4, 1], "inflate": 0.5, "uv": [0, 0]},
						{"origin": [5, 12, 2], "size": [10, 4, 1], "inflate": 0.5, "uv": [0, 0]},
						{"origin": [5, 12.4, 1.6], "size": [10, 4, 1], "inflate": 0.5, "uv": [0, 0]},
						{"origin": [5, 12.4, -2.6], "size": [10, 4, 1], "inflate": 0.5, "uv": [0, 0]}
					]
				},
				{
					"name": "leg1",
					"parent": "leg0",
					"pivot": [15.5, 14, 0],
					"rotation": [0, 0, 90],
					"cubes": [
						{"origin": [16, 12, -2], "size": [13, 4, 4], "inflate": 0.5, "uv": [0, 0]},
						{"origin": [16.5, 12, -2], "size": [13, 4, 4], "inflate": 0.5, "uv": [0, 0]},
						{"origin": [15.5, 12, -2], "size": [13, 4, 4], "inflate": 0.5, "uv": [0, 0]},
						{"origin": [16, 16, -2], "size": [13, 1, 4], "inflate": 0.5, "uv": [0, 0]},
						{"origin": [16, 11, -2], "size": [13, 1, 4], "inflate": 0.5, "uv": [0, 0]},
						{"origin": [16, 12, -3], "size": [13, 4, 1], "inflate": 0.5, "uv": [0, 0]},
						{"origin": [16, 11.6, -2.6], "size": [13, 4, 1], "inflate": 0.5, "uv": [0, 0]},
						{"origin": [16, 11.6, 1.6], "size": [13, 4, 1], "inflate": 0.5, "uv": [0, 0]},
						{"origin": [16, 12, 2], "size": [13, 4, 1], "inflate": 0.5, "uv": [0, 0]},
						{"origin": [16, 12.4, 1.6], "size": [13, 4, 1], "inflate": 0.5, "uv": [0, 0]},
						{"origin": [16, 12.4, -2.6], "size": [13, 4, 1], "inflate": 0.5, "uv": [0, 0]}
					]
				},
				{
					"name": "leg2",
					"parent": "all",
					"pivot": [-4.5, 14, 0],
					"cubes": [
						{"origin": [-15, 12, -2], "size": [10, 4, 4], "inflate": 0.5, "uv": [0, 0], "mirror": true},
						{"origin": [-15.5, 12, -2], "size": [10, 4, 4], "inflate": 0.5, "uv": [0, 0], "mirror": true},
						{"origin": [-15, 16, -2], "size": [10, 1, 4], "inflate": 0.5, "uv": [0, 0], "mirror": true},
						{"origin": [-15, 11, -2], "size": [10, 1, 4], "inflate": 0.5, "uv": [0, 0], "mirror": true},
						{"origin": [-15, 12, -3], "size": [10, 4, 1], "inflate": 0.5, "uv": [0, 0], "mirror": true},
						{"origin": [-15, 11.6, -2.6], "size": [10, 4, 1], "inflate": 0.5, "uv": [0, 0], "mirror": true},
						{"origin": [-15, 11.6, 1.6], "size": [10, 4, 1], "inflate": 0.5, "uv": [0, 0], "mirror": true},
						{"origin": [-15, 12, 2], "size": [10, 4, 1], "inflate": 0.5, "uv": [0, 0], "mirror": true},
						{"origin": [-15, 12.4, 1.6], "size": [10, 4, 1], "inflate": 0.5, "uv": [0, 0], "mirror": true},
						{"origin": [-15, 12.4, -2.6], "size": [10, 4, 1], "inflate": 0.5, "uv": [0, 0], "mirror": true}
					]
				},
				{
					"name": "leg3",
					"parent": "leg2",
					"pivot": [-15.5, 14, 0],
					"rotation": [0, 0, -90],
					"cubes": [
						{"origin": [-29, 12, -2], "size": [13, 4, 4], "inflate": 0.5, "uv": [0, 0], "mirror": true},
						{"origin": [-29.5, 12, -2], "size": [13, 4, 4], "inflate": 0.5, "uv": [0, 0], "mirror": true},
						{"origin": [-28.5, 12, -2], "size": [13, 4, 4], "inflate": 0.5, "uv": [0, 0], "mirror": true},
						{"origin": [-29, 16, -2], "size": [13, 1, 4], "inflate": 0.5, "uv": [0, 0], "mirror": true},
						{"origin": [-29, 11, -2], "size": [13, 1, 4], "inflate": 0.5, "uv": [0, 0], "mirror": true},
						{"origin": [-29, 12, -3], "size": [13, 4, 1], "inflate": 0.5, "uv": [0, 0], "mirror": true},
						{"origin": [-29, 11.6, -2.6], "size": [13, 4, 1], "inflate": 0.5, "uv": [0, 0], "mirror": true},
						{"origin": [-29, 11.6, 1.6], "size": [13, 4, 1], "inflate": 0.5, "uv": [0, 0], "mirror": true},
						{"origin": [-29, 12, 2], "size": [13, 4, 1], "inflate": 0.5, "uv": [0, 0], "mirror": true},
						{"origin": [-29, 12.4, 1.6], "size": [13, 4, 1], "inflate": 0.5, "uv": [0, 0], "mirror": true},
						{"origin": [-29, 12.4, -2.6], "size": [13, 4, 1], "inflate": 0.5, "uv": [0, 0], "mirror": true}
					]
				}
			]
		}
	]
}