{
	"format_version": "1.12.0",
	"minecraft:geometry": [
		{
			"description": {
				"identifier": "geometry.orange",
				"texture_width": 128,
				"texture_height": 128,
				"visible_bounds_width": 4,
				"visible_bounds_height": 5,
				"visible_bounds_offset": [0, 1.5, 0]
			},
			"bones": [
				{
					"name": "all",
					"pivot": [0, 0, 0]
				},
				{
					"name": "body0",
					"parent": "all",
					"pivot": [0, 11, 4],
					"rotation": [12.5, 0, 0],
					"cubes": [
						{"origin": [-1.5, 11, 2.5], "size": [3, 11, 3], "uv": [0, 0]},
						{"origin": [-1.1, 11, 2.5], "size": [3, 11, 3], "uv": [0, 0]},
						{"origin": [-1.9, 11, 2.5], "size": [3, 11, 3], "uv": [0, 0], "mirror": true},
						{"origin": [-1.5, 11, 2.1], "size": [3, 11, 3], "uv": [0, 0]},
						{"origin": [-1.5, 11, 2.9], "size": [3, 11, 3], "uv": [0, 0]}
					]
				},
				{
					"name": "body1",
					"parent": "body0",
					"pivot": [0, 22, 4],
					"cubes": [
						{"origin": [-1.5, 22, 2.5], "size": [3, 11, 3], "uv": [0, 0]},
						{"origin": [-1.1, 22, 2.5], "size": [3, 11, 3], "uv": [0, 0]},
						{"origin": [-1.9, 22, 2.5], "size": [3, 11, 3], "uv": [0, 0], "mirror": true},
						{"origin": [-1.5, 22, 2.9], "size": [3, 11, 3], "uv": [0, 0]},
						{"origin": [-1.5, 22, 2.1], "size": [3, 11, 3], "uv": [0, 0]}
					]
				},
				{
					"name": "head0",
					"parent": "body1",
					"pivot": [0, 32, 4],
					"rotation": [17.5, 0, 0]
				},
				{
					"name": "head",
					"parent": "head0",
					"pivot": [0, 38, 0],
					"rotation": [-7.5, 0, 0],
					"cubes": [
						{"origin": [3, 39.4, -2], "size": [1, 2, 5], "uv": [0, 0]},
						{"origin": [2.5, 38.4, -1.6], "size": [1, 3, 5], "uv": [0, 0]},
						{"origin": [-3.5, 38.4, -1.6], "size": [1, 3, 5], "uv": [0, 0], "mirror": true},
						{"origin": [2.6, 40.6, -2], "size": [1, 2, 5], "uv": [0, 0]},
						{"origin": [2.1, 41.4, -2], "size": [1, 2, 5], "uv": [0, 0]},
						{"origin": [0.4, 42.7, -2], "size": [2, 1, 5], "uv": [0, 0]},
						{"origin": [-2.4, 42.7, -2], "size": [3, 1, 5], "uv": [0, 0], "mirror": true},
						{"origin": [-3, 39.4, -0.8], "size": [3, 1.2, 5], "uv": [0, 0], "mirror": true},
						{"origin": [-3, 40.2, -1.1], "size": [3, 1.2, 5], "uv": [0, 0], "mirror": true},
						{"origin": [-3, 40.9, -1.5], "size": [3, 1.2, 5], "uv": [0, 0], "mirror": true},
						{"origin": [-2.8, 41.1, -1.6], "size": [2.8, 1.6, 5], "uv": [0, 0], "mirror": true},
						{"origin": [-3, 38.4, -0.5], "size": [3, 1, 5], "uv": [0, 0], "mirror": true},
						{"origin": [0, 38.4, -0.5], "size": [3, 1, 5], "uv": [0, 0]},
						{"origin": [3, 38.4, -2], "size": [1, 1, 5], "uv": [0, 0]},
						{"origin": [-4, 38.4, -2], "size": [1, 1, 5], "uv": [0, 0], "mirror": true},
						{"origin": [-3, 38.4, -2], "size": [6, 4, 5], "uv": [0, 0], "mirror": true},
						{"origin": [-3.5, 38, -2], "size": [7, 1, 5], "uv": [0, 0], "mirror": true},
						{"origin": [-3.5, 38, -2], "size": [7, 1, 5], "uv": [0, 0], "mirror": true},
						{"origin": [-3.1, 38, -2.1], "size": [3, 1, 5], "uv": [0, 0], "mirror": true},
						{"origin": [-3.1, 38, -2.1], "size": [3, 1, 5], "uv": [0, 0], "mirror": true},
						{"origin": [-0.9, 38, -2.1], "size": [4, 1, 5], "uv": [0, 0]},
						{"origin": [-0.9, 38, -2.1], "size": [4, 1, 5], "uv": [0, 0]},
						{"origin": [-3.1, 38, -1.6], "size": [6.2, 1, 5], "uv": [0, 0], "mirror": true},
						{"origin": [-2.8, 38, -0.8], "size": [5.6, 1, 5], "uv": [0, 0], "mirror": true},
						{"origin": [0, 40.4, -2], "size": [2.3, 3, 5], "uv": [0, 0], "mirror": true},
						{"origin": [-2.3, 40.4, -2], "size": [2.3, 3, 5], "uv": [0, 0]},
						{"origin": [0, 39.4, -0.8], "size": [3, 1.2, 5], "uv": [0, 0]},
						{"origin": [0, 40.2, -1.1], "size": [3, 1.2, 5], "uv": [0, 0]},
						{"origin": [0, 40.9, -1.5], "size": [3, 1.2, 5], "uv": [0, 0]},
						{"origin": [0, 41.1, -1.6], "size": [2.8, 1.6, 5], "uv": [0, 0]},
						{"origin": [0, 41.4, -1.7], "size": [2.8, 1.6, 5], "uv": [0, 0]},
						{"origin": [-2.8, 41.4, -1.7], "size": [2.8, 1.6, 5], "uv": [0, 0], "mirror": true},
						{"origin": [-2.8, 42.4, -2.3], "size": [2.8, 0.6, 5], "uv": [0, 0], "mirror": true},
						{"origin": [-2.8, 42.1, -2.4], "size": [2.8, 0.6, 5], "uv": [0, 0], "mirror": true},
						{"origin": [-1.8, 41.5, -3.1], "size": [1.8, 1, 5], "uv": [0, 0], "mirror": true},
						{"origin": [-2.3, 41.3, -3.1], "size": [1, 1, 5], "uv": [0, 0], "mirror": true},
						{"origin": [-2.3, 41, -4.4], "size": [1, 1, 5], "uv": [0, 0], "mirror": true},
						{"origin": [-2.3, 40.7, -9.6], "size": [1, 1, 7], "uv": [0, 0], "mirror": true},
						{"origin": [-2.6, 40.3, -9.6], "size": [1, 1, 7], "uv": [0, 0], "mirror": true},
						{"origin": [-2.6, 39, -3.6], "size": [1, 2.3, 1], "inflate": -0.3, "uv": [98, 104], "mirror": true},
						{"origin": [-2.6, 39, -4.2], "size": [1, 2.3, 1], "inflate": -0.3, "uv": [98, 104], "mirror": true},
						{"origin": [-2.6, 39, -5.4], "size": [1, 2.3, 1], "inflate": -0.3, "uv": [98, 104], "mirror": true},
						{"origin": [-2.6, 39, -4.8], "size": [1, 2.3, 1], "inflate": -0.3, "uv": [98, 104], "mirror": true},
						{"origin": [-2.6, 39, -6.6], "size": [1, 2.3, 1], "inflate": -0.3, "uv": [98, 104], "mirror": true},
						{"origin": [-2.6, 39, -6], "size": [1, 2.3, 1], "inflate": -0.3, "uv": [98, 104], "mirror": true},
						{"origin": [-2.6, 39, -7.8], "size": [1, 2.3, 1], "inflate": -0.3, "uv": [98, 104], "mirror": true},
						{"origin": [-2.6, 39, -7.2], "size": [1, 2.3, 1], "inflate": -0.3, "uv": [98, 104], "mirror": true},
						{"origin": [-2.6, 39, -9], "size": [1, 2.3, 1], "inflate": -0.3, "uv": [98, 104], "mirror": true},
						{"origin": [-2.6, 39, -8.4], "size": [1, 2.3, 1], "inflate": -0.3, "uv": [98, 104], "mirror": true},
						{"origin": [-2.6, 39, -10.2], "size": [1, 1.7, 1], "inflate": -0.3, "uv": [98, 104], "mirror": true},
						{"origin": [-2, 39, -10.2], "size": [1, 1.7, 1], "inflate": -0.3, "uv": [98, 104], "mirror": true},
						{"origin": [-1.5, 39.2, -10.2], "size": [1, 1.7, 1], "inflate": -0.3, "uv": [98, 104], "mirror": true},
						{"origin": [-0.2, 39.2, -10.2], "size": [1, 1.7, 1], "inflate": -0.3, "uv": [98, 104]},
						{"origin": [-0.8, 39.2, -10.2], "size": [1, 1.7, 1], "inflate": -0.3, "uv": [98, 104], "mirror": true},
						{"origin": [-2.6, 39, -9.6], "size": [1, 2.3, 1], "inflate": -0.3, "uv": [98, 104], "mirror": true},
						{"origin": [0.5, 39.2, -10.2], "size": [1, 1.7, 1], "inflate": -0.3, "uv": [98, 104]},
						{"origin": [1, 39, -10.2], "size": [1, 1.7, 1], "inflate": -0.3, "uv": [98, 104]},
						{"origin": [1.6, 39, -10.2], "size": [1, 1.7, 1], "inflate": -0.3, "uv": [98, 104]},
						{"origin": [1.6, 39, -9.6], "size": [1, 2.3, 1], "inflate": -0.3, "uv": [98, 104]},
						{"origin": [1.6, 39, -9], "size": [1, 2.3, 1], "inflate": -0.3, "uv": [98, 104]},
						{"origin": [1.6, 39, -8.4], "size": [1, 2.3, 1], "inflate": -0.3, "uv": [98, 104]},
						{"origin": [1.6, 39, -7.8], "size": [1, 2.3, 1], "inflate": -0.3, "uv": [98, 104]},
						{"origin": [1.6, 39, -7.2], "size": [1, 2.3, 1], "inflate": -0.3, "uv": [98, 104]},
						{"origin": [1.6, 39, -6.6], "size": [1, 2.3, 1], "inflate": -0.3, "uv": [98, 104]},
						{"origin": [1.6, 39, -6], "size": [1, 2.3, 1], "inflate": -0.3, "uv": [98, 104]},
						{"origin": [1.6, 39, -5.4], "size": [1, 2.3, 1], "inflate": -0.3, "uv": [98, 104]},
						{"origin": [1.6, 39, -4.8], "size": [1, 2.3, 1], "inflate": -0.3, "uv": [98, 104]},
						{"origin": [1.6, 39, -4.2], "size": [1, 2.3, 1], "inflate": -0.3, "uv": [98, 104]},
						{"origin": [1.6, 39, -3.6], "size": [1, 2.3, 1], "inflate": -0.3, "uv": [98, 104]},
						{"origin": [-2.6, 40.6, -4.4], "size": [1, 1, 5], "uv": [0, 0], "mirror": true},
						{"origin": [-2.6, 40.9, -3.1], "size": [1, 1, 5], "uv": [0, 0], "mirror": true},
						{"origin": [1.6, 40.3, -9.6], "size": [1, 1, 7], "uv": [0, 0]},
						{"origin": [1.3, 40.7, -9.6], "size": [1, 1, 7], "uv": [0, 0]},
						{"origin": [1.6, 40.6, -4.4], "size": [1, 1, 5], "uv": [0, 0]},
						{"origin": [1.6, 40.9, -3.1], "size": [1, 1, 5], "uv": [0, 0]},
						{"origin": [1.3, 41.3, -3.1], "size": [1, 1, 5], "uv": [0, 0]},
						{"origin": [1.3, 41, -4.4], "size": [1, 1, 5], "uv": [0, 0]},
						{"origin": [-1.8, 41.3, -4.4], "size": [1.8, 1, 5], "uv": [0, 0], "mirror": true},
						{"origin": [-1.8, 41.1, -6.6], "size": [1.8, 1, 5], "uv": [0, 0], "mirror": true},
						{"origin": [-1.8, 40.8, -9.6], "size": [1.8, 1, 7], "uv": [0, 0], "mirror": true},
						{"origin": [-1.8, 40.6, -10], "size": [1.8, 1, 1], "uv": [0, 0], "mirror": true},
						{"origin": [-2.3, 40.4, -10], "size": [1, 1, 1], "uv": [0, 0], "mirror": true},
						{"origin": [1.3, 40.4, -10], "size": [1, 1, 1], "uv": [0, 0]},
						{"origin": [0, 40.6, -10], "size": [1.8, 1, 1], "uv": [0, 0]},
						{"origin": [0, 40.8, -9.6], "size": [1.8, 1, 7], "uv": [0, 0]},
						{"origin": [0, 41.5, -3.1], "size": [1.8, 1, 5], "uv": [0, 0]},
						{"origin": [0, 41.3, -4.4], "size": [1.8, 1, 5], "uv": [0, 0]},
						{"origin": [0, 41.1, -6.6], "size": [1.8, 1, 5], "uv": [0, 0]},
						{"origin": [0, 42.1, -2.4], "size": [2.8, 0.6, 5], "uv": [0, 0]},
						{"origin": [0, 42.4, -2.3], "size": [2.8, 0.6, 5], "uv": [0, 0]},
						{"origin": [-0.5, 43, -2.3], "size": [2.8, 0.6, 5], "uv": [0, 0]},
						{"origin": [-2.3, 43, -2.3], "size": [2.8, 0.6, 5], "uv": [0, 0], "mirror": true},
						{"origin": [-3.1, 41.4, -2], "size": [1, 2, 5], "uv": [0, 0], "mirror": true},
						{"origin": [-3.6, 40.6, -2], "size": [1, 2, 5], "uv": [0, 0], "mirror": true},
						{"origin": [-4, 39.4, -2], "size": [1, 2, 5], "uv": [0, 0], "mirror": true},
						{"origin": [-3.7, 39.4, -2.4], "size": [1, 2, 5], "uv": [0, 0], "mirror": true},
						{"origin": [-3.7, 38.4, -2.4], "size": [1, 1, 5], "uv": [0, 0], "mirror": true},
						{"origin": [-3.3, 40.6, -2.4], "size": [1, 2, 5], "uv": [0, 0], "mirror": true}
					]
				},
				{
					"name": "jaw",
					"parent": "head",
					"pivot": [0, 39, -2],
					"rotation": [30, 0, 0],
					"cubes": [
						{"origin": [-1.8, 37.5, -3.1], "size": [1.8, 1, 5], "uv": [0, 0], "mirror": true},
						{"origin": [-2.3, 37.7, -3.1], "size": [1, 1, 5], "uv": [0, 0], "mirror": true},
						{"origin": [-2.3, 38, -4.4], "size": [1, 1, 5], "uv": [0, 0], "mirror": true},
						{"origin": [-2.3, 38.3, -9.6], "size": [1, 1, 7], "uv": [0, 0], "mirror": true},
						{"origin": [-2.6, 38.7, -9.6], "size": [1, 1, 7], "uv": [0, 0], "mirror": true},
						{"origin": [-2.6, 38.7, -3.6], "size": [1, 2.3, 1], "inflate": -0.3, "uv": [98, 104], "mirror": true},
						{"origin": [-2.6, 38.7, -4.2], "size": [1, 2.3, 1], "inflate": -0.3, "uv": [98, 104], "mirror": true},
						{"origin": [-2.6, 38.7, -5.4], "size": [1, 2.3, 1], "inflate": -0.3, "uv": [98, 104], "mirror": true},
						{"origin": [-2.6, 38.7, -4.8], "size": [1, 2.3, 1], "inflate": -0.3, "uv": [98, 104], "mirror": true},
						{"origin": [-2.6, 38.7, -6.6], "size": [1, 2.3, 1], "inflate": -0.3, "uv": [98, 104], "mirror": true},
						{"origin": [-2.6, 38.7, -6], "size": [1, 2.3, 1], "inflate": -0.3, "uv": [98, 104], "mirror": true},
						{"origin": [-2.6, 38.7, -7.8], "size": [1, 2.3, 1], "inflate": -0.3, "uv": [98, 104], "mirror": true},
						{"origin": [-2.6, 38.7, -7.2], "size": [1, 2.3, 1], "inflate": -0.3, "uv": [98, 104], "mirror": true},
						{"origin": [-2.6, 38.7, -9], "size": [1, 2.3, 1], "inflate": -0.3, "uv": [98, 104], "mirror": true},
						{"origin": [-2.6, 38.7, -8.4], "size": [1, 2.3, 1], "inflate": -0.3, "uv": [98, 104], "mirror": true},
						{"origin": [-2.6, 39.3, -10.2], "size": [1, 1.7, 1], "inflate": -0.3, "uv": [98, 104], "mirror": true},
						{"origin": [-2, 39.3, -10.2], "size": [1, 1.7, 1], "inflate": -0.3, "uv": [98, 104], "mirror": true},
						{"origin": [-1.5, 39.1, -10.2], "size": [1, 1.7, 1], "inflate": -0.3, "uv": [98, 104], "mirror": true},
						{"origin": [-0.2, 39.1, -10.2], "size": [1, 1.7, 1], "inflate": -0.3, "uv": [98, 104]},
						{"origin": [-0.8, 39.1, -10.2], "size": [1, 1.7, 1], "inflate": -0.3, "uv": [98, 104], "mirror": true},
						{"origin": [-2.6, 38.7, -9.6], "size": [1, 2.3, 1], "inflate": -0.3, "uv": [98, 104], "mirror": true},
						{"origin": [0.5, 39.1, -10.2], "size": [1, 1.7, 1], "inflate": -0.3, "uv": [98, 104]},
						{"origin": [1, 39.3, -10.2], "size": [1, 1.7, 1], "inflate": -0.3, "uv": [98, 104]},
						{"origin": [1.6, 39.3, -10.2], "size": [1, 1.7, 1], "inflate": -0.3, "uv": [98, 104]},
						{"origin": [1.6, 38.7, -9.6], "size": [1, 2.3, 1], "inflate": -0.3, "uv": [98, 104]},
						{"origin": [1.6, 38.7, -9], "size": [1, 2.3, 1], "inflate": -0.3, "uv": [98, 104]},
						{"origin": [1.6, 38.7, -8.4], "size": [1, 2.3, 1], "inflate": -0.3, "uv": [98, 104]},
						{"origin": [1.6, 38.7, -7.8], "size": [1, 2.3, 1], "inflate": -0.3, "uv": [98, 104]},
						{"origin": [1.6, 38.7, -7.2], "size": [1, 2.3, 1], "inflate": -0.3, "uv": [98, 104]},
						{"origin": [1.6, 38.7, -6.6], "size": [1, 2.3, 1], "inflate": -0.3, "uv": [98, 104]},
						{"origin": [1.6, 38.7, -6], "size": [1, 2.3, 1], "inflate": -0.3, "uv": [98, 104]},
						{"origin": [1.6, 38.7, -5.4], "size": [1, 2.3, 1], "inflate": -0.3, "uv": [98, 104]},
						{"origin": [1.6, 38.7, -4.8], "size": [1, 2.3, 1], "inflate": -0.3, "uv": [98, 104]},
						{"origin": [1.6, 38.7, -4.2], "size": [1, 2.3, 1], "inflate": -0.3, "uv": [98, 104]},
						{"origin": [1.6, 38.7, -3.6], "size": [1, 2.3, 1], "inflate": -0.3, "uv": [98, 104]},
						{"origin": [-2.6, 38.4, -4.4], "size": [1, 1, 5], "uv": [0, 0], "mirror": true},
						{"origin": [-2.6, 38.1, -3.1], "size": [1, 1, 5], "uv": [0, 0], "mirror": true},
						{"origin": [1.6, 38.7, -9.6], "size": [1, 1, 7], "uv": [0, 0]},
						{"origin": [1.3, 38.3, -9.6], "size": [1, 1, 7], "uv": [0, 0]},
						{"origin": [1.6, 38.4, -4.4], "size": [1, 1, 5], "uv": [0, 0]},
						{"origin": [1.6, 38.1, -3.1], "size": [1, 1, 5], "uv": [0, 0]},
						{"origin": [1.3, 37.7, -3.1], "size": [1, 1, 5], "uv": [0, 0]},
						{"origin": [1.3, 38, -4.4], "size": [1, 1, 5], "uv": [0, 0]},
						{"origin": [-1.8, 37.7, -4.4], "size": [1.8, 1, 5], "uv": [0, 0], "mirror": true},
						{"origin": [-1.8, 37.9, -6.6], "size": [1.8, 1, 5], "uv": [0, 0], "mirror": true},
						{"origin": [-1.8, 38.2, -9.6], "size": [1.8, 1, 7], "uv": [0, 0], "mirror": true},
						{"origin": [-1.8, 38.4, -10], "size": [1.8, 1, 1], "uv": [0, 0], "mirror": true},
						{"origin": [-2.3, 38.6, -10], "size": [1, 1, 1], "uv": [0, 0], "mirror": true},
						{"origin": [1.3, 38.6, -10], "size": [1, 1, 1], "uv": [0, 0]},
						{"origin": [0, 38.4, -10], "size": [1.8, 1, 1], "uv": [0, 0]},
						{"origin": [0, 38.2, -9.6], "size": [1.8, 1, 7], "uv": [0, 0]},
						{"origin": [0, 37.5, -3.1], "size": [1.8, 1, 5], "uv": [0, 0]},
						{"origin": [0, 37.7, -4.4], "size": [1.8, 1, 5], "uv": [0, 0]},
						{"origin": [0, 37.9, -6.6], "size": [1.8, 1, 5], "uv": [0, 0]}
					]
				},
				{
					"name": "eye0",
					"parent": "head",
					"pivot": [-2, 42, -3],
					"rotation": [12.51153, 2.4407, 0.54143],
					"cubes": [
						{"origin": [-3, 42, -4], "size": [2, 2, 2], "uv": [98, 93]},
						{"origin": [-3, 41.4, -4], "size": [2, 1, 2], "inflate": 0.01, "pivot": [-2, 42, -3], "rotation": [0, 0, -17.5], "uv": [47, 36]},
						{"origin": [-3.5, 41.7, -3.7], "size": [1, 2.2, 1.5], "inflate": -0.4, "uv": [15, 108]}
					]
				},
				{
					"name": "eye1",
					"parent": "head",
					"pivot": [2, 42, -3],
					"rotation": [12.51153, -2.4407, -0.54143],
					"cubes": [
						{"origin": [1, 42, -4], "size": [2, 2, 2], "uv": [98, 93], "mirror": true},
						{"origin": [1, 41.4, -4], "size": [2, 1, 2], "inflate": 0.01, "pivot": [2, 42, -3], "rotation": [0, 0, 17.5], "uv": [47, 36], "mirror": true},
						{"origin": [2.5, 41.7, -3.7], "size": [1, 2.2, 1.5], "inflate": -0.4, "uv": [15, 108], "mirror": true}
					]
				},
				{
					"name": "neck",
					"parent": "head0",
					"pivot": [0, 32, 4],
					"rotation": [25, 0, 0],
					"cubes": [
						{"origin": [-1.5, 32, 2.5], "size": [3, 7, 3], "uv": [0, 0]},
						{"origin": [-1.1, 32, 2.5], "size": [3, 7, 3], "uv": [0, 0]},
						{"origin": [-1.9, 32, 2.5], "size": [3, 7, 3], "uv": [0, 0], "mirror": true},
						{"origin": [-1.5, 32, 2.1], "size": [3, 7, 3], "uv": [0, 0]},
						{"origin": [-1.5, 32, 2.9], "size": [3, 7, 3], "uv": [0, 0]}
					]
				},
				{
					"name": "arm0",
					"parent": "body1",
					"pivot": [1.9, 31, 4],
					"rotation": [0, 30, 7.5],
					"cubes": [
						{"origin": [1.9, 30, 3], "size": [10, 2, 2], "uv": [0, 0], "mirror": true},
						{"origin": [1.9, 29.6, 3], "size": [10, 2, 2], "uv": [0, 0], "mirror": true},
						{"origin": [1.9, 30, 2.6], "size": [10, 2, 2], "uv": [0, 0], "mirror": true},
						{"origin": [1.9, 30, 3.4], "size": [10, 2, 2], "uv": [0, 0], "mirror": true},
						{"origin": [1.9, 30.4, 3], "size": [10, 2, 2], "uv": [0, 0], "mirror": true}
					]
				},
				{
					"name": "arm1",
					"parent": "arm0",
					"pivot": [11.9, 31, 4],
					"rotation": [0, 32.5, 0],
					"cubes": [
						{"origin": [11.9, 30, 3], "size": [10, 2, 2], "uv": [0, 0], "mirror": true},
						{"origin": [11.9, 29.6, 3], "size": [10, 2, 2], "uv": [0, 0], "mirror": true},
						{"origin": [11.9, 30, 2.6], "size": [10, 2, 2], "uv": [0, 0], "mirror": true},
						{"origin": [11.9, 30, 3.4], "size": [10, 2, 2], "uv": [0, 0], "mirror": true},
						{"origin": [11.9, 30.4, 3], "size": [10, 2, 2], "uv": [0, 0], "mirror": true}
					]
				},
				{
					"name": "hand0",
					"parent": "arm1",
					"pivot": [21.9, 31, 4],
					"cubes": [
						{"origin": [21.9, 30, 3.5], "size": [2, 2, 1], "uv": [0, 0]}
					]
				},
				{
					"name": "finger0",
					"parent": "hand0",
					"pivot": [23.4, 32, 4],
					"rotation": [40, 0, 0],
					"cubes": [
						{"origin": [22.9, 32, 3.5], "size": [1, 2, 1], "uv": [0, 0]}
					]
				},
				{
					"name": "finger1",
					"parent": "finger0",
					"pivot": [23.4, 34, 4],
					"rotation": [32.5, 0, 0],
					"cubes": [
						{"origin": [22.9, 33.8, 3.5], "size": [1, 2, 1], "inflate": -0.2, "uv": [0, 0]}
					]
				},
				{
					"name": "finger2",
					"parent": "hand0",
					"pivot": [23.9, 31, 4],
					"rotation": [55, 0, 90],
					"cubes": [
						{"origin": [23.4, 31, 3.5], "size": [1, 2, 1], "uv": [0, 0]}
					]
				},
				{
					"name": "finger3",
					"parent": "finger2",
					"pivot": [23.9, 33, 4],
					"rotation": [50, 0, 0],
					"cubes": [
						{"origin": [23.4, 32.8, 3.5], "size": [1, 2, 1], "inflate": -0.2, "uv": [0, 0]}
					]
				},
				{
					"name": "finger4",
					"parent": "hand0",
					"pivot": [23.4, 30, 4],
					"rotation": [45, 0, -180],
					"cubes": [
						{"origin": [22.9, 30, 3.5], "size": [1, 2, 1], "uv": [0, 0]}
					]
				},
				{
					"name": "finger5",
					"parent": "finger4",
					"pivot": [23.4, 32, 4],
					"rotation": [37.5, 0, 0],
					"cubes": [
						{"origin": [22.9, 31.8, 3.5], "size": [1, 2, 1], "inflate": -0.2, "uv": [0, 0]}
					]
				},
				{
					"name": "arm2",
					"parent": "body1",
					"pivot": [-1.9, 31, 4],
					"rotation": [0, -30, -7.5],
					"cubes": [
						{"origin": [-11.9, 30, 3], "size": [10, 2, 2], "uv": [0, 0]},
						{"origin": [-11.9, 29.6, 3], "size": [10, 2, 2], "uv": [0, 0]},
						{"origin": [-11.9, 30, 2.6], "size": [10, 2, 2], "uv": [0, 0]},
						{"origin": [-11.9, 30, 3.4], "size": [10, 2, 2], "uv": [0, 0]},
						{"origin": [-11.9, 30.4, 3], "size": [10, 2, 2], "uv": [0, 0]}
					]
				},
				{
					"name": "arm3",
					"parent": "arm2",
					"pivot": [-11.9, 31, 4],
					"rotation": [0, -32.5, 0],
					"cubes": [
						{"origin": [-21.9, 30, 3], "size": [10, 2, 2], "uv": [0, 0]},
						{"origin": [-21.9, 29.6, 3], "size": [10, 2, 2], "uv": [0, 0]},
						{"origin": [-21.9, 30, 2.6], "size": [10, 2, 2], "uv": [0, 0]},
						{"origin": [-21.9, 30, 3.4], "size": [10, 2, 2], "uv": [0, 0]},
						{"origin": [-21.9, 30.4, 3], "size": [10, 2, 2], "uv": [0, 0]}
					]
				},
				{
					"name": "hand1",
					"parent": "arm3",
					"pivot": [-21.9, 31, 4],
					"cubes": [
						{"origin": [-23.9, 30, 3.5], "size": [2, 2, 1], "uv": [0, 0], "mirror": true}
					]
				},
				{
					"name": "finger6",
					"parent": "hand1",
					"pivot": [-23.4, 32, 4],
					"rotation": [40, 0, 0],
					"cubes": [
						{"origin": [-23.9, 32, 3.5], "size": [1, 2, 1], "uv": [0, 0], "mirror": true}
					]
				},
				{
					"name": "finger7",
					"parent": "finger6",
					"pivot": [-23.4, 34, 4],
					"rotation": [32.5, 0, 0],
					"cubes": [
						{"origin": [-23.9, 33.8, 3.5], "size": [1, 2, 1], "inflate": -0.2, "uv": [0, 0], "mirror": true}
					]
				},
				{
					"name": "finger8",
					"parent": "hand1",
					"pivot": [-23.9, 31, 4],
					"rotation": [55, 0, -90],
					"cubes": [
						{"origin": [-24.4, 31, 3.5], "size": [1, 2, 1], "uv": [0, 0], "mirror": true}
					]
				},
				{
					"name": "finger9",
					"parent": "finger8",
					"pivot": [-23.9, 33, 4],
					"rotation": [50, 0, 0],
					"cubes": [
						{"origin": [-24.4, 32.8, 3.5], "size": [1, 2, 1], "inflate": -0.2, "uv": [0, 0], "mirror": true}
					]
				},
				{
					"name": "finger10",
					"parent": "hand1",
					"pivot": [-23.4, 30, 4],
					"rotation": [45, 0, 180],
					"cubes": [
						{"origin": [-23.9, 30, 3.5], "size": [1, 2, 1], "uv": [0, 0], "mirror": true}
					]
				},
				{
					"name": "finger11",
					"parent": "finger10",
					"pivot": [-23.4, 32, 4],
					"rotation": [37.5, 0, 0],
					"cubes": [
						{"origin": [-23.9, 31.8, 3.5], "size": [1, 2, 1], "inflate": -0.2, "uv": [0, 0], "mirror": true}
					]
				},
				{
					"name": "tail",
					"parent": "body0",
					"pivot": [0, 11, 4],
					"rotation": [65, 0, 0],
					"cubes": [
						{"origin": [-1.5, 5, 2.5], "size": [3, 6, 3], "uv": [0, 0]},
						{"origin": [-1.1, 5, 2.5], "size": [3, 6, 3], "uv": [0, 0]},
						{"origin": [-1.9, 5, 2.5], "size": [3, 6, 3], "uv": [0, 0], "mirror": true},
						{"origin": [-1.5, 5, 2.1], "size": [3, 6, 3], "uv": [0, 0]},
						{"origin": [-1.5, 5, 2.9], "size": [3, 6, 3], "uv": [0, 0]},
						{"origin": [-1.5, 0, 2.9], "size": [3, 6, 3], "inflate": -0.2, "uv": [0, 0]},
						{"origin": [-1.9, 0, 2.5], "size": [3, 6, 3], "inflate": -0.2, "uv": [0, 0], "mirror": true},
						{"origin": [-1.5, 0, 2.1], "size": [3, 6, 3], "inflate": -0.2, "uv": [0, 0]},
						{"origin": [-1.1, 0, 2.5], "size": [3, 6, 3], "inflate": -0.2, "uv": [0, 0]}
					]
				},
				{
					"name": "leg0",
					"parent": "all",
					"pivot": [1.9, 14.8, 2.8],
					"rotation": [0, 25, 5],
					"cubes": [
						{"origin": [1.9, 13.8, 1.8], "size": [10, 2, 2], "uv": [0, 0]},
						{"origin": [1.9, 13.8, 1.4], "size": [10, 2, 2], "uv": [0, 0]},
						{"origin": [1.9, 13.8, 2.2], "size": [10, 2, 2], "uv": [0, 0]},
						{"origin": [1.9, 14.3, 1.8], "size": [10, 2, 2], "uv": [0, 0]},
						{"origin": [1.9, 13.5, 1.8], "size": [10, 2, 2], "uv": [0, 0]}
					]
				},
				{
					"name": "leg1",
					"parent": "leg0",
					"pivot": [11.9, 14.8, 2.8],
					"rotation": [35, 0, 85],
					"cubes": [
						{"origin": [11.9, 13.8, 1.8], "size": [13, 2, 2], "uv": [0, 0]},
						{"origin": [11.9, 13.8, 1.4], "size": [13, 2, 2], "uv": [0, 0]},
						{"origin": [11.9, 13.8, 2.2], "size": [13, 2, 2], "uv": [0, 0]},
						{"origin": [11.9, 14.3, 1.8], "size": [13, 2, 2], "uv": [0, 0]},
						{"origin": [11.9, 13.5, 1.8], "size": [13, 2, 2], "uv": [0, 0]}
					]
				},
				{
					"name": "foot0",
					"parent": "leg1",
					"pivot": [24.9, 14.8, 2.8],
					"rotation": [0, 0, 5],
					"cubes": [
						{"origin": [24.9, 13.5, 1.3], "size": [1, 5, 3], "uv": [0, 0]}
					]
				},
				{
					"name": "toes0",
					"parent": "foot0",
					"pivot": [25.4, 17.3, 1.3],
					"rotation": [-35, 0, 0],
					"cubes": [
						{"origin": [24.9, 16.8, -0.7], "size": [1, 1, 2], "uv": [0, 0]}
					]
				},
				{
					"name": "toes1",
					"parent": "toes0",
					"pivot": [25.4, 17.3, -0.7],
					"cubes": [
						{"origin": [24.9, 16.8, -2.5], "size": [1, 1, 2], "inflate": -0.2, "uv": [0, 0]}
					]
				},
				{
					"name": "toes4",
					"parent": "foot0",
					"pivot": [25.4, 17.3, 4.3],
					"rotation": [-145, 0, 0],
					"cubes": [
						{"origin": [24.9, 16.8, 2.3], "size": [1, 1, 2], "uv": [0, 0]}
					]
				},
				{
					"name": "toes5",
					"parent": "toes4",
					"pivot": [25.4, 17.3, 2.3],
					"cubes": [
						{"origin": [24.9, 16.8, 0.5], "size": [1, 1, 2], "inflate": -0.2, "uv": [0, 0]}
					]
				},
				{
					"name": "toes2",
					"parent": "foot0",
					"pivot": [25.4, 18.5, 2.8],
					"rotation": [-90, 0, 0],
					"cubes": [
						{"origin": [24.9, 18, 0.8], "size": [1, 1, 2], "uv": [0, 0]}
					]
				},
				{
					"name": "toes3",
					"parent": "toes2",
					"pivot": [25.4, 18.5, 0.8],
					"cubes": [
						{"origin": [24.9, 18, -1], "size": [1, 1, 2], "inflate": -0.2, "uv": [0, 0]}
					]
				},
				{
					"name": "leg2",
					"parent": "all",
					"pivot": [-1.9, 14.8, 2.8],
					"rotation": [0, -25, -5],
					"cubes": [
						{"origin": [-11.9, 13.8, 1.8], "size": [10, 2, 2], "uv": [0, 0], "mirror": true},
						{"origin": [-11.9, 13.8, 1.4], "size": [10, 2, 2], "uv": [0, 0], "mirror": true},
						{"origin": [-11.9, 13.8, 2.2], "size": [10, 2, 2], "uv": [0, 0], "mirror": true},
						{"origin": [-11.9, 14.3, 1.8], "size": [10, 2, 2], "uv": [0, 0], "mirror": true},
						{"origin": [-11.9, 13.5, 1.8], "size": [10, 2, 2], "uv": [0, 0], "mirror": true}
					]
				},
				{
					"name": "leg3",
					"parent": "leg2",
					"pivot": [-11.9, 14.8, 2.8],
					"rotation": [35, 0, -85],
					"cubes": [
						{"origin": [-24.9, 13.8, 1.8], "size": [13, 2, 2], "uv": [0, 0], "mirror": true},
						{"origin": [-24.9, 13.8, 1.4], "size": [13, 2, 2], "uv": [0, 0], "mirror": true},
						{"origin": [-24.9, 13.8, 2.2], "size": [13, 2, 2], "uv": [0, 0], "mirror": true},
						{"origin": [-24.9, 14.3, 1.8], "size": [13, 2, 2], "uv": [0, 0], "mirror": true},
						{"origin": [-24.9, 13.5, 1.8], "size": [13, 2, 2], "uv": [0, 0], "mirror": true}
					]
				},
				{
					"name": "foot1",
					"parent": "leg3",
					"pivot": [-24.9, 14.8, 2.8],
					"rotation": [0, 0, -5],
					"cubes": [
						{"origin": [-25.9, 13.5, 1.3], "size": [1, 5, 3], "uv": [0, 0], "mirror": true}
					]
				},
				{
					"name": "toes6",
					"parent": "foot1",
					"pivot": [-25.4, 17.3, 1.3],
					"rotation": [-35, 0, 0],
					"cubes": [
						{"origin": [-25.9, 16.8, -0.7], "size": [1, 1, 2], "uv": [0, 0], "mirror": true}
					]
				},
				{
					"name": "toes7",
					"parent": "toes6",
					"pivot": [-25.4, 17.3, -0.7],
					"cubes": [
						{"origin": [-25.9, 16.8, -2.5], "size": [1, 1, 2], "inflate": -0.2, "uv": [0, 0], "mirror": true}
					]
				},
				{
					"name": "toes8",
					"parent": "foot1",
					"pivot": [-25.4, 17.3, 4.3],
					"rotation": [-145, 0, 0],
					"cubes": [
						{"origin": [-25.9, 16.8, 2.3], "size": [1, 1, 2], "uv": [0, 0], "mirror": true}
					]
				},
				{
					"name": "toes9",
					"parent": "toes8",
					"pivot": [-25.4, 17.3, 2.3],
					"cubes": [
						{"origin": [-25.9, 16.8, 0.5], "size": [1, 1, 2], "inflate": -0.2, "uv": [0, 0], "mirror": true}
					]
				},
				{
					"name": "toes10",
					"parent": "foot1",
					"pivot": [-25.4, 18.5, 2.8],
					"rotation": [-90, 0, 0],
					"cubes": [
						{"origin": [-25.9, 18, 0.8], "size": [1, 1, 2], "uv": [0, 0], "mirror": true}
					]
				},
				{
					"name": "toes11",
					"parent": "toes10",
					"pivot": [-25.4, 18.5, 0.8],
					"cubes": [
						{"origin": [-25.9, 18, -1], "size": [1, 1, 2], "inflate": -0.2, "uv": [0, 0], "mirror": true}
					]
				}
			]
		}
	]
}