{
	"format_version": "1.12.0",
	"minecraft:geometry": [
		{
			"description": {
				"identifier": "geometry.pink",
				"texture_width": 128,
				"texture_height": 128,
				"visible_bounds_width": 4,
				"visible_bounds_height": 5.5,
				"visible_bounds_offset": [0, 2.25, 0]
			},
			"bones": [
				{
					"name": "all",
					"pivot": [0, 0, 0]
				},
				{
					"name": "body0",
					"parent": "all",
					"pivot": [0, 21, 0],
					"cubes": [
						{"origin": [-4, 29, -4], "size": [8, 3, 8], "uv": [0, 0]},
						{"origin": [-4.5, 29, -4], "size": [8, 3, 8], "uv": [0, 0]},
						{"origin": [-4, 29, -3.4], "size": [8, 3, 8], "uv": [0, 0]},
						{"origin": [-3.5, 29, -4], "size": [8, 3, 8], "uv": [0, 0], "mirror": true},
						{"origin": [-4, 29, -4.6], "size": [8, 3, 8], "uv": [0, 0]},
						{"origin": [-4, 19, -3.4], "size": [8, 3, 8], "uv": [0, 0]},
						{"origin": [-3.5, 19, -4], "size": [8, 3, 8], "uv": [0, 0], "mirror": true},
						{"origin": [-4, 19, -4.6], "size": [8, 3, 8], "uv": [0, 0]},
						{"origin": [-4.5, 19, -4], "size": [8, 3, 8], "uv": [0, 0]},
						{"origin": [-4, 19, -4], "size": [8, 3, 8], "uv": [0, 0]},
						{"origin": [-4, 20, -4], "size": [8, 11, 8], "inflate": 0.15, "uv": [0, 0]},
						{"origin": [-4, 20, -4.6], "size": [8, 11, 8], "inflate": 0.15, "uv": [0, 0]},
						{"origin": [-4.5, 20, -4], "size": [8, 11, 8], "inflate": 0.15, "uv": [0, 0]},
						{"origin": [-4, 20, -3.4], "size": [8, 11, 8], "inflate": 0.15, "uv": [0, 0]},
						{"origin": [-3.5, 20, -4], "size": [8, 11, 8], "inflate": 0.15, "uv": [0, 0], "mirror": true}
					]
				},
				{
					"name": "body1",
					"parent": "body0",
					"pivot": [0, 30, 0],
					"cubes": [
						{"origin": [-4, 40, -4], "size": [8, 1, 8], "uv": [0, 0]},
						{"origin": [-4.5, 40, -4], "size": [8, 1, 8], "uv": [0, 0]},
						{"origin": [-4, 40, -3.4], "size": [8, 1, 8], "uv": [0, 0]},
						{"origin": [-3.5, 40, -4], "size": [8, 1, 8], "uv": [0, 0], "mirror": true},
						{"origin": [-4, 40, -4.6], "size": [8, 1, 8], "uv": [0, 0]},
						{"origin": [-4, 30, -3.4], "size": [8, 1, 8], "uv": [0, 0]},
						{"origin": [-3.5, 30, -4], "size": [8, 1, 8], "uv": [0, 0], "mirror": true},
						{"origin": [-4, 30, -4.6], "size": [8, 1, 8], "uv": [0, 0]},
						{"origin": [-4.5, 30, -4], "size": [8, 1, 8], "uv": [0, 0]},
						{"origin": [-4, 30, -4], "size": [8, 1, 8], "uv": [0, 0]},
						{"origin": [-4, 31, -4], "size": [8, 9, 8], "inflate": 0.15, "uv": [0, 0]},
						{"origin": [-4, 31, -4.6], "size": [8, 9, 8], "inflate": 0.15, "uv": [0, 0]},
						{"origin": [-4.5, 31, -4], "size": [8, 9, 8], "inflate": 0.15, "uv": [0, 0]},
						{"origin": [-4, 31, -3.4], "size": [8, 9, 8], "inflate": 0.15, "uv": [0, 0]},
						{"origin": [-3.5, 31, -4], "size": [8, 9, 8], "inflate": 0.15, "uv": [0, 0], "mirror": true}
					]
				},
				{
					"name": "body2",
					"parent": "body1",
					"pivot": [0, 39, 0],
					"cubes": [
						{"origin": [-4, 47, -4], "size": [8, 1, 8], "uv": [0, 0]},
						{"origin": [-4.5, 47, -4], "size": [8, 1, 8], "uv": [0, 0]},
						{"origin": [-4, 47, -3.4], "size": [8, 1, 8], "uv": [0, 0]},
						{"origin": [-3.5, 47, -4], "size": [8, 1, 8], "uv": [0, 0], "mirror": true},
						{"origin": [-4, 47, -4.6], "size": [8, 1, 8], "uv": [0, 0]},
						{"origin": [-4, 39, -3.4], "size": [8, 1, 8], "uv": [0, 0]},
						{"origin": [-3.5, 39, -4], "size": [8, 1, 8], "uv": [0, 0], "mirror": true},
						{"origin": [-4, 39, -4.6], "size": [8, 1, 8], "uv": [0, 0]},
						{"origin": [-4.5, 39, -4], "size": [8, 1, 8], "uv": [0, 0]},
						{"origin": [-4, 39, -4], "size": [8, 1, 8], "uv": [0, 0]},
						{"origin": [-4, 40, -4], "size": [8, 7, 8], "inflate": 0.15, "uv": [0, 0]},
						{"origin": [-4, 40, -4.6], "size": [8, 7, 8], "inflate": 0.15, "uv": [0, 0]},
						{"origin": [-4.5, 40, -4], "size": [8, 7, 8], "inflate": 0.15, "uv": [0, 0]},
						{"origin": [-4, 40, -3.4], "size": [8, 7, 8], "inflate": 0.15, "uv": [0, 0]},
						{"origin": [-3.5, 40, -4], "size": [8, 7, 8], "inflate": 0.15, "uv": [0, 0], "mirror": true}
					]
				},
				{
					"name": "head",
					"parent": "body2",
					"pivot": [0, 47, -3]
				},
				{
					"name": "eye0",
					"parent": "head",
					"pivot": [-3, 47, -3],
					"rotation": [30, 0, 0],
					"cubes": [
						{"origin": [-4, 44, -4], "size": [3, 10, 2], "pivot": [-3, 47, -3], "rotation": [0, 0, -25], "uv": [0, 0]},
						{"origin": [-5.1, 52.5, -7.4], "size": [4, 7, 2], "pivot": [-3, 47, -3], "rotation": [-30, 0, -20], "uv": [0, 0]},
						{"origin": [-5.1, 54.5, -7.7], "size": [4, 5, 2], "inflate": -0.2, "pivot": [-3, 47, -3], "rotation": [-30, 0, -20], "uv": [88.2, 102.3]},
						{"origin": [-4.6, 54.8, -7.9], "size": [3, 4, 2], "inflate": -0.2, "pivot": [-3, 47, -3], "rotation": [-30, 0, -20], "uv": [22.2, 93.3]}
					]
				},
				{
					"name": "eye1",
					"parent": "head",
					"pivot": [3, 47, -3],
					"rotation": [30, 0, 0],
					"cubes": [
						{"origin": [1, 44, -4], "size": [3, 10, 2], "pivot": [3, 47, -3], "rotation": [0, 0, 25], "uv": [0, 0], "mirror": true},
						{"origin": [1.1, 52.5, -7.4], "size": [4, 7, 2], "pivot": [3, 47, -3], "rotation": [-30, 0, 20], "uv": [0, 0], "mirror": true},
						{"origin": [1.1, 54.5, -7.7], "size": [4, 5, 2], "inflate": -0.2, "pivot": [3, 47, -3], "rotation": [-30, 0, 20], "uv": [88.2, 102.3], "mirror": true},
						{"origin": [1.6, 54.8, -7.9], "size": [3, 4, 2], "inflate": -0.2, "pivot": [3, 47, -3], "rotation": [-30, 0, 20], "uv": [22.2, 93.3], "mirror": true}
					]
				},
				{
					"name": "bone3",
					"parent": "body2",
					"pivot": [0, 39, 0],
					"cubes": [
						{"origin": [-6, 38, -6], "size": [12, 1, 13], "uv": [0, 0]},
						{"origin": [-7, 38, -6], "size": [12, 1, 13], "uv": [0, 0]},
						{"origin": [-5, 36, -6], "size": [1, 2, 1], "uv": [101, 110]},
						{"origin": [-7, 36, -6], "size": [1, 2, 1], "uv": [101, 110]},
						{"origin": [-3, 36, -6], "size": [1, 2, 1], "uv": [101, 110]},
						{"origin": [5, 36, -6], "size": [1, 2, 1], "uv": [101, 110]},
						{"origin": [3, 36, -6], "size": [1, 2, 1], "uv": [101, 110]},
						{"origin": [1, 36, -6], "size": [1, 2, 1], "uv": [101, 110]},
						{"origin": [-1, 36, -6], "size": [1, 2, 1], "uv": [101, 110]},
						{"origin": [-6, 35, 7], "size": [12, 3, 1], "uv": [0, 0]},
						{"origin": [-7, 35, 7], "size": [12, 3, 1], "uv": [0, 0]},
						{"origin": [-5, 35, 7], "size": [12, 3, 1], "uv": [0, 0], "mirror": true},
						{"origin": [-6, 35, 6], "size": [12, 3, 1], "uv": [6, 107]},
						{"origin": [-6, 35, 5], "size": [12, 3, 1], "uv": [6, 107]},
						{"origin": [-6, 35, 4], "size": [12, 3, 1], "uv": [6, 107]},
						{"origin": [-6, 35, 2], "size": [12, 3, 1], "uv": [6, 107]},
						{"origin": [-6, 35, 3], "size": [12, 3, 1], "uv": [6, 107]},
						{"origin": [-6, 35, 1], "size": [12, 3, 1], "uv": [6, 107]},
						{"origin": [-6, 35, 0], "size": [12, 3, 1], "uv": [6, 107]},
						{"origin": [-6, 35, -1], "size": [12, 3, 1], "uv": [6, 107]},
						{"origin": [-6, 35, -2], "size": [12, 3, 1], "uv": [6, 107]},
						{"origin": [-6, 35, -3], "size": [12, 3, 1], "uv": [6, 107]},
						{"origin": [-6, 35, -4], "size": [12, 3, 1], "uv": [6, 107]},
						{"origin": [-6, 35, -5], "size": [12, 3, 1], "uv": [6, 107]},
						{"origin": [-5, 35, 6], "size": [12, 3, 1], "uv": [6, 107]},
						{"origin": [-5, 35, 5], "size": [12, 3, 1], "uv": [6, 107]},
						{"origin": [-5, 35, 4], "size": [12, 3, 1], "uv": [6, 107]},
						{"origin": [-5, 35, 3], "size": [12, 3, 1], "uv": [6, 107]},
						{"origin": [-5, 35, 2], "size": [12, 3, 1], "uv": [6, 107]},
						{"origin": [-5, 35, 1], "size": [12, 3, 1], "uv": [6, 107]},
						{"origin": [-5, 35, 0], "size": [12, 3, 1], "uv": [6, 107]},
						{"origin": [-5, 35, -2], "size": [12, 3, 1], "uv": [6, 107]},
						{"origin": [-5, 35, -1], "size": [12, 3, 1], "uv": [6, 107]},
						{"origin": [-5, 35, -3], "size": [12, 3, 1], "uv": [6, 107]},
						{"origin": [-5, 35, -4], "size": [12, 3, 1], "uv": [6, 107]},
						{"origin": [-5, 35, -5], "size": [12, 3, 1], "uv": [6, 107]},
						{"origin": [-7, 35, 6], "size": [12, 3, 1], "uv": [6, 107]},
						{"origin": [-7, 35, 5], "size": [12, 3, 1], "uv": [6, 107]},
						{"origin": [-7, 35, 4], "size": [12, 3, 1], "uv": [6, 107]},
						{"origin": [-7, 35, 3], "size": [12, 3, 1], "uv": [6, 107]},
						{"origin": [-7, 35, 2], "size": [12, 3, 1], "uv": [6, 107]},
						{"origin": [-7, 35, 1], "size": [12, 3, 1], "uv": [6, 107]},
						{"origin": [-7, 35, 0], "size": [12, 3, 1], "uv": [6, 107]},
						{"origin": [-7, 35, -2], "size": [12, 3, 1], "uv": [6, 107]},
						{"origin": [-7, 35, -1], "size": [12, 3, 1], "uv": [6, 107]},
						{"origin": [-7, 35, -3], "size": [12, 3, 1], "uv": [6, 107]},
						{"origin": [-7, 35, -4], "size": [12, 3, 1], "uv": [6, 107]},
						{"origin": [-7, 35, -5], "size": [12, 3, 1], "uv": [6, 107]},
						{"origin": [-8, 35, -6], "size": [1, 3, 13], "uv": [0, 0]},
						{"origin": [-5, 38, -6], "size": [12, 1, 13], "uv": [0, 0], "mirror": true},
						{"origin": [7, 35, -6], "size": [1, 3, 13], "uv": [0, 0], "mirror": true}
					]
				},
				{
					"name": "bone",
					"parent": "body1",
					"pivot": [0, 33, 0],
					"cubes": [
						{"origin": [-6, 33, -6], "size": [12, 1, 13], "uv": [0, 0]},
						{"origin": [-7, 33, -6], "size": [12, 1, 13], "uv": [0, 0]},
						{"origin": [-6, 34, -6], "size": [1, 2, 1], "uv": [101, 110]},
						{"origin": [-4, 34, -6], "size": [1, 2, 1], "uv": [101, 110]},
						{"origin": [-2, 34, -6], "size": [1, 2, 1], "uv": [101, 110]},
						{"origin": [0, 34, -6], "size": [1, 2, 1], "uv": [101, 110]},
						{"origin": [2, 34, -6], "size": [1, 2, 1], "uv": [101, 110]},
						{"origin": [4, 34, -6], "size": [1, 2, 1], "uv": [101, 110]},
						{"origin": [6, 34, -6], "size": [1, 2, 1], "uv": [101, 110]},
						{"origin": [-6, 34, 7], "size": [12, 3, 1], "uv": [0, 0]},
						{"origin": [-7, 34, 7], "size": [12, 3, 1], "uv": [0, 0]},
						{"origin": [-5, 34, 7], "size": [12, 3, 1], "uv": [0, 0], "mirror": true},
						{"origin": [-6, 34, 6], "size": [12, 3, 1], "uv": [6, 107]},
						{"origin": [-6, 34, 5], "size": [12, 3, 1], "uv": [6, 107]},
						{"origin": [-6, 34, 4], "size": [12, 3, 1], "uv": [6, 107]},
						{"origin": [-6, 34, 2], "size": [12, 3, 1], "uv": [6, 107]},
						{"origin": [-6, 34, 3], "size": [12, 3, 1], "uv": [6, 107]},
						{"origin": [-6, 34, 1], "size": [12, 3, 1], "uv": [6, 107]},
						{"origin": [-6, 34, 0], "size": [12, 3, 1], "uv": [6, 107]},
						{"origin": [-6, 34, -1], "size": [12, 3, 1], "uv": [6, 107]},
						{"origin": [-6, 34, -2], "size": [12, 3, 1], "uv": [6, 107]},
						{"origin": [-6, 34, -3], "size": [12, 3, 1], "uv": [6, 107]},
						{"origin": [-6, 34, -4], "size": [12, 3, 1], "uv": [6, 107]},
						{"origin": [-6, 34, -5], "size": [12, 3, 1], "uv": [6, 107]},
						{"origin": [-5, 34, -5], "size": [12, 3, 1], "uv": [6, 107]},
						{"origin": [-5, 34, -4], "size": [12, 3, 1], "uv": [6, 107]},
						{"origin": [-5, 34, -3], "size": [12, 3, 1], "uv": [6, 107]},
						{"origin": [-5, 34, -2], "size": [12, 3, 1], "uv": [6, 107]},
						{"origin": [-5, 34, -1], "size": [12, 3, 1], "uv": [6, 107]},
						{"origin": [-5, 34, 0], "size": [12, 3, 1], "uv": [6, 107]},
						{"origin": [-5, 34, 1], "size": [12, 3, 1], "uv": [6, 107]},
						{"origin": [-5, 34, 2], "size": [12, 3, 1], "uv": [6, 107]},
						{"origin": [-5, 34, 4], "size": [12, 3, 1], "uv": [6, 107]},
						{"origin": [-5, 34, 3], "size": [12, 3, 1], "uv": [6, 107]},
						{"origin": [-5, 34, 5], "size": [12, 3, 1], "uv": [6, 107]},
						{"origin": [-5, 34, 6], "size": [12, 3, 1], "uv": [6, 107]},
						{"origin": [-7, 34, -5], "size": [12, 3, 1], "uv": [6, 107]},
						{"origin": [-7, 34, -4], "size": [12, 3, 1], "uv": [6, 107]},
						{"origin": [-7, 34, -3], "size": [12, 3, 1], "uv": [6, 107]},
						{"origin": [-7, 34, -2], "size": [12, 3, 1], "uv": [6, 107]},
						{"origin": [-7, 34, -1], "size": [12, 3, 1], "uv": [6, 107]},
						{"origin": [-7, 34, 0], "size": [12, 3, 1], "uv": [6, 107]},
						{"origin": [-7, 34, 1], "size": [12, 3, 1], "uv": [6, 107]},
						{"origin": [-7, 34, 2], "size": [12, 3, 1], "uv": [6, 107]},
						{"origin": [-7, 34, 4], "size": [12, 3, 1], "uv": [6, 107]},
						{"origin": [-7, 34, 3], "size": [12, 3, 1], "uv": [6, 107]},
						{"origin": [-7, 34, 5], "size": [12, 3, 1], "uv": [6, 107]},
						{"origin": [-7, 34, 6], "size": [12, 3, 1], "uv": [6, 107]},
						{"origin": [-8, 34, -6], "size": [1, 3, 13], "uv": [0, 0]},
						{"origin": [7, 34, -6], "size": [1, 3, 13], "uv": [0, 0], "mirror": true},
						{"origin": [-5, 33, -6], "size": [12, 1, 13], "uv": [0, 0], "mirror": true}
					]
				},
				{
					"name": "bone2",
					"parent": "body1",
					"pivot": [0, 34, 0],
					"cubes": [
						{"origin": [-6, 34, 7], "size": [12, 3, 1], "uv": [0, 0]},
						{"origin": [-7, 34, 7], "size": [12, 3, 1], "uv": [0, 0]},
						{"origin": [-5, 34, 7], "size": [12, 3, 1], "uv": [0, 0], "mirror": true},
						{"origin": [-6, 34, 6], "size": [12, 3, 1], "uv": [6, 107]},
						{"origin": [-6, 34, 5], "size": [12, 3, 1], "uv": [6, 107]},
						{"origin": [-6, 34, 4], "size": [12, 3, 1], "uv": [6, 107]},
						{"origin": [-6, 34, 2], "size": [12, 3, 1], "uv": [6, 107]},
						{"origin": [-6, 34, 3], "size": [12, 3, 1], "uv": [6, 107]},
						{"origin": [-6, 34, 1], "size": [12, 3, 1], "uv": [6, 107]},
						{"origin": [-6, 34, 0], "size": [12, 3, 1], "uv": [6, 107]},
						{"origin": [-6, 34, -1], "size": [12, 3, 1], "uv": [6, 107]},
						{"origin": [-6, 34, -2], "size": [12, 3, 1], "uv": [6, 107]},
						{"origin": [-6, 34, -3], "size": [12, 3, 1], "uv": [6, 107]},
						{"origin": [-6, 34, -4], "size": [12, 3, 1], "uv": [6, 107]},
						{"origin": [-6, 34, -5], "size": [12, 3, 1], "uv": [6, 107]},
						{"origin": [-7, 34, -2], "size": [12, 3, 1], "uv": [6, 107]},
						{"origin": [-7, 34, -3], "size": [12, 3, 1], "uv": [6, 107]},
						{"origin": [-7, 34, -4], "size": [12, 3, 1], "uv": [6, 107]},
						{"origin": [-7, 34, -5], "size": [12, 3, 1], "uv": [6, 107]},
						{"origin": [-7, 34, -1], "size": [12, 3, 1], "uv": [6, 107]},
						{"origin": [-7, 34, 0], "size": [12, 3, 1], "uv": [6, 107]},
						{"origin": [-7, 34, 1], "size": [12, 3, 1], "uv": [6, 107]},
						{"origin": [-7, 34, 2], "size": [12, 3, 1], "uv": [6, 107]},
						{"origin": [-7, 34, 3], "size": [12, 3, 1], "uv": [6, 107]},
						{"origin": [-7, 34, 4], "size": [12, 3, 1], "uv": [6, 107]},
						{"origin": [-7, 34, 5], "size": [12, 3, 1], "uv": [6, 107]},
						{"origin": [-7, 34, 6], "size": [12, 3, 1], "uv": [6, 107]},
						{"origin": [-5, 34, -2], "size": [12, 3, 1], "uv": [6, 107], "mirror": true},
						{"origin": [-5, 34, -3], "size": [12, 3, 1], "uv": [6, 107], "mirror": true},
						{"origin": [-5, 34, -4], "size": [12, 3, 1], "uv": [6, 107], "mirror": true},
						{"origin": [-5, 34, -5], "size": [12, 3, 1], "uv": [6, 107], "mirror": true},
						{"origin": [-5, 34, -1], "size": [12, 3, 1], "uv": [6, 107], "mirror": true},
						{"origin": [-5, 34, 0], "size": [12, 3, 1], "uv": [6, 107], "mirror": true},
						{"origin": [-5, 34, 1], "size": [12, 3, 1], "uv": [6, 107], "mirror": true},
						{"origin": [-5, 34, 2], "size": [12, 3, 1], "uv": [6, 107], "mirror": true},
						{"origin": [-5, 34, 3], "size": [12, 3, 1], "uv": [6, 107], "mirror": true},
						{"origin": [-5, 34, 4], "size": [12, 3, 1], "uv": [6, 107], "mirror": true},
						{"origin": [-5, 34, 5], "size": [12, 3, 1], "uv": [6, 107], "mirror": true},
						{"origin": [-5, 34, 6], "size": [12, 3, 1], "uv": [6, 107], "mirror": true},
						{"origin": [-8, 34, -6], "size": [1, 3, 13], "uv": [0, 0]},
						{"origin": [7, 34, -6], "size": [1, 3, 13], "uv": [0, 0], "mirror": true}
					]
				},
				{
					"name": "leg0",
					"parent": "all",
					"pivot": [4.5, 23, 0],
					"rotation": [0, 15, 42.5],
					"cubes": [
						{"origin": [5, 21, -2], "size": [10, 4, 4], "inflate": 0.5, "uv": [0, 0]},
						{"origin": [4.3, 21, -2], "size": [10, 4, 4], "inflate": 0.5, "uv": [0, 0]},
						{"origin": [5.5, 21, -2], "size": [10, 4, 4], "inflate": 0.5, "uv": [0, 0]},
						{"origin": [5, 25, -2], "size": [10, 1, 4], "inflate": 0.5, "uv": [0, 0]},
						{"origin": [5, 20, -2], "size": [10, 1, 4], "inflate": 0.5, "uv": [0, 0]},
						{"origin": [5, 21, -3], "size": [10, 4, 1], "inflate": 0.5, "uv": [0, 0]},
						{"origin": [5, 20.6, -2.6], "size": [10, 4, 1], "inflate": 0.5, "uv": [0, 0]},
						{"origin": [5, 20.6, 1.6], "size": [10, 4, 1], "inflate": 0.5, "uv": [0, 0]},
						{"origin": [5, 21, 2], "size": [10, 4, 1], "inflate": 0.5, "uv": [0, 0]},
						{"origin": [5, 21.4, 1.6], "size": [10, 4, 1], "inflate": 0.5, "uv": [0, 0]},
						{"origin": [5, 21.4, -2.6], "size": [10, 4, 1], "inflate": 0.5, "uv": [0, 0]}
					]
				},
				{
					"name": "leg1",
					"parent": "leg0",
					"pivot": [15.5, 23, 0],
					"rotation": [0, -10, 42.5],
					"cubes": [
						{"origin": [16, 21, -2], "size": [15, 4, 4], "inflate": 0.5, "uv": [0, 0]},
						{"origin": [16.5, 21, -2], "size": [15, 4, 4], "inflate": 0.5, "uv": [0, 0]},
						{"origin": [15.5, 21, -2], "size": [15, 4, 4], "inflate": 0.5, "uv": [0, 0]},
						{"origin": [16, 25, -2], "size": [15, 1, 4], "inflate": 0.5, "uv": [0, 0]},
						{"origin": [16, 20, -2], "size": [15, 1, 4], "inflate": 0.5, "uv": [0, 0]},
						{"origin": [16, 21, -3], "size": [15, 4, 1], "inflate": 0.5, "uv": [0, 0]},
						{"origin": [16, 20.6, -2.6], "size": [15, 4, 1], "inflate": 0.5, "uv": [0, 0]},
						{"origin": [16, 20.6, 1.6], "size": [15, 4, 1], "inflate": 0.5, "uv": [0, 0]},
						{"origin": [16, 21, 2], "size": [15, 4, 1], "inflate": 0.5, "uv": [0, 0]},
						{"origin": [16, 21.4, 1.6], "size": [15, 4, 1], "inflate": 0.5, "uv": [0, 0]},
						{"origin": [16, 21.4, -2.6], "size": [15, 4, 1], "inflate": 0.5, "uv": [0, 0]}
					]
				},
				{
					"name": "leg2",
					"parent": "all",
					"pivot": [-4.5, 23, 0],
					"rotation": [0, -15, -42.5],
					"cubes": [
						{"origin": [-15, 21, -2], "size": [10, 4, 4], "inflate": 0.5, "uv": [0, 0], "mirror": true},
						{"origin": [-14.3, 21, -2], "size": [10, 4, 4], "inflate": 0.5, "uv": [0, 0], "mirror": true},
						{"origin": [-15.5, 21, -2], "size": [10, 4, 4], "inflate": 0.5, "uv": [0, 0], "mirror": true},
						{"origin": [-15, 25, -2], "size": [10, 1, 4], "inflate": 0.5, "uv": [0, 0], "mirror": true},
						{"origin": [-15, 20, -2], "size": [10, 1, 4], "inflate": 0.5, "uv": [0, 0], "mirror": true},
						{"origin": [-15, 21, -3], "size": [10, 4, 1], "inflate": 0.5, "uv": [0, 0], "mirror": true},
						{"origin": [-15, 20.6, -2.6], "size": [10, 4, 1], "inflate": 0.5, "uv": [0, 0], "mirror": true},
						{"origin": [-15, 20.6, 1.6], "size": [10, 4, 1], "inflate": 0.5, "uv": [0, 0], "mirror": true},
						{"origin": [-15, 21, 2], "size": [10, 4, 1], "inflate": 0.5, "uv": [0, 0], "mirror": true},
						{"origin": [-15, 21.4, 1.6], "size": [10, 4, 1], "inflate": 0.5, "uv": [0, 0], "mirror": true},
						{"origin": [-15, 21.4, -2.6], "size": [10, 4, 1], "inflate": 0.5, "uv": [0, 0], "mirror": true}
					]
				},
				{
					"name": "leg3",
					"parent": "leg2",
					"pivot": [-15.5, 23, 0],
					"rotation": [0, 10, -42.5],
					"cubes": [
						{"origin": [-31, 21, -2], "size": [15, 4, 4], "inflate": 0.5, "uv": [0, 0], "mirror": true},
						{"origin": [-31.5, 21, -2], "size": [15, 4, 4], "inflate": 0.5, "uv": [0, 0], "mirror": true},
						{"origin": [-30.5, 21, -2], "size": [15, 4, 4], "inflate": 0.5, "uv": [0, 0], "mirror": true},
						{"origin": [-31, 25, -2], "size": [15, 1, 4], "inflate": 0.5, "uv": [0, 0], "mirror": true},
						{"origin": [-31, 20, -2], "size": [15, 1, 4], "inflate": 0.5, "uv": [0, 0], "mirror": true},
						{"origin": [-31, 21, -3], "size": [15, 4, 1], "inflate": 0.5, "uv": [0, 0], "mirror": true},
						{"origin": [-31, 20.6, -2.6], "size": [15, 4, 1], "inflate": 0.5, "uv": [0, 0], "mirror": true},
						{"origin": [-31, 20.6, 1.6], "size": [15, 4, 1], "inflate": 0.5, "uv": [0, 0], "mirror": true},
						{"origin": [-31, 21, 2], "size": [15, 4, 1], "inflate": 0.5, "uv": [0, 0], "mirror": true},
						{"origin": [-31, 21.4, 1.6], "size": [15, 4, 1], "inflate": 0.5, "uv": [0, 0], "mirror": true},
						{"origin": [-31, 21.4, -2.6], "size": [15, 4, 1], "inflate": 0.5, "uv": [0, 0], "mirror": true}
					]
				}
			]
		}
	]
}