{
	"format_version": "1.12.0",
	"minecraft:geometry": [
		{
			"description": {
				"identifier": "geometry.purple",
				"texture_width": 128,
				"texture_height": 128,
				"visible_bounds_width": 6,
				"visible_bounds_height": 3,
				"visible_bounds_offset": [0, 0.5, 0]
			},
			"bones": [
				{
					"name": "all",
					"pivot": [0, 0, 0],
					"rotation": [90, 0, 0]
				},
				{
					"name": "body0",
					"parent": "all",
					"pivot": [0, -21, 14],
					"cubes": [
						{"origin": [-1.5, -21, 12.5], "size": [3, 8, 3], "uv": [0, 0]},
						{"origin": [-1.1, -21, 12.5], "size": [3, 8, 3], "uv": [0, 0]},
						{"origin": [-1.9, -21, 12.5], "size": [3, 8, 3], "uv": [0, 0], "mirror": true},
						{"origin": [-1.5, -21, 12.1], "size": [3, 8, 3], "uv": [0, 0]},
						{"origin": [-1.5, -21, 12.9], "size": [3, 8, 3], "uv": [0, 0]}
					]
				},
				{
					"name": "body1",
					"parent": "body0",
					"pivot": [0, -13, 14],
					"cubes": [
						{"origin": [-1.5, -13, 12.5], "size": [3, 8, 3], "uv": [0, 0]},
						{"origin": [-1.1, -13, 12.5], "size": [3, 8, 3], "uv": [0, 0]},
						{"origin": [-1.9, -13, 12.5], "size": [3, 8, 3], "uv": [0, 0], "mirror": true},
						{"origin": [-1.5, -13, 12.1], "size": [3, 8, 3], "uv": [0, 0]},
						{"origin": [-1.5, -13, 12.9], "size": [3, 8, 3], "uv": [0, 0]}
					]
				},
				{
					"name": "body2",
					"parent": "body1",
					"pivot": [0, -5, 14],
					"cubes": [
						{"origin": [-1.5, -5, 12.5], "size": [3, 8, 3], "uv": [0, 0]},
						{"origin": [-1.1, -5, 12.5], "size": [3, 8, 3], "uv": [0, 0]},
						{"origin": [-1.9, -5, 12.5], "size": [3, 8, 3], "uv": [0, 0], "mirror": true},
						{"origin": [-1.5, -5, 12.1], "size": [3, 8, 3], "uv": [0, 0]},
						{"origin": [-1.5, -5, 12.9], "size": [3, 8, 3], "uv": [0, 0]}
					]
				},
				{
					"name": "body3",
					"parent": "body2",
					"pivot": [0, 3, 14],
					"cubes": [
						{"origin": [-1.5, 3, 12.5], "size": [3, 8, 3], "uv": [0, 0]},
						{"origin": [-1.1, 3, 12.5], "size": [3, 8, 3], "uv": [0, 0]},
						{"origin": [-1.9, 3, 12.5], "size": [3, 8, 3], "uv": [0, 0], "mirror": true},
						{"origin": [-1.5, 3, 12.1], "size": [3, 8, 3], "uv": [0, 0]},
						{"origin": [-1.5, 3, 12.9], "size": [3, 8, 3], "uv": [0, 0]}
					]
				},
				{
					"name": "body4",
					"parent": "body3",
					"pivot": [0, 11, 14],
					"cubes": [
						{"origin": [-1.5, 11, 12.5], "size": [3, 8, 3], "uv": [0, 0]},
						{"origin": [-1.1, 11, 12.5], "size": [3, 8, 3], "uv": [0, 0]},
						{"origin": [-1.9, 11, 12.5], "size": [3, 8, 3], "uv": [0, 0], "mirror": true},
						{"origin": [-1.5, 11, 12.1], "size": [3, 8, 3], "uv": [0, 0]},
						{"origin": [-1.5, 11, 12.9], "size": [3, 8, 3], "uv": [0, 0]}
					]
				},
				{
					"name": "head",
					"parent": "body4",
					"pivot": [0, 19, 14],
					"rotation": [-90, 0, 0],
					"cubes": [
						{"origin": [-5, 13, 10], "size": [10, 1, 3], "uv": [0, 0]},
						{"origin": [-5, 13.6, 12.2], "size": [10, 2, 1], "uv": [0, 0]},
						{"origin": [0, 14.8, 12.5], "size": [5.4, 2, 1], "uv": [0, 0]},
						{"origin": [0, 21.4, 12.5], "size": [5.9, 1.1, 1], "uv": [0, 0]},
						{"origin": [0, 22.5, 12.3], "size": [5.4, 1.2, 1.1], "uv": [0, 0]},
						{"origin": [0, 23.3, 12.05], "size": [5.4, 1.2, 1.1], "uv": [0, 0]},
						{"origin": [-5.4, 23.3, 12.05], "size": [5.4, 1.2, 1.1], "uv": [0, 0], "mirror": true},
						{"origin": [0, 16.8, 12.9], "size": [5.8, 2.3, 1], "uv": [0, 0]},
						{"origin": [0, 19.1, 12.9], "size": [6.3, 2.3, 1], "uv": [0, 0]},
						{"origin": [-5.4, 22.5, 12.3], "size": [5.4, 1.2, 1.1], "uv": [0, 0], "mirror": true},
						{"origin": [-5.9, 21.4, 12.5], "size": [5.9, 1.1, 1], "uv": [0, 0], "mirror": true},
						{"origin": [-6.3, 19.1, 12.9], "size": [6.3, 2.3, 1], "uv": [0, 0], "mirror": true},
						{"origin": [-5.8, 16.8, 12.9], "size": [5.8, 2.3, 1], "uv": [0, 0], "mirror": true},
						{"origin": [-5.4, 14.8, 12.5], "size": [5.4, 2, 1], "uv": [0, 0], "mirror": true},
						{"origin": [4.3, 13.6, 10], "size": [1, 2, 3], "uv": [0, 0]},
						{"origin": [4.8, 14.8, 10], "size": [1, 2, 3], "uv": [0, 0]},
						{"origin": [5.1, 21.3, 10], "size": [1, 2, 3], "uv": [0, 0]},
						{"origin": [4.7, 22.5, 10], "size": [1, 2, 2.8], "uv": [0, 0]},
						{"origin": [3.7, 23.9, 10], "size": [1.5, 1, 2.8], "uv": [0, 0]},
						{"origin": [-1.2, 24.3, 10], "size": [5.5, 1, 2.8], "uv": [0, 0]},
						{"origin": [-4.3, 24.3, 10], "size": [5.5, 1, 2.8], "uv": [0, 0], "mirror": true},
						{"origin": [-5.2, 23.9, 10], "size": [1.5, 1, 2.8], "uv": [0, 0], "mirror": true},
						{"origin": [-5.7, 22.5, 10], "size": [1, 2, 2.8], "uv": [0, 0], "mirror": true},
						{"origin": [5.2, 16.1, 10], "size": [1, 3, 3], "uv": [0, 0]},
						{"origin": [5.6, 18.4, 10], "size": [1, 4, 3], "uv": [0, 0]},
						{"origin": [-6.6, 18.4, 10], "size": [1, 4, 3], "uv": [0, 0], "mirror": true},
						{"origin": [-6.1, 21.3, 10], "size": [1, 2, 3], "uv": [0, 0], "mirror": true},
						{"origin": [-6.2, 16.1, 10], "size": [1, 3, 3], "uv": [0, 0], "mirror": true},
						{"origin": [-5.8, 14.8, 10], "size": [1, 2, 3], "uv": [0, 0], "mirror": true},
						{"origin": [-5.3, 13.6, 10], "size": [1, 2, 3], "uv": [0, 0], "mirror": true},
						{"origin": [-4.3, 13.6, 11], "size": [5, 2, 1], "uv": [15, 100], "mirror": true},
						{"origin": [-4.9, 14.6, 11], "size": [5.6, 2.2, 1], "uv": [15, 100], "mirror": true},
						{"origin": [-5.2, 16.8, 11], "size": [5.9, 2.2, 1], "uv": [15, 100], "mirror": true},
						{"origin": [-5, 16.8, 9], "size": [1, 2, 3], "inflate": -0.2, "uv": [96, 110], "mirror": true},
						{"origin": [-4.3, 15, 9], "size": [1, 2, 3], "inflate": -0.2, "uv": [96, 110], "mirror": true},
						{"origin": [-3.6, 14.3, 9], "size": [1.5, 1, 3], "inflate": -0.2, "uv": [96, 110], "mirror": true},
						{"origin": [-2.1, 14.1, 9], "size": [1.5, 1, 3], "inflate": -0.2, "uv": [96, 110], "mirror": true},
						{"origin": [4, 16.8, 9], "size": [1, 2, 3], "inflate": -0.2, "uv": [96, 110]},
						{"origin": [3.3, 15, 9], "size": [1, 2, 3], "inflate": -0.2, "uv": [96, 110]},
						{"origin": [2.1, 14.3, 9], "size": [1.5, 1, 3], "inflate": -0.2, "uv": [96, 110]},
						{"origin": [0.6, 14.1, 9], "size": [1.5, 1, 3], "inflate": -0.2, "uv": [96, 110]},
						{"origin": [-5.6, 19, 11], "size": [6.3, 2.3, 1], "uv": [15, 100], "mirror": true},
						{"origin": [-5.1, 20.2, 11], "size": [5.8, 2.3, 1], "uv": [15, 100], "mirror": true},
						{"origin": [-4.8, 21.6, 11], "size": [5.5, 2.3, 1], "uv": [15, 100], "mirror": true},
						{"origin": [-4.1, 22.1, 11], "size": [4.8, 2.4, 1], "uv": [15, 100], "mirror": true},
						{"origin": [-0.7, 22.1, 11], "size": [4.8, 2.4, 1], "uv": [15, 100]},
						{"origin": [-0.7, 21.6, 11], "size": [5.5, 2.3, 1], "uv": [15, 100]},
						{"origin": [-0.7, 20.2, 11], "size": [5.8, 2.3, 1], "uv": [15, 100]},
						{"origin": [-0.7, 19, 11], "size": [6.3, 2.3, 1], "uv": [15, 100]},
						{"origin": [-0.7, 16.8, 11], "size": [5.9, 2.2, 1], "uv": [15, 100]},
						{"origin": [-0.7, 14.6, 11], "size": [5.6, 2.2, 1], "uv": [15, 100]},
						{"origin": [-0.7, 13.6, 11], "size": [5, 2, 1], "uv": [15, 100]}
					]
				},
				{
					"name": "face",
					"parent": "head",
					"pivot": [0, 25.3, 10],
					"cubes": [
						{"origin": [-5, 13, 9], "size": [10, 1, 1], "uv": [0, 0]},
						{"origin": [-5, 13.6, 8.8], "size": [10, 2, 1], "uv": [0, 0]},
						{"origin": [0, 14.8, 8.5], "size": [5.4, 2, 1], "uv": [0, 0]},
						{"origin": [0, 21.4, 8.5], "size": [5.9, 1.1, 1], "uv": [0, 0]},
						{"origin": [0, 22.5, 8.6], "size": [5.4, 1.2, 1.1], "uv": [0, 0]},
						{"origin": [0, 23.3, 8.85], "size": [5.4, 1.2, 1.1], "inflate": 0.02, "uv": [0, 0]},
						{"origin": [-5.4, 23.3, 8.85], "size": [5.4, 1.2, 1.1], "inflate": 0.02, "uv": [0, 0], "mirror": true},
						{"origin": [0, 16.8, 8.1], "size": [5.8, 2.3, 1], "uv": [0, 0]},
						{"origin": [0, 19.1, 8.1], "size": [6.3, 2.3, 1], "uv": [0, 0]},
						{"origin": [-5.4, 22.5, 8.6], "size": [5.4, 1.2, 1.1], "uv": [0, 0], "mirror": true},
						{"origin": [-5.9, 21.4, 8.5], "size": [5.9, 1.1, 1], "uv": [0, 0], "mirror": true},
						{"origin": [-6.3, 19.1, 8.1], "size": [6.3, 2.3, 1], "uv": [0, 0], "mirror": true},
						{"origin": [-5.8, 16.8, 8.1], "size": [5.8, 2.3, 1], "uv": [0, 0], "mirror": true},
						{"origin": [-5.4, 14.8, 8.5], "size": [5.4, 2, 1], "uv": [0, 0], "mirror": true},
						{"origin": [4.3, 13.6, 9], "size": [1, 2, 1], "uv": [0, 0]},
						{"origin": [4.8, 14.8, 9], "size": [1, 2, 1], "uv": [0, 0]},
						{"origin": [5.1, 21.3, 9], "size": [1, 2, 1], "uv": [0, 0]},
						{"origin": [4.7, 22.5, 9.2], "size": [1, 2, 0.8], "uv": [0, 0]},
						{"origin": [3.7, 23.9, 9.2], "size": [1.5, 1, 0.8], "uv": [0, 0]},
						{"origin": [-1.2, 24.3, 9.2], "size": [5.5, 1, 0.8], "uv": [0, 0]},
						{"origin": [-4.3, 24.3, 9.2], "size": [5.5, 1, 0.8], "uv": [0, 0], "mirror": true},
						{"origin": [-5.2, 23.9, 9.2], "size": [1.5, 1, 0.8], "uv": [0, 0], "mirror": true},
						{"origin": [-5.7, 22.5, 9.2], "size": [1, 2, 0.8], "uv": [0, 0], "mirror": true},
						{"origin": [5.2, 16.1, 9], "size": [1, 3, 1], "uv": [0, 0]},
						{"origin": [5.6, 18.4, 9], "size": [1, 4, 1], "uv": [0, 0]},
						{"origin": [-6.6, 18.4, 9], "size": [1, 4, 1], "uv": [0, 0], "mirror": true},
						{"origin": [-6.1, 21.3, 9], "size": [1, 2, 1], "uv": [0, 0], "mirror": true},
						{"origin": [-6.2, 16.1, 9], "size": [1, 3, 1], "uv": [0, 0], "mirror": true},
						{"origin": [-5.8, 14.8, 9], "size": [1, 2, 1], "uv": [0, 0], "mirror": true},
						{"origin": [-5.3, 13.6, 9], "size": [1, 2, 1], "uv": [0, 0], "mirror": true},
						{"origin": [-4.3, 13.6, 9], "size": [5, 2, 1], "inflate": 0.01, "uv": [15, 100], "mirror": true},
						{"origin": [-4.9, 14.6, 9], "size": [5.6, 2.2, 1], "inflate": 0.01, "uv": [15, 100], "mirror": true},
						{"origin": [-5.2, 16.8, 9], "size": [5.9, 2.2, 1], "inflate": 0.01, "uv": [15, 100], "mirror": true},
						{"origin": [-5, 16.8, 9], "size": [1, 2, 2], "inflate": -0.2, "uv": [96, 110], "mirror": true},
						{"origin": [-4.3, 15, 9], "size": [1, 2, 2], "inflate": -0.2, "uv": [96, 110], "mirror": true},
						{"origin": [-3.6, 14.3, 9], "size": [1.5, 1, 2], "inflate": -0.2, "uv": [96, 110], "mirror": true},
						{"origin": [-2.1, 14.1, 9], "size": [1.5, 1, 2], "inflate": -0.2, "uv": [96, 110], "mirror": true},
						{"origin": [4, 16.8, 9], "size": [1, 2, 2], "inflate": -0.2, "uv": [96, 110]},
						{"origin": [3.3, 15, 9], "size": [1, 2, 2], "inflate": -0.2, "uv": [96, 110]},
						{"origin": [2.1, 14.3, 9], "size": [1.5, 1, 2], "inflate": -0.2, "uv": [96, 110]},
						{"origin": [0.6, 14.1, 9], "size": [1.5, 1, 2], "inflate": -0.2, "uv": [96, 110]},
						{"origin": [-5.6, 19, 9], "size": [6.3, 2.3, 1], "inflate": 0.01, "uv": [15, 100], "mirror": true},
						{"origin": [-5.1, 20.2, 9], "size": [5.8, 2.3, 1], "inflate": 0.01, "uv": [15, 100], "mirror": true},
						{"origin": [-4.8, 21.6, 9], "size": [5.5, 2.3, 1], "inflate": 0.01, "uv": [15, 100], "mirror": true},
						{"origin": [-4.1, 22.1, 9], "size": [4.8, 2.4, 1], "inflate": 0.01, "uv": [15, 100], "mirror": true},
						{"origin": [-0.7, 22.1, 9], "size": [4.8, 2.4, 1], "inflate": 0.01, "uv": [15, 100]},
						{"origin": [-0.7, 21.6, 9], "size": [5.5, 2.3, 1], "inflate": 0.01, "uv": [15, 100]},
						{"origin": [-0.7, 20.2, 9], "size": [5.8, 2.3, 1], "inflate": 0.01, "uv": [15, 100]},
						{"origin": [-0.7, 19, 9], "size": [6.3, 2.3, 1], "inflate": 0.01, "uv": [15, 100]},
						{"origin": [-0.7, 16.8, 9], "size": [5.9, 2.2, 1], "inflate": 0.01, "uv": [15, 100]},
						{"origin": [-0.7, 14.6, 9], "size": [5.6, 2.2, 1], "inflate": 0.01, "uv": [15, 100]},
						{"origin": [-0.7, 13.6, 9], "size": [5, 2, 1], "inflate": 0.01, "uv": [15, 100]}
					]
				},
				{
					"name": "eye0",
					"parent": "face",
					"pivot": [2.5, 19.3, 9],
					"cubes": [
						{"origin": [0.2, 16.8, 8], "size": [4.8, 4.8, 2], "uv": [92, 109], "mirror": true}
					]
				},
				{
					"name": "eye1",
					"parent": "eye0",
					"pivot": [2.5, 19.3, 8.6],
					"cubes": [
						{"origin": [0.2, 16.8, 7.6], "size": [4.8, 4.8, 2], "inflate": -0.3, "uv": [19.5, 104.4], "mirror": true}
					]
				},
				{
					"name": "eye2",
					"parent": "face",
					"pivot": [-2.5, 19.3, 9],
					"cubes": [
						{"origin": [-5, 16.8, 8], "size": [4.8, 4.8, 2], "uv": [92, 109]}
					]
				},
				{
					"name": "eye3",
					"parent": "eye2",
					"pivot": [-2.5, 19.3, 8.6],
					"cubes": [
						{"origin": [-5, 16.8, 7.6], "size": [4.8, 4.8, 2], "inflate": -0.3, "uv": [19.5, 104.4]}
					]
				},
				{
					"name": "arm0",
					"parent": "body4",
					"pivot": [1, 13, 14],
					"rotation": [0, -25, 0],
					"cubes": [
						{"origin": [1, 12, 13], "size": [6, 2, 2], "uv": [0, 0]},
						{"origin": [1, 12, 12.6], "size": [6, 2, 2], "uv": [0, 0]},
						{"origin": [1, 12, 13.4], "size": [6, 2, 2], "uv": [0, 0]},
						{"origin": [1, 12.4, 13], "size": [6, 2, 2], "uv": [0, 0]},
						{"origin": [1, 11.6, 13], "size": [6, 2, 2], "uv": [0, 0]}
					]
				},
				{
					"name": "arm1",
					"parent": "arm0",
					"pivot": [7, 13, 14],
					"rotation": [-2.74715, 12.19908, -12.79362],
					"cubes": [
						{"origin": [7, 12, 13], "size": [6, 2, 2], "uv": [0, 0]},
						{"origin": [7, 12, 12.6], "size": [6, 2, 2], "uv": [0, 0]},
						{"origin": [7, 12, 13.4], "size": [6, 2, 2], "uv": [0, 0]},
						{"origin": [7, 12.4, 13], "size": [6, 2, 2], "uv": [0, 0]},
						{"origin": [7, 11.6, 13], "size": [6, 2, 2], "uv": [0, 0]}
					]
				},
				{
					"name": "arm2",
					"parent": "arm1",
					"pivot": [13, 13, 14],
					"rotation": [-12.2921, 30.32448, -23.34288],
					"cubes": [
						{"origin": [13, 12, 13], "size": [6, 2, 2], "uv": [0, 0]},
						{"origin": [13, 12, 12.6], "size": [6, 2, 2], "uv": [0, 0]},
						{"origin": [13, 12, 13.4], "size": [6, 2, 2], "uv": [0, 0]},
						{"origin": [13, 12.4, 13], "size": [6, 2, 2], "uv": [0, 0]},
						{"origin": [13, 11.6, 13], "size": [6, 2, 2], "uv": [0, 0]}
					]
				},
				{
					"name": "arm3",
					"parent": "arm2",
					"pivot": [19, 13, 14],
					"rotation": [0, 42.5, 0],
					"cubes": [
						{"origin": [19, 12, 13], "size": [6, 2, 2], "uv": [0, 0]},
						{"origin": [19, 12, 12.6], "size": [6, 2, 2], "uv": [0, 0]},
						{"origin": [19, 12, 13.4], "size": [6, 2, 2], "uv": [0, 0]},
						{"origin": [19, 12.4, 13], "size": [6, 2, 2], "uv": [0, 0]},
						{"origin": [19, 11.6, 13], "size": [6, 2, 2], "uv": [0, 0]}
					]
				},
				{
					"name": "arm4",
					"parent": "arm3",
					"pivot": [25, 13, 14],
					"rotation": [17.5, 12.5, 0],
					"cubes": [
						{"origin": [25, 12, 13], "size": [6, 2, 2], "uv": [0, 0]},
						{"origin": [25, 12, 12.6], "size": [6, 2, 2], "uv": [0, 0]},
						{"origin": [25, 12, 13.4], "size": [6, 2, 2], "uv": [0, 0]},
						{"origin": [25, 12.4, 13], "size": [6, 2, 2], "uv": [0, 0]},
						{"origin": [25, 11.6, 13], "size": [6, 2, 2], "uv": [0, 0]}
					]
				},
				{
					"name": "arm5",
					"parent": "arm4",
					"pivot": [31, 13, 14],
					"rotation": [0, -35, 0],
					"cubes": [
						{"origin": [31, 12, 13], "size": [6, 2, 2], "uv": [0, 0]},
						{"origin": [31, 12, 12.6], "size": [6, 2, 2], "uv": [0, 0]},
						{"origin": [31, 12, 13.4], "size": [6, 2, 2], "uv": [0, 0]},
						{"origin": [31, 12.4, 13], "size": [6, 2, 2], "uv": [0, 0]},
						{"origin": [31, 11.6, 13], "size": [6, 2, 2], "uv": [0, 0]}
					]
				},
				{
					"name": "hand0",
					"parent": "arm5",
					"pivot": [37, 13, 14],
					"rotation": [34.31303, -19.09208, -57.09079],
					"cubes": [
						{"origin": [37, 11.5, 13], "size": [4, 3, 2], "uv": [0, 0]}
					]
				},
				{
					"name": "finger0",
					"parent": "hand0",
					"pivot": [41, 14, 14.5],
					"rotation": [0, 0, -10],
					"cubes": [
						{"origin": [41, 13.5, 14], "size": [3, 1, 1], "uv": [0, 0]}
					]
				},
				{
					"name": "finger1",
					"parent": "finger0",
					"pivot": [44, 14, 14.5],
					"cubes": [
						{"origin": [44, 13.5, 14], "size": [3, 1, 1], "uv": [0, 0]}
					]
				},
				{
					"name": "finger2",
					"parent": "finger1",
					"pivot": [47, 14, 14.5],
					"cubes": [
						{"origin": [47, 13.5, 14], "size": [3, 1, 1], "uv": [0, 0]}
					]
				},
				{
					"name": "finger3",
					"parent": "hand0",
					"pivot": [41, 13, 14.5],
					"cubes": [
						{"origin": [41, 12.5, 14], "size": [3, 1, 1], "uv": [0, 0]}
					]
				},
				{
					"name": "finger4",
					"parent": "finger3",
					"pivot": [44, 13, 14.5],
					"cubes": [
						{"origin": [44, 12.5, 14], "size": [3, 1, 1], "uv": [0, 0]}
					]
				},
				{
					"name": "finger5",
					"parent": "finger4",
					"pivot": [47, 13, 14.5],
					"cubes": [
						{"origin": [47, 12.5, 14], "size": [3, 1, 1], "uv": [0, 0]}
					]
				},
				{
					"name": "finger6",
					"parent": "hand0",
					"pivot": [41, 12, 14.5],
					"rotation": [0, 0, 10],
					"cubes": [
						{"origin": [41, 11.5, 14], "size": [3, 1, 1], "uv": [0, 0]}
					]
				},
				{
					"name": "finger7",
					"parent": "finger6",
					"pivot": [44, 12, 14.5],
					"cubes": [
						{"origin": [44, 11.5, 14], "size": [3, 1, 1], "uv": [0, 0]}
					]
				},
				{
					"name": "finger8",
					"parent": "finger7",
					"pivot": [47, 12, 14.5],
					"cubes": [
						{"origin": [47, 11.5, 14], "size": [3, 1, 1], "uv": [0, 0]}
					]
				},
				{
					"name": "finger9",
					"parent": "hand0",
					"pivot": [38, 14, 14.5],
					"rotation": [0, 0, -30],
					"cubes": [
						{"origin": [38, 13.5, 14], "size": [3, 1, 1], "uv": [0, 0]}
					]
				},
				{
					"name": "finger10",
					"parent": "finger9",
					"pivot": [41, 14, 14.5],
					"cubes": [
						{"origin": [41, 13.5, 14], "size": [3, 1, 1], "uv": [0, 0]}
					]
				},
				{
					"name": "finger11",
					"parent": "finger10",
					"pivot": [44, 14, 14.5],
					"cubes": [
						{"origin": [44, 13.5, 14], "size": [3, 1, 1], "uv": [0, 0]}
					]
				},
				{
					"name": "arm6",
					"parent": "body4",
					"pivot": [-1, 13, 14],
					"rotation": [0, 25, 0],
					"cubes": [
						{"origin": [-7, 12, 13], "size": [6, 2, 2], "uv": [0, 0], "mirror": true},
						{"origin": [-7, 12, 12.6], "size": [6, 2, 2], "uv": [0, 0], "mirror": true},
						{"origin": [-7, 12, 13.4], "size": [6, 2, 2], "uv": [0, 0], "mirror": true},
						{"origin": [-7, 12.4, 13], "size": [6, 2, 2], "uv": [0, 0], "mirror": true},
						{"origin": [-7, 11.6, 13], "size": [6, 2, 2], "uv": [0, 0], "mirror": true}
					]
				},
				{
					"name": "arm7",
					"parent": "arm6",
					"pivot": [-7, 13, 14],
					"rotation": [-2.74715, -12.19908, 12.79362],
					"cubes": [
						{"origin": [-13, 12, 13], "size": [6, 2, 2], "uv": [0, 0], "mirror": true},
						{"origin": [-13, 12, 12.6], "size": [6, 2, 2], "uv": [0, 0], "mirror": true},
						{"origin": [-13, 12, 13.4], "size": [6, 2, 2], "uv": [0, 0], "mirror": true},
						{"origin": [-13, 12.4, 13], "size": [6, 2, 2], "uv": [0, 0], "mirror": true},
						{"origin": [-13, 11.6, 13], "size": [6, 2, 2], "uv": [0, 0], "mirror": true}
					]
				},
				{
					"name": "arm8",
					"parent": "arm7",
					"pivot": [-13, 13, 14],
					"rotation": [-12.2921, -30.32448, 23.34288],
					"cubes": [
						{"origin": [-19, 12, 13], "size": [6, 2, 2], "uv": [0, 0], "mirror": true},
						{"origin": [-19, 12, 12.6], "size": [6, 2, 2], "uv": [0, 0], "mirror": true},
						{"origin": [-19, 12, 13.4], "size": [6, 2, 2], "uv": [0, 0], "mirror": true},
						{"origin": [-19, 12.4, 13], "size": [6, 2, 2], "uv": [0, 0], "mirror": true},
						{"origin": [-19, 11.6, 13], "size": [6, 2, 2], "uv": [0, 0], "mirror": true}
					]
				},
				{
					"name": "arm9",
					"parent": "arm8",
					"pivot": [-19, 13, 14],
					"rotation": [0, -42.5, 0],
					"cubes": [
						{"origin": [-25, 12, 13], "size": [6, 2, 2], "uv": [0, 0], "mirror": true},
						{"origin": [-25, 12, 12.6], "size": [6, 2, 2], "uv": [0, 0], "mirror": true},
						{"origin": [-25, 12, 13.4], "size": [6, 2, 2], "uv": [0, 0], "mirror": true},
						{"origin": [-25, 12.4, 13], "size": [6, 2, 2], "uv": [0, 0], "mirror": true},
						{"origin": [-25, 11.6, 13], "size": [6, 2, 2], "uv": [0, 0], "mirror": true}
					]
				},
				{
					"name": "arm10",
					"parent": "arm9",
					"pivot": [-25, 13, 14],
					"rotation": [17.5, -12.5, 0],
					"cubes": [
						{"origin": [-31, 12, 13], "size": [6, 2, 2], "uv": [0, 0], "mirror": true},
						{"origin": [-31, 12, 12.6], "size": [6, 2, 2], "uv": [0, 0], "mirror": true},
						{"origin": [-31, 12, 13.4], "size": [6, 2, 2], "uv": [0, 0], "mirror": true},
						{"origin": [-31, 12.4, 13], "size": [6, 2, 2], "uv": [0, 0], "mirror": true},
						{"origin": [-31, 11.6, 13], "size": [6, 2, 2], "uv": [0, 0], "mirror": true}
					]
				},
				{
					"name": "arm11",
					"parent": "arm10",
					"pivot": [-31, 13, 14],
					"rotation": [0, 35, 0],
					"cubes": [
						{"origin": [-37, 12, 13], "size": [6, 2, 2], "uv": [0, 0], "mirror": true},
						{"origin": [-37, 12, 12.6], "size": [6, 2, 2], "uv": [0, 0], "mirror": true},
						{"origin": [-37, 12, 13.4], "size": [6, 2, 2], "uv": [0, 0], "mirror": true},
						{"origin": [-37, 12.4, 13], "size": [6, 2, 2], "uv": [0, 0], "mirror": true},
						{"origin": [-37, 11.6, 13], "size": [6, 2, 2], "uv": [0, 0], "mirror": true}
					]
				},
				{
					"name": "hand1",
					"parent": "arm11",
					"pivot": [-37, 13, 14],
					"rotation": [34.31303, 19.09208, 57.09079],
					"cubes": [
						{"origin": [-41, 11.5, 13], "size": [4, 3, 2], "uv": [0, 0], "mirror": true}
					]
				},
				{
					"name": "finger12",
					"parent": "hand1",
					"pivot": [-41, 14, 14.5],
					"rotation": [0, 0, 10],
					"cubes": [
						{"origin": [-44, 13.5, 14], "size": [3, 1, 1], "uv": [0, 0], "mirror": true}
					]
				},
				{
					"name": "finger13",
					"parent": "finger12",
					"pivot": [-44, 14, 14.5],
					"cubes": [
						{"origin": [-47, 13.5, 14], "size": [3, 1, 1], "uv": [0, 0], "mirror": true}
					]
				},
				{
					"name": "finger14",
					"parent": "finger13",
					"pivot": [-47, 14, 14.5],
					"cubes": [
						{"origin": [-50, 13.5, 14], "size": [3, 1, 1], "uv": [0, 0], "mirror": true}
					]
				},
				{
					"name": "finger15",
					"parent": "hand1",
					"pivot": [-41, 13, 14.5],
					"cubes": [
						{"origin": [-44, 12.5, 14], "size": [3, 1, 1], "uv": [0, 0], "mirror": true}
					]
				},
				{
					"name": "finger16",
					"parent": "finger15",
					"pivot": [-44, 13, 14.5],
					"cubes": [
						{"origin": [-47, 12.5, 14], "size": [3, 1, 1], "uv": [0, 0], "mirror": true}
					]
				},
				{
					"name": "finger17",
					"parent": "finger16",
					"pivot": [-47, 13, 14.5],
					"cubes": [
						{"origin": [-50, 12.5, 14], "size": [3, 1, 1], "uv": [0, 0], "mirror": true}
					]
				},
				{
					"name": "finger18",
					"parent": "hand1",
					"pivot": [-41, 12, 14.5],
					"rotation": [0, 0, -10],
					"cubes": [
						{"origin": [-44, 11.5, 14], "size": [3, 1, 1], "uv": [0, 0], "mirror": true}
					]
				},
				{
					"name": "finger19",
					"parent": "finger18",
					"pivot": [-44, 12, 14.5],
					"cubes": [
						{"origin": [-47, 11.5, 14], "size": [3, 1, 1], "uv": [0, 0], "mirror": true}
					]
				},
				{
					"name": "finger20",
					"parent": "finger19",
					"pivot": [-47, 12, 14.5],
					"cubes": [
						{"origin": [-50, 11.5, 14], "size": [3, 1, 1], "uv": [0, 0], "mirror": true}
					]
				},
				{
					"name": "finger21",
					"parent": "hand1",
					"pivot": [-38, 14, 14.5],
					"rotation": [0, 0, 30],
					"cubes": [
						{"origin": [-41, 13.5, 14], "size": [3, 1, 1], "uv": [0, 0], "mirror": true}
					]
				},
				{
					"name": "finger22",
					"parent": "finger21",
					"pivot": [-41, 14, 14.5],
					"cubes": [
						{"origin": [-44, 13.5, 14], "size": [3, 1, 1], "uv": [0, 0], "mirror": true}
					]
				},
				{
					"name": "finger23",
					"parent": "finger22",
					"pivot": [-44, 14, 14.5],
					"cubes": [
						{"origin": [-47, 13.5, 14], "size": [3, 1, 1], "uv": [0, 0], "mirror": true}
					]
				},
				{
					"name": "leg0",
					"parent": "all",
					"pivot": [1, -19, 14],
					"rotation": [0, -32.5, 12.5],
					"cubes": [
						{"origin": [1, -20, 13], "size": [6, 2, 2], "uv": [0, 0]},
						{"origin": [1, -20, 12.6], "size": [6, 2, 2], "uv": [0, 0]},
						{"origin": [1, -20, 13.4], "size": [6, 2, 2], "uv": [0, 0]},
						{"origin": [1, -19.6, 13], "size": [6, 2, 2], "uv": [0, 0]},
						{"origin": [1, -20.4, 13], "size": [6, 2, 2], "uv": [0, 0]}
					]
				},
				{
					"name": "leg1",
					"parent": "leg0",
					"pivot": [7, -19, 14],
					"rotation": [0, 27.5, 0],
					"cubes": [
						{"origin": [7, -20, 13], "size": [6, 2, 2], "uv": [0, 0]},
						{"origin": [7, -20, 12.6], "size": [6, 2, 2], "uv": [0, 0]},
						{"origin": [7, -20, 13.4], "size": [6, 2, 2], "uv": [0, 0]},
						{"origin": [7, -19.6, 13], "size": [6, 2, 2], "uv": [0, 0]},
						{"origin": [7, -20.4, 13], "size": [6, 2, 2], "uv": [0, 0]}
					]
				},
				{
					"name": "leg2",
					"parent": "leg1",
					"pivot": [13, -19, 14],
					"rotation": [0, 12.5, 0],
					"cubes": [
						{"origin": [13, -20, 13], "size": [6, 2, 2], "uv": [0, 0]},
						{"origin": [13, -20, 12.6], "size": [6, 2, 2], "uv": [0, 0]},
						{"origin": [13, -20, 13.4], "size": [6, 2, 2], "uv": [0, 0]},
						{"origin": [13, -19.6, 13], "size": [6, 2, 2], "uv": [0, 0]},
						{"origin": [13, -20.4, 13], "size": [6, 2, 2], "uv": [0, 0]}
					]
				},
				{
					"name": "leg3",
					"parent": "leg2",
					"pivot": [19, -19, 14],
					"rotation": [0, 37.5, 0],
					"cubes": [
						{"origin": [19, -20, 13], "size": [6, 2, 2], "uv": [0, 0]},
						{"origin": [19, -20, 12.6], "size": [6, 2, 2], "uv": [0, 0]},
						{"origin": [19, -20, 13.4], "size": [6, 2, 2], "uv": [0, 0]},
						{"origin": [19, -19.6, 13], "size": [6, 2, 2], "uv": [0, 0]},
						{"origin": [19, -20.4, 13], "size": [6, 2, 2], "uv": [0, 0]}
					]
				},
				{
					"name": "leg4",
					"parent": "leg3",
					"pivot": [25, -19, 14],
					"rotation": [0, 32.5, 0],
					"cubes": [
						{"origin": [25, -20, 13], "size": [6, 2, 2], "uv": [0, 0]},
						{"origin": [25, -20, 12.6], "size": [6, 2, 2], "uv": [0, 0]},
						{"origin": [25, -20, 13.4], "size": [6, 2, 2], "uv": [0, 0]},
						{"origin": [25, -19.6, 13], "size": [6, 2, 2], "uv": [0, 0]},
						{"origin": [25, -20.4, 13], "size": [6, 2, 2], "uv": [0, 0]}
					]
				},
				{
					"name": "leg5",
					"parent": "leg4",
					"pivot": [31, -19, 14],
					"rotation": [0, 30, 0],
					"cubes": [
						{"origin": [31, -20, 13], "size": [6, 2, 2], "uv": [0, 0]},
						{"origin": [31, -20, 12.6], "size": [6, 2, 2], "uv": [0, 0]},
						{"origin": [31, -20, 13.4], "size": [6, 2, 2], "uv": [0, 0]},
						{"origin": [31, -19.6, 13], "size": [6, 2, 2], "uv": [0, 0]},
						{"origin": [31, -20.4, 13], "size": [6, 2, 2], "uv": [0, 0]}
					]
				},
				{
					"name": "foot0",
					"parent": "leg5",
					"pivot": [37, -19, 14],
					"rotation": [107.5, 0, -90],
					"cubes": [
						{"origin": [37, -20.5, 13], "size": [4, 3, 2], "uv": [0, 0]}
					]
				},
				{
					"name": "toes0",
					"parent": "foot0",
					"pivot": [41, -18, 14.5],
					"rotation": [0, 7.5, -10],
					"cubes": [
						{"origin": [41, -18.5, 14], "size": [3, 1, 1], "uv": [0, 0]}
					]
				},
				{
					"name": "toes1",
					"parent": "toes0",
					"pivot": [44, -18, 14.5],
					"cubes": [
						{"origin": [44, -18.5, 14], "size": [3, 1, 1], "uv": [0, 0]}
					]
				},
				{
					"name": "toes2",
					"parent": "toes1",
					"pivot": [47, -18, 14.5],
					"cubes": [
						{"origin": [47, -18.5, 14], "size": [3, 1, 1], "uv": [0, 0]}
					]
				},
				{
					"name": "toes3",
					"parent": "foot0",
					"pivot": [41, -19, 14.5],
					"rotation": [0, 7.5, 0],
					"cubes": [
						{"origin": [41, -19.5, 14], "size": [3, 1, 1], "uv": [0, 0]}
					]
				},
				{
					"name": "toes4",
					"parent": "toes3",
					"pivot": [44, -19, 14.5],
					"cubes": [
						{"origin": [44, -19.5, 14], "size": [3, 1, 1], "uv": [0, 0]}
					]
				},
				{
					"name": "toes5",
					"parent": "toes4",
					"pivot": [47, -19, 14.5],
					"cubes": [
						{"origin": [47, -19.5, 14], "size": [3, 1, 1], "uv": [0, 0]}
					]
				},
				{
					"name": "toes6",
					"parent": "foot0",
					"pivot": [41, -20, 14.5],
					"rotation": [0, 7.5, 10],
					"cubes": [
						{"origin": [41, -20.5, 14], "size": [3, 1, 1], "uv": [0, 0]}
					]
				},
				{
					"name": "toes7",
					"parent": "toes6",
					"pivot": [44, -20, 14.5],
					"cubes": [
						{"origin": [44, -20.5, 14], "size": [3, 1, 1], "uv": [0, 0]}
					]
				},
				{
					"name": "toes8",
					"parent": "toes7",
					"pivot": [47, -20, 14.5],
					"cubes": [
						{"origin": [47, -20.5, 14], "size": [3, 1, 1], "uv": [0, 0]}
					]
				},
				{
					"name": "toes9",
					"parent": "foot0",
					"pivot": [38, -18, 14.5],
					"rotation": [0, 7.5, -30],
					"cubes": [
						{"origin": [38, -18.5, 14], "size": [3, 1, 1], "uv": [0, 0]}
					]
				},
				{
					"name": "toes10",
					"parent": "toes9",
					"pivot": [41, -18, 14.5],
					"cubes": [
						{"origin": [41, -18.5, 14], "size": [3, 1, 1], "uv": [0, 0]}
					]
				},
				{
					"name": "toes11",
					"parent": "toes10",
					"pivot": [44, -18, 14.5],
					"cubes": [
						{"origin": [44, -18.5, 14], "size": [3, 1, 1], "uv": [0, 0]}
					]
				},
				{
					"name": "leg6",
					"parent": "all",
					"pivot": [-1, -19, 14],
					"rotation": [0, 32.5, -12.5],
					"cubes": [
						{"origin": [-7, -20, 13], "size": [6, 2, 2], "uv": [0, 0], "mirror": true},
						{"origin": [-7, -20, 12.6], "size": [6, 2, 2], "uv": [0, 0], "mirror": true},
						{"origin": [-7, -20, 13.4], "size": [6, 2, 2], "uv": [0, 0], "mirror": true},
						{"origin": [-7, -19.6, 13], "size": [6, 2, 2], "uv": [0, 0], "mirror": true},
						{"origin": [-7, -20.4, 13], "size": [6, 2, 2], "uv": [0, 0], "mirror": true}
					]
				},
				{
					"name": "leg7",
					"parent": "leg6",
					"pivot": [-7, -19, 14],
					"rotation": [0, -27.5, 0],
					"cubes": [
						{"origin": [-13, -20, 13], "size": [6, 2, 2], "uv": [0, 0], "mirror": true},
						{"origin": [-13, -20, 12.6], "size": [6, 2, 2], "uv": [0, 0], "mirror": true},
						{"origin": [-13, -20, 13.4], "size": [6, 2, 2], "uv": [0, 0], "mirror": true},
						{"origin": [-13, -19.6, 13], "size": [6, 2, 2], "uv": [0, 0], "mirror": true},
						{"origin": [-13, -20.4, 13], "size": [6, 2, 2], "uv": [0, 0], "mirror": true}
					]
				},
				{
					"name": "leg8",
					"parent": "leg7",
					"pivot": [-13, -19, 14],
					"rotation": [0, -12.5, 0],
					"cubes": [
						{"origin": [-19, -20, 13], "size": [6, 2, 2], "uv": [0, 0], "mirror": true},
						{"origin": [-19, -20, 12.6], "size": [6, 2, 2], "uv": [0, 0], "mirror": true},
						{"origin": [-19, -20, 13.4], "size": [6, 2, 2], "uv": [0, 0], "mirror": true},
						{"origin": [-19, -19.6, 13], "size": [6, 2, 2], "uv": [0, 0], "mirror": true},
						{"origin": [-19, -20.4, 13], "size": [6, 2, 2], "uv": [0, 0], "mirror": true}
					]
				},
				{
					"name": "leg9",
					"parent": "leg8",
					"pivot": [-19, -19, 14],
					"rotation": [0, -37.5, 0],
					"cubes": [
						{"origin": [-25, -20, 13], "size": [6, 2, 2], "uv": [0, 0], "mirror": true},
						{"origin": [-25, -20, 12.6], "size": [6, 2, 2], "uv": [0, 0], "mirror": true},
						{"origin": [-25, -20, 13.4], "size": [6, 2, 2], "uv": [0, 0], "mirror": true},
						{"origin": [-25, -19.6, 13], "size": [6, 2, 2], "uv": [0, 0], "mirror": true},
						{"origin": [-25, -20.4, 13], "size": [6, 2, 2], "uv": [0, 0], "mirror": true}
					]
				},
				{
					"name": "leg10",
					"parent": "leg9",
					"pivot": [-25, -19, 14],
					"rotation": [0, -32.5, 0],
					"cubes": [
						{"origin": [-31, -20, 13], "size": [6, 2, 2], "uv": [0, 0], "mirror": true},
						{"origin": [-31, -20, 12.6], "size": [6, 2, 2], "uv": [0, 0], "mirror": true},
						{"origin": [-31, -20, 13.4], "size": [6, 2, 2], "uv": [0, 0], "mirror": true},
						{"origin": [-31, -19.6, 13], "size": [6, 2, 2], "uv": [0, 0], "mirror": true},
						{"origin": [-31, -20.4, 13], "size": [6, 2, 2], "uv": [0, 0], "mirror": true}
					]
				},
				{
					"name": "leg11",
					"parent": "leg10",
					"pivot": [-31, -19, 14],
					"rotation": [0, -30, 0],
					"cubes": [
						{"origin": [-37, -20, 13], "size": [6, 2, 2], "uv": [0, 0], "mirror": true},
						{"origin": [-37, -20, 12.6], "size": [6, 2, 2], "uv": [0, 0], "mirror": true},
						{"origin": [-37, -20, 13.4], "size": [6, 2, 2], "uv": [0, 0], "mirror": true},
						{"origin": [-37, -19.6, 13], "size": [6, 2, 2], "uv": [0, 0], "mirror": true},
						{"origin": [-37, -20.4, 13], "size": [6, 2, 2], "uv": [0, 0], "mirror": true}
					]
				},
				{
					"name": "foot1",
					"parent": "leg11",
					"pivot": [-37, -19, 14],
					"rotation": [107.5, 0, 90],
					"cubes": [
						{"origin": [-41, -20.5, 13], "size": [4, 3, 2], "uv": [0, 0], "mirror": true}
					]
				},
				{
					"name": "toes12",
					"parent": "foot1",
					"pivot": [-41, -18, 14.5],
					"rotation": [0, -7.5, 10],
					"cubes": [
						{"origin": [-44, -18.5, 14], "size": [3, 1, 1], "uv": [0, 0], "mirror": true}
					]
				},
				{
					"name": "toes13",
					"parent": "toes12",
					"pivot": [-44, -18, 14.5],
					"cubes": [
						{"origin": [-47, -18.5, 14], "size": [3, 1, 1], "uv": [0, 0], "mirror": true}
					]
				},
				{
					"name": "toes14",
					"parent": "toes13",
					"pivot": [-47, -18, 14.5],
					"cubes": [
						{"origin": [-50, -18.5, 14], "size": [3, 1, 1], "uv": [0, 0], "mirror": true}
					]
				},
				{
					"name": "toes15",
					"parent": "foot1",
					"pivot": [-41, -19, 14.5],
					"rotation": [0, -7.5, 0],
					"cubes": [
						{"origin": [-44, -19.5, 14], "size": [3, 1, 1], "uv": [0, 0], "mirror": true}
					]
				},
				{
					"name": "toes16",
					"parent": "toes15",
					"pivot": [-44, -19, 14.5],
					"cubes": [
						{"origin": [-47, -19.5, 14], "size": [3, 1, 1], "uv": [0, 0], "mirror": true}
					]
				},
				{
					"name": "toes17",
					"parent": "toes16",
					"pivot": [-47, -19, 14.5],
					"cubes": [
						{"origin": [-50, -19.5, 14], "size": [3, 1, 1], "uv": [0, 0], "mirror": true}
					]
				},
				{
					"name": "toes18",
					"parent": "foot1",
					"pivot": [-41, -20, 14.5],
					"rotation": [0, -7.5, -10],
					"cubes": [
						{"origin": [-44, -20.5, 14], "size": [3, 1, 1], "uv": [0, 0], "mirror": true}
					]
				},
				{
					"name": "toes19",
					"parent": "toes18",
					"pivot": [-44, -20, 14.5],
					"cubes": [
						{"origin": [-47, -20.5, 14], "size": [3, 1, 1], "uv": [0, 0], "mirror": true}
					]
				},
				{
					"name": "toes20",
					"parent": "toes19",
					"pivot": [-47, -20, 14.5],
					"cubes": [
						{"origin": [-50, -20.5, 14], "size": [3, 1, 1], "uv": [0, 0], "mirror": true}
					]
				},
				{
					"name": "toes21",
					"parent": "foot1",
					"pivot": [-38, -18, 14.5],
					"rotation": [0, -7.5, 30],
					"cubes": [
						{"origin": [-41, -18.5, 14], "size": [3, 1, 1], "uv": [0, 0], "mirror": true}
					]
				},
				{
					"name": "toes22",
					"parent": "toes21",
					"pivot": [-41, -18, 14.5],
					"cubes": [
						{"origin": [-44, -18.5, 14], "size": [3, 1, 1], "uv": [0, 0], "mirror": true}
					]
				},
				{
					"name": "toes23",
					"parent": "toes22",
					"pivot": [-44, -18, 14.5],
					"cubes": [
						{"origin": [-47, -18.5, 14], "size": [3, 1, 1], "uv": [0, 0], "mirror": true}
					]
				}
			]
		}
	]
}