{
	"format_version": "1.12.0",
	"minecraft:geometry": [
		{
			"description": {
				"identifier": "geometry.purple_vent",
				"texture_width": 128,
				"texture_height": 128,
				"visible_bounds_width": 3,
				"visible_bounds_height": 2.5,
				"visible_bounds_offset": [0, 0.75, 0]
			},
			"bones": [
				{
					"name": "all",
					"pivot": [0, 0, 0]
				},
				{
					"name": "bone",
					"parent": "all",
					"pivot": [0, 0, 0],
					"cubes": [
						{"origin": [-7, 0, -5], "size": [14, 1, 11], "uv": [68, 39]},
						{"origin": [-7, 11, -5], "size": [14, 1, 11], "uv": [70, 41]},
						{"origin": [-7, 11, -4], "size": [14, 1, 10], "uv": [70, 41]},
						{"origin": [-7, 7, -3], "size": [14, 1, 9], "uv": [2, 112]},
						{"origin": [-7, 9, -3], "size": [14, 1, 9], "uv": [2, 112]},
						{"origin": [-7, 8, -3], "size": [14, 1, 9], "uv": [2, 112]},
						{"origin": [-7, 1, -3], "size": [1, 6, 9], "uv": [2, 112]},
						{"origin": [6, 1, -3], "size": [1, 6, 9], "uv": [2, 112], "mirror": true},
						{"origin": [-6, 1, 5], "size": [12, 6, 1], "uv": [2, 112], "mirror": true},
						{"origin": [-6, 1, -3], "size": [12, 3, 1], "uv": [2, 112], "mirror": true},
						{"origin": [-6, 4, -3], "size": [12, 3, 1], "uv": [2, 112], "mirror": true},
						{"origin": [-6, 1, -2], "size": [12, 1, 6], "uv": [2, 112], "mirror": true},
						{"origin": [-8, 1, -5], "size": [1, 9, 11], "uv": [84, 38]},
						{"origin": [-8, 2, -5], "size": [1, 9, 11], "uv": [84, 38]},
						{"origin": [7, 1, -5], "size": [1, 9, 11], "uv": [84, 38], "mirror": true},
						{"origin": [7, 2, -5], "size": [1, 9, 11], "uv": [84, 38], "mirror": true},
						{"origin": [-7, 1, 6], "size": [14, 7, 1], "uv": [84, 38], "mirror": true},
						{"origin": [-7, 3, 6], "size": [14, 7, 1], "uv": [84, 38], "mirror": true},
						{"origin": [-7, 4, 6], "size": [14, 7, 1], "uv": [84, 38], "mirror": true}
					]
				},
				{
					"name": "bone2",
					"parent": "bone",
					"pivot": [0, 2, -4],
					"cubes": [
						{"origin": [-7, 10, -5], "size": [14, 1, 1], "uv": [9, 36]},
						{"origin": [-7, 5, -5], "size": [1, 5, 1], "uv": [9, 36]},
						{"origin": [-7, 2, -5], "size": [1, 5, 1], "uv": [9, 36]},
						{"origin": [6, 2, -5], "size": [1, 5, 1], "uv": [9, 36], "mirror": true},
						{"origin": [6, 4, -5], "size": [1, 5, 1], "uv": [9, 36], "mirror": true},
						{"origin": [6, 5, -5], "size": [1, 5, 1], "uv": [9, 36], "mirror": true},
						{"origin": [-7, 1, -5], "size": [14, 1, 1], "uv": [9, 36]},
						{"origin": [-4, 2, -5], "size": [1, 8, 1], "uv": [8, 67]},
						{"origin": [3, 2, -5], "size": [1, 8, 1], "uv": [8, 67], "mirror": true},
						{"origin": [1, 2, -5], "size": [1, 8, 1], "uv": [8, 67], "mirror": true},
						{"origin": [-2, 2, -5], "size": [1, 8, 1], "uv": [8, 67]},
						{"origin": [-0.5, 2, -5], "size": [1, 8, 1], "uv": [8, 67]}
					]
				},
				{
					"name": "arm0",
					"parent": "all",
					"pivot": [4, 3, 6],
					"rotation": [0, 82.5, 0],
					"cubes": [
						{"origin": [4, 2, 5], "size": [6, 2, 2], "uv": [0, 0]},
						{"origin": [4, 2, 4.6], "size": [6, 2, 2], "uv": [0, 0]},
						{"origin": [4, 2, 5.4], "size": [6, 2, 2], "uv": [0, 0]},
						{"origin": [4, 2.4, 5], "size": [6, 2, 2], "uv": [0, 0]},
						{"origin": [4, 1.6, 5], "size": [6, 2, 2], "uv": [0, 0]}
					]
				},
				{
					"name": "arm1",
					"parent": "arm0",
					"pivot": [10, 3, 6],
					"cubes": [
						{"origin": [10, 2, 5], "size": [6, 2, 2], "uv": [0, 0]},
						{"origin": [10, 2, 4.6], "size": [6, 2, 2], "uv": [0, 0]},
						{"origin": [10, 2, 5.4], "size": [6, 2, 2], "uv": [0, 0]},
						{"origin": [10, 2.4, 5], "size": [6, 2, 2], "uv": [0, 0]},
						{"origin": [10, 1.6, 5], "size": [6, 2, 2], "uv": [0, 0]}
					]
				},
				{
					"name": "arm2",
					"parent": "arm1",
					"pivot": [10, 3, 6],
					"cubes": [
						{"origin": [10, 2, 5], "size": [6, 2, 2], "uv": [0, 0]},
						{"origin": [10, 2, 4.6], "size": [6, 2, 2], "uv": [0, 0]},
						{"origin": [10, 2, 5.4], "size": [6, 2, 2], "uv": [0, 0]},
						{"origin": [10, 2.4, 5], "size": [6, 2, 2], "uv": [0, 0]},
						{"origin": [10, 1.6, 5], "size": [6, 2, 2], "uv": [0, 0]}
					]
				},
				{
					"name": "arm3",
					"parent": "arm2",
					"pivot": [10, 3, 6],
					"cubes": [
						{"origin": [10, 2, 5], "size": [6, 2, 2], "uv": [0, 0]},
						{"origin": [10, 2, 4.6], "size": [6, 2, 2], "uv": [0, 0]},
						{"origin": [10, 2, 5.4], "size": [6, 2, 2], "uv": [0, 0]},
						{"origin": [10, 2.4, 5], "size": [6, 2, 2], "uv": [0, 0]},
						{"origin": [10, 1.6, 5], "size": [6, 2, 2], "uv": [0, 0]}
					]
				},
				{
					"name": "arm4",
					"parent": "arm3",
					"pivot": [10, 3, 6],
					"cubes": [
						{"origin": [10, 2, 5], "size": [6, 2, 2], "uv": [0, 0]},
						{"origin": [10, 2, 4.6], "size": [6, 2, 2], "uv": [0, 0]},
						{"origin": [10, 2, 5.4], "size": [6, 2, 2], "uv": [0, 0]},
						{"origin": [10, 2.4, 5], "size": [6, 2, 2], "uv": [0, 0]},
						{"origin": [10, 1.6, 5], "size": [6, 2, 2], "uv": [0, 0]}
					]
				},
				{
					"name": "arm5",
					"parent": "arm4",
					"pivot": [10, 3, 6],
					"cubes": [
						{"origin": [10, 2, 5], "size": [6, 2, 2], "uv": [0, 0]},
						{"origin": [10, 2, 4.6], "size": [6, 2, 2], "uv": [0, 0]},
						{"origin": [10, 2, 5.4], "size": [6, 2, 2], "uv": [0, 0]},
						{"origin": [10, 2.4, 5], "size": [6, 2, 2], "uv": [0, 0]},
						{"origin": [10, 1.6, 5], "size": [6, 2, 2], "uv": [0, 0]}
					]
				},
				{
					"name": "hand0",
					"parent": "arm5",
					"pivot": [16, 3, 6],
					"rotation": [90, 0, 0],
					"cubes": [
						{"origin": [16, 1.5, 5], "size": [4, 3, 2], "uv": [0, 0]}
					]
				},
				{
					"name": "finger0",
					"parent": "hand0",
					"pivot": [20, 4, 6.5],
					"rotation": [0, 0, -10],
					"cubes": [
						{"origin": [20, 3.5, 6], "size": [3, 1, 1], "uv": [0, 0]}
					]
				},
				{
					"name": "finger1",
					"parent": "finger0",
					"pivot": [23, 4, 6.5],
					"cubes": [
						{"origin": [23, 3.5, 6], "size": [3, 1, 1], "uv": [0, 0]}
					]
				},
				{
					"name": "finger2",
					"parent": "finger1",
					"pivot": [26, 4, 6.5],
					"cubes": [
						{"origin": [26, 3.5, 6], "size": [3, 1, 1], "uv": [0, 0]}
					]
				},
				{
					"name": "finger3",
					"parent": "hand0",
					"pivot": [20, 3, 6.5],
					"cubes": [
						{"origin": [20, 2.5, 6], "size": [3, 1, 1], "uv": [0, 0]}
					]
				},
				{
					"name": "finger4",
					"parent": "finger3",
					"pivot": [23, 3, 6.5],
					"cubes": [
						{"origin": [23, 2.5, 6], "size": [3, 1, 1], "uv": [0, 0]}
					]
				},
				{
					"name": "finger5",
					"parent": "finger4",
					"pivot": [26, 3, 6.5],
					"cubes": [
						{"origin": [26, 2.5, 6], "size": [3, 1, 1], "uv": [0, 0]}
					]
				},
				{
					"name": "finger6",
					"parent": "hand0",
					"pivot": [20, 2, 6.5],
					"rotation": [0, 0, 10],
					"cubes": [
						{"origin": [20, 1.5, 6], "size": [3, 1, 1], "uv": [0, 0]}
					]
				},
				{
					"name": "finger7",
					"parent": "finger6",
					"pivot": [23, 2, 6.5],
					"cubes": [
						{"origin": [23, 1.5, 6], "size": [3, 1, 1], "uv": [0, 0]}
					]
				},
				{
					"name": "finger8",
					"parent": "finger7",
					"pivot": [26, 2, 6.5],
					"cubes": [
						{"origin": [26, 1.5, 6], "size": [3, 1, 1], "uv": [0, 0]}
					]
				},
				{
					"name": "finger9",
					"parent": "hand0",
					"pivot": [17, 4, 6.5],
					"rotation": [0, 0, -30],
					"cubes": [
						{"origin": [17, 3.5, 6], "size": [3, 1, 1], "uv": [0, 0]}
					]
				},
				{
					"name": "finger10",
					"parent": "finger9",
					"pivot": [20, 4, 6.5],
					"cubes": [
						{"origin": [20, 3.5, 6], "size": [3, 1, 1], "uv": [0, 0]}
					]
				},
				{
					"name": "finger11",
					"parent": "finger10",
					"pivot": [23, 4, 6.5],
					"cubes": [
						{"origin": [23, 3.5, 6], "size": [3, 1, 1], "uv": [0, 0]}
					]
				},
				{
					"name": "arm6",
					"parent": "all",
					"pivot": [-4, 3, 6],
					"rotation": [0, -82.5, 0],
					"cubes": [
						{"origin": [-10, 2, 5], "size": [6, 2, 2], "uv": [0, 0], "mirror": true},
						{"origin": [-10, 2, 4.6], "size": [6, 2, 2], "uv": [0, 0], "mirror": true},
						{"origin": [-10, 2, 5.4], "size": [6, 2, 2], "uv": [0, 0], "mirror": true},
						{"origin": [-10, 2.4, 5], "size": [6, 2, 2], "uv": [0, 0], "mirror": true},
						{"origin": [-10, 1.6, 5], "size": [6, 2, 2], "uv": [0, 0], "mirror": true}
					]
				},
				{
					"name": "arm7",
					"parent": "arm6",
					"pivot": [-10, 3, 6],
					"cubes": [
						{"origin": [-16, 2, 5], "size": [6, 2, 2], "uv": [0, 0], "mirror": true},
						{"origin": [-16, 2, 4.6], "size": [6, 2, 2], "uv": [0, 0], "mirror": true},
						{"origin": [-16, 2, 5.4], "size": [6, 2, 2], "uv": [0, 0], "mirror": true},
						{"origin": [-16, 2.4, 5], "size": [6, 2, 2], "uv": [0, 0], "mirror": true},
						{"origin": [-16, 1.6, 5], "size": [6, 2, 2], "uv": [0, 0], "mirror": true}
					]
				},
				{
					"name": "arm8",
					"parent": "arm7",
					"pivot": [-10, 3, 6],
					"cubes": [
						{"origin": [-16, 2, 5], "size": [6, 2, 2], "uv": [0, 0], "mirror": true},
						{"origin": [-16, 2, 4.6], "size": [6, 2, 2], "uv": [0, 0], "mirror": true},
						{"origin": [-16, 2, 5.4], "size": [6, 2, 2], "uv": [0, 0], "mirror": true},
						{"origin": [-16, 2.4, 5], "size": [6, 2, 2], "uv": [0, 0], "mirror": true},
						{"origin": [-16, 1.6, 5], "size": [6, 2, 2], "uv": [0, 0], "mirror": true}
					]
				},
				{
					"name": "arm9",
					"parent": "arm8",
					"pivot": [-10, 3, 6],
					"cubes": [
						{"origin": [-16, 2, 5], "size": [6, 2, 2], "uv": [0, 0], "mirror": true},
						{"origin": [-16, 2, 4.6], "size": [6, 2, 2], "uv": [0, 0], "mirror": true},
						{"origin": [-16, 2, 5.4], "size": [6, 2, 2], "uv": [0, 0], "mirror": true},
						{"origin": [-16, 2.4, 5], "size": [6, 2, 2], "uv": [0, 0], "mirror": true},
						{"origin": [-16, 1.6, 5], "size": [6, 2, 2], "uv": [0, 0], "mirror": true}
					]
				},
				{
					"name": "arm10",
					"parent": "arm9",
					"pivot": [-10, 3, 6],
					"cubes": [
						{"origin": [-16, 2, 5], "size": [6, 2, 2], "uv": [0, 0], "mirror": true},
						{"origin": [-16, 2, 4.6], "size": [6, 2, 2], "uv": [0, 0], "mirror": true},
						{"origin": [-16, 2, 5.4], "size": [6, 2, 2], "uv": [0, 0], "mirror": true},
						{"origin": [-16, 2.4, 5], "size": [6, 2, 2], "uv": [0, 0], "mirror": true},
						{"origin": [-16, 1.6, 5], "size": [6, 2, 2], "uv": [0, 0], "mirror": true}
					]
				},
				{
					"name": "arm11",
					"parent": "arm10",
					"pivot": [-10, 3, 6],
					"cubes": [
						{"origin": [-16, 2, 5], "size": [6, 2, 2], "uv": [0, 0], "mirror": true},
						{"origin": [-16, 2, 4.6], "size": [6, 2, 2], "uv": [0, 0], "mirror": true},
						{"origin": [-16, 2, 5.4], "size": [6, 2, 2], "uv": [0, 0], "mirror": true},
						{"origin": [-16, 2.4, 5], "size": [6, 2, 2], "uv": [0, 0], "mirror": true},
						{"origin": [-16, 1.6, 5], "size": [6, 2, 2], "uv": [0, 0], "mirror": true}
					]
				},
				{
					"name": "hand1",
					"parent": "arm11",
					"pivot": [-16, 3, 6],
					"rotation": [90, 0, 0],
					"cubes": [
						{"origin": [-20, 1.5, 5], "size": [4, 3, 2], "uv": [0, 0], "mirror": true}
					]
				},
				{
					"name": "finger12",
					"parent": "hand1",
					"pivot": [-20, 4, 6.5],
					"rotation": [0, 0, 10],
					"cubes": [
						{"origin": [-23, 3.5, 6], "size": [3, 1, 1], "uv": [0, 0], "mirror": true}
					]
				},
				{
					"name": "finger13",
					"parent": "finger12",
					"pivot": [-23, 4, 6.5],
					"cubes": [
						{"origin": [-26, 3.5, 6], "size": [3, 1, 1], "uv": [0, 0], "mirror": true}
					]
				},
				{
					"name": "finger14",
					"parent": "finger13",
					"pivot": [-26, 4, 6.5],
					"cubes": [
						{"origin": [-29, 3.5, 6], "size": [3, 1, 1], "uv": [0, 0], "mirror": true}
					]
				},
				{
					"name": "finger15",
					"parent": "hand1",
					"pivot": [-20, 3, 6.5],
					"cubes": [
						{"origin": [-23, 2.5, 6], "size": [3, 1, 1], "uv": [0, 0], "mirror": true}
					]
				},
				{
					"name": "finger16",
					"parent": "finger15",
					"pivot": [-23, 3, 6.5],
					"cubes": [
						{"origin": [-26, 2.5, 6], "size": [3, 1, 1], "uv": [0, 0], "mirror": true}
					]
				},
				{
					"name": "finger17",
					"parent": "finger16",
					"pivot": [-26, 3, 6.5],
					"cubes": [
						{"origin": [-29, 2.5, 6], "size": [3, 1, 1], "uv": [0, 0], "mirror": true}
					]
				},
				{
					"name": "finger18",
					"parent": "hand1",
					"pivot": [-20, 2, 6.5],
					"rotation": [0, 0, -10],
					"cubes": [
						{"origin": [-23, 1.5, 6], "size": [3, 1, 1], "uv": [0, 0], "mirror": true}
					]
				},
				{
					"name": "finger19",
					"parent": "finger18",
					"pivot": [-23, 2, 6.5],
					"cubes": [
						{"origin": [-26, 1.5, 6], "size": [3, 1, 1], "uv": [0, 0], "mirror": true}
					]
				},
				{
					"name": "finger20",
					"parent": "finger19",
					"pivot": [-26, 2, 6.5],
					"cubes": [
						{"origin": [-29, 1.5, 6], "size": [3, 1, 1], "uv": [0, 0], "mirror": true}
					]
				},
				{
					"name": "finger21",
					"parent": "hand1",
					"pivot": [-17, 4, 6.5],
					"rotation": [0, 0, 30],
					"cubes": [
						{"origin": [-20, 3.5, 6], "size": [3, 1, 1], "uv": [0, 0], "mirror": true}
					]
				},
				{
					"name": "finger22",
					"parent": "finger21",
					"pivot": [-20, 4, 6.5],
					"cubes": [
						{"origin": [-23, 3.5, 6], "size": [3, 1, 1], "uv": [0, 0], "mirror": true}
					]
				},
				{
					"name": "finger23",
					"parent": "finger22",
					"pivot": [-23, 4, 6.5],
					"cubes": [
						{"origin": [-26, 3.5, 6], "size": [3, 1, 1], "uv": [0, 0], "mirror": true}
					]
				},
				{
					"name": "eye0",
					"parent": "all",
					"pivot": [3.5, 7.3, -3],
					"cubes": [
						{"origin": [1.2, 4.8, -4], "size": [4.8, 4.8, 2], "uv": [92, 109], "mirror": true}
					]
				},
				{
					"name": "eye1",
					"parent": "eye0",
					"pivot": [3.5, 7.3, -3.4],
					"cubes": [
						{"origin": [1.2, 4.8, -4.4], "size": [4.8, 4.8, 2], "inflate": -0.3, "uv": [19.5, 104.4], "mirror": true}
					]
				},
				{
					"name": "eye2",
					"parent": "all",
					"pivot": [-3.5, 7.3, -3],
					"cubes": [
						{"origin": [-6, 4.8, -4], "size": [4.8, 4.8, 2], "uv": [92, 109]}
					]
				},
				{
					"name": "eye3",
					"parent": "eye2",
					"pivot": [-3.5, 7.3, -3.4],
					"cubes": [
						{"origin": [-6, 4.8, -4.4], "size": [4.8, 4.8, 2], "inflate": -0.3, "uv": [19.5, 104.4]}
					]
				},
				{
					"name": "bone3",
					"parent": "all",
					"pivot": [0, 5.5, 1],
					"cubes": [
						{"origin": [-5, 6, 0], "size": [1, 2, 2], "uv": [108, 108]},
						{"origin": [4, 6, 0], "size": [1, 2, 2], "uv": [108, 108], "mirror": true},
						{"origin": [2, 6, 0], "size": [1, 2, 2], "uv": [108, 108], "mirror": true},
						{"origin": [-3, 6, 0], "size": [1, 2, 2], "uv": [108, 108]},
						{"origin": [0.5, 6, 0], "size": [1, 2, 2], "uv": [108, 108], "mirror": true},
						{"origin": [-1.5, 6, 0], "size": [1, 2, 2], "uv": [108, 108]},
						{"origin": [-5, 3, 0], "size": [1, 2, 2], "uv": [108, 108]},
						{"origin": [-3, 3, 0], "size": [1, 2, 2], "uv": [108, 108]},
						{"origin": [-1.5, 3, 0], "size": [1, 2, 2], "uv": [108, 108]},
						{"origin": [0.5, 3, 0], "size": [1, 2, 2], "uv": [108, 108], "mirror": true},
						{"origin": [2, 3, 0], "size": [1, 2, 2], "uv": [108, 108], "mirror": true},
						{"origin": [4, 3, 0], "size": [1, 2, 2], "uv": [108, 108], "mirror": true}
					]
				}
			]
		}
	]
}