{
	"format_version": "1.12.0",
	"minecraft:geometry": [
		{
			"description": {
				"identifier": "geometry.red",
				"texture_width": 128,
				"texture_height": 128,
				"visible_bounds_width": 3,
				"visible_bounds_height": 4.5,
				"visible_bounds_offset": [0, 1.75, 0]
			},
			"bones": [
				{
					"name": "all",
					"pivot": [0, 0, 0]
				},
				{
					"name": "body0",
					"parent": "all",
					"pivot": [0, 18.5, 0],
					"cubes": [
						{"origin": [-4, 26, -3], "size": [4, 1, 6], "uv": [117, 19]},
						{"origin": [-4, 18.5, -3], "size": [4, 1, 6], "uv": [117, 19]},
						{"origin": [0, 18.5, -3], "size": [4, 1, 6], "uv": [117, 19], "mirror": true},
						{"origin": [-5, 19, -3], "size": [1, 8, 6], "uv": [117, 19]},
						{"origin": [4, 19, -3], "size": [1, 8, 6], "uv": [117, 19], "mirror": true},
						{"origin": [-4, 19, -4], "size": [4, 8, 1], "uv": [117, 19]},
						{"origin": [-3, 19, -4], "size": [3, 8, 1], "inflate": 0.1, "uv": [22, 106]},
						{"origin": [0, 19, -4], "size": [3, 8, 1], "inflate": 0.1, "uv": [22, 106], "mirror": true},
						{"origin": [0, 19, -4], "size": [4, 8, 1], "uv": [117, 19], "mirror": true},
						{"origin": [0, 19, 3], "size": [4, 8, 1], "uv": [117, 19], "mirror": true},
						{"origin": [-4, 19, 3], "size": [4, 8, 1], "uv": [117, 19]},
						{"origin": [0, 26, -3], "size": [4, 1, 6], "uv": [117, 19], "mirror": true}
					]
				},
				{
					"name": "body1",
					"parent": "body0",
					"pivot": [0, 27, 0],
					"cubes": [
						{"origin": [0, 36, -4], "size": [6, 1, 8], "uv": [74, 20]},
						{"origin": [0, 35, -4.9], "size": [6, 1, 1], "uv": [74, 20]},
						{"origin": [0, 29, -4.9], "size": [6, 1, 1], "uv": [74, 20]},
						{"origin": [0, 28, -4.7], "size": [5, 1, 1], "uv": [74, 20]},
						{"origin": [0, 30, -5.2], "size": [7, 5, 1.3], "uv": [74, 20]},
						{"origin": [-5, 28, -4.7], "size": [5, 1, 1], "uv": [74, 20], "mirror": true},
						{"origin": [-6, 29, -4.9], "size": [6, 1, 1], "uv": [74, 20], "mirror": true},
						{"origin": [-7, 30, -5.2], "size": [7, 5, 1.3], "uv": [74, 20], "mirror": true},
						{"origin": [-6, 35, -4.9], "size": [6, 1, 1], "uv": [74, 20], "mirror": true},
						{"origin": [-3, 35, -4.9], "size": [3, 1, 1], "inflate": 0.1, "uv": [49, 104], "mirror": true},
						{"origin": [-3, 29, -4.9], "size": [3, 1, 1], "inflate": 0.1, "uv": [49, 104], "mirror": true},
						{"origin": [-4, 30, -5.2], "size": [4, 5, 1], "inflate": 0.1, "uv": [49, 104], "mirror": true},
						{"origin": [-3, 36, -3.9], "size": [3, 1, 1], "inflate": 0.12, "uv": [49, 104], "mirror": true},
						{"origin": [-3, 27, -4], "size": [3, 1, 1], "inflate": 0.12, "uv": [49, 104], "mirror": true},
						{"origin": [-3, 28, -4.7], "size": [3, 1, 1], "inflate": 0.12, "uv": [49, 104], "mirror": true},
						{"origin": [0, 27, -4], "size": [3, 1, 1], "inflate": 0.12, "uv": [49, 104]},
						{"origin": [0, 28, -4.7], "size": [3, 1, 1], "inflate": 0.12, "uv": [49, 104]},
						{"origin": [0, 29, -4.9], "size": [3, 1, 1], "inflate": 0.1, "uv": [49, 104]},
						{"origin": [0, 30, -5.2], "size": [4, 5, 1], "inflate": 0.1, "uv": [49, 104]},
						{"origin": [0, 36, -3.9], "size": [3, 1, 1], "inflate": 0.12, "uv": [49, 104]},
						{"origin": [0, 35, -4.9], "size": [3, 1, 1], "inflate": 0.1, "uv": [49, 104]},
						{"origin": [-3, 35, -3.9], "size": [3, 1, 1], "inflate": 0.1, "uv": [49, 104], "mirror": true},
						{"origin": [0, 35, 3.9], "size": [6, 1, 1], "uv": [74, 20]},
						{"origin": [-6, 35, 3.9], "size": [6, 1, 1], "uv": [74, 20], "mirror": true},
						{"origin": [-7, 30, 3.9], "size": [7, 5, 1.3], "uv": [74, 20], "mirror": true},
						{"origin": [0, 30, 3.9], "size": [7, 5, 1.3], "uv": [74, 20]},
						{"origin": [0, 29, 3.9], "size": [6, 1, 1], "uv": [74, 20]},
						{"origin": [-6, 29, 3.9], "size": [6, 1, 1], "uv": [74, 20], "mirror": true},
						{"origin": [-5, 28, 3.7], "size": [5, 1, 1], "uv": [74, 20], "mirror": true},
						{"origin": [0, 28, 3.7], "size": [5, 1, 1], "uv": [74, 20]},
						{"origin": [6, 35, -4], "size": [1, 1, 8], "uv": [74, 20]},
						{"origin": [6, 29, -4], "size": [1, 1, 8], "uv": [74, 20]},
						{"origin": [5, 28, -4], "size": [1, 1, 8], "uv": [74, 20]},
						{"origin": [7, 30, -4], "size": [1, 5, 8], "uv": [74, 20]},
						{"origin": [-6, 28, -4], "size": [1, 1, 8], "uv": [74, 20], "mirror": true},
						{"origin": [-5, 27, -4], "size": [5, 1, 8], "uv": [74, 20], "mirror": true},
						{"origin": [0, 27, -4], "size": [5, 1, 8], "uv": [74, 20]},
						{"origin": [-6, 36, -4], "size": [6, 1, 8], "uv": [74, 20], "mirror": true},
						{"origin": [-7, 35, -4], "size": [1, 1, 8], "uv": [74, 20], "mirror": true},
						{"origin": [-8, 30, -4], "size": [1, 5, 8], "uv": [74, 20], "mirror": true},
						{"origin": [-7, 29, -4], "size": [1, 1, 8], "uv": [74, 20], "mirror": true}
					]
				},
				{
					"name": "head",
					"parent": "body1",
					"pivot": [0, 37, 0],
					"cubes": [
						{"origin": [-5, 37, -5], "size": [10, 1, 10], "uv": [0, 0]},
						{"origin": [-5, 37.4, 4.6], "size": [10, 1, 1], "uv": [0, 0]},
						{"origin": [-5.5, 37.9, 4.8], "size": [11, 1, 1], "uv": [0, 0]},
						{"origin": [-5.5, 38.9, 5], "size": [11, 1.2, 1], "uv": [0, 0]},
						{"origin": [-5.5, 45.2, 5], "size": [11, 1.2, 1], "uv": [0, 0]},
						{"origin": [-5.5, 46.2, 4.7], "size": [11, 1.2, 1], "uv": [0, 0]},
						{"origin": [-4.8, 46.9, 4.3], "size": [9.6, 1.2, 1], "uv": [0, 0]},
						{"origin": [-5.9, 40.1, 5], "size": [11.8, 5.3, 1.1], "uv": [0, 0]},
						{"origin": [-4.8, 46.9, -5.3], "size": [9.6, 1.2, 1], "uv": [0, 0]},
						{"origin": [-5.5, 46.2, -5.7], "size": [11, 1.2, 1], "uv": [0, 0]},
						{"origin": [-5.5, 45.2, -6], "size": [11, 1.2, 1], "uv": [0, 0]},
						{"origin": [-5.9, 40.1, -6.1], "size": [11.8, 5.3, 1.1], "uv": [0, 0]},
						{"origin": [-5.5, 38.9, -6], "size": [11, 1.2, 1], "uv": [0, 0]},
						{"origin": [-5.8, 45.2, -5.4], "size": [11, 1.2, 1], "uv": [0, 0]},
						{"origin": [-6.2, 40.1, -5.5], "size": [11.8, 5.3, 1.1], "uv": [0, 0]},
						{"origin": [-5.8, 38.9, -5.4], "size": [11, 1.2, 1], "uv": [0, 0]},
						{"origin": [-5.2, 45.2, -5.4], "size": [11, 1.2, 1], "uv": [0, 0], "mirror": true},
						{"origin": [-5.6, 40.1, -5.5], "size": [11.8, 5.3, 1.1], "uv": [0, 0], "mirror": true},
						{"origin": [-5.2, 38.9, -5.4], "size": [11, 1.2, 1], "uv": [0, 0], "mirror": true},
						{"origin": [-5.5, 37.9, -5.8], "size": [11, 1, 1], "uv": [0, 0]},
						{"origin": [-5, 37.4, -5.6], "size": [10, 1, 1], "uv": [0, 0]},
						{"origin": [4.7, 37.4, -5], "size": [1, 1, 10], "uv": [0, 0]},
						{"origin": [5.2, 38.1, -5], "size": [1, 2, 10], "uv": [0, 0]},
						{"origin": [5.6, 39.4, -5], "size": [1, 6, 10], "uv": [0, 0]},
						{"origin": [5.2, 44.8, -5], "size": [1, 2, 10], "uv": [0, 0]},
						{"origin": [4.8, 46.4, -5], "size": [1, 1, 10], "uv": [0, 0]},
						{"origin": [4.4, 47.1, -5], "size": [1, 1, 9.8], "uv": [0, 0]},
						{"origin": [-5.4, 47.1, -5], "size": [1, 1, 9.8], "uv": [0, 0], "mirror": true},
						{"origin": [-4.9, 47.6, -5], "size": [5, 1, 9.6], "uv": [0, 0], "mirror": true},
						{"origin": [-0.1, 47.6, -5], "size": [5, 1, 9.6], "uv": [0, 0]},
						{"origin": [-6.2, 44.8, -5], "size": [1, 2, 10], "uv": [0, 0], "mirror": true},
						{"origin": [-5.8, 46.4, -5], "size": [1, 1, 10], "uv": [0, 0], "mirror": true},
						{"origin": [-6.6, 39.4, -5], "size": [1, 6, 10], "uv": [0, 0], "mirror": true},
						{"origin": [-6.2, 38.1, -5], "size": [1, 2, 10], "uv": [0, 0], "mirror": true},
						{"origin": [-5.7, 37.4, -5], "size": [1, 1, 10], "uv": [0, 0], "mirror": true}
					]
				},
				{
					"name": "eye0",
					"parent": "head",
					"pivot": [-3.7, 44.8, -5.7],
					"rotation": [0, 15, 0],
					"cubes": [
						{"origin": [-6.2, 42.3, -6.7], "size": [5, 5, 3], "uv": [102, 20]}
					]
				},
				{
					"name": "eye1",
					"parent": "eye0",
					"pivot": [-3.7, 44.8, -6],
					"cubes": [
						{"origin": [-6.2, 42.3, -7], "size": [5, 5, 2], "inflate": -0.2, "uv": [103, 119]}
					]
				},
				{
					"name": "eye2",
					"parent": "head",
					"pivot": [3.7, 44.8, -5.7],
					"rotation": [0, -15, 0],
					"cubes": [
						{"origin": [1.2, 42.3, -6.7], "size": [5, 5, 3], "uv": [102, 20], "mirror": true}
					]
				},
				{
					"name": "eye3",
					"parent": "eye2",
					"pivot": [3.7, 44.8, -6],
					"cubes": [
						{"origin": [1.2, 42.3, -7], "size": [5, 5, 2], "inflate": -0.2, "uv": [103, 119], "mirror": true}
					]
				},
				{
					"name": "arm0",
					"parent": "body1",
					"pivot": [7, 37, 0],
					"rotation": [90, 0, 77.5],
					"cubes": [
						{"origin": [7, 35.5, -1.5], "size": [5, 3, 3], "uv": [111, 25]},
						{"origin": [15, 35.5, -1.5], "size": [3, 3, 3], "uv": [111, 25]},
						{"origin": [8, 35.5, -2.5], "size": [10, 3, 1], "uv": [111, 25]},
						{"origin": [8, 35.5, 1.5], "size": [10, 3, 1], "uv": [111, 25]},
						{"origin": [8, 38.5, -1.5], "size": [10, 1, 3], "uv": [111, 25]},
						{"origin": [8, 34.5, -1.5], "size": [10, 1, 3], "uv": [111, 25]}
					]
				},
				{
					"name": "arm1",
					"parent": "arm0",
					"pivot": [18, 37, 0],
					"cubes": [
						{"origin": [18, 35.5, -1.5], "size": [2, 3, 3], "uv": [111, 25]},
						{"origin": [26, 35.5, -1.5], "size": [2, 3, 3], "uv": [111, 25]},
						{"origin": [18, 35.5, -2.5], "size": [10, 3, 1], "uv": [111, 25]},
						{"origin": [18, 35.5, 1.5], "size": [10, 3, 1], "uv": [111, 25]},
						{"origin": [18, 38.5, -1.5], "size": [10, 1, 3], "uv": [111, 25]},
						{"origin": [18, 34.5, -1.5], "size": [10, 1, 3], "uv": [111, 25]}
					]
				},
				{
					"name": "hand0",
					"parent": "arm1",
					"pivot": [28, 37, 0],
					"cubes": [
						{"origin": [28, 35, -1], "size": [4, 4, 2], "uv": [102, 108]},
						{"origin": [32, 35, -1], "size": [3, 4, 2], "pivot": [32, 37, 0], "rotation": [0, 35, 0], "uv": [102, 108]},
						{"origin": [30, 39, -3], "size": [3, 1, 2], "pivot": [32, 37, 0], "rotation": [-11.69208, 48.97354, -15.33981], "uv": [102, 108]}
					]
				},
				{
					"name": "arm2",
					"parent": "body1",
					"pivot": [-7, 37, 0],
					"rotation": [90, 0, -77.5],
					"cubes": [
						{"origin": [-12, 35.5, -1.5], "size": [5, 3, 3], "uv": [111, 25], "mirror": true},
						{"origin": [-18, 35.5, -1.5], "size": [3, 3, 3], "uv": [111, 25], "mirror": true},
						{"origin": [-18, 35.5, -2.5], "size": [10, 3, 1], "uv": [111, 25], "mirror": true},
						{"origin": [-18, 35.5, 1.5], "size": [10, 3, 1], "uv": [111, 25], "mirror": true},
						{"origin": [-18, 38.5, -1.5], "size": [10, 1, 3], "uv": [111, 25], "mirror": true},
						{"origin": [-18, 34.5, -1.5], "size": [10, 1, 3], "uv": [111, 25], "mirror": true}
					]
				},
				{
					"name": "arm3",
					"parent": "arm2",
					"pivot": [-18, 37, 0],
					"cubes": [
						{"origin": [-20, 35.5, -1.5], "size": [2, 3, 3], "uv": [111, 25], "mirror": true},
						{"origin": [-28, 35.5, -1.5], "size": [2, 3, 3], "uv": [111, 25], "mirror": true},
						{"origin": [-28, 35.5, -2.5], "size": [10, 3, 1], "uv": [111, 25], "mirror": true},
						{"origin": [-28, 35.5, 1.5], "size": [10, 3, 1], "uv": [111, 25], "mirror": true},
						{"origin": [-28, 38.5, -1.5], "size": [10, 1, 3], "uv": [111, 25], "mirror": true},
						{"origin": [-28, 34.5, -1.5], "size": [10, 1, 3], "uv": [111, 25], "mirror": true}
					]
				},
				{
					"name": "hand1",
					"parent": "arm3",
					"pivot": [-28, 37, 0],
					"cubes": [
						{"origin": [-32, 35, -1], "size": [4, 4, 2], "uv": [102, 108], "mirror": true},
						{"origin": [-35, 35, -1], "size": [3, 4, 2], "pivot": [-32, 37, 0], "rotation": [0, -35, 0], "uv": [102, 108], "mirror": true},
						{"origin": [-33, 39, -3], "size": [3, 1, 2], "pivot": [-32, 37, 0], "rotation": [-11.69208, -48.97354, 15.33981], "uv": [102, 108], "mirror": true}
					]
				},
				{
					"name": "leg0",
					"parent": "all",
					"pivot": [2, 19, 0],
					"rotation": [0, 0, -2.5],
					"cubes": [
						{"origin": [0.5, 18, -1.5], "size": [3, 1, 3], "uv": [41, 104]},
						{"origin": [0.5, 11, -1.5], "size": [3, 7, 3], "uv": [32, 110]},
						{"origin": [3.5, 11, -1.5], "size": [1, 8, 3], "uv": [99, 23]},
						{"origin": [2.5, 11, -2.5], "size": [1, 8, 1], "uv": [99, 23]},
						{"origin": [2.5, 11, 1.5], "size": [1, 8, 1], "uv": [99, 23]}
					]
				},
				{
					"name": "leg1",
					"parent": "leg0",
					"pivot": [2, 11, 0],
					"cubes": [
						{"origin": [0.5, 10, -1.5], "size": [3, 1, 3], "uv": [41, 104]},
						{"origin": [0.5, 3, -1.5], "size": [3, 7, 3], "uv": [32, 110]},
						{"origin": [3.5, 3, -1.5], "size": [1, 8, 3], "uv": [99, 23]},
						{"origin": [2.5, 3, -2.5], "size": [1, 8, 1], "uv": [99, 23]},
						{"origin": [2.5, 3, 1.5], "size": [1, 8, 1], "uv": [99, 23]}
					]
				},
				{
					"name": "foot0",
					"parent": "leg1",
					"pivot": [2.5, 3, 0],
					"cubes": [
						{"origin": [0, 0, -5], "size": [5, 3, 7], "uv": [98, 118]}
					]
				},
				{
					"name": "leg2",
					"parent": "all",
					"pivot": [-2, 19, 0],
					"rotation": [0, 0, 2.5],
					"cubes": [
						{"origin": [-3.5, 18, -1.5], "size": [3, 1, 3], "uv": [41, 104], "mirror": true},
						{"origin": [-3.5, 11, -1.5], "size": [3, 7, 3], "uv": [32, 110], "mirror": true},
						{"origin": [-4.5, 11, -1.5], "size": [1, 8, 3], "uv": [99, 23], "mirror": true},
						{"origin": [-3.5, 11, -2.5], "size": [1, 8, 1], "uv": [99, 23], "mirror": true},
						{"origin": [-3.5, 11, 1.5], "size": [1, 8, 1], "uv": [99, 23], "mirror": true}
					]
				},
				{
					"name": "leg3",
					"parent": "leg2",
					"pivot": [-2, 11, 0],
					"cubes": [
						{"origin": [-3.5, 10, -1.5], "size": [3, 1, 3], "uv": [41, 104], "mirror": true},
						{"origin": [-3.5, 3, -1.5], "size": [3, 7, 3], "uv": [32, 110], "mirror": true},
						{"origin": [-4.5, 3, -1.5], "size": [1, 8, 3], "uv": [99, 23], "mirror": true},
						{"origin": [-3.5, 3, -2.5], "size": [1, 8, 1], "uv": [99, 23], "mirror": true},
						{"origin": [-3.5, 3, 1.5], "size": [1, 8, 1], "uv": [99, 23], "mirror": true}
					]
				},
				{
					"name": "foot1",
					"parent": "leg3",
					"pivot": [-2.5, 3, 0],
					"cubes": [
						{"origin": [-5, 0, -5], "size": [5, 3, 7], "uv": [98, 118], "mirror": true}
					]
				}
			]
		}
	]
}