{
	"format_version": "1.12.0",
	"minecraft:geometry": [
		{
			"description": {
				"identifier": "geometry.yellow",
				"texture_width": 128,
				"texture_height": 128,
				"visible_bounds_width": 2,
				"visible_bounds_height": 3.5,
				"visible_bounds_offset": [0, 1.25, 0]
			},
			"bones": [
				{
					"name": "all",
					"pivot": [0, 0, 0]
				},
				{
					"name": "body",
					"parent": "all",
					"pivot": [0, 10, 0],
					"cubes": [
						{"origin": [-2, 20, -2], "size": [4, 1, 4], "uv": [0, 0]},
						{"origin": [-2, 19.5, -2.5], "size": [4.5, 1, 4], "uv": [0, 0]},
						{"origin": [-2.5, 19.5, -2.5], "size": [4.5, 1, 4], "uv": [0, 0], "mirror": true},
						{"origin": [-3.8, 18.5, -2.5], "size": [5.8, 1.3, 4], "uv": [0, 0], "mirror": true},
						{"origin": [-3.8, 10.2, -2.5], "size": [5.8, 1.3, 4], "uv": [0, 0], "mirror": true},
						{"origin": [-2, 10.2, -2.5], "size": [5.8, 1.3, 4], "uv": [0, 0]},
						{"origin": [-2, 18.5, -2.5], "size": [5.8, 1.3, 4], "uv": [0, 0]},
						{"origin": [-2, 11.2, -2.5], "size": [6.5, 7.3, 4], "uv": [0, 0]},
						{"origin": [-2, 11.2, -2.9], "size": [5.1, 8.1, 4.4], "uv": [0, 0]},
						{"origin": [-2, 10.6, -3.2], "size": [5.7, 7.9, 4.4], "uv": [0, 0]},
						{"origin": [-3.7, 10.6, -3.2], "size": [5.7, 7.9, 4.4], "uv": [0, 0], "mirror": true},
						{"origin": [-3.1, 11.2, -2.9], "size": [5.1, 8.1, 4.4], "uv": [0, 0], "mirror": true},
						{"origin": [-4.5, 11.2, -2.5], "size": [6.5, 7.3, 4], "uv": [0, 0], "mirror": true},
						{"origin": [-2, 19.5, -1.5], "size": [4.5, 1, 4], "uv": [0, 0]},
						{"origin": [-3.8, 18.5, -1.5], "size": [5.8, 1.3, 4], "uv": [0, 0], "mirror": true},
						{"origin": [-2.5, 19.5, -1.5], "size": [4.5, 1, 4], "uv": [0, 0], "mirror": true},
						{"origin": [-4.5, 11.2, -1.5], "size": [6.5, 7.3, 4], "uv": [0, 0], "mirror": true},
						{"origin": [-3.8, 10.2, -1.5], "size": [5.8, 1.3, 4], "uv": [0, 0], "mirror": true},
						{"origin": [-2, 10.2, -1.5], "size": [5.8, 1.3, 4], "uv": [0, 0]},
						{"origin": [-2, 11.2, -1.5], "size": [6.5, 7.3, 4], "uv": [0, 0]},
						{"origin": [-2, 18.5, -1.5], "size": [5.8, 1.3, 4], "uv": [0, 0]},
						{"origin": [-1.1, 19.6, -2], "size": [4, 1, 4], "uv": [0, 0]},
						{"origin": [-1.1, 9.6, -2], "size": [4, 1, 4], "uv": [0, 0]},
						{"origin": [-0.3, 18, -2], "size": [4.5, 2, 4], "uv": [0, 0]},
						{"origin": [-0.3, 10, -2], "size": [4.5, 2, 4], "uv": [0, 0]},
						{"origin": [1.7, 11, -2], "size": [3, 8, 4], "uv": [0, 0]},
						{"origin": [-4.2, 10, -2], "size": [4.5, 2, 4], "uv": [0, 0], "mirror": true},
						{"origin": [-4.2, 18, -2], "size": [4.5, 2, 4], "uv": [0, 0], "mirror": true},
						{"origin": [-4.7, 11, -2], "size": [3, 8, 4], "uv": [0, 0], "mirror": true},
						{"origin": [-2.9, 19.6, -2], "size": [4, 1, 4], "uv": [0, 0], "mirror": true},
						{"origin": [-2.9, 9.6, -2], "size": [4, 1, 4], "uv": [0, 0], "mirror": true}
					]
				},
				{
					"name": "head",
					"parent": "body",
					"pivot": [0, 21, 0],
					"cubes": [
						{"origin": [-3, 21, -2], "size": [6, 1, 4], "uv": [0, 0]},
						{"origin": [-3, 21.4, -2.4], "size": [6, 1, 4], "uv": [0, 0]},
						{"origin": [-3, 22.4, -2.4], "size": [6, 1.5, 4], "uv": [0, 0]},
						{"origin": [-1.5, 22.9, -2.5], "size": [3, 2, 4], "uv": [86, 48]},
						{"origin": [-2.4, 22.4, -2.4], "size": [6.8, 1.5, 4], "uv": [0, 0]},
						{"origin": [-2.4, 26.9, -2.4], "size": [7, 1.5, 4], "uv": [0, 0]},
						{"origin": [-3, 26.9, -2.4], "size": [6, 1.5, 4], "uv": [0, 0]},
						{"origin": [-3.8, 26.9, -2.4], "size": [6.2, 1.5, 4], "uv": [0, 0], "mirror": true},
						{"origin": [-3, 26.9, -2.4], "size": [6, 1.5, 4], "uv": [0, 0], "mirror": true},
						{"origin": [-3, 27.5, -2.4], "size": [6.8, 2.3, 4], "uv": [0, 0], "mirror": true},
						{"origin": [-3.4, 27.5, -2.4], "size": [6, 1.5, 4], "uv": [0, 0], "mirror": true},
						{"origin": [-2.6, 27.5, -2.4], "size": [6.8, 1.5, 4], "uv": [0, 0]},
						{"origin": [-3.6, 22.4, -2.4], "size": [6, 1.5, 4], "uv": [0, 0], "mirror": true},
						{"origin": [-3, 22.4, -2.4], "size": [6, 1.5, 4], "uv": [0, 0], "mirror": true},
						{"origin": [-4.1, 23.9, -2.4], "size": [6, 3, 4], "uv": [0, 0], "mirror": true},
						{"origin": [-3, 23.9, -2.4], "size": [6, 3, 4], "uv": [0, 0], "mirror": true},
						{"origin": [-1.9, 23.9, -2.4], "size": [6.8, 3, 4], "uv": [0, 0]},
						{"origin": [-3.8, 27.5, -2.4], "size": [6.8, 2.3, 4], "uv": [0, 0]},
						{"origin": [-4.2, 27.5, -2.4], "size": [6.8, 1.5, 4], "uv": [0, 0], "mirror": true},
						{"origin": [-4.6, 26.9, -2.4], "size": [7, 1.5, 4], "uv": [0, 0], "mirror": true},
						{"origin": [-4.9, 23.9, -2.4], "size": [6.8, 3, 4], "uv": [0, 0], "mirror": true},
						{"origin": [-4.4, 22.4, -2.4], "size": [6.8, 1.5, 4], "uv": [0, 0], "mirror": true},
						{"origin": [-3.8, 27.5, -1.6], "size": [6.8, 2.3, 4], "uv": [0, 0]},
						{"origin": [-4.2, 27.5, -1.6], "size": [6.8, 1.5, 4], "uv": [0, 0], "mirror": true},
						{"origin": [-4.6, 26.9, -1.6], "size": [7, 1.5, 4], "uv": [0, 0], "mirror": true},
						{"origin": [-4.9, 23.9, -1.6], "size": [6.8, 3, 4], "uv": [0, 0], "mirror": true},
						{"origin": [-4.4, 22.4, -1.6], "size": [6.8, 1.5, 4], "uv": [0, 0], "mirror": true},
						{"origin": [-3, 27.5, -1.6], "size": [6.8, 2.3, 4], "uv": [0, 0], "mirror": true},
						{"origin": [-2.6, 27.5, -1.6], "size": [6.8, 1.5, 4], "uv": [0, 0]},
						{"origin": [-2.4, 26.9, -1.6], "size": [7, 1.5, 4], "uv": [0, 0]},
						{"origin": [-1.9, 23.9, -1.6], "size": [6.8, 3, 4], "uv": [0, 0]},
						{"origin": [-2.4, 22.4, -1.6], "size": [6.8, 1.5, 4], "uv": [0, 0]},
						{"origin": [-3, 21.4, -1.6], "size": [6, 1, 4], "uv": [0, 0]},
						{"origin": [-3, 23.9, -2.4], "size": [6, 3, 4], "uv": [0, 0]},
						{"origin": [-4, 29, -2], "size": [4, 1, 4], "uv": [0, 0]},
						{"origin": [-3, 29.5, -2], "size": [3, 1, 4], "uv": [0, 0]},
						{"origin": [0, 29.5, -2], "size": [3, 1, 4], "uv": [0, 0], "mirror": true},
						{"origin": [0, 29, -2], "size": [4, 1, 4], "uv": [0, 0], "mirror": true},
						{"origin": [3, 21.4, -2], "size": [1, 1, 4], "uv": [0, 0], "mirror": true},
						{"origin": [3.4, 28.4, -2], "size": [1, 1, 4], "uv": [0, 0], "mirror": true},
						{"origin": [3.6, 21.9, -2], "size": [1, 2, 4], "uv": [0, 0], "mirror": true},
						{"origin": [3.8, 26.9, -2], "size": [1, 2, 4], "uv": [0, 0], "mirror": true},
						{"origin": [4.1, 23.9, -2], "size": [1, 4, 4], "uv": [0, 0], "mirror": true},
						{"origin": [-4.8, 26.9, -2], "size": [1, 2, 4], "uv": [0, 0]},
						{"origin": [-4.4, 28.4, -2], "size": [1, 1, 4], "uv": [0, 0]},
						{"origin": [-5.1, 23.9, -2], "size": [1, 4, 4], "uv": [0, 0]},
						{"origin": [-4.6, 21.9, -2], "size": [1, 2, 4], "uv": [0, 0]},
						{"origin": [-4, 21.4, -2], "size": [1, 1, 4], "uv": [0, 0]}
					]
				},
				{
					"name": "bone",
					"parent": "head",
					"pivot": [0, 23, -2],
					"rotation": [12.5, 0, 0],
					"cubes": [
						{"origin": [-1.5, 22.8, -6], "size": [3, 1, 5], "inflate": -0.01, "uv": [85, 60]},
						{"origin": [-1, 22.8, -8], "size": [2, 1, 2], "inflate": -0.01, "uv": [85, 60]},
						{"origin": [-2, 22.3, -6.5], "size": [4, 1.5, 6], "inflate": -0.5, "uv": [73, 99]},
						{"origin": [-2, 22.8, -6.5], "size": [1.1, 1.6, 6], "inflate": -0.5, "uv": [73, 99]},
						{"origin": [0.9, 22.8, -6.5], "size": [1.1, 1.6, 6], "inflate": -0.5, "uv": [73, 99], "mirror": true},
						{"origin": [-1.6, 22.8, -8.5], "size": [1.1, 1.6, 3], "inflate": -0.5, "uv": [73, 99]},
						{"origin": [-1.9, 22.8, -6.6], "size": [1.4, 1.6, 1.1], "inflate": -0.5, "uv": [73, 99]},
						{"origin": [0.5, 22.8, -8.5], "size": [1.1, 1.6, 3], "inflate": -0.5, "uv": [73, 99], "mirror": true},
						{"origin": [0.4, 23.1, -3.4], "size": [1.5, 1.6, 1.5], "inflate": -0.5, "uv": [102, 12], "mirror": true},
						{"origin": [0.4, 23.1, -4], "size": [1.5, 1.6, 1.5], "inflate": -0.5, "uv": [102, 12], "mirror": true},
						{"origin": [0.4, 23.1, -4.6], "size": [1.5, 1.6, 1.5], "inflate": -0.5, "uv": [102, 12], "mirror": true},
						{"origin": [0.4, 23.1, -6.4], "size": [1.5, 1.6, 1.5], "inflate": -0.5, "uv": [102, 12], "mirror": true},
						{"origin": [0.4, 23.1, -5.8], "size": [1.5, 1.6, 1.5], "inflate": -0.5, "uv": [102, 12], "mirror": true},
						{"origin": [0, 23.1, -7.6], "size": [1.5, 1.6, 1.5], "inflate": -0.5, "uv": [102, 12], "mirror": true},
						{"origin": [0, 23.1, -7], "size": [1.5, 1.6, 1.5], "inflate": -0.5, "uv": [102, 12], "mirror": true},
						{"origin": [-0.4, 23.1, -8.5], "size": [1.5, 1.6, 1.5], "inflate": -0.5, "uv": [102, 12], "mirror": true},
						{"origin": [0, 23.1, -8.2], "size": [1.5, 1.6, 1.5], "inflate": -0.5, "uv": [102, 12], "mirror": true},
						{"origin": [0.4, 23.1, -5.2], "size": [1.5, 1.6, 1.5], "inflate": -0.5, "uv": [102, 12], "mirror": true},
						{"origin": [-1.1, 23.1, -8.5], "size": [1.5, 1.6, 1.5], "inflate": -0.5, "uv": [102, 12]},
						{"origin": [-1.5, 23.1, -8.2], "size": [1.5, 1.6, 1.5], "inflate": -0.5, "uv": [102, 12]},
						{"origin": [-1.5, 23.1, -7.6], "size": [1.5, 1.6, 1.5], "inflate": -0.5, "uv": [102, 12]},
						{"origin": [-1.5, 23.1, -7], "size": [1.5, 1.6, 1.5], "inflate": -0.5, "uv": [102, 12]},
						{"origin": [-1.9, 23.1, -6.4], "size": [1.5, 1.6, 1.5], "inflate": -0.5, "uv": [102, 12]},
						{"origin": [-1.9, 23.1, -5.8], "size": [1.5, 1.6, 1.5], "inflate": -0.5, "uv": [102, 12]},
						{"origin": [-1.9, 23.1, -5.2], "size": [1.5, 1.6, 1.5], "inflate": -0.5, "uv": [102, 12]},
						{"origin": [-1.9, 23.1, -4.6], "size": [1.5, 1.6, 1.5], "inflate": -0.5, "uv": [102, 12]},
						{"origin": [-1.9, 23.1, -4], "size": [1.5, 1.6, 1.5], "inflate": -0.5, "uv": [102, 12]},
						{"origin": [-1.9, 23.1, -3.4], "size": [1.5, 1.6, 1.5], "inflate": -0.5, "uv": [102, 12]},
						{"origin": [0.5, 22.8, -6.6], "size": [1.4, 1.6, 1.1], "inflate": -0.5, "uv": [73, 99], "mirror": true},
						{"origin": [-1.5, 22.8, -8.6], "size": [3, 1.6, 1.1], "inflate": -0.5, "uv": [73, 99]},
						{"origin": [-1.5, 22.3, -8.5], "size": [3, 1.5, 4], "inflate": -0.5, "uv": [73, 99]}
					]
				},
				{
					"name": "bone2",
					"parent": "head",
					"pivot": [0, 25, -2],
					"rotation": [-20, 0, 0],
					"cubes": [
						{"origin": [-1.5, 24.2, -6], "size": [3, 1, 5], "inflate": -0.01, "uv": [85, 60]},
						{"origin": [-1, 24.2, -8], "size": [2, 1, 2], "inflate": -0.01, "uv": [85, 60]},
						{"origin": [-2, 24.2, -6.5], "size": [4, 1.5, 6], "inflate": -0.5, "uv": [73, 99]},
						{"origin": [-2, 23.6, -6.5], "size": [1.1, 1.6, 6], "inflate": -0.5, "uv": [73, 99]},
						{"origin": [0.9, 23.6, -6.5], "size": [1.1, 1.6, 6], "inflate": -0.5, "uv": [73, 99], "mirror": true},
						{"origin": [-1.6, 23.6, -8.5], "size": [1.1, 1.6, 3], "inflate": -0.5, "uv": [73, 99]},
						{"origin": [-1.9, 23.6, -6.6], "size": [1.4, 1.6, 1.1], "inflate": -0.5, "uv": [73, 99]},
						{"origin": [0.5, 23.6, -8.5], "size": [1.1, 1.6, 3], "inflate": -0.5, "uv": [73, 99], "mirror": true},
						{"origin": [0.4, 23.3, -3.4], "size": [1.5, 1.6, 1.5], "inflate": -0.5, "uv": [102, 12], "mirror": true},
						{"origin": [0.4, 23.3, -4], "size": [1.5, 1.6, 1.5], "inflate": -0.5, "uv": [102, 12], "mirror": true},
						{"origin": [0.4, 23.3, -4.6], "size": [1.5, 1.6, 1.5], "inflate": -0.5, "uv": [102, 12], "mirror": true},
						{"origin": [0.4, 23.3, -6.4], "size": [1.5, 1.6, 1.5], "inflate": -0.5, "uv": [102, 12], "mirror": true},
						{"origin": [0.4, 23.3, -5.8], "size": [1.5, 1.6, 1.5], "inflate": -0.5, "uv": [102, 12], "mirror": true},
						{"origin": [0, 23.3, -7.6], "size": [1.5, 1.6, 1.5], "inflate": -0.5, "uv": [102, 12], "mirror": true},
						{"origin": [0, 23.3, -7], "size": [1.5, 1.6, 1.5], "inflate": -0.5, "uv": [102, 12], "mirror": true},
						{"origin": [-0.4, 23.3, -8.5], "size": [1.5, 1.6, 1.5], "inflate": -0.5, "uv": [102, 12], "mirror": true},
						{"origin": [0, 23.3, -8.2], "size": [1.5, 1.6, 1.5], "inflate": -0.5, "uv": [102, 12], "mirror": true},
						{"origin": [0.4, 23.3, -5.2], "size": [1.5, 1.6, 1.5], "inflate": -0.5, "uv": [102, 12], "mirror": true},
						{"origin": [-1.1, 23.3, -8.5], "size": [1.5, 1.6, 1.5], "inflate": -0.5, "uv": [102, 12]},
						{"origin": [-1.5, 23.3, -8.2], "size": [1.5, 1.6, 1.5], "inflate": -0.5, "uv": [102, 12]},
						{"origin": [-1.5, 23.3, -7.6], "size": [1.5, 1.6, 1.5], "inflate": -0.5, "uv": [102, 12]},
						{"origin": [-1.5, 23.3, -7], "size": [1.5, 1.6, 1.5], "inflate": -0.5, "uv": [102, 12]},
						{"origin": [-1.9, 23.3, -6.4], "size": [1.5, 1.6, 1.5], "inflate": -0.5, "uv": [102, 12]},
						{"origin": [-1.9, 23.3, -5.8], "size": [1.5, 1.6, 1.5], "inflate": -0.5, "uv": [102, 12]},
						{"origin": [-1.9, 23.3, -5.2], "size": [1.5, 1.6, 1.5], "inflate": -0.5, "uv": [102, 12]},
						{"origin": [-1.9, 23.3, -4.6], "size": [1.5, 1.6, 1.5], "inflate": -0.5, "uv": [102, 12]},
						{"origin": [-1.9, 23.3, -4], "size": [1.5, 1.6, 1.5], "inflate": -0.5, "uv": [102, 12]},
						{"origin": [-1.9, 23.3, -3.4], "size": [1.5, 1.6, 1.5], "inflate": -0.5, "uv": [102, 12]},
						{"origin": [0.5, 23.6, -6.6], "size": [1.4, 1.6, 1.1], "inflate": -0.5, "uv": [73, 99], "mirror": true},
						{"origin": [-1.5, 23.6, -8.6], "size": [3, 1.6, 1.1], "inflate": -0.5, "uv": [73, 99]},
						{"origin": [-1.5, 24.2, -8.5], "size": [3, 1.5, 4], "inflate": -0.5, "uv": [73, 99]}
					]
				},
				{
					"name": "eye0",
					"parent": "head",
					"pivot": [0.7, 26, -2],
					"rotation": [0, 0, 25],
					"cubes": [
						{"origin": [0.7, 26, -3], "size": [1, 2, 1], "uv": [9, 111]}
					]
				},
				{
					"name": "eye1",
					"parent": "head",
					"pivot": [-0.7, 26, -2],
					"rotation": [0, 0, -25],
					"cubes": [
						{"origin": [-1.7, 26, -3], "size": [1, 2, 1], "uv": [9, 111], "mirror": true}
					]
				},
				{
					"name": "arm0",
					"parent": "body",
					"pivot": [4, 20, 0],
					"rotation": [0, 0, -12.5],
					"cubes": [
						{"origin": [4, 18, -1], "size": [1.5, 2, 2], "uv": [0, 0]},
						{"origin": [4, 12, -1], "size": [1.5, 2, 2], "uv": [0, 0]},
						{"origin": [4, 14, -1.5], "size": [2, 5, 3], "uv": [0, 0]}
					]
				},
				{
					"name": "arm1",
					"parent": "body",
					"pivot": [-4, 20, 0],
					"rotation": [0, 0, 12.5],
					"cubes": [
						{"origin": [-5.5, 18, -1], "size": [1.5, 2, 2], "uv": [0, 0], "mirror": true},
						{"origin": [-5.5, 12, -1], "size": [1.5, 2, 2], "uv": [0, 0], "mirror": true},
						{"origin": [-6, 14, -1.5], "size": [2, 5, 3], "uv": [0, 0], "mirror": true}
					]
				},
				{
					"name": "leg0",
					"parent": "all",
					"pivot": [2, 11, 0],
					"rotation": [0, 0, -2.5],
					"cubes": [
						{"origin": [0.5, 7, -1.5], "size": [3, 4, 3], "uv": [0, 0]}
					]
				},
				{
					"name": "leg1",
					"parent": "leg0",
					"pivot": [2, 7, 0],
					"cubes": [
						{"origin": [0.5, 0, -1.5], "size": [3, 8, 3], "inflate": -0.5, "uv": [79, 115]},
						{"origin": [0, -1, -3.5], "size": [4, 2, 5], "inflate": -0.5, "uv": [79, 115]}
					]
				},
				{
					"name": "leg2",
					"parent": "all",
					"pivot": [-2, 11, 0],
					"rotation": [0, 0, 2.5],
					"cubes": [
						{"origin": [-3.5, 7, -1.5], "size": [3, 4, 3], "uv": [0, 0], "mirror": true}
					]
				},
				{
					"name": "leg3",
					"parent": "leg2",
					"pivot": [-2, 7, 0],
					"cubes": [
						{"origin": [-3.5, 0, -1.5], "size": [3, 8, 3], "inflate": -0.5, "uv": [79, 115], "mirror": true},
						{"origin": [-4, -1, -3.5], "size": [4, 2, 5], "inflate": -0.5, "uv": [79, 115], "mirror": true}
					]
				}
			]
		}
	]
}