{
  "format_version": "1.8.0",
  "minecraft:entity": {
    "description": {
      "identifier": "pizza:peppino",
      "is_spawnable": true,
      "is_summonable": true,
      "is_experimental": false,
      "runtime_identifier": "minecraft:spider"
    },
    "component_groups": {
      "minecraft:spider_jockey": {
        "minecraft:addrider": {
          "entity_type": "minecraft:skeleton"
        },
        "minecraft:rideable": {
          "seat_count": 1,
          "family_types": [
            "skeleton"
          ],
          "seats": {
            "position": [
              0,
              0.54,
              0
            ]
          }
        }
      },
      "minecraft:spider_stray_jockey": {
        "minecraft:addrider": {
          "entity_type": "minecraft:skeleton.stray"
        },
        "minecraft:rideable": {
          "seat_count": 1,
          "family_types": [
            "skeleton"
          ],
          "seats": {
            "position": [
              0,
              0.54,
              0
            ]
          }
        }
      },
      "minecraft:spider_wither_jockey": {
        "minecraft:addrider": {
          "entity_type": "minecraft:skeleton.wither"
        },
        "minecraft:rideable": {
          "seat_count": 1,
          "family_types": [
            "skeleton"
          ],
          "seats": {
            "position": [
              0,
              0.54,
              0
            ]
          }
        }
      },
      "minecraft:spider_neutral": {
        "minecraft:environment_sensor": {
          "on_environment": {
            "filters": {
              "test": "is_brightness",
              "operator": "<",
              "value": 0.49
            },
            "event": "minecraft:become_hostile"
          }
        },
        "minecraft:on_target_acquired": {
          "event": "minecraft:become_angry"
        }
      },
      "minecraft:spider_hostile": {
        "minecraft:environment_sensor": {
          "on_environment": {
            "filters": {
              "test": "is_brightness",
              "operator": ">",
              "value": 0.49
            },
            "event": "minecraft:become_neutral"
          }
        },
        "minecraft:on_target_acquired": {
          "event": "minecraft:become_angry"
        },
        "minecraft:behavior.nearest_attackable_target": {
          "priority": 3,
          "within_radius": 25,
          "must_reach": false,
          "entity_types": [
            {
              "filters": {
                "any_of": [
                  {
                    "test": "is_family",
                    "subject": "other",
                    "value": "player"
                  },
                  {
                    "test": "is_family",
                    "subject": "other",
                    "value": "zombie_villager"
                  },
                  {
                    "test": "is_family",
                    "subject": "other",
                    "value": "zombie_pigman"
                  },
                  {
                    "test": "is_family",
                    "subject": "other",
                    "value": "illager"
                  },
                  {
                    "test": "is_family",
                    "subject": "other",
                    "value": "vex"
                  },
                  {
                    "test": "is_family",
                    "subject": "other",
                    "value": "augustolophus"
                  },
                  {
                    "test": "is_family",
                    "subject": "other",
                    "value": "bracheo"
                  },
                  {
                    "test": "is_family",
                    "subject": "other",
                    "value": "hadro"
                  },
                  {
                    "test": "is_family",
                    "subject": "other",
                    "value": "lampeo"
                  },
                  {
                    "test": "is_family",
                    "subject": "other",
                    "value": "ourano"
                  },
                  {
                    "test": "is_family",
                    "subject": "other",
                    "value": "stegosaurus"
                  },
                  {
                    "test": "is_family",
                    "subject": "other",
                    "value": "herbdinosaur"
                  },
                  {
                    "test": "is_family",
                    "subject": "other",
                    "value": "axolotl"
                  },
                  {
                    "test": "is_family",
                    "subject": "other",
                    "value": "goat"
                  },
                  {
                    "test": "is_family",
                    "subject": "other",
                    "value": "hoglin"
                  },
                  {
                    "test": "is_family",
                    "subject": "other",
                    "value": "hoglin_baby"
                  },
                  {
                    "test": "is_family",
                    "subject": "other",
                    "value": "adult_piglin"
                  },
                  {
                    "test": "is_family",
                    "subject": "other",
                    "value": "piglin_brute"
                  },
                  {
                    "test": "is_family",
                    "subject": "other",
                    "value": "strider"
                  },
                  {
                    "test": "is_family",
                    "subject": "other",
                    "value": "strider_baby"
                  },
                  {
                    "test": "is_family",
                    "subject": "other",
                    "value": "furnicraft"
                  },
                  {
                    "test": "is_family",
                    "subject": "other",
                    "value": "bat"
                  },
                  {
                    "test": "is_family",
                    "subject": "other",
                    "value": "bee"
                  },
                  {
                    "test": "is_family",
                    "subject": "other",
                    "value": "mob"
                  },
                  {
                    "test": "is_family",
                    "subject": "other",
                    "value": "arthropod"
                  },
                  {
                    "test": "is_family",
                    "subject": "other",
                    "value": "pacified"
                  },
                  {
                    "test": "is_family",
                    "subject": "other",
                    "value": "cat"
                  },
                  {
                    "test": "is_family",
                    "subject": "other",
                    "value": "fox"
                  },
                  {
                    "test": "is_family",
                    "subject": "other",
                    "value": "panda"
                  },
                  {
                    "test": "is_family",
                    "subject": "other",
                    "value": "panda_aggressive"
                  },
                  {
                    "test": "is_family",
                    "subject": "other",
                    "value": "pillager"
                  },
                  {
                    "test": "is_family",
                    "subject": "other",
                    "value": "monster"
                  },
                  {
                    "test": "is_family",
                    "subject": "other",
                    "value": "ravager"
                  },
                  {
                    "test": "is_family",
                    "subject": "other",
                    "value": "wandering_trader"
                  },
                  {
                    "test": "is_family",
                    "subject": "other",
                    "value": "wandering_trader_despawning"
                  },
                  {
                    "test": "is_family",
                    "subject": "other",
                    "value": "blaze"
                  },
                  {
                    "test": "is_family",
                    "subject": "other",
                    "value": "cachalote"
                  },
                  {
                    "test": "is_family",
                    "subject": "other",
                    "value": "cavespider"
                  },
                  {
                    "test": "is_family",
                    "subject": "other",
                    "value": "chicken"
                  },
                  {
                    "test": "is_family",
                    "subject": "other",
                    "value": "cow"
                  },
                  {
                    "test": "is_family",
                    "subject": "other",
                    "value": "crab"
                  },
                  {
                    "test": "is_family",
                    "subject": "other",
                    "value": "creeper"
                  },
                  {
                    "test": "is_family",
                    "subject": "other",
                    "value": "dolphin"
                  },
                  {
                    "test": "is_family",
                    "subject": "other",
                    "value": "donkey"
                  },
                  {
                    "test": "is_family",
                    "subject": "other",
                    "value": "drowned"
                  },
                  {
                    "test": "is_family",
                    "subject": "other",
                    "value": "zombie"
                  },
                  {
                    "test": "is_family",
                    "subject": "other",
                    "value": "undead"
                  },
                  {
                    "test": "is_family",
                    "subject": "other",
                    "value": "guardian_elder"
                  },
                  {
                    "test": "is_family",
                    "subject": "other",
                    "value": "dragon"
                  },
                  {
                    "test": "is_family",
                    "subject": "other",
                    "value": "enderman"
                  },
                  {
                    "test": "is_family",
                    "subject": "other",
                    "value": "endermite"
                  },
                  {
                    "test": "is_family",
                    "subject": "other",
                    "value": "evocation_illager"
                  },
                  {
                    "test": "is_family",
                    "subject": "other",
                    "value": "cod"
                  },
                  {
                    "test": "is_family",
                    "subject": "other",
                    "value": "fish"
                  },
                  {
                    "test": "is_family",
                    "subject": "other",
                    "value": "fishleon"
                  },
                  {
                    "test": "is_family",
                    "subject": "other",
                    "value": "ghast"
                  },
                  {
                    "test": "is_family",
                    "subject": "other",
                    "value": "guardian"
                  },
                  {
                    "test": "is_family",
                    "subject": "other",
                    "value": "hammerhead_shark"
                  },
                  {
                    "test": "is_family",
                    "subject": "other",
                    "value": "horse"
                  },
                  {
                    "test": "is_family",
                    "subject": "other",
                    "value": "husk"
                  },
                  {
                    "test": "is_family",
                    "subject": "other",
                    "value": "irongolem"
                  },
                  {
                    "test": "is_family",
                    "subject": "other",
                    "value": "car"
                  },
                  {
                    "test": "is_family",
                    "subject": "other",
                    "value": "llama"
                  },
                  {
                    "test": "is_family",
                    "subject": "other",
                    "value": "magmacube"
                  },
                  {
                    "test": "is_family",
                    "subject": "other",
                    "value": "mushroomcow"
                  },
                  {
                    "test": "is_family",
                    "subject": "other",
                    "value": "mule"
                  },
                  {
                    "test": "is_family",
                    "subject": "other",
                    "value": "ocelot"
                  },
                  {
                    "test": "is_family",
                    "subject": "other",
                    "value": "octopus"
                  },
                  {
                    "test": "is_family",
                    "subject": "other",
                    "value": "parrot_wild"
                  },
                  {
                    "test": "is_family",
                    "subject": "other",
                    "value": "parrot_tame"
                  },
                  {
                    "test": "is_family",
                    "subject": "other",
                    "value": "phantom"
                  },
                  {
                    "test": "is_family",
                    "subject": "other",
                    "value": "pig"
                  },
                  {
                    "test": "is_family",
                    "subject": "other",
                    "value": "piranha"
                  },
                  {
                    "test": "is_family",
                    "subject": "other",
                    "value": "polarbear"
                  },
                  {
                    "test": "is_family",
                    "subject": "other",
                    "value": "pufferfish"
                  },
                  {
                    "test": "is_family",
                    "subject": "other",
                    "value": "rabbit"
                  },
                  {
                    "test": "is_family",
                    "subject": "other",
                    "value": "salmon"
                  },
                  {
                    "test": "is_family",
                    "subject": "other",
                    "value": "shark"
                  },
                  {
                    "test": "is_family",
                    "subject": "other",
                    "value": "sheep"
                  },
                  {
                    "test": "is_family",
                    "subject": "other",
                    "value": "shrimp"
                  },
                  {
                    "test": "is_family",
                    "subject": "other",
                    "value": "shulker"
                  },
                  {
                    "test": "is_family",
                    "subject": "other",
                    "value": "silverfish"
                  },
                  {
                    "test": "is_family",
                    "subject": "other",
                    "value": "skeleton"
                  },
                  {
                    "test": "is_family",
                    "subject": "other",
                    "value": "skeletonhorse"
                  },
                  {
                    "test": "is_family",
                    "subject": "other",
                    "value": "slime"
                  },
                  {
                    "test": "is_family",
                    "subject": "other",
                    "value": "snowgolem"
                  },
                  {
                    "test": "is_family",
                    "subject": "other",
                    "value": "spider"
                  },
                  {
                    "test": "is_family",
                    "subject": "other",
                    "value": "squid"
                  },
                  {
                    "test": "is_family",
                    "subject": "other",
                    "value": "stingray"
                  },
                  {
                    "test": "is_family",
                    "subject": "other",
                    "value": "stray"
                  },
                  {
                    "test": "is_family",
                    "subject": "other",
                    "value": "turtle"
                  },
                  {
                    "test": "is_family",
                    "subject": "other",
                    "value": "baby_turtle"
                  },
                  {
                    "test": "is_family",
                    "subject": "other",
                    "value": "villager"
                  },
                  {
                    "test": "is_family",
                    "subject": "other",
                    "value": "peasant"
                  },
                  {
                    "test": "is_family",
                    "subject": "other",
                    "value": "farmer"
                  },
                  {
                    "test": "is_family",
                    "subject": "other",
                    "value": "fisherman"
                  },
                  {
                    "test": "is_family",
                    "subject": "other",
                    "value": "shepherd"
                  },
                  {
                    "test": "is_family",
                    "subject": "other",
                    "value": "fletcher"
                  },
                  {
                    "test": "is_family",
                    "subject": "other",
                    "value": "librarian"
                  },
                  {
                    "test": "is_family",
                    "subject": "other",
                    "value": "cartographer"
                  },
                  {
                    "test": "is_family",
                    "subject": "other",
                    "value": "priest"
                  },
                  {
                    "test": "is_family",
                    "subject": "other",
                    "value": "cleric"
                  },
                  {
                    "test": "is_family",
                    "subject": "other",
                    "value": "blacksmith"
                  },
                  {
                    "test": "is_family",
                    "subject": "other",
                    "value": "armorer"
                  },
                  {
                    "test": "is_family",
                    "subject": "other",
                    "value": "weaponsmith"
                  },
                  {
                    "test": "is_family",
                    "subject": "other",
                    "value": "toolsmith"
                  },
                  {
                    "test": "is_family",
                    "subject": "other",
                    "value": "artisan"
                  },
                  {
                    "test": "is_family",
                    "subject": "other",
                    "value": "butcher"
                  },
                  {
                    "test": "is_family",
                    "subject": "other",
                    "value": "leatherworker"
                  },
                  {
                    "test": "is_family",
                    "subject": "other",
                    "value": "vindicator"
                  },
                  {
                    "test": "is_family",
                    "subject": "other",
                    "value": "whale"
                  },
                  {
                    "test": "is_family",
                    "subject": "other",
                    "value": "witch"
                  },
                  {
                    "test": "is_family",
                    "subject": "other",
                    "value": "wither"
                  },
                  {
                    "test": "is_family",
                    "subject": "other",
                    "value": "wolf"
                  },
                  {
                    "test": "is_family",
                    "subject": "other",
                    "value": "zombiehorse"
                  }
                ]
              },
              "max_dist": 35.0,
              "must_see": false
            }
          ],
          "must_see": false,
          "speed_multiplier": 1
        }
      },
      "minecraft:spider_angry": {
        "minecraft:angry": {
          "duration": 10,
          "duration_delta": 3,
          "calm_event": {
            "event": "minecraft:become_calm",
            "target": "self"
          }
        },
        "minecraft:behavior.leap_at_target": {
          "priority": 4,
          "yd": 0.4,
          "must_be_on_ground": false
        },
        "minecraft:behavior.melee_attack": {
          "priority": 3,
          "speed_multiplier": 1,
          "track_target": true,
          "reach_multiplier": 0.8
        }
      }
    },
    "components": {
      "minecraft:nameable": {
        "alwaysShow": false,
        "allowNameTagRenaming": false
      },
      "minecraft:type_family": {
        "family": [
          "spider",
          "monster",
          "arthropod"
        ]
      },
      "minecraft:breathable": {
        "totalSupply": 15,
        "suffocateTime": 0
      },
      "minecraft:loot": {
        "table": "loot_tables/entities/spider.json"
      },
      "minecraft:collision_box": {
        "height": 1.9,
        "width": 1.4
      },
      "minecraft:health": {
        "value": 580,
        "max": 580
      },
      "minecraft:movement": {
        "value": 0.5
      },
      "minecraft:navigation.climb": {
        "can_path_over_water": true
      },
      "minecraft:movement.basic": {},
      "minecraft:jump.static": {},
      "minecraft:attack": {
        "damage": 20
      },
      "minecraft:behavior.float": {
        "priority": 1
      },
      "minecraft:behavior.mount_pathing": {
        "priority": 5,
        "speed_multiplier": 1.25,
        "target_dist": 0,
        "track_target": true
      },
      "minecraft:behavior.random_stroll": {
        "priority": 6,
        "speed_multiplier": 0.8
      },
      "minecraft:behavior.look_at_player": {
        "priority": 7,
        "look_distance": 6,
        "probability": 0.02
      },
      "minecraft:behavior.random_look_around": {
        "priority": 7
      },
      "minecraft:behavior.hurt_by_target": {
        "priority": 3
      },
      "minecraft:physics": {},
      "minecraft:experience_reward": {
        "on_death": "query.last_hit_by_player ? 10 : 0"
      },
      "minecraft:underwater_movement": {
        "value": 0.02
      },
      "minecraft:scale": {
        "value": 1
      },
      "minecraft:behavior.nearest_attackable_target": {
        "priority": 3,
        "within_radius": 25,
        "must_reach": false,
        "entity_types": [
          {
            "filters": {
              "any_of": [
                {
                  "test": "is_family",
                  "subject": "other",
                  "value": "player"
                },
                {
                  "test": "is_family",
                  "subject": "other",
                  "value": "zombie_villager"
                },
                {
                  "test": "is_family",
                  "subject": "other",
                  "value": "zombie_pigman"
                },
                {
                  "test": "is_family",
                  "subject": "other",
                  "value": "illager"
                },
                {
                  "test": "is_family",
                  "subject": "other",
                  "value": "vex"
                },
                {
                  "test": "is_family",
                  "subject": "other",
                  "value": "augustolophus"
                },
                {
                  "test": "is_family",
                  "subject": "other",
                  "value": "bracheo"
                },
                {
                  "test": "is_family",
                  "subject": "other",
                  "value": "hadro"
                },
                {
                  "test": "is_family",
                  "subject": "other",
                  "value": "lampeo"
                },
                {
                  "test": "is_family",
                  "subject": "other",
                  "value": "ourano"
                },
                {
                  "test": "is_family",
                  "subject": "other",
                  "value": "stegosaurus"
                },
                {
                  "test": "is_family",
                  "subject": "other",
                  "value": "herbdinosaur"
                },
                {
                  "test": "is_family",
                  "subject": "other",
                  "value": "axolotl"
                },
                {
                  "test": "is_family",
                  "subject": "other",
                  "value": "goat"
                },
                {
                  "test": "is_family",
                  "subject": "other",
                  "value": "hoglin"
                },
                {
                  "test": "is_family",
                  "subject": "other",
                  "value": "hoglin_baby"
                },
                {
                  "test": "is_family",
                  "subject": "other",
                  "value": "adult_piglin"
                },
                {
                  "test": "is_family",
                  "subject": "other",
                  "value": "piglin_brute"
                },
                {
                  "test": "is_family",
                  "subject": "other",
                  "value": "strider"
                },
                {
                  "test": "is_family",
                  "subject": "other",
                  "value": "strider_baby"
                },
                {
                  "test": "is_family",
                  "subject": "other",
                  "value": "furnicraft"
                },
                {
                  "test": "is_family",
                  "subject": "other",
                  "value": "bat"
                },
                {
                  "test": "is_family",
                  "subject": "other",
                  "value": "bee"
                },
                {
                  "test": "is_family",
                  "subject": "other",
                  "value": "mob"
                },
                {
                  "test": "is_family",
                  "subject": "other",
                  "value": "arthropod"
                },
                {
                  "test": "is_family",
                  "subject": "other",
                  "value": "pacified"
                },
                {
                  "test": "is_family",
                  "subject": "other",
                  "value": "cat"
                },
                {
                  "test": "is_family",
                  "subject": "other",
                  "value": "fox"
                },
                {
                  "test": "is_family",
                  "subject": "other",
                  "value": "panda"
                },
                {
                  "test": "is_family",
                  "subject": "other",
                  "value": "panda_aggressive"
                },
                {
                  "test": "is_family",
                  "subject": "other",
                  "value": "pillager"
                },
                {
                  "test": "is_family",
                  "subject": "other",
                  "value": "monster"
                },
                {
                  "test": "is_family",
                  "subject": "other",
                  "value": "ravager"
                },
                {
                  "test": "is_family",
                  "subject": "other",
                  "value": "wandering_trader"
                },
                {
                  "test": "is_family",
                  "subject": "other",
                  "value": "wandering_trader_despawning"
                },
                {
                  "test": "is_family",
                  "subject": "other",
                  "value": "blaze"
                },
                {
                  "test": "is_family",
                  "subject": "other",
                  "value": "cachalote"
                },
                {
                  "test": "is_family",
                  "subject": "other",
                  "value": "cavespider"
                },
                {
                  "test": "is_family",
                  "subject": "other",
                  "value": "chicken"
                },
                {
                  "test": "is_family",
                  "subject": "other",
                  "value": "cow"
                },
                {
                  "test": "is_family",
                  "subject": "other",
                  "value": "crab"
                },
                {
                  "test": "is_family",
                  "subject": "other",
                  "value": "creeper"
                },
                {
                  "test": "is_family",
                  "subject": "other",
                  "value": "dolphin"
                },
                {
                  "test": "is_family",
                  "subject": "other",
                  "value": "donkey"
                },
                {
                  "test": "is_family",
                  "subject": "other",
                  "value": "drowned"
                },
                {
                  "test": "is_family",
                  "subject": "other",
                  "value": "zombie"
                },
                {
                  "test": "is_family",
                  "subject": "other",
                  "value": "undead"
                },
                {
                  "test": "is_family",
                  "subject": "other",
                  "value": "guardian_elder"
                },
                {
                  "test": "is_family",
                  "subject": "other",
                  "value": "dragon"
                },
                {
                  "test": "is_family",
                  "subject": "other",
                  "value": "enderman"
                },
                {
                  "test": "is_family",
                  "subject": "other",
                  "value": "endermite"
                },
                {
                  "test": "is_family",
                  "subject": "other",
                  "value": "evocation_illager"
                },
                {
                  "test": "is_family",
                  "subject": "other",
                  "value": "cod"
                },
                {
                  "test": "is_family",
                  "subject": "other",
                  "value": "fish"
                },
                {
                  "test": "is_family",
                  "subject": "other",
                  "value": "fishleon"
                },
                {
                  "test": "is_family",
                  "subject": "other",
                  "value": "ghast"
                },
                {
                  "test": "is_family",
                  "subject": "other",
                  "value": "guardian"
                },
                {
                  "test": "is_family",
                  "subject": "other",
                  "value": "hammerhead_shark"
                },
                {
                  "test": "is_family",
                  "subject": "other",
                  "value": "horse"
                },
                {
                  "test": "is_family",
                  "subject": "other",
                  "value": "husk"
                },
                {
                  "test": "is_family",
                  "subject": "other",
                  "value": "irongolem"
                },
                {
                  "test": "is_family",
                  "subject": "other",
                  "value": "car"
                },
                {
                  "test": "is_family",
                  "subject": "other",
                  "value": "llama"
                },
                {
                  "test": "is_family",
                  "subject": "other",
                  "value": "magmacube"
                },
                {
                  "test": "is_family",
                  "subject": "other",
                  "value": "mushroomcow"
                },
                {
                  "test": "is_family",
                  "subject": "other",
                  "value": "mule"
                },
                {
                  "test": "is_family",
                  "subject": "other",
                  "value": "ocelot"
                },
                {
                  "test": "is_family",
                  "subject": "other",
                  "value": "octopus"
                },
                {
                  "test": "is_family",
                  "subject": "other",
                  "value": "parrot_wild"
                },
                {
                  "test": "is_family",
                  "subject": "other",
                  "value": "parrot_tame"
                },
                {
                  "test": "is_family",
                  "subject": "other",
                  "value": "phantom"
                },
                {
                  "test": "is_family",
                  "subject": "other",
                  "value": "pig"
                },
                {
                  "test": "is_family",
                  "subject": "other",
                  "value": "piranha"
                },
                {
                  "test": "is_family",
                  "subject": "other",
                  "value": "polarbear"
                },
                {
                  "test": "is_family",
                  "subject": "other",
                  "value": "pufferfish"
                },
                {
                  "test": "is_family",
                  "subject": "other",
                  "value": "rabbit"
                },
                {
                  "test": "is_family",
                  "subject": "other",
                  "value": "salmon"
                },
                {
                  "test": "is_family",
                  "subject": "other",
                  "value": "shark"
                },
                {
                  "test": "is_family",
                  "subject": "other",
                  "value": "sheep"
                },
                {
                  "test": "is_family",
                  "subject": "other",
                  "value": "shrimp"
                },
                {
                  "test": "is_family",
                  "subject": "other",
                  "value": "shulker"
                },
                {
                  "test": "is_family",
                  "subject": "other",
                  "value": "silverfish"
                },
                {
                  "test": "is_family",
                  "subject": "other",
                  "value": "skeleton"
                },
                {
                  "test": "is_family",
                  "subject": "other",
                  "value": "skeletonhorse"
                },
                {
                  "test": "is_family",
                  "subject": "other",
                  "value": "slime"
                },
                {
                  "test": "is_family",
                  "subject": "other",
                  "value": "snowgolem"
                },
                {
                  "test": "is_family",
                  "subject": "other",
                  "value": "spider"
                },
                {
                  "test": "is_family",
                  "subject": "other",
                  "value": "squid"
                },
                {
                  "test": "is_family",
                  "subject": "other",
                  "value": "stingray"
                },
                {
                  "test": "is_family",
                  "subject": "other",
                  "value": "stray"
                },
                {
                  "test": "is_family",
                  "subject": "other",
                  "value": "turtle"
                },
                {
                  "test": "is_family",
                  "subject": "other",
                  "value": "baby_turtle"
                },
                {
                  "test": "is_family",
                  "subject": "other",
                  "value": "villager"
                },
                {
                  "test": "is_family",
                  "subject": "other",
                  "value": "peasant"
                },
                {
                  "test": "is_family",
                  "subject": "other",
                  "value": "farmer"
                },
                {
                  "test": "is_family",
                  "subject": "other",
                  "value": "fisherman"
                },
                {
                  "test": "is_family",
                  "subject": "other",
                  "value": "shepherd"
                },
                {
                  "test": "is_family",
                  "subject": "other",
                  "value": "fletcher"
                },
                {
                  "test": "is_family",
                  "subject": "other",
                  "value": "librarian"
                },
                {
                  "test": "is_family",
                  "subject": "other",
                  "value": "cartographer"
                },
                {
                  "test": "is_family",
                  "subject": "other",
                  "value": "priest"
                },
                {
                  "test": "is_family",
                  "subject": "other",
                  "value": "cleric"
                },
                {
                  "test": "is_family",
                  "subject": "other",
                  "value": "blacksmith"
                },
                {
                  "test": "is_family",
                  "subject": "other",
                  "value": "armorer"
                },
                {
                  "test": "is_family",
                  "subject": "other",
                  "value": "weaponsmith"
                },
                {
                  "test": "is_family",
                  "subject": "other",
                  "value": "toolsmith"
                },
                {
                  "test": "is_family",
                  "subject": "other",
                  "value": "artisan"
                },
                {
                  "test": "is_family",
                  "subject": "other",
                  "value": "butcher"
                },
                {
                  "test": "is_family",
                  "subject": "other",
                  "value": "leatherworker"
                },
                {
                  "test": "is_family",
                  "subject": "other",
                  "value": "vindicator"
                },
                {
                  "test": "is_family",
                  "subject": "other",
                  "value": "whale"
                },
                {
                  "test": "is_family",
                  "subject": "other",
                  "value": "witch"
                },
                {
                  "test": "is_family",
                  "subject": "other",
                  "value": "wither"
                },
                {
                  "test": "is_family",
                  "subject": "other",
                  "value": "wolf"
                },
                {
                  "test": "is_family",
                  "subject": "other",
                  "value": "zombiehorse"
                }
              ]
            },
            "max_dist": 35.0,
            "must_see": false
          }
        ],
        "must_see": false,
        "speed_multiplier": 1
      },
      "minecraft:behavior.owner_hurt_by_target": {
        "priority": 1
      },
      "minecraft:behavior.owner_hurt_target": {
        "priority": 2
      },
      "minecraft:knockback_resistance": {
        "value": 1.0,
        "max": 1.0
      },
      "minecraft:behavior.melee_attack": {
        "priority": 2,
        "speed_multiplier": 1,
        "target_dist": 0,
        "max_dist": 3,
        "random_stop_interval": 100,
        "track_target": false,
        "reach_multiplier": 1.4
      }
    },
    "events": {
      "minecraft:entity_spawned": {
        "randomize": [
          {
            "weight": 1,
            "randomize": [
              {
                "weight": 80,
                "filters": {
                  "all_of": [
                    {
                      "test": "is_daytime",
                      "value": false
                    },
                    {
                      "test": "is_snow_covered",
                      "value": true
                    },
                    {
                      "test": "is_underground",
                      "value": false
                    }
                  ]
                },
                "remove": {},
                "add": {
                  "component_groups": [
                    "minecraft:spider_stray_jockey",
                    "minecraft:spider_neutral"
                  ]
                }
              },
              {
                "weight": 80,
                "filters": {
                  "test": "is_biome",
                  "value": "the_nether"
                },
                "remove": {},
                "add": {
                  "component_groups": [
                    "minecraft:spider_wither_jockey",
                    "minecraft:spider_neutral"
                  ]
                }
              },
              {
                "weight": 20,
                "filters": {
                  "any_of": [
                    {
                      "test": "is_daytime",
                      "value": false
                    },
                    {
                      "test": "is_underground",
                      "value": true
                    }
                  ]
                },
                "remove": {},
                "add": {
                  "component_groups": [
                    "minecraft:spider_jockey",
                    "minecraft:spider_neutral"
                  ]
                }
              }
            ]
          },
          {
            "weight": 99,
            "remove": {},
            "add": {
              "component_groups": [
                "minecraft:spider_neutral"
              ]
            }
          }
        ]
      },
      "minecraft:become_hostile": {
        "remove": {
          "component_groups": [
            "minecraft:spider_neutral"
          ]
        },
        "add": {
          "component_groups": [
            "minecraft:spider_hostile"
          ]
        }
      },
      "minecraft:become_neutral": {
        "remove": {
          "component_groups": [
            "minecraft:spider_hostile"
          ]
        },
        "add": {
          "component_groups": [
            "minecraft:spider_neutral"
          ]
        }
      },
      "minecraft:become_angry": {
        "add": {
          "component_groups": [
            "minecraft:spider_angry"
          ]
        }
      },
      "minecraft:become_calm": {
        "remove": {
          "component_groups": [
            "minecraft:spider_angry"
          ]
        }
      },
      "on:death": {
        "run_command": {
          "command": []
        }
      },
      "on:hurt": {
        "run_command": {
          "command": []
        }
      },
      "on:hurt_by_player": {
        "run_command": {
          "command": []
        }
      },
      "on:ignite": {
        "run_command": {
          "command": []
        }
      },
      "on:target_acquired": {
        "run_command": {
          "command": []
        }
      },
      "on:target_escape": {
        "run_command": {
          "command": []
        }
      },
      "on:wake_with_owner": {
        "run_command": {
          "command": []
        }
      }
    }
  }
}