{"stats":{"minecraft:custom":{"minecraft:interact_with_loom":5,"minecraft:leave_game":24,"minecraft:time_since_death":7897,"minecraft:time_since_rest":7931,"minecraft:sprint_one_cm":205201,"minecraft:damage_taken":360,"minecraft:walk_one_cm":856515,"minecraft:drop":24,"minecraft:fly_one_cm":8468536,"minecraft:open_chest":28,"minecraft:crouch_one_cm":24461,"minecraft:play_time":1280321,"minecraft:deaths":21,"minecraft:sneak_time":42810,"minecraft:jump":2025,"minecraft:walk_on_water_one_cm":3819,"minecraft:total_world_time":1281703,"minecraft:fall_one_cm":18482},"minecraft:dropped":{"minecraft:netherite_pickaxe":3,"minecraft:oak_pressure_plate":1,"minecraft:deepslate":1,"minecraft:dripstone_block":1,"minecraft:barrier":1,"minecraft:purple_concrete":1,"minecraft:spruce_button":1,"minecraft:debug_stick":1,"minecraft:stick":1,"minecraft:light_blue_stained_glass":64,"minecraft:stone_button":1,"minecraft:birch_button":1,"minecraft:red_sand":1,"minecraft:green_candle":9},"minecraft:mined":{"minecraft:green_candle":7},"minecraft:used":{"minecraft:moss_block":22,"minecraft:purpur_block":4,"minecraft:dark_oak_stairs":74,"minecraft:moss_carpet":47,"minecraft:water_bucket":585,"minecraft:blue_terracotta":60,"minecraft:mangrove_wood":109,"minecraft:iron_bars":566,"minecraft:red_sand":18,"minecraft:polished_deepslate":413,"minecraft:orange_concrete":2948,"minecraft:snow_block":17,"minecraft:polished_andesite":16,"minecraft:red_concrete":101,"minecraft:polished_blackstone":6,"minecraft:redstone":4,"minecraft:prismarine":14,"minecraft:red_nether_bricks":43,"minecraft:oak_sign":1,"minecraft:light_blue_terracotta":921,"minecraft:smooth_sandstone_slab":2,"minecraft:chest":5,"minecraft:white_terracotta":262,"minecraft:brown_concrete":134,"minecraft:red_nether_brick_stairs":1,"minecraft:stripped_birch_wood":196,"minecraft:glow_ink_sac":1,"minecraft:polished_blackstone_pressure_plate":1,"minecraft:smooth_quartz_stairs":37,"minecraft:debug_stick":37,"minecraft:pink_concrete":49,"minecraft:yellow_terracotta":478,"minecraft:birch_pressure_plate":1,"minecraft:polished_deepslate_slab":6,"minecraft:stripped_dark_oak_log":138,"minecraft:purpur_stairs":1,"minecraft:lime_terracotta":594,"minecraft:orange_carpet":9,"minecraft:sand":733,"minecraft:red_nether_brick_slab":4,"minecraft:white_carpet":14,"minecraft:light_blue_concrete":248,"minecraft:hopper":2,"minecraft:loom":4,"minecraft:blue_stained_glass":1,"minecraft:spruce_stairs":8,"minecraft:oak_wood":26,"minecraft:prismarine_brick_stairs":66,"minecraft:black_banner":8,"minecraft:yellow_concrete":616,"minecraft:yellow_stained_glass_pane":5,"minecraft:blue_ice":2,"minecraft:deepslate_brick_slab":2,"minecraft:pink_terracotta":11,"minecraft:purple_terracotta":29,"minecraft:ochre_froglight":2,"minecraft:acacia_button":6,"minecraft:gray_concrete":310,"minecraft:cobbled_deepslate_stairs":267,"minecraft:smooth_red_sandstone_stairs":10,"minecraft:blue_concrete":893,"minecraft:light_blue_stained_glass":1,"minecraft:warped_planks":27,"minecraft:deepslate_brick_stairs":15,"minecraft:cyan_stained_glass":1,"minecraft:brown_terracotta":182,"minecraft:polished_deepslate_stairs":198,"minecraft:redstone_torch":4,"minecraft:dark_oak_planks":130,"minecraft:polished_blackstone_slab":18,"minecraft:glass":13,"minecraft:crimson_button":13,"minecraft:acacia_stairs":14,"minecraft:green_concrete":4,"minecraft:black_wool":105,"minecraft:black_concrete":1132,"minecraft:sea_lantern":9,"minecraft:cyan_terracotta":3,"minecraft:mangrove_log":102,"minecraft:birch_slab":4,"minecraft:light_gray_stained_glass":25,"minecraft:lime_banner":1,"minecraft:command_block":38,"minecraft:lime_carpet":12,"minecraft:quartz_slab":3,"minecraft:light_gray_concrete":111,"minecraft:spruce_wood":4,"minecraft:iron_block":54,"minecraft:string":16,"minecraft:spruce_button":4,"minecraft:barrier":1,"minecraft:acacia_slab":1,"minecraft:stone_button":3,"minecraft:polished_andesite_stairs":5,"minecraft:jungle_stairs":31,"minecraft:cyan_concrete":17,"minecraft:red_terracotta":1,"minecraft:dark_oak_slab":91,"minecraft:oak_pressure_plate":2,"minecraft:deepslate":1928,"minecraft:pink_wool":4,"minecraft:polished_andesite_slab":16,"minecraft:yellow_wool":4,"minecraft:item_frame":8,"minecraft:green_candle":1,"minecraft:birch_button":84,"minecraft:purple_concrete":71,"minecraft:warped_stairs":12,"minecraft:lime_concrete":1377,"minecraft:black_stained_glass":50,"minecraft:iron_trapdoor":9,"minecraft:magenta_terracotta":315,"minecraft:acacia_pressure_plate":2,"minecraft:white_banner":3,"minecraft:lime_stained_glass":1,"minecraft:dark_oak_fence":12,"minecraft:white_stained_glass":1,"minecraft:chain_command_block":23,"minecraft:netherite_pickaxe":7,"minecraft:gold_block":2,"minecraft:repeating_command_block":22,"minecraft:polished_blackstone_button":10,"minecraft:stone_pressure_plate":4,"minecraft:white_concrete":1421,"minecraft:warped_button":2,"minecraft:orange_terracotta":42,"minecraft:brown_mushroom_block":2,"minecraft:dark_prismarine_stairs":10,"minecraft:polished_blackstone_stairs":103,"minecraft:stripped_spruce_wood":16,"minecraft:gray_stained_glass":11},"minecraft:picked_up":{"minecraft:barrier":1,"minecraft:orange_carpet":4,"minecraft:acacia_pressure_plate":1,"minecraft:birch_button":1,"minecraft:brown_concrete":944,"minecraft:item_frame":1,"minecraft:white_carpet":5,"minecraft:green_candle":9,"minecraft:wheat_seeds":2,"minecraft:red_sand":1,"minecraft:chest":943,"minecraft:iron_sword":1,"minecraft:purple_concrete":1,"minecraft:debug_stick":1,"minecraft:oak_pressure_plate":1,"minecraft:crimson_button":1,"minecraft:light_blue_stained_glass":64,"minecraft:stone_pressure_plate":1,"minecraft:deepslate":1}},"DataVersion":3337}