{"stats":{"minecraft:custom":{"minecraft:time_since_rest":70009,"minecraft:crouch_one_cm":440,"minecraft:play_time":70009,"minecraft:sprint_one_cm":29399,"minecraft:walk_one_cm":78051,"minecraft:sneak_time":1203,"minecraft:drop":4,"minecraft:jump":211,"minecraft:leave_game":1,"minecraft:time_since_death":70009,"minecraft:total_world_time":70009,"minecraft:fly_one_cm":526044},"minecraft:picked_up":{"minecraft:brown_carpet":12,"minecraft:black_concrete":2,"minecraft:spruce_button":1,"minecraft:blue_concrete":1},"minecraft:dropped":{"minecraft:blue_concrete":1,"minecraft:black_concrete":2,"minecraft:orange_concrete":1},"minecraft:used":{"minecraft:oak_fence":12,"minecraft:black_concrete":117,"minecraft:iron_bars":12,"minecraft:potion":7,"minecraft:brown_carpet":22,"minecraft:orange_concrete":199,"minecraft:light_gray_concrete":9,"minecraft:red_concrete":3,"minecraft:polished_deepslate_wall":6,"minecraft:chain":1,"minecraft:cyan_concrete":5,"minecraft:blue_concrete":50,"minecraft:deepslate_brick_stairs":2}},"DataVersion":3337}