{"stats":{"minecraft:custom":{"minecraft:time_since_rest":99412,"minecraft:crouch_one_cm":2744,"minecraft:sprint_one_cm":67574,"minecraft:play_time":99412,"minecraft:walk_one_cm":171445,"minecraft:sneak_time":1482,"minecraft:drop":4,"minecraft:jump":426,"minecraft:leave_game":2,"minecraft:time_since_death":99412,"minecraft:total_world_time":99412,"minecraft:fly_one_cm":420659},"minecraft:picked_up":{"minecraft:warped_sign":3,"minecraft:oak_log":2,"minecraft:oak_planks":16,"minecraft:rail":1},"minecraft:dropped":{"minecraft:sea_lantern":1,"minecraft:birch_button":1,"minecraft:warped_sign":2},"minecraft:used":{"minecraft:rail":62,"minecraft:item_frame":9,"minecraft:brown_terracotta":14,"minecraft:birch_button":25,"minecraft:gilded_blackstone":4,"minecraft:crimson_button":7,"minecraft:lever":5,"minecraft:black_concrete":42,"minecraft:purple_concrete":11,"minecraft:sea_lantern":20,"minecraft:iron_bars":31,"minecraft:warped_trapdoor":1,"minecraft:lime_concrete":31,"minecraft:light_gray_stained_glass":24,"minecraft:orange_concrete":282,"minecraft:light_gray_concrete":9,"minecraft:red_concrete":31,"minecraft:barrier":129,"minecraft:prismarine_brick_stairs":18,"minecraft:light_blue_terracotta":46,"minecraft:yellow_concrete":4,"minecraft:tnt_minecart":144,"minecraft:white_terracotta":7,"minecraft:white_concrete":3,"minecraft:warped_button":1,"minecraft:blue_concrete":41,"minecraft:warped_sign":3,"minecraft:brown_mushroom_block":2,"minecraft:deepslate":28}},"DataVersion":3337}