{
  "format_version": "1.10.0",
  "minecraft:client_entity": {
    "description": {
      "identifier": "mr:mr_kabob",
      "materials": {
        "default": "entity_emissive_alpha"
      },
      "textures": {
        "default": "textures/entity/pamobile/mr_mr_kabob",
        "saddled": "textures/entity/pamobile/mr_mr_kabob",
        "suffocated": "textures/entity/pamobile/mr_mr_kabob",
        "suffocated_saddled": "textures/entity/pamobile/mr_mr_kabob"
      },
      "geometry": {
        "default": "geometry.mr_mr_kabob"
      },
      "spawn_egg": {
        "texture": "mr:mr_kabob",
        "texture_index": 0
      },
      "scripts": {
        "pre_animation": [
          "variable.animation_speed = Math.min(query.modified_move_speed, 0.25);",
          "variable.speed = 85.9437;",
          "variable.bristle_flow=Math.cos(query.modified_distance_moved * variable.speed + 180) * variable.animation_speed;",
          "variable.bristle_range_mod=1;",
          "variable.bristle_speed_mod=1;"
        ],
        "animate": [
          "look_at_target",
          "walk",
          "bristle_flow"
        ]
      },
      "animations": {
        "look_at_target": "animation.mr_mr_kabob.default",
        "walk": "animation.mr_mr_kabob.move",
        "bristle_flow": "animation.mr_mr_kabob.bristle_flow"
      },
      "render_controllers": [
        "controller.render.strider"
      ]
    }
  }
}