{
	"format_version": "1.10.0",
	"animation_controllers": {
		"controller.animation.orange": {
			"initial_state": "default",
			"states": {
				"default": {
					"variables": {
						"walk": {
							"input": "query.modified_move_speed",
							"remap_curve": {
								"0.0": 0,
								"0.27": 1
							}
						},
						"idle": {
							"input": "query.modified_move_speed",
							"remap_curve": {
								"0.27": 0,
								"0.0": 1
							}
						},
						"nap": {
							"input": "query.is_sleeping",
							"remap_curve": {
								"0.27": 0,
								"0.0": 1
							}
						}
					},
					"animations": [
						{
							"idle": "variable.idle"
						},
						{
							"walk": "variable.walk"
						},
						{
							"nap": "variable.nap"
						}
					],
					"transitions": [
						{
							"attack": "variable.attack_time>0&&query.is_stunned"
						},
						{
							"climb": "query.is_wall_climbing"
						},
						{
							"nap": "query.is_sleeping"
						},
						{
							"jumpscare": "query.has_rider&&!query.is_stunned"
						}
					],
					"blend_transition": 0.2
				},
				"nap": {
					"animations": [
						"nap"
					],
					"blend_transition": 0.2,
					"transitions": [
						{
							"default": "!query.is_sleeping"
						}
					]
				},
				"climb": {
					"variables": {
						"idle": {
							"input": "query.modified_move_speed",
							"remap_curve": {
								"0.27": 0,
								"0.0": 1
							}
						}
					},
					"animations": [
						"climb",
						{
							"idle": "variable.idle"
						}
					],
					"transitions": [
						{
							"default": "!query.is_wall_climbing"
						}
					],
					"blend_transition": 0.2
				},
				"jumpscare": {
					"variables": {
						"idle": {
							"input": "query.modified_move_speed",
							"remap_curve": {
								"0.27": 0,
								"0.0": 1
							}
						}
					},
					"animations": [
						"jumpscare",
						{
							"idle": "variable.idle"
						}
					],
					"transitions": [
						{
							"default": "!query.has_rider"
						}
					],
					"blend_transition": 0.2
				}
			}
		},
		"controller.animation.orange.look_at_target": {
			"states": {
				"default": {
					"animations": [
						"look_at_target"
					]
				}
			}
		}
	}
}
