{
  "entity_sounds": {
    "entities": {
      "os:evil_banban": {
        "volume": 50,
        "pitch": [
          1
        ],
        "events": {
          "attack": "mob.os_evil_banban.attack"
        }
      },
      "os:opila_bird": {
        "volume": 50,
        "pitch": [
          1
        ],
        "events": {
          "attack": "mob.os_opila_bird.attack"
        }
      },
      "os:tarta_bird": {
        "volume": 50,
        "pitch": [
          1
        ],
        "events": {
          "attack": "mob.os_tarta_bird.attack"
        }
      },
      "os:banbaleena": {
        "volume": 50,
        "pitch": [
          1
        ],
        "events": {
          "attack": "mob.os_banbaleena.attack"
        }
      }
    }
  }
}