{"tiers":[{"trades":[{"wants":[{"item":"minecraft:gold_ingot","quantity":3}],"gives":[{"item":"stick:miner","quantity":1}]},{"wants":[{"item":"minecraft:gold_ingot","quantity":2}],"gives":[{"item":"stick:swordwarth","quantity":1}]},{"wants":[{"item":"minecraft:gold_ingot","quantity":6}],"gives":[{"item":"stick:archidon","quantity":1}]},{"wants":[{"item":"minecraft:gold_ingot","quantity":10}],"gives":[{"item":"stick:spearton","quantity":1}]},{"wants":[{"item":"minecraft:gold_ingot","quantity":22}],"gives":[{"item":"stick:magikill","quantity":1}]},{"wants":[{"item":"minecraft:gold_ingot","quantity":25}],"gives":[{"item":"stick:giant","quantity":1}]}]}]}