{
  "mob.afdal_official_jet_bus_budiman_shd.say": {
    "category": " neutral",
    "sounds": [
      "sounds/mob/afdal_official_jet_bus_budiman_shd/say"
    ]
  },
  "mob.afdal_official_jet_bus_budiman_shd.hit": {
    "category": " neutral",
    "sounds": [
      "sounds/mob/afdal_official_jet_bus_budiman_shd/hit"
    ]
  },
  "mob.afdal_official_jet_bus_budiman_shd.death": {
    "category": " neutral",
    "sounds": [
      "sounds/mob/afdal_official_jet_bus_budiman_shd/death"
    ]
  },
  "mob.afdal_official_ket_bus_mgi_shd.say": {
    "category": " neutral",
    "sounds": [
      "sounds/mob/afdal_official_ket_bus_mgi_shd/say"
    ]
  },
  "mob.afdal_official_ket_bus_mgi_shd.hit": {
    "category": " neutral",
    "sounds": [
      "sounds/mob/afdal_official_ket_bus_mgi_shd/hit"
    ]
  },
  "mob.afdal_official_ket_bus_mgi_shd.walk": {
    "category": " neutral",
    "sounds": [
      "sounds/mob/afdal_official_ket_bus_mgi_shd/walk"
    ]
  },
  "mob.afdal_official_jet_bus_budiman_shd.walk": {
    "category": " neutral",
    "sounds": [
      "sounds/mob/afdal_official_jet_bus_budiman_shd/walk"
    ]
  },
  "mob.afdal_official_ket_bus_mgi_shd.death": {
    "category": " neutral",
    "sounds": [
      "sounds/mob/afdal_official_ket_bus_mgi_shd/death"
    ]
  },
  "mob.afdal_official_jet_bus_27trans_shd.say": {
    "category": " neutral",
    "sounds": [
      "sounds/mob/afdal_official_jet_bus_27trans_shd/say"
    ]
  },
  "mob.afdal_official_jet_bus_27trans_shd.hit": {
    "category": " neutral",
    "sounds": [
      "sounds/mob/afdal_official_jet_bus_27trans_shd/hit"
    ]
  },
  "mob.afdal_official_jet_bus_27trans_shd.death": {
    "category": " neutral",
    "sounds": [
      "sounds/mob/afdal_official_jet_bus_27trans_shd/death"
    ]
  },
  "mob.afdal_official_jet_bus_27trans_shd.walk": {
    "category": " neutral",
    "sounds": [
      "sounds/mob/afdal_official_jet_bus_27trans_shd/walk"
    ]
  }
}