{
  "format_version": "1.12.0",
  "minecraft:geometry": [
    {
      "description": {
        "identifier": "geometry.yg_brown",
        "texture_width": 64,
        "texture_height": 64,
        "visible_bounds_width": 4,
        "visible_bounds_height": 2.5,
        "visible_bounds_offset": [
          0,
          0.75,
          0
        ]
      },
      "bones": [
        {
          "name": "Root"
        },
        {
          "name": "Body",
          "pivot": [
            0,
            5,
            0
          ],
          "cubes": [
            {
              "origin": [
                -4.5,
                9.0,
                -4.5
              ],
              "size": [
                9.0,
                1.0,
                9.0
              ],
              "uv": [
                0,
                25
              ],
              "inflate": 0
            },
            {
              "origin": [
                -4.5,
                0.0,
                -4.5
              ],
              "size": [
                9.0,
                1.0,
                9.0
              ],
              "uv": [
                0,
                25
              ],
              "inflate": 0
            },
            {
              "origin": [
                -5.5,
                1.0,
                -4.5
              ],
              "size": [
                1.0,
                8.0,
                9.0
              ],
              "uv": [
                27,
                26
              ],
              "inflate": 0
            },
            {
              "origin": [
                4.5,
                1.0,
                -4.5
              ],
              "size": [
                1.0,
                8.0,
                9.0
              ],
              "uv": [
                27,
                26
              ],
              "inflate": 0
            },
            {
              "origin": [
                -4.5,
                1.0,
                -5.5
              ],
              "size": [
                9.0,
                8.0,
                1.0
              ],
              "uv": [
                30,
                0
              ],
              "inflate": 0
            },
            {
              "origin": [
                -4.5,
                1.0,
                4.5
              ],
              "size": [
                9.0,
                8.0,
                1.0
              ],
              "uv": [
                30,
                0
              ],
              "inflate": 0
            }
          ],
          "parent": "Root"
        },
        {
          "name": "Head",
          "pivot": [
            0,
            10,
            0
          ],
          "cubes": [
            {
              "origin": [
                -5.0,
                10.0,
                -5.0
              ],
              "size": [
                10.0,
                3.0,
                10.0
              ],
              "uv": [
                0,
                0
              ],
              "inflate": 0
            },
            {
              "origin": [
                -4.5,
                13.0,
                -4.5
              ],
              "size": [
                9.0,
                3.0,
                9.0
              ],
              "uv": [
                0,
                13
              ],
              "inflate": 0
            },
            {
              "origin": [
                -4.0,
                16.0,
                -4.0
              ],
              "size": [
                8.0,
                1.0,
                8.0
              ],
              "uv": [
                27,
                13
              ],
              "inflate": 0
            },
            {
              "origin": [
                -2.0,
                11.5,
                -5.5
              ],
              "size": [
                4.0,
                4.0,
                2.0
              ],
              "uv": [
                38,
                22
              ],
              "inflate": 0
            }
          ],
          "parent": "Body"
        },
        {
          "name": "Rightarm",
          "pivot": [
            -5,
            6,
            0
          ],
          "cubes": [
            {
              "origin": [
                -9.0,
                5.0,
                -1.0
              ],
              "size": [
                4.0,
                2.0,
                2.0
              ],
              "uv": [
                34,
                43
              ],
              "inflate": 0
            }
          ],
          "parent": "Body"
        },
        {
          "name": "bone",
          "pivot": [
            -9,
            6,
            0
          ],
          "cubes": [
            {
              "origin": [
                -13.0,
                5.0,
                -1.0
              ],
              "size": [
                4.0,
                2.0,
                2.0
              ],
              "uv": [
                22,
                43
              ],
              "inflate": 0
            }
          ],
          "parent": "Rightarm"
        },
        {
          "name": "bone2",
          "pivot": [
            -13,
            6,
            0
          ],
          "cubes": [
            {
              "origin": [
                -17.0,
                5.0,
                -1.0
              ],
              "size": [
                4.0,
                2.0,
                2.0
              ],
              "uv": [
                10,
                42
              ],
              "inflate": 0
            }
          ],
          "parent": "bone"
        },
        {
          "name": "bone3",
          "pivot": [
            -17,
            6,
            0
          ],
          "cubes": [
            {
              "origin": [
                -21.16,
                4.92,
                -1.62
              ],
              "size": [
                4.32,
                2.16,
                3.24
              ],
              "uv": [
                11,
                37
              ],
              "inflate": 0
            }
          ],
          "parent": "bone2"
        },
        {
          "name": "Leftarm",
          "pivot": [
            5,
            6,
            0
          ],
          "cubes": [
            {
              "origin": [
                5.0,
                5.0,
                -1.0
              ],
              "size": [
                4.0,
                2.0,
                2.0
              ],
              "uv": [
                40,
                9
              ],
              "inflate": 0
            }
          ],
          "parent": "Body"
        },
        {
          "name": "bone4",
          "pivot": [
            9,
            6,
            0
          ],
          "cubes": [
            {
              "origin": [
                9.0,
                5.0,
                -1.0
              ],
              "size": [
                4.0,
                2.0,
                2.0
              ],
              "uv": [
                0,
                40
              ],
              "inflate": 0
            }
          ],
          "parent": "Leftarm"
        },
        {
          "name": "bone5",
          "pivot": [
            13,
            6,
            0
          ],
          "cubes": [
            {
              "origin": [
                13.0,
                5.0,
                -1.0
              ],
              "size": [
                4.0,
                2.0,
                2.0
              ],
              "uv": [
                38,
                28
              ],
              "inflate": 0
            }
          ],
          "parent": "bone4"
        },
        {
          "name": "bone6",
          "pivot": [
            17,
            6,
            0
          ],
          "cubes": [
            {
              "origin": [
                16.84,
                4.92,
                -1.62
              ],
              "size": [
                4.32,
                2.16,
                3.24
              ],
              "uv": [
                0,
                35
              ],
              "inflate": 0
            }
          ],
          "parent": "bone5"
        }
      ]
    }
  ]
}