{
  "format_version": "1.12.0",
  "minecraft:geometry": [
    {
      "description": {
        "identifier": "geometry.yg_lime",
        "texture_width": 64,
        "texture_height": 64,
        "visible_bounds_width": 2,
        "visible_bounds_height": 3.5,
        "visible_bounds_offset": [
          0,
          1.25,
          0
        ]
      },
      "bones": [
        {
          "name": "Root"
        },
        {
          "name": "Body",
          "pivot": [
            0,
            14.5,
            0
          ],
          "cubes": [
            {
              "origin": [
                -4.0,
                15.0,
                -4.0
              ],
              "size": [
                8.0,
                13.0,
                8.0
              ],
              "uv": [
                0,
                25
              ],
              "inflate": 0
            }
          ],
          "parent": "Root"
        },
        {
          "name": "Head",
          "pivot": [
            0,
            28,
            0
          ],
          "cubes": [
            {
              "origin": [
                -4.5,
                28.0,
                -8.0
              ],
              "size": [
                9.0,
                9.0,
                16.0
              ],
              "uv": [
                0,
                0
              ],
              "inflate": 0
            },
            {
              "origin": [
                -5.5,
                32.0,
                -4.0
              ],
              "size": [
                1.0,
                4.0,
                4.0
              ],
              "uv": [
                32,
                29
              ],
              "inflate": 0
            },
            {
              "origin": [
                4.5,
                32.0,
                -4.0
              ],
              "size": [
                1.0,
                4.0,
                4.0
              ],
              "uv": [
                24,
                25
              ],
              "inflate": 0
            }
          ],
          "parent": "Body"
        },
        {
          "name": "Rightleg",
          "pivot": [
            -2,
            15.5,
            0
          ],
          "cubes": [
            {
              "origin": [
                -3.0,
                9.0,
                -1.0
              ],
              "size": [
                2.0,
                7.0,
                2.0
              ],
              "uv": [
                40,
                35
              ],
              "inflate": 0
            }
          ],
          "parent": "Root"
        },
        {
          "name": "bone",
          "pivot": [
            -2,
            8.5,
            0
          ],
          "cubes": [
            {
              "origin": [
                -3.0,
                2.0,
                -1.0
              ],
              "size": [
                2.0,
                7.0,
                2.0
              ],
              "uv": [
                40,
                7
              ],
              "inflate": 0
            }
          ],
          "parent": "Rightleg"
        },
        {
          "name": "bone2",
          "pivot": [
            -2,
            2,
            0
          ],
          "cubes": [
            {
              "origin": [
                -3.5,
                0.0,
                -4.0
              ],
              "size": [
                3.0,
                2.0,
                5.0
              ],
              "uv": [
                0,
                7
              ],
              "inflate": 0
            }
          ],
          "parent": "bone"
        },
        {
          "name": "Leftleg",
          "pivot": [
            2,
            15.5,
            0
          ],
          "cubes": [
            {
              "origin": [
                1.0,
                9.0,
                -1.0
              ],
              "size": [
                2.0,
                7.0,
                2.0
              ],
              "uv": [
                32,
                37
              ],
              "inflate": 0
            }
          ],
          "parent": "Root"
        },
        {
          "name": "bone3",
          "pivot": [
            2,
            8.5,
            0
          ],
          "cubes": [
            {
              "origin": [
                1.0,
                2.0,
                -1.0
              ],
              "size": [
                2.0,
                7.0,
                2.0
              ],
              "uv": [
                34,
                0
              ],
              "inflate": 0
            }
          ],
          "parent": "Leftleg"
        },
        {
          "name": "bone4",
          "pivot": [
            2,
            2,
            0
          ],
          "cubes": [
            {
              "origin": [
                0.5,
                0.0,
                -4.0
              ],
              "size": [
                3.0,
                2.0,
                5.0
              ],
              "uv": [
                0,
                0
              ],
              "inflate": 0
            }
          ],
          "parent": "bone3"
        }
      ]
    }
  ]
}