{
  "format_version": "1.12.0",
  "minecraft:geometry": [
    {
      "description": {
        "identifier": "geometry.yg_pink",
        "texture_width": 128,
        "texture_height": 128,
        "visible_bounds_width": 3,
        "visible_bounds_height": 4.5,
        "visible_bounds_offset": [
          0,
          1.75,
          0
        ]
      },
      "bones": [
        {
          "name": "Root"
        },
        {
          "name": "Body",
          "pivot": [
            0,
            17.85263,
            0.00137
          ],
          "cubes": [
            {
              "origin": [
                -3.0,
                16.0,
                -3.0
              ],
              "size": [
                6.0,
                31.0,
                6.0
              ],
              "uv": [
                0,
                0
              ],
              "inflate": 0
            },
            {
              "origin": [
                -3.0,
                43.0,
                -5.0
              ],
              "size": [
                2.0,
                2.0,
                3.0
              ],
              "pivot": [
                -2.0,
                44.0,
                -2.5
              ],
              "rotation": [
                -19.18246,
                23.7695,
                0.0
              ],
              "uv": [
                0,
                45
              ],
              "inflate": 0
            },
            {
              "origin": [
                1.0,
                43.0,
                -5.0
              ],
              "size": [
                2.0,
                2.0,
                3.0
              ],
              "pivot": [
                2.0,
                44.0,
                -2.5
              ],
              "rotation": [
                -19.18246,
                -23.7695,
                0.0
              ],
              "uv": [
                18,
                0
              ],
              "inflate": 0
            },
            {
              "origin": [
                -3.91035,
                43.86143,
                -6.05161
              ],
              "size": [
                2.04,
                2.04,
                2.04
              ],
              "pivot": [
                -2.89035,
                44.88143,
                -4.52161
              ],
              "rotation": [
                -51.68246,
                23.7695,
                0.0
              ],
              "uv": [
                46,
                10
              ],
              "inflate": 0
            },
            {
              "origin": [
                1.87035,
                43.86143,
                -6.05161
              ],
              "size": [
                2.04,
                2.04,
                2.04
              ],
              "pivot": [
                2.89035,
                44.88143,
                -4.52161
              ],
              "rotation": [
                -51.68246,
                -23.7695,
                0.0
              ],
              "uv": [
                32,
                42
              ],
              "inflate": 0
            },
            {
              "origin": [
                -4.82569,
                45.1413,
                -9.92108
              ],
              "size": [
                3.06,
                2.04,
                5.1
              ],
              "pivot": [
                -3.24579,
                46.1613,
                -5.33108
              ],
              "rotation": [
                -74.18246,
                23.7695,
                0.0
              ],
              "uv": [
                36,
                44
              ],
              "inflate": 0
            },
            {
              "origin": [
                1.76569,
                45.1413,
                -9.92108
              ],
              "size": [
                3.06,
                2.04,
                5.1
              ],
              "pivot": [
                3.24579,
                46.1613,
                -5.33108
              ],
              "rotation": [
                -74.18246,
                -23.7695,
                0.0
              ],
              "uv": [
                41,
                37
              ],
              "inflate": 0
            }
          ],
          "parent": "Root"
        },
        {
          "name": "Mouth",
          "pivot": [
            0,
            35,
            0
          ],
          "cubes": [
            {
              "origin": [
                -7.84,
                32.76,
                -3.36
              ],
              "size": [
                15.68,
                4.48,
                6.72
              ],
              "uv": [
                24,
                0
              ],
              "inflate": 0
            }
          ],
          "parent": "Body"
        },
        {
          "name": "Rightleg",
          "pivot": [
            -2.11209,
            17.3728,
            0
          ],
          "cubes": [
            {
              "origin": [
                -10.0,
                16.0,
                -2.0
              ],
              "size": [
                9.0,
                4.0,
                4.0
              ],
              "pivot": [
                -2.0,
                18.0,
                0.0
              ],
              "rotation": [
                0.0,
                0.0,
                -40.0
              ],
              "uv": [
                20,
                34
              ],
              "inflate": 0
            },
            {
              "origin": [
                -12.7409,
                10.90622,
                -2.0
              ],
              "size": [
                6.0,
                4.0,
                4.0
              ],
              "pivot": [
                -7.7409,
                12.90622,
                0.0
              ],
              "rotation": [
                0.0,
                0.0,
                -75.0
              ],
              "uv": [
                16,
                42
              ],
              "inflate": 0
            },
            {
              "origin": [
                -16.85343,
                5.86384,
                -2.0
              ],
              "size": [
                9.0,
                4.0,
                4.0
              ],
              "pivot": [
                -8.85343,
                7.86384,
                0.0
              ],
              "rotation": [
                0.0,
                0.0,
                -97.5
              ],
              "uv": [
                24,
                26
              ],
              "inflate": 0
            }
          ],
          "parent": "Root"
        },
        {
          "name": "Leftleg",
          "pivot": [
            2.11209,
            17.3728,
            0
          ],
          "cubes": [
            {
              "origin": [
                1.0,
                16.0,
                -2.0
              ],
              "size": [
                9.0,
                4.0,
                4.0
              ],
              "pivot": [
                2.0,
                18.0,
                0.0
              ],
              "rotation": [
                0.0,
                0.0,
                40.0
              ],
              "uv": [
                24,
                18
              ],
              "inflate": 0
            },
            {
              "origin": [
                6.7409,
                10.90622,
                -2.0
              ],
              "size": [
                6.0,
                4.0,
                4.0
              ],
              "pivot": [
                7.7409,
                12.90622,
                0.0
              ],
              "rotation": [
                0.0,
                0.0,
                75.0
              ],
              "uv": [
                0,
                37
              ],
              "inflate": 0
            },
            {
              "origin": [
                7.85343,
                5.86384,
                -2.0
              ],
              "size": [
                9.0,
                4.0,
                4.0
              ],
              "pivot": [
                8.85343,
                7.86384,
                0.0
              ],
              "rotation": [
                0.0,
                0.0,
                97.5
              ],
              "uv": [
                24,
                10
              ],
              "inflate": 0
            }
          ],
          "parent": "Root"
        }
      ]
    }
  ]
}