{
  "format_version": "1.12.0",
  "minecraft:geometry": [
    {
      "description": {
        "identifier": "geometry.yg_teal",
        "texture_width": 64,
        "texture_height": 64,
        "visible_bounds_width": 2,
        "visible_bounds_height": 4.5,
        "visible_bounds_offset": [
          0,
          1.75,
          0
        ]
      },
      "bones": [
        {
          "name": "Root"
        },
        {
          "name": "Body",
          "pivot": [
            0,
            22.16667,
            -3.55556
          ],
          "cubes": [
            {
              "origin": [
                -1.0,
                32.0,
                -1.0
              ],
              "size": [
                2.0,
                7.0,
                2.0
              ],
              "uv": [
                55,
                12
              ],
              "inflate": 0
            },
            {
              "origin": [
                -4.5,
                22.0,
                -4.5
              ],
              "size": [
                9.0,
                13.0,
                9.0
              ],
              "uv": [
                0,
                0
              ],
              "inflate": 0
            },
            {
              "origin": [
                -0.5,
                33.0,
                -5.5
              ],
              "size": [
                1.0,
                1.0,
                1.0
              ],
              "uv": [
                27,
                0
              ],
              "inflate": 0
            },
            {
              "origin": [
                0.5,
                33.0,
                -5.0
              ],
              "size": [
                2.0,
                1.0,
                1.0
              ],
              "uv": [
                39,
                0
              ],
              "inflate": 0
            },
            {
              "origin": [
                0.25,
                33.93301,
                -5.0
              ],
              "size": [
                2.0,
                1.0,
                1.0
              ],
              "pivot": [
                2.25,
                34.43301,
                -4.5
              ],
              "rotation": [
                0.0,
                0.0,
                -30.0
              ],
              "uv": [
                12,
                38
              ],
              "inflate": 0
            },
            {
              "origin": [
                -2.25,
                33.93301,
                -5.0
              ],
              "size": [
                2.0,
                1.0,
                1.0
              ],
              "pivot": [
                -2.25,
                34.43301,
                -4.5
              ],
              "rotation": [
                0.0,
                0.0,
                30.0
              ],
              "uv": [
                36,
                8
              ],
              "inflate": 0
            },
            {
              "origin": [
                0.25,
                32.06699,
                -5.0
              ],
              "size": [
                2.0,
                1.0,
                1.0
              ],
              "pivot": [
                2.25,
                32.56699,
                -4.5
              ],
              "rotation": [
                0.0,
                0.0,
                30.0
              ],
              "uv": [
                36,
                10
              ],
              "inflate": 0
            },
            {
              "origin": [
                -2.25,
                32.06699,
                -5.0
              ],
              "size": [
                2.0,
                1.0,
                1.0
              ],
              "pivot": [
                -2.25,
                32.56699,
                -4.5
              ],
              "rotation": [
                0.0,
                0.0,
                -30.0
              ],
              "uv": [
                0,
                27
              ],
              "inflate": 0
            },
            {
              "origin": [
                -2.5,
                33.0,
                -5.0
              ],
              "size": [
                2.0,
                1.0,
                1.0
              ],
              "uv": [
                22,
                38
              ],
              "inflate": 0
            }
          ],
          "parent": "Root"
        },
        {
          "name": "Head",
          "pivot": [
            0,
            37,
            0
          ],
          "cubes": [
            {
              "origin": [
                -5.0,
                37.0,
                -4.0
              ],
              "size": [
                10.0,
                8.0,
                8.0
              ],
              "uv": [
                0,
                22
              ],
              "inflate": 0
            },
            {
              "origin": [
                1.0,
                40.0,
                -4.5
              ],
              "size": [
                3.0,
                3.0,
                1.0
              ],
              "uv": [
                8,
                46
              ],
              "inflate": 0
            },
            {
              "origin": [
                -4.0,
                40.0,
                -4.5
              ],
              "size": [
                3.0,
                3.0,
                1.0
              ],
              "uv": [
                38,
                23
              ],
              "inflate": 0
            },
            {
              "origin": [
                -4.56,
                44.93,
                -4.56
              ],
              "size": [
                9.12,
                1.14,
                9.12
              ],
              "uv": [
                28,
                13
              ],
              "inflate": 0
            },
            {
              "origin": [
                -4.0,
                46.0,
                -4.0
              ],
              "size": [
                8.0,
                5.0,
                8.0
              ],
              "uv": [
                28,
                30
              ],
              "inflate": 0
            }
          ],
          "parent": "Body"
        },
        {
          "name": "Rightarm",
          "pivot": [
            -6,
            34.25,
            0
          ],
          "cubes": [
            {
              "origin": [
                -8.0,
                32.0,
                -2.0
              ],
              "size": [
                4.0,
                4.0,
                4.0
              ],
              "uv": [
                0,
                38
              ],
              "inflate": 0
            },
            {
              "origin": [
                -7.0,
                25.0,
                -1.0
              ],
              "size": [
                2.0,
                7.0,
                2.0
              ],
              "uv": [
                0,
                54
              ],
              "inflate": 0
            }
          ],
          "parent": "Body"
        },
        {
          "name": "bone",
          "pivot": [
            -6,
            24.5,
            0
          ],
          "cubes": [
            {
              "origin": [
                -7.0,
                16.0,
                -1.0
              ],
              "size": [
                2.0,
                9.0,
                2.0
              ],
              "uv": [
                50,
                49
              ],
              "inflate": 0
            }
          ],
          "parent": "Rightarm"
        },
        {
          "name": "bone2",
          "pivot": [
            -5.8731,
            16.30413,
            0
          ],
          "cubes": [
            {
              "origin": [
                -7.0,
                12.0,
                -2.0
              ],
              "size": [
                2.0,
                4.0,
                4.0
              ],
              "uv": [
                0,
                46
              ],
              "inflate": 0
            },
            {
              "origin": [
                -7.0,
                12.7185,
                -3.27611
              ],
              "size": [
                2.0,
                3.0,
                2.0
              ],
              "pivot": [
                -6.0,
                14.2185,
                -2.27611
              ],
              "rotation": [
                -42.5,
                0.0,
                0.0
              ],
              "uv": [
                52,
                31
              ],
              "inflate": 0
            },
            {
              "origin": [
                -6.61931,
                10.69391,
                -2.0
              ],
              "size": [
                2.0,
                2.0,
                4.0
              ],
              "pivot": [
                -5.61931,
                11.69391,
                0.0
              ],
              "rotation": [
                0.0,
                0.0,
                -32.5
              ],
              "uv": [
                52,
                25
              ],
              "inflate": 0
            }
          ],
          "parent": "bone"
        },
        {
          "name": "Leftarm",
          "pivot": [
            6,
            33.25,
            0
          ],
          "cubes": [
            {
              "origin": [
                4.0,
                32.0,
                -2.0
              ],
              "size": [
                4.0,
                4.0,
                4.0
              ],
              "uv": [
                27,
                0
              ],
              "inflate": 0
            },
            {
              "origin": [
                5.0,
                25.0,
                -1.0
              ],
              "size": [
                2.0,
                7.0,
                2.0
              ],
              "uv": [
                0,
                0
              ],
              "inflate": 0
            }
          ],
          "parent": "Body"
        },
        {
          "name": "bone3",
          "pivot": [
            6,
            24.5,
            0
          ],
          "cubes": [
            {
              "origin": [
                5.0,
                16.0,
                -1.0
              ],
              "size": [
                2.0,
                9.0,
                2.0
              ],
              "uv": [
                12,
                50
              ],
              "inflate": 0
            }
          ],
          "parent": "Leftarm"
        },
        {
          "name": "bone4",
          "pivot": [
            5.8731,
            16.30413,
            0
          ],
          "cubes": [
            {
              "origin": [
                5.0,
                12.0,
                -2.0
              ],
              "size": [
                2.0,
                4.0,
                4.0
              ],
              "uv": [
                40,
                43
              ],
              "inflate": 0
            },
            {
              "origin": [
                5.0,
                12.71849,
                -3.27611
              ],
              "size": [
                2.0,
                3.0,
                2.0
              ],
              "pivot": [
                6.0,
                14.21849,
                -2.27611
              ],
              "rotation": [
                -42.5,
                0.0,
                0.0
              ],
              "uv": [
                0,
                22
              ],
              "inflate": 0
            },
            {
              "origin": [
                4.61931,
                10.69391,
                -2.0
              ],
              "size": [
                2.0,
                2.0,
                4.0
              ],
              "pivot": [
                5.61931,
                11.69391,
                0.0
              ],
              "rotation": [
                0.0,
                0.0,
                32.5
              ],
              "uv": [
                36,
                51
              ],
              "inflate": 0
            }
          ],
          "parent": "bone3"
        },
        {
          "name": "Rightleg",
          "pivot": [
            -2,
            22,
            0
          ],
          "cubes": [
            {
              "origin": [
                -3.0,
                12.0,
                -1.0
              ],
              "size": [
                2.0,
                10.0,
                2.0
              ],
              "uv": [
                32,
                43
              ],
              "inflate": 0
            }
          ],
          "parent": "Root"
        },
        {
          "name": "bone5",
          "pivot": [
            -2,
            12,
            0
          ],
          "cubes": [
            {
              "origin": [
                -3.0,
                2.0,
                -1.0
              ],
              "size": [
                2.0,
                10.0,
                2.0
              ],
              "uv": [
                24,
                43
              ],
              "inflate": 0
            }
          ],
          "parent": "Rightleg"
        },
        {
          "name": "bone6",
          "pivot": [
            -2,
            2.25,
            0
          ],
          "cubes": [
            {
              "origin": [
                -3.5,
                0.0,
                -3.0
              ],
              "size": [
                3.0,
                2.0,
                4.0
              ],
              "uv": [
                42,
                23
              ],
              "inflate": 0
            },
            {
              "origin": [
                -3.5,
                0.0,
                -6.0
              ],
              "size": [
                3.0,
                3.0,
                3.0
              ],
              "uv": [
                51,
                6
              ],
              "inflate": 0
            }
          ],
          "parent": "bone5"
        },
        {
          "name": "Leftleg",
          "pivot": [
            2,
            22,
            0
          ],
          "cubes": [
            {
              "origin": [
                1.0,
                12.0,
                -1.0
              ],
              "size": [
                2.0,
                10.0,
                2.0
              ],
              "uv": [
                43,
                0
              ],
              "inflate": 0
            }
          ],
          "parent": "Root"
        },
        {
          "name": "bone7",
          "pivot": [
            2,
            12,
            0
          ],
          "cubes": [
            {
              "origin": [
                1.0,
                2.0,
                -1.0
              ],
              "size": [
                2.0,
                10.0,
                2.0
              ],
              "uv": [
                16,
                38
              ],
              "inflate": 0
            }
          ],
          "parent": "Leftleg"
        },
        {
          "name": "bone8",
          "pivot": [
            2,
            2.25,
            0
          ],
          "cubes": [
            {
              "origin": [
                0.5,
                0.0,
                -3.0
              ],
              "size": [
                3.0,
                2.0,
                4.0
              ],
              "uv": [
                28,
                23
              ],
              "inflate": 0
            },
            {
              "origin": [
                0.5,
                0.0,
                -6.0
              ],
              "size": [
                3.0,
                3.0,
                3.0
              ],
              "uv": [
                51,
                0
              ],
              "inflate": 0
            }
          ],
          "parent": "bone7"
        }
      ]
    }
  ]
}