{
  "format_version": "1.12.0",
  "minecraft:geometry": [
    {
      "description": {
        "identifier": "geometry.yg_white",
        "texture_width": 64,
        "texture_height": 64,
        "visible_bounds_width": 3,
        "visible_bounds_height": 4.5,
        "visible_bounds_offset": [
          0,
          1.75,
          0
        ]
      },
      "bones": [
        {
          "name": "Root"
        },
        {
          "name": "Body",
          "pivot": [
            0,
            26.25,
            0
          ],
          "cubes": [
            {
              "origin": [
                -2.0,
                44.0,
                -2.0
              ],
              "size": [
                4.0,
                3.0,
                4.0
              ],
              "uv": [
                30,
                0
              ],
              "inflate": 0
            },
            {
              "origin": [
                -4.0,
                39.0,
                -4.0
              ],
              "size": [
                8.0,
                6.0,
                8.0
              ],
              "uv": [
                0,
                20
              ],
              "inflate": 0
            },
            {
              "origin": [
                -4.0,
                26.0,
                -4.0
              ],
              "size": [
                8.0,
                3.0,
                8.0
              ],
              "uv": [
                24,
                26
              ],
              "inflate": 0
            },
            {
              "origin": [
                -3.0,
                29.0,
                -3.0
              ],
              "size": [
                6.0,
                10.0,
                6.0
              ],
              "uv": [
                0,
                34
              ],
              "inflate": 0
            }
          ],
          "parent": "Root"
        },
        {
          "name": "Head",
          "pivot": [
            0,
            46,
            0
          ],
          "cubes": [
            {
              "origin": [
                -5.0,
                46.0,
                -5.0
              ],
              "size": [
                10.0,
                10.0,
                10.0
              ],
              "uv": [
                0,
                0
              ],
              "inflate": 0
            },
            {
              "origin": [
                -4.5,
                49.0,
                -6.0
              ],
              "size": [
                4.0,
                5.0,
                1.0
              ],
              "uv": [
                24,
                20
              ],
              "inflate": 0
            },
            {
              "origin": [
                0.5,
                49.0,
                -6.0
              ],
              "size": [
                4.0,
                5.0,
                1.0
              ],
              "uv": [
                0,
                0
              ],
              "inflate": 0
            }
          ],
          "parent": "Body"
        },
        {
          "name": "Rightarm",
          "pivot": [
            -5.5,
            42.5,
            0
          ],
          "cubes": [
            {
              "origin": [
                -7.0,
                31.0,
                -2.0
              ],
              "size": [
                3.0,
                13.0,
                4.0
              ],
              "uv": [
                24,
                37
              ],
              "inflate": 0
            }
          ],
          "parent": "Body"
        },
        {
          "name": "bone",
          "pivot": [
            -5.5,
            30.5,
            0
          ],
          "cubes": [
            {
              "origin": [
                -7.0,
                18.0,
                -2.0
              ],
              "size": [
                3.0,
                13.0,
                4.0
              ],
              "uv": [
                24,
                37
              ],
              "inflate": 0
            }
          ],
          "parent": "Rightarm"
        },
        {
          "name": "Leftarm",
          "pivot": [
            5.5,
            42.5,
            0
          ],
          "cubes": [
            {
              "origin": [
                4.0,
                31.0,
                -2.0
              ],
              "size": [
                3.0,
                13.0,
                4.0
              ],
              "uv": [
                24,
                37
              ],
              "inflate": 0
            }
          ],
          "parent": "Body"
        },
        {
          "name": "bone2",
          "pivot": [
            5.5,
            30.5,
            0
          ],
          "cubes": [
            {
              "origin": [
                4.0,
                18.0,
                -2.0
              ],
              "size": [
                3.0,
                13.0,
                4.0
              ],
              "uv": [
                24,
                37
              ],
              "inflate": 0
            }
          ],
          "parent": "Leftarm"
        },
        {
          "name": "Rightleg",
          "pivot": [
            -2.5,
            25.5,
            0
          ],
          "cubes": [
            {
              "origin": [
                -4.0,
                13.0,
                -2.0
              ],
              "size": [
                3.0,
                13.0,
                4.0
              ],
              "uv": [
                24,
                37
              ],
              "inflate": 0
            }
          ],
          "parent": "Root"
        },
        {
          "name": "bone4",
          "pivot": [
            -2.5,
            12.5,
            0
          ],
          "cubes": [
            {
              "origin": [
                -4.0,
                0.0,
                -2.0
              ],
              "size": [
                3.0,
                13.0,
                4.0
              ],
              "uv": [
                24,
                37
              ],
              "inflate": 0
            }
          ],
          "parent": "Rightleg"
        },
        {
          "name": "Leftleg",
          "pivot": [
            2.5,
            25.5,
            0
          ],
          "cubes": [
            {
              "origin": [
                1.0,
                13.0,
                -2.0
              ],
              "size": [
                3.0,
                13.0,
                4.0
              ],
              "uv": [
                24,
                37
              ],
              "inflate": 0
            }
          ],
          "parent": "Root"
        },
        {
          "name": "bone3",
          "pivot": [
            2.5,
            12.5,
            0
          ],
          "cubes": [
            {
              "origin": [
                1.0,
                0.0,
                -2.0
              ],
              "size": [
                3.0,
                13.0,
                4.0
              ],
              "uv": [
                24,
                37
              ],
              "inflate": 0
            }
          ],
          "parent": "Leftleg"
        }
      ]
    }
  ]
}