{"format_version":"1.10.0","animation_controllers":{"controller.animation.green_jumpscare":{"initial_state":"default","states":{"add":{"transitions":[{"default":"1.0"}],"on_entry":["/scoreboard objectives add uwu dummy","/effect @e[r=2,type=!yg:green] blindness 2 1 true","/scoreboard players add @e[r=3,type=!yg:green] uwu 1","/execute @e[scores={uwu=8..1000}] ~ ~ ~event entity @e[type=yg:green,r=5] yg:jumpscare_stop","/execute @e[scores={uwu=8..1000}] ~ ~ ~tag @e[type=yg:green,r=5] remove uwu","/kill @e[scores={uwu=8..1000}]","/scoreboard players set @a[scores={uwu=8..1000}] uwu 0"]},"attack":{"on_entry":["/tag @s add uwu","/execute @s ~ ~ ~ ride @e[r=3,type=!yg:green] start_riding @s","/execute @s ~ ~ ~ effect @e[r=2,type=!yg:green] blindness 2 1 true","/effect @s slowness 2 255 true","/camerashake add @s 4 1"],"transitions":[{"default":"1.0"}]},"default":{"transitions":[{"attack":"variable.attack_time > 0 && !query.is_stunned"},{"add":"query.has_rider && !query.is_stunned"}]}}},"controller.animation.orange_jumpscare":{"initial_state":"default","states":{"add":{"transitions":[{"default":"1.0"}],"on_entry":["/scoreboard objectives add wala dummy","/effect @e[r=2,type=!yg:orange] blindness 2 1 true","/scoreboard players add @e[r=3,type=!yg:orange] wala 1","/execute @e[scores={wala=8..1000}] ~ ~ ~event entity @e[type=yg:orange,r=5] yg:jumpscare_stop","/execute @e[scores={wala=8..1000}] ~ ~ ~tag @e[type=yg:orange,r=5] remove wala","/kill @e[scores={wala=8..1000}]","/scoreboard players set @a[scores={wala=8..1000}] wala 0"]},"attack":{"on_entry":["/tag @s add wala","/execute @s ~ ~ ~ ride @e[r=3,type=!yg:orange] start_riding @s","/execute @s ~ ~ ~ effect @e[r=2,type=!yg:orange] blindness 2 1 true","/effect @s slowness 2 255 true","/camerashake add @s 4 1"],"transitions":[{"default":"1.0"}]},"default":{"transitions":[{"attack":"variable.attack_time > 0 && !query.is_stunned"},{"add":"query.has_rider && !query.is_stunned"}]}}},"controller.animation.blue_jumpscare":{"initial_state":"default","states":{"add":{"transitions":[{"default":"1.0"}],"on_entry":["/scoreboard objectives add hmm dummy","/effect @e[r=2,type=!yg:blue] blindness 2 1 true","/scoreboard players add @e[r=3,type=!yg:blue] hmm 1","/execute @e[scores={hmm=8..1000}] ~ ~ ~event entity @e[type=yg:blue,r=5] yg:jumpscare_stop","/execute @e[scores={hmm=8..1000}] ~ ~ ~tag @e[type=yg:blue,r=5] remove hmm","/kill @e[scores={hmm=8..1000}]","/scoreboard players set @a[scores={hmm=8..1000}] hmm 0"]},"attack":{"on_entry":["/tag @s add hmm","/execute @s ~ ~ ~ ride @e[r=3,type=!yg:blue] start_riding @s","/execute @s ~ ~ ~ effect @e[r=2,type=!yg:blue] blindness 2 1 true","/effect @s slowness 2 255 true","/camerashake add @s 4 1"],"transitions":[{"default":"1.0"}]},"default":{"transitions":[{"attack":"variable.attack_time > 0 && !query.is_stunned"},{"add":"query.has_rider && !query.is_stunned"}]}}},"controller.animation.purplefm_jumpscare":{"initial_state":"default","states":{"add":{"transitions":[{"default":"1.0"}],"on_entry":["/scoreboard objectives add ube dummy","/effect @e[r=2,type=!yg:purplefm] blindness 2 1 true","/scoreboard players add @e[r=3,type=!yg:purplefm] ube 1","/execute @e[scores={ube=8..1000}] ~ ~ ~event entity @e[type=yg:purplefm,r=5] yg:jumpscare_stop","/execute @e[scores={ube=8..1000}] ~ ~ ~tag @e[type=yg:purplefm,r=5] remove ube","/kill @e[scores={ube=8..1000}]","/scoreboard players set @a[scores={ube=8..1000}] ube 0"]},"attack":{"on_entry":["/tag @s add ube","/execute @s ~ ~ ~ ride @e[r=3,type=!yg:purplefm] start_riding @s","/execute @s ~ ~ ~ effect @e[r=2,type=!yg:purplefm] blindness 2 1 true","/effect @s slowness 2 255 true","/camerashake add @s 4 1"],"transitions":[{"default":"1.0"}]},"default":{"transitions":[{"attack":"variable.attack_time > 0 && !query.is_stunned"},{"add":"query.has_rider && !query.is_stunned"}]}}},"controller.animation.purple_jumpscare":{"initial_state":"default","states":{"add":{"transitions":[{"default":"1.0"}],"on_entry":["/scoreboard objectives add tatlo dummy","/effect @e[r=2,type=!yg:purple] blindness 2 1 true","/scoreboard players add @e[r=3,type=!yg:purple] tatlo 1","/execute @e[scores={tatlo=8..1000}] ~ ~ ~event entity @e[type=yg:purple,r=5] yg:jumpscare_stop","/execute @e[scores={tatlo=8..1000}] ~ ~ ~tag @e[type=yg:purple,r=5] remove tatlo","/kill @e[scores={tatlo=8..1000}]","/scoreboard players set @a[scores={tatlo=8..1000}] tatlo 0"]},"attack":{"on_entry":["/tag @s add tatlo","/execute @s ~ ~ ~ ride @e[r=3,type=!yg:purple] start_riding @s","/execute @s ~ ~ ~ effect @e[r=2,type=!yg:purple] blindness 2 1 true","/effect @s slowness 2 255 true","/camerashake add @s 4 1"],"transitions":[{"default":"1.0"}]},"default":{"transitions":[{"attack":"variable.attack_time > 0 && !query.is_stunned"},{"add":"query.has_rider && !query.is_stunned"}]}}},"controller.animation.yellow_jumpscare":{"initial_state":"default","states":{"add":{"transitions":[{"default":"1.0"}],"on_entry":["/scoreboard objectives add dilaw dummy","/effect @e[r=2,type=!yg:yellow] blindness 2 1 true","/scoreboard players add @e[r=3,type=!yg:yellow] dilaw 1","/execute @e[scores={dilaw=8..1000}] ~ ~ ~event entity @e[type=yg:yellow,r=5] yg:jumpscare_stop","/execute @e[scores={dilaw=8..1000}] ~ ~ ~tag @e[type=yg:yellow,r=5] remove dilaw","/kill @e[scores={dilaw=8..1000}]","/scoreboard players set @a[scores={dilaw=8..1000}] dilaw 0"]},"attack":{"on_entry":["/tag @s add dilaw","/execute @s ~ ~ ~ ride @e[r=3,type=!yg:yellow] start_riding @s","/execute @s ~ ~ ~ effect @e[r=2,type=!yg:yellow] blindness 2 1 true","/effect @s slowness 2 255 true","/camerashake add @s 4 1"],"transitions":[{"default":"1.0"}]},"default":{"transitions":[{"attack":"variable.attack_time > 0 && !query.is_stunned"},{"add":"query.has_rider && !query.is_stunned"}]}}},"controller.animation.pink_jumpscare":{"initial_state":"default","states":{"add":{"transitions":[{"default":"1.0"}],"on_entry":["/scoreboard objectives add arat dummy","/effect @e[r=2,type=!yg:pink] blindness 2 1 true","/scoreboard players add @e[r=3,type=!yg:pink] arat 1","/execute @e[scores={arat=8..1000}] ~ ~ ~event entity @e[type=yg:pink,r=5] yg:jumpscare_stop","/execute @e[scores={arat=8..1000}] ~ ~ ~tag @e[type=yg:pink,r=5] remove arat","/kill @e[scores={arat=8..1000}]","/scoreboard players set @a[scores={arat=8..1000}] arat 0"]},"attack":{"on_entry":["/tag @s add arat","/execute @s ~ ~ ~ ride @e[r=3,type=!yg:pink] start_riding @s","/execute @s ~ ~ ~ effect @e[r=2,type=!yg:pink] blindness 2 1 true","/effect @s slowness 2 255 true","/camerashake add @s 4 1"],"transitions":[{"default":"1.0"}]},"default":{"transitions":[{"attack":"variable.attack_time > 0 && !query.is_stunned"},{"add":"query.has_rider && !query.is_stunned"}]}}},"controller.animation.teal_jumpscare":{"initial_state":"default","states":{"add":{"transitions":[{"default":"1.0"}],"on_entry":["/scoreboard objectives add sana dummy","/effect @e[r=2,type=!yg:teal] blindness 2 1 true","/scoreboard players add @e[r=3,type=!yg:teal] sana 1","/execute @e[scores={sana=8..1000}] ~ ~ ~event entity @e[type=yg:teal,r=5] yg:jumpscare_stop","/execute @e[scores={sana=8..1000}] ~ ~ ~tag @e[type=yg:teal,r=5] remove sana","/kill @e[scores={sana=8..1000}]","/scoreboard players set @a[scores={sana=8..1000}] sana 0"]},"attack":{"on_entry":["/tag @s add sana","/execute @s ~ ~ ~ ride @e[r=3,type=!yg:teal] start_riding @s","/execute @s ~ ~ ~ effect @e[r=2,type=!yg:teal] blindness 2 1 true","/effect @s slowness 2 255 true","/camerashake add @s 4 1"],"transitions":[{"default":"1.0"}]},"default":{"transitions":[{"attack":"variable.attack_time > 0 && !query.is_stunned"},{"add":"query.has_rider && !query.is_stunned"}]}}},"controller.animation.brown_jumpscare":{"initial_state":"default","states":{"add":{"transitions":[{"default":"1.0"}],"on_entry":["/scoreboard objectives add oof dummy","/effect @e[r=2,type=!yg:brown] blindness 2 1 true","/scoreboard players add @e[r=3,type=!yg:brown] oof 1","/execute @e[scores={oof=8..1000}] ~ ~ ~event entity @e[type=yg:brown,r=5] yg:jumpscare_stop","/execute @e[scores={oof=8..1000}] ~ ~ ~tag @e[type=yg:brown,r=5] remove oof","/kill @e[scores={oof=8..1000}]","/scoreboard players set @a[scores={oof=8..1000}] oof 0"]},"attack":{"on_entry":["/tag @s add oof","/execute @s ~ ~ ~ ride @e[r=3,type=!yg:brown] start_riding @s","/execute @s ~ ~ ~ effect @e[r=2,type=!yg:brown] blindness 2 1 true","/effect @s slowness 2 255 true","/camerashake add @s 4 1"],"transitions":[{"default":"1.0"}]},"default":{"transitions":[{"attack":"variable.attack_time > 0 && !query.is_stunned"},{"add":"query.has_rider && !query.is_stunned"}]}}},"controller.animation.lime_jumpscare":{"initial_state":"default","states":{"add":{"transitions":[{"default":"1.0"}],"on_entry":["/scoreboard objectives add sus dummy","/effect @e[r=2,type=!yg:lime] blindness 2 1 true","/scoreboard players add @e[r=3,type=!yg:lime] sus 1","/execute @e[scores={sus=8..1000}] ~ ~ ~event entity @e[type=yg:lime,r=5] yg:jumpscare_stop","/execute @e[scores={sus=8..1000}] ~ ~ ~tag @e[type=yg:lime,r=5] remove sus","/kill @e[scores={sus=8..1000}]","/scoreboard players set @a[scores={sus=8..1000}] sus 0"]},"attack":{"on_entry":["/tag @s add sus","/execute @s ~ ~ ~ ride @e[r=3,type=!yg:lime] start_riding @s","/execute @s ~ ~ ~ effect @e[r=2,type=!yg:lime] blindness 2 1 true","/effect @s slowness 2 255 true","/camerashake add @s 4 1"],"transitions":[{"default":"1.0"}]},"default":{"transitions":[{"attack":"variable.attack_time > 0 && !query.is_stunned"},{"add":"query.has_rider && !query.is_stunned"}]}}},"controller.animation.indigo_jumpscare":{"initial_state":"default","states":{"add":{"transitions":[{"default":"1.0"}],"on_entry":["/scoreboard objectives add ulam dummy","/effect @e[r=2,type=!yg:indigo] blindness 2 1 true","/scoreboard players add @e[r=3,type=!yg:indigo] ulam 1","/execute @e[scores={ulam=8..1000}] ~ ~ ~event entity @e[type=yg:indigo,r=5] yg:jumpscare_stop","/execute @e[scores={ulam=8..1000}] ~ ~ ~tag @e[type=yg:indigo,r=5] remove ulam","/kill @e[scores={ulam=8..1000}]","/scoreboard players set @a[scores={ulam=8..1000}] ulam 0"]},"attack":{"on_entry":["/tag @s add ulam","/execute @s ~ ~ ~ ride @e[r=3,type=!yg:indigo] start_riding @s","/execute @s ~ ~ ~ effect @e[r=2,type=!yg:indigo] blindness 2 1 true","/effect @s slowness 2 255 true","/camerashake add @s 4 1"],"transitions":[{"default":"1.0"}]},"default":{"transitions":[{"attack":"variable.attack_time > 0 && !query.is_stunned"},{"add":"query.has_rider && !query.is_stunned"}]}}},"controller.animation.black_jumpscare":{"initial_state":"default","states":{"add":{"transitions":[{"default":"1.0"}],"on_entry":["/scoreboard objectives add mamaw dummy","/effect @e[r=2,type=!yg:black] blindness 2 1 true","/scoreboard players add @e[r=3,type=!yg:black] mamaw 1","/execute @e[scores={mamaw=8..1000}] ~ ~ ~event entity @e[type=yg:black,r=5] yg:jumpscare_stop","/execute @e[scores={mamaw=8..1000}] ~ ~ ~tag @e[type=yg:black,r=5] remove mamaw","/kill @e[scores={mamaw=8..1000}]","/scoreboard players set @a[scores={mamaw=8..1000}] mamaw 0"]},"attack":{"on_entry":["/tag @s add mamaw","/execute @s ~ ~ ~ ride @e[r=3,type=!yg:black] start_riding @s","/execute @s ~ ~ ~ effect @e[r=2,type=!yg:black] blindness 2 1 true","/effect @s slowness 2 255 true","/camerashake add @s 4 1"],"transitions":[{"default":"1.0"}]},"default":{"transitions":[{"attack":"variable.attack_time > 0 && !query.is_stunned"},{"add":"query.has_rider && !query.is_stunned"}]}}},"controller.animation.white_jumpscare":{"initial_state":"default","states":{"add":{"transitions":[{"default":"1.0"}],"on_entry":["/scoreboard objectives add puto dummy","/effect @e[r=2,type=!yg:white] blindness 2 1 true","/scoreboard players add @e[r=3,type=!yg:white] puto 1","/execute @e[scores={puto=8..1000}] ~ ~ ~event entity @e[type=yg:white,r=5] yg:jumpscare_stop","/execute @e[scores={puto=8..1000}] ~ ~ ~tag @e[type=yg:white,r=5] remove puto","/kill @e[scores={puto=8..1000}]","/scoreboard players set @a[scores={puto=8..1000}] puto 0"]},"attack":{"on_entry":["/tag @s add puto","/execute @s ~ ~ ~ ride @e[r=3,type=!yg:white] start_riding @s","/execute @s ~ ~ ~ effect @e[r=2,type=!yg:white] blindness 2 1 true","/effect @s slowness 2 255 true","/camerashake add @s 4 1"],"transitions":[{"default":"1.0"}]},"default":{"transitions":[{"attack":"variable.attack_time > 0 && !query.is_stunned"},{"add":"query.has_rider && !query.is_stunned"}]}}}}}