{
  "format_version": "1.12.0",
  "minecraft:geometry": [
    {
      "description": {
        "identifier": "geometry.mr_nibbler",
        "texture_width": 128,
        "texture_height": 128,
        "visible_bounds_width": 4,
        "visible_bounds_height": 3.5,
        "visible_bounds_offset": [
          0,
          1.25,
          0
        ]
      },
      "bones": [
        {
          "name": "Root",
          "pivot": [
            0,
            4,
            0
          ]
        },
        {
          "name": "Body",
          "pivot": [
            0,
            18,
            0
          ],
          "cubes": [
            {
              "origin": [
                -5.2,
                14.0,
                -4.3
              ],
              "size": [
                10.4,
                7.0,
                8.6
              ],
              "uv": [
                0,
                0
              ],
              "inflate": 0
            }
          ],
          "parent": "Root",
          "rotation": [
            12.5,
            0,
            0
          ]
        },
        {
          "name": "bone6",
          "pivot": [
            0,
            14,
            0
          ],
          "cubes": [
            {
              "origin": [
                -4.2,
                10.0,
                -3.8
              ],
              "size": [
                8.4,
                5.0,
                7.6
              ],
              "uv": [
                23,
                23
              ],
              "inflate": 0
            }
          ],
          "parent": "Body",
          "rotation": [
            5,
            0,
            0
          ]
        },
        {
          "name": "Head",
          "pivot": [
            0,
            21,
            0
          ],
          "cubes": [
            {
              "origin": [
                -4.5,
                21.0,
                -2.0
              ],
              "size": [
                9.0,
                9.0,
                6.0
              ],
              "uv": [
                0,
                15
              ],
              "inflate": 0
            },
            {
              "origin": [
                -4.5,
                21.0,
                -4.5
              ],
              "size": [
                9.0,
                9.0,
                0.0
              ],
              "uv": [
                46,
                21
              ],
              "inflate": 0
            },
            {
              "origin": [
                -4.5,
                21.0,
                -4.0
              ],
              "size": [
                9.0,
                9.0,
                0.0
              ],
              "uv": [
                94,
                1
              ],
              "inflate": 0
            },
            {
              "origin": [
                3.5,
                21.0,
                -5.0
              ],
              "size": [
                1.0,
                9.0,
                3.0
              ],
              "uv": [
                53,
                30
              ],
              "inflate": 0
            },
            {
              "origin": [
                -4.5,
                21.0,
                -5.0
              ],
              "size": [
                1.0,
                9.0,
                3.0
              ],
              "uv": [
                50,
                0
              ],
              "inflate": 0
            },
            {
              "origin": [
                -3.5,
                21.0,
                -5.0
              ],
              "size": [
                7.0,
                1.0,
                3.0
              ],
              "uv": [
                28,
                0
              ],
              "inflate": 0
            },
            {
              "origin": [
                -3.5,
                29.0,
                -5.0
              ],
              "size": [
                7.0,
                1.0,
                3.0
              ],
              "uv": [
                28,
                4
              ],
              "inflate": 0
            }
          ],
          "parent": "Body",
          "rotation": [
            -5,
            0,
            0
          ]
        },
        {
          "name": "bone3",
          "pivot": [
            0,
            5,
            0
          ],
          "parent": "Head"
        },
        {
          "name": "bone7",
          "pivot": [
            -3.5,
            28,
            -1.5
          ],
          "cubes": [
            {
              "origin": [
                -4.0,
                28.0,
                -2.0
              ],
              "size": [
                1.0,
                4.0,
                1.0
              ],
              "uv": [
                18,
                30
              ],
              "inflate": 0
            }
          ],
          "parent": "Head",
          "rotation": [
            2.5,
            0,
            -60
          ]
        },
        {
          "name": "bone8",
          "pivot": [
            -3.5,
            32,
            -1.5
          ],
          "cubes": [
            {
              "origin": [
                -4.0,
                32.0,
                -2.0
              ],
              "size": [
                1.0,
                4.0,
                1.0
              ],
              "uv": [
                0,
                30
              ],
              "inflate": 0
            }
          ],
          "parent": "bone7",
          "rotation": [
            2.5,
            0,
            47.5
          ]
        },
        {
          "name": "bone9",
          "pivot": [
            -3.5,
            36,
            -1.5
          ],
          "cubes": [
            {
              "origin": [
                -5.0,
                36.0,
                -3.0
              ],
              "size": [
                3.0,
                3.0,
                3.0
              ],
              "uv": [
                57,
                15
              ],
              "inflate": 0
            }
          ],
          "parent": "bone8",
          "rotation": [
            0,
            0,
            20
          ]
        },
        {
          "name": "bone10",
          "pivot": [
            -3.5,
            36,
            -1.5
          ],
          "cubes": [
            {
              "origin": [
                -5.1,
                36.0,
                -3.1
              ],
              "size": [
                3.2,
                1.1,
                3.2
              ],
              "uv": [
                40,
                59
              ],
              "inflate": 0
            },
            {
              "origin": [
                -5.1,
                37.0,
                -1.1
              ],
              "size": [
                3.2,
                1.1,
                1.2
              ],
              "uv": [
                38,
                21
              ],
              "inflate": 0
            }
          ],
          "parent": "bone9"
        },
        {
          "name": "bone11",
          "pivot": [
            -3.5,
            38,
            -0.5
          ],
          "cubes": [
            {
              "origin": [
                -5.1,
                38.0,
                -3.1
              ],
              "size": [
                3.2,
                1.1,
                3.2
              ],
              "uv": [
                52,
                59
              ],
              "inflate": 0
            }
          ],
          "parent": "bone10"
        },
        {
          "name": "bone12",
          "pivot": [
            3.5,
            28,
            -1.5
          ],
          "cubes": [
            {
              "origin": [
                3.0,
                28.0,
                -2.0
              ],
              "size": [
                1.0,
                4.0,
                1.0
              ],
              "uv": [
                24,
                15
              ],
              "inflate": 0
            }
          ],
          "parent": "Head",
          "rotation": [
            2.5,
            0,
            60
          ]
        },
        {
          "name": "bone13",
          "pivot": [
            3.5,
            32,
            -1.5
          ],
          "cubes": [
            {
              "origin": [
                3.0,
                32.0,
                -2.0
              ],
              "size": [
                1.0,
                4.0,
                1.0
              ],
              "uv": [
                0,
                15
              ],
              "inflate": 0
            }
          ],
          "parent": "bone12",
          "rotation": [
            2.5,
            0,
            -47.5
          ]
        },
        {
          "name": "bone14",
          "pivot": [
            3.5,
            36,
            -1.5
          ],
          "cubes": [
            {
              "origin": [
                2.0,
                36.0,
                -3.0
              ],
              "size": [
                3.0,
                3.0,
                3.0
              ],
              "uv": [
                55,
                9
              ],
              "inflate": 0
            }
          ],
          "parent": "bone13",
          "rotation": [
            0,
            0,
            -20
          ]
        },
        {
          "name": "bone15",
          "pivot": [
            3.5,
            36,
            -1.5
          ],
          "cubes": [
            {
              "origin": [
                1.9,
                36.0,
                -3.1
              ],
              "size": [
                3.2,
                1.1,
                3.2
              ],
              "uv": [
                58,
                4
              ],
              "inflate": 0
            },
            {
              "origin": [
                1.9,
                37.0,
                -1.1
              ],
              "size": [
                3.2,
                1.1,
                1.2
              ],
              "uv": [
                30,
                21
              ],
              "inflate": 0
            }
          ],
          "parent": "bone14"
        },
        {
          "name": "bone16",
          "pivot": [
            3.5,
            38,
            -0.5
          ],
          "cubes": [
            {
              "origin": [
                1.9,
                38.0,
                -3.1
              ],
              "size": [
                3.2,
                1.1,
                3.2
              ],
              "uv": [
                58,
                0
              ],
              "inflate": 0
            }
          ],
          "parent": "bone15"
        },
        {
          "name": "LeftLeg",
          "pivot": [
            4,
            18,
            0
          ],
          "cubes": [
            {
              "origin": [
                1.3,
                7.0,
                -2.7
              ],
              "size": [
                5.4,
                11.0,
                5.4
              ],
              "uv": [
                0,
                47
              ],
              "inflate": 0
            },
            {
              "origin": [
                2.0,
                9.0,
                -3.0
              ],
              "size": [
                2.0,
                2.0,
                2.0
              ],
              "pivot": [
                4.0,
                -5.0,
                0.0
              ],
              "rotation": [
                0.0,
                5.0,
                0.0
              ],
              "uv": [
                16,
                64
              ],
              "inflate": 0
            },
            {
              "origin": [
                2.0,
                15.0,
                -3.0
              ],
              "size": [
                2.0,
                2.0,
                2.0
              ],
              "pivot": [
                4.0,
                -5.0,
                0.0
              ],
              "rotation": [
                0.0,
                2.5,
                0.0
              ],
              "uv": [
                64,
                8
              ],
              "inflate": 0
            },
            {
              "origin": [
                4.0,
                12.0,
                -3.0
              ],
              "size": [
                2.0,
                2.0,
                2.0
              ],
              "pivot": [
                4.0,
                -5.0,
                0.0
              ],
              "rotation": [
                0.0,
                -2.5,
                0.0
              ],
              "uv": [
                54,
                63
              ],
              "inflate": 0
            },
            {
              "origin": [
                2.0,
                9.0,
                1.0
              ],
              "size": [
                2.0,
                2.0,
                2.0
              ],
              "pivot": [
                4.0,
                -5.0,
                0.0
              ],
              "rotation": [
                0.0,
                10.0,
                0.0
              ],
              "uv": [
                46,
                63
              ],
              "inflate": 0
            },
            {
              "origin": [
                2.0,
                15.0,
                1.0
              ],
              "size": [
                2.0,
                2.0,
                2.0
              ],
              "pivot": [
                4.0,
                -5.0,
                0.0
              ],
              "rotation": [
                0.0,
                -2.5,
                0.0
              ],
              "uv": [
                38,
                63
              ],
              "inflate": 0
            },
            {
              "origin": [
                4.0,
                12.0,
                1.0
              ],
              "size": [
                2.0,
                2.0,
                2.0
              ],
              "pivot": [
                4.0,
                -5.0,
                0.0
              ],
              "rotation": [
                0.0,
                2.5,
                0.0
              ],
              "uv": [
                8,
                63
              ],
              "inflate": 0
            },
            {
              "origin": [
                1.0,
                12.0,
                0.0
              ],
              "size": [
                2.0,
                2.0,
                2.0
              ],
              "pivot": [
                4.0,
                -5.0,
                0.0
              ],
              "rotation": [
                0.0,
                7.5,
                0.0
              ],
              "uv": [
                0,
                63
              ],
              "inflate": 0
            },
            {
              "origin": [
                5.0,
                9.0,
                0.0
              ],
              "size": [
                2.0,
                2.0,
                2.0
              ],
              "pivot": [
                4.0,
                -5.0,
                0.0
              ],
              "rotation": [
                0.0,
                -2.5,
                0.0
              ],
              "uv": [
                62,
                61
              ],
              "inflate": 0
            },
            {
              "origin": [
                5.0,
                12.0,
                -2.0
              ],
              "size": [
                2.0,
                2.0,
                2.0
              ],
              "pivot": [
                4.0,
                -5.0,
                0.0
              ],
              "rotation": [
                0.0,
                5.0,
                0.0
              ],
              "uv": [
                61,
                38
              ],
              "inflate": 0
            },
            {
              "origin": [
                5.0,
                15.0,
                0.0
              ],
              "size": [
                2.0,
                2.0,
                2.0
              ],
              "pivot": [
                4.0,
                -5.0,
                0.0
              ],
              "rotation": [
                0.0,
                -5.0,
                0.0
              ],
              "uv": [
                61,
                34
              ],
              "inflate": 0
            },
            {
              "origin": [
                1.0,
                9.0,
                -2.0
              ],
              "size": [
                2.0,
                2.0,
                2.0
              ],
              "pivot": [
                4.0,
                -5.0,
                0.0
              ],
              "rotation": [
                0.0,
                -5.0,
                0.0
              ],
              "uv": [
                61,
                30
              ],
              "inflate": 0
            },
            {
              "origin": [
                1.0,
                15.0,
                -2.0
              ],
              "size": [
                2.0,
                2.0,
                2.0
              ],
              "pivot": [
                4.0,
                -5.0,
                0.0
              ],
              "rotation": [
                0.0,
                5.0,
                0.0
              ],
              "uv": [
                35,
                48
              ],
              "inflate": 0
            }
          ],
          "parent": "Root",
          "rotation": [
            -5,
            0,
            -70
          ]
        },
        {
          "name": "bone4",
          "pivot": [
            4,
            8,
            0
          ],
          "cubes": [
            {
              "origin": [
                0.58211,
                -2.49049,
                -3.2
              ],
              "size": [
                6.4,
                11.0,
                6.4
              ],
              "uv": [
                0,
                30
              ],
              "inflate": 0
            },
            {
              "origin": [
                4.36588,
                1.33798,
                -3.7
              ],
              "size": [
                2.4,
                2.4,
                2.4
              ],
              "pivot": [
                4.0,
                -5.0,
                0.0
              ],
              "rotation": [
                0.0,
                0.0,
                -5.0
              ],
              "uv": [
                38,
                67
              ],
              "inflate": 0
            },
            {
              "origin": [
                0.38211,
                0.36855,
                -1.16096
              ],
              "size": [
                2.4,
                2.4,
                2.4
              ],
              "pivot": [
                4.0,
                -5.0,
                0.0
              ],
              "rotation": [
                -12.5,
                0.0,
                0.0
              ],
              "uv": [
                67,
                36
              ],
              "inflate": 0
            },
            {
              "origin": [
                0.38211,
                3.31899,
                -1.91706
              ],
              "size": [
                2.4,
                2.4,
                2.4
              ],
              "pivot": [
                4.0,
                -5.0,
                0.0
              ],
              "rotation": [
                5.0,
                0.0,
                0.0
              ],
              "uv": [
                67,
                32
              ],
              "inflate": 0
            },
            {
              "origin": [
                0.38211,
                -1.68101,
                -1.91706
              ],
              "size": [
                2.4,
                2.4,
                2.4
              ],
              "pivot": [
                4.0,
                -5.0,
                0.0
              ],
              "rotation": [
                5.0,
                0.0,
                0.0
              ],
              "uv": [
                8,
                67
              ],
              "inflate": 0
            },
            {
              "origin": [
                4.88211,
                3.31899,
                -1.91706
              ],
              "size": [
                2.4,
                2.4,
                2.4
              ],
              "pivot": [
                4.0,
                -5.0,
                0.0
              ],
              "rotation": [
                5.0,
                0.0,
                0.0
              ],
              "uv": [
                0,
                67
              ],
              "inflate": 0
            },
            {
              "origin": [
                4.88211,
                2.36855,
                2.36096
              ],
              "size": [
                2.4,
                2.4,
                2.4
              ],
              "pivot": [
                4.0,
                -5.0,
                0.0
              ],
              "rotation": [
                12.5,
                0.0,
                0.0
              ],
              "uv": [
                66,
                13
              ],
              "inflate": 0
            },
            {
              "origin": [
                4.88211,
                -0.63145,
                -3.16096
              ],
              "size": [
                2.4,
                2.4,
                2.4
              ],
              "pivot": [
                4.0,
                -5.0,
                0.0
              ],
              "rotation": [
                -12.5,
                0.0,
                0.0
              ],
              "uv": [
                60,
                65
              ],
              "inflate": 0
            },
            {
              "origin": [
                0.23371,
                -1.66202,
                -3.68106
              ],
              "size": [
                2.4,
                2.4,
                2.4
              ],
              "pivot": [
                4.0,
                -5.0,
                0.0
              ],
              "rotation": [
                0.0,
                2.5,
                15.0
              ],
              "uv": [
                32,
                65
              ],
              "inflate": 0
            },
            {
              "origin": [
                0.23371,
                4.33798,
                -3.68106
              ],
              "size": [
                2.4,
                2.4,
                2.4
              ],
              "pivot": [
                4.0,
                -5.0,
                0.0
              ],
              "rotation": [
                0.0,
                2.5,
                15.0
              ],
              "uv": [
                45,
                35
              ],
              "inflate": 0
            },
            {
              "origin": [
                3.23371,
                -1.66202,
                1.28106
              ],
              "size": [
                2.4,
                2.4,
                2.4
              ],
              "pivot": [
                4.0,
                -5.0,
                0.0
              ],
              "rotation": [
                0.0,
                -2.5,
                15.0
              ],
              "uv": [
                64,
                42
              ],
              "inflate": 0
            },
            {
              "origin": [
                -1.76629,
                4.33798,
                1.31894
              ],
              "size": [
                2.4,
                2.4,
                2.4
              ],
              "pivot": [
                4.0,
                -5.0,
                0.0
              ],
              "rotation": [
                0.0,
                2.5,
                15.0
              ],
              "uv": [
                0,
                4
              ],
              "inflate": 0
            },
            {
              "origin": [
                2.15295,
                0.38519,
                1.3
              ],
              "size": [
                2.4,
                2.4,
                2.4
              ],
              "pivot": [
                4.0,
                -5.0,
                0.0
              ],
              "rotation": [
                0.0,
                0.0,
                -10.0
              ],
              "uv": [
                64,
                25
              ],
              "inflate": 0
            },
            {
              "origin": [
                2.15295,
                2.38519,
                -3.7
              ],
              "size": [
                2.4,
                2.4,
                2.4
              ],
              "pivot": [
                4.0,
                -5.0,
                0.0
              ],
              "rotation": [
                0.0,
                0.0,
                -10.0
              ],
              "uv": [
                24,
                64
              ],
              "inflate": 0
            },
            {
              "origin": [
                5.84329,
                2.4903,
                1.3
              ],
              "size": [
                2.4,
                2.4,
                2.4
              ],
              "pivot": [
                4.0,
                -5.0,
                0.0
              ],
              "rotation": [
                0.0,
                0.0,
                -17.5
              ],
              "uv": [
                64,
                21
              ],
              "inflate": 0
            }
          ],
          "parent": "LeftLeg",
          "rotation": [
            0,
            0,
            65
          ]
        },
        {
          "name": "bone5",
          "pivot": [
            4,
            1,
            0
          ],
          "cubes": [
            {
              "origin": [
                0.3,
                -7.5,
                -3.7
              ],
              "size": [
                7.4,
                6.0,
                7.4
              ],
              "uv": [
                29,
                8
              ],
              "inflate": 0
            }
          ],
          "parent": "bone4",
          "rotation": [
            0,
            -7.5,
            5
          ]
        },
        {
          "name": "RightLeg",
          "pivot": [
            -4,
            18,
            0
          ],
          "cubes": [
            {
              "origin": [
                -6.7,
                7.0,
                -2.7
              ],
              "size": [
                5.4,
                11.0,
                5.4
              ],
              "uv": [
                20,
                48
              ],
              "inflate": 0
            },
            {
              "origin": [
                -4.0,
                9.0,
                -3.0
              ],
              "size": [
                2.0,
                2.0,
                2.0
              ],
              "pivot": [
                -4.0,
                -5.0,
                0.0
              ],
              "rotation": [
                0.0,
                5.0,
                0.0
              ],
              "uv": [
                66,
                71
              ],
              "inflate": 0
            },
            {
              "origin": [
                -4.0,
                15.0,
                -3.0
              ],
              "size": [
                2.0,
                2.0,
                2.0
              ],
              "pivot": [
                -4.0,
                -5.0,
                0.0
              ],
              "rotation": [
                0.0,
                2.5,
                0.0
              ],
              "uv": [
                46,
                71
              ],
              "inflate": 0
            },
            {
              "origin": [
                -6.0,
                12.0,
                -3.0
              ],
              "size": [
                2.0,
                2.0,
                2.0
              ],
              "pivot": [
                -4.0,
                -5.0,
                0.0
              ],
              "rotation": [
                0.0,
                -2.5,
                0.0
              ],
              "uv": [
                54,
                71
              ],
              "inflate": 0
            },
            {
              "origin": [
                -6.0,
                9.0,
                1.0
              ],
              "size": [
                2.0,
                2.0,
                2.0
              ],
              "pivot": [
                -4.0,
                -5.0,
                0.0
              ],
              "rotation": [
                0.0,
                10.0,
                0.0
              ],
              "uv": [
                70,
                44
              ],
              "inflate": 0
            },
            {
              "origin": [
                -6.0,
                15.0,
                1.0
              ],
              "size": [
                2.0,
                2.0,
                2.0
              ],
              "pivot": [
                -4.0,
                -5.0,
                0.0
              ],
              "rotation": [
                0.0,
                -2.5,
                0.0
              ],
              "uv": [
                70,
                48
              ],
              "inflate": 0
            },
            {
              "origin": [
                -4.0,
                12.0,
                1.0
              ],
              "size": [
                2.0,
                2.0,
                2.0
              ],
              "pivot": [
                -4.0,
                -5.0,
                0.0
              ],
              "rotation": [
                0.0,
                2.5,
                0.0
              ],
              "uv": [
                70,
                52
              ],
              "inflate": 0
            },
            {
              "origin": [
                -7.0,
                12.0,
                0.0
              ],
              "size": [
                2.0,
                2.0,
                2.0
              ],
              "pivot": [
                -4.0,
                -5.0,
                0.0
              ],
              "rotation": [
                0.0,
                7.5,
                0.0
              ],
              "uv": [
                38,
                71
              ],
              "inflate": 0
            },
            {
              "origin": [
                -3.0,
                9.0,
                0.0
              ],
              "size": [
                2.0,
                2.0,
                2.0
              ],
              "pivot": [
                -4.0,
                -5.0,
                0.0
              ],
              "rotation": [
                0.0,
                -2.5,
                0.0
              ],
              "uv": [
                70,
                40
              ],
              "inflate": 0
            },
            {
              "origin": [
                -3.0,
                12.0,
                -2.0
              ],
              "size": [
                2.0,
                2.0,
                2.0
              ],
              "pivot": [
                -4.0,
                -5.0,
                0.0
              ],
              "rotation": [
                0.0,
                5.0,
                0.0
              ],
              "uv": [
                70,
                23
              ],
              "inflate": 0
            },
            {
              "origin": [
                -3.0,
                15.0,
                0.0
              ],
              "size": [
                2.0,
                2.0,
                2.0
              ],
              "pivot": [
                -4.0,
                -5.0,
                0.0
              ],
              "rotation": [
                0.0,
                -5.0,
                0.0
              ],
              "uv": [
                70,
                27
              ],
              "inflate": 0
            },
            {
              "origin": [
                -7.0,
                9.0,
                -2.0
              ],
              "size": [
                2.0,
                2.0,
                2.0
              ],
              "pivot": [
                -4.0,
                -5.0,
                0.0
              ],
              "rotation": [
                0.0,
                -5.0,
                0.0
              ],
              "uv": [
                8,
                71
              ],
              "inflate": 0
            },
            {
              "origin": [
                -7.0,
                15.0,
                -2.0
              ],
              "size": [
                2.0,
                2.0,
                2.0
              ],
              "pivot": [
                -4.0,
                -5.0,
                0.0
              ],
              "rotation": [
                0.0,
                5.0,
                0.0
              ],
              "uv": [
                0,
                71
              ],
              "inflate": 0
            }
          ],
          "parent": "Root",
          "rotation": [
            -5,
            0,
            70
          ]
        },
        {
          "name": "bone",
          "pivot": [
            -4,
            8,
            0
          ],
          "cubes": [
            {
              "origin": [
                -6.98211,
                -2.49049,
                -3.2
              ],
              "size": [
                6.4,
                11.0,
                6.4
              ],
              "uv": [
                46,
                42
              ],
              "inflate": 0
            },
            {
              "origin": [
                -6.2,
                0.3,
                -3.7
              ],
              "size": [
                2.4,
                2.4,
                2.4
              ],
              "pivot": [
                -4.0,
                -5.0,
                0.0
              ],
              "rotation": [
                0.0,
                0.0,
                -5.0
              ],
              "uv": [
                70,
                6
              ],
              "inflate": 0
            },
            {
              "origin": [
                -5.2,
                5.3,
                -3.7
              ],
              "size": [
                2.4,
                2.4,
                2.4
              ],
              "pivot": [
                -4.0,
                -5.0,
                0.0
              ],
              "rotation": [
                0.0,
                0.0,
                -5.0
              ],
              "uv": [
                15,
                47
              ],
              "inflate": 0
            },
            {
              "origin": [
                -7.18211,
                0.36855,
                -1.16096
              ],
              "size": [
                2.4,
                2.4,
                2.4
              ],
              "pivot": [
                -4.0,
                -5.0,
                0.0
              ],
              "rotation": [
                -12.5,
                0.0,
                0.0
              ],
              "uv": [
                24,
                68
              ],
              "inflate": 0
            },
            {
              "origin": [
                -7.18211,
                3.31899,
                -1.91706
              ],
              "size": [
                2.4,
                2.4,
                2.4
              ],
              "pivot": [
                -4.0,
                -5.0,
                0.0
              ],
              "rotation": [
                5.0,
                0.0,
                0.0
              ],
              "uv": [
                16,
                68
              ],
              "inflate": 0
            },
            {
              "origin": [
                -7.18211,
                -1.68101,
                -1.91706
              ],
              "size": [
                2.4,
                2.4,
                2.4
              ],
              "pivot": [
                -4.0,
                -5.0,
                0.0
              ],
              "rotation": [
                5.0,
                0.0,
                0.0
              ],
              "uv": [
                68,
                2
              ],
              "inflate": 0
            },
            {
              "origin": [
                -2.68211,
                3.31899,
                -1.91706
              ],
              "size": [
                2.4,
                2.4,
                2.4
              ],
              "pivot": [
                -4.0,
                -5.0,
                0.0
              ],
              "rotation": [
                5.0,
                0.0,
                0.0
              ],
              "uv": [
                66,
                67
              ],
              "inflate": 0
            },
            {
              "origin": [
                -2.68211,
                2.36855,
                2.36096
              ],
              "size": [
                2.4,
                2.4,
                2.4
              ],
              "pivot": [
                -4.0,
                -5.0,
                0.0
              ],
              "rotation": [
                12.5,
                0.0,
                0.0
              ],
              "uv": [
                46,
                67
              ],
              "inflate": 0
            },
            {
              "origin": [
                -2.68211,
                -0.63145,
                -3.16096
              ],
              "size": [
                2.4,
                2.4,
                2.4
              ],
              "pivot": [
                -4.0,
                -5.0,
                0.0
              ],
              "rotation": [
                -12.5,
                0.0,
                0.0
              ],
              "uv": [
                54,
                67
              ],
              "inflate": 0
            },
            {
              "origin": [
                -4.34576,
                -1.54923,
                -3.6627
              ],
              "size": [
                2.4,
                2.4,
                2.4
              ],
              "pivot": [
                -4.0,
                -5.0,
                0.0
              ],
              "rotation": [
                0.0,
                2.5,
                15.0
              ],
              "uv": [
                68,
                63
              ],
              "inflate": 0
            },
            {
              "origin": [
                -4.34576,
                -1.54923,
                1.2627
              ],
              "size": [
                2.4,
                2.4,
                2.4
              ],
              "pivot": [
                -4.0,
                -5.0,
                0.0
              ],
              "rotation": [
                0.0,
                -2.5,
                15.0
              ],
              "uv": [
                68,
                57
              ],
              "inflate": 0
            },
            {
              "origin": [
                -5.41789,
                0.30951,
                1.3
              ],
              "size": [
                2.4,
                2.4,
                2.4
              ],
              "pivot": [
                -4.0,
                -5.0,
                0.0
              ],
              "rotation": [
                0.0,
                0.0,
                -10.0
              ],
              "uv": [
                32,
                69
              ],
              "inflate": 0
            },
            {
              "origin": [
                -4.41789,
                5.30951,
                1.3
              ],
              "size": [
                2.4,
                2.4,
                2.4
              ],
              "pivot": [
                -4.0,
                -5.0,
                0.0
              ],
              "rotation": [
                0.0,
                0.0,
                -10.0
              ],
              "uv": [
                0,
                0
              ],
              "inflate": 0
            },
            {
              "origin": [
                -2.41789,
                2.30951,
                -3.7
              ],
              "size": [
                2.4,
                2.4,
                2.4
              ],
              "pivot": [
                -4.0,
                -5.0,
                0.0
              ],
              "rotation": [
                0.0,
                0.0,
                -10.0
              ],
              "uv": [
                60,
                69
              ],
              "inflate": 0
            },
            {
              "origin": [
                -1.7411,
                2.35926,
                1.3
              ],
              "size": [
                2.4,
                2.4,
                2.4
              ],
              "pivot": [
                -4.0,
                -5.0,
                0.0
              ],
              "rotation": [
                0.0,
                0.0,
                -17.5
              ],
              "uv": [
                69,
                17
              ],
              "inflate": 0
            }
          ],
          "parent": "RightLeg",
          "rotation": [
            0,
            0,
            -65
          ]
        },
        {
          "name": "bone2",
          "pivot": [
            -4,
            1,
            0
          ],
          "cubes": [
            {
              "origin": [
                -7.7,
                -7.5,
                -3.7
              ],
              "size": [
                7.4,
                6.0,
                7.4
              ],
              "uv": [
                24,
                35
              ],
              "inflate": 0
            }
          ],
          "parent": "bone",
          "rotation": [
            0,
            7.5,
            -5
          ]
        }
      ]
    }
  ]
}