{
  "format_version": "1.12.0",
  "minecraft:geometry": [
    {
      "description": {
        "identifier": "geometry.mr_nabnaleena",
        "texture_width": 64,
        "texture_height": 64,
        "visible_bounds_width": 2,
        "visible_bounds_height": 4.5,
        "visible_bounds_offset": [
          0,
          1.75,
          0
        ]
      },
      "bones": [
        {
          "name": "RightLeg",
          "pivot": [
            -3,
            16,
            0
          ],
          "cubes": [
            {
              "origin": [
                -5.0,
                8.0,
                -1.7
              ],
              "size": [
                4.0,
                8.0,
                3.4
              ],
              "uv": [
                0,
                32
              ],
              "inflate": 0
            }
          ],
          "rotation": [
            0,
            0,
            2.5
          ]
        },
        {
          "name": "bone",
          "pivot": [
            -3,
            8,
            0
          ],
          "cubes": [
            {
              "origin": [
                -4.5,
                5.0,
                0.0
              ],
              "size": [
                3.0,
                3.0,
                0.0
              ],
              "uv": [
                25,
                36
              ],
              "inflate": 0
            },
            {
              "origin": [
                -3.0,
                0.0,
                -1.0
              ],
              "size": [
                0.0,
                8.0,
                3.0
              ],
              "uv": [
                0,
                21
              ],
              "inflate": 0
            }
          ],
          "parent": "RightLeg"
        },
        {
          "name": "LeftLeg",
          "pivot": [
            3,
            16,
            0
          ],
          "cubes": [
            {
              "origin": [
                1.0,
                8.0,
                -1.7
              ],
              "size": [
                4.0,
                8.0,
                3.4
              ],
              "uv": [
                14,
                36
              ],
              "inflate": 0
            }
          ],
          "rotation": [
            0,
            0,
            -2.5
          ]
        },
        {
          "name": "bone3",
          "pivot": [
            3,
            8,
            0
          ],
          "cubes": [
            {
              "origin": [
                1.5,
                5.0,
                0.0
              ],
              "size": [
                3.0,
                3.0,
                0.0
              ],
              "uv": [
                0,
                0
              ],
              "inflate": 0
            },
            {
              "origin": [
                3.0,
                0.0,
                -1.0
              ],
              "size": [
                0.0,
                8.0,
                3.0
              ],
              "uv": [
                28,
                45
              ],
              "inflate": 0
            }
          ],
          "parent": "LeftLeg"
        },
        {
          "name": "Body",
          "pivot": [
            0,
            15,
            0
          ],
          "cubes": [
            {
              "origin": [
                -5.0,
                15.0,
                -4.0
              ],
              "size": [
                10.0,
                16.0,
                8.0
              ],
              "uv": [
                0,
                0
              ],
              "inflate": 0
            },
            {
              "origin": [
                -4.0,
                16.0,
                -4.0
              ],
              "size": [
                8.0,
                8.0,
                4.0
              ],
              "uv": [
                23,
                24
              ],
              "inflate": 0
            },
            {
              "origin": [
                -4.0,
                16.0,
                -4.0
              ],
              "size": [
                8.0,
                8.0,
                0.0
              ],
              "uv": [
                0,
                47
              ],
              "inflate": 0
            }
          ]
        },
        {
          "name": "bone2",
          "pivot": [
            0,
            29,
            -4
          ],
          "cubes": [
            {
              "origin": [
                -1.4,
                27.6,
                -5.0
              ],
              "size": [
                2.8,
                2.8,
                2.0
              ],
              "uv": [
                43,
                23
              ],
              "inflate": 0
            },
            {
              "origin": [
                -1.2,
                27.8,
                -5.1
              ],
              "size": [
                2.4,
                2.4,
                0.0
              ],
              "uv": [
                6,
                26
              ],
              "inflate": 0
            }
          ],
          "parent": "Body",
          "rotation": [
            -5,
            0,
            0
          ]
        },
        {
          "name": "bone4",
          "pivot": [
            -2.8,
            26,
            -4
          ],
          "cubes": [
            {
              "origin": [
                -4.2,
                24.6,
                -5.0
              ],
              "size": [
                2.8,
                2.8,
                2.0
              ],
              "uv": [
                0,
                43
              ],
              "inflate": 0
            },
            {
              "origin": [
                -4.0,
                24.8,
                -5.1
              ],
              "size": [
                2.4,
                2.4,
                0.0
              ],
              "uv": [
                23,
                24
              ],
              "inflate": 0
            }
          ],
          "parent": "Body",
          "rotation": [
            0,
            5,
            0
          ]
        },
        {
          "name": "bone5",
          "pivot": [
            3,
            26,
            -4
          ],
          "cubes": [
            {
              "origin": [
                1.4,
                24.6,
                -5.0
              ],
              "size": [
                2.8,
                2.8,
                2.0
              ],
              "uv": [
                36,
                36
              ],
              "inflate": 0
            },
            {
              "origin": [
                1.6,
                24.8,
                -5.1
              ],
              "size": [
                2.4,
                2.4,
                0.0
              ],
              "uv": [
                6,
                24
              ],
              "inflate": 0
            }
          ],
          "parent": "Body",
          "rotation": [
            0,
            -5,
            0
          ]
        },
        {
          "name": "RightArm",
          "pivot": [
            -5,
            24,
            0
          ],
          "cubes": [
            {
              "origin": [
                -7.0,
                16.0,
                -2.0
              ],
              "size": [
                2.0,
                8.0,
                4.0
              ],
              "uv": [
                40,
                36
              ],
              "inflate": 0
            }
          ],
          "parent": "Body",
          "rotation": [
            0,
            0,
            2.5
          ]
        },
        {
          "name": "bone9",
          "pivot": [
            -6,
            16,
            0
          ],
          "cubes": [
            {
              "origin": [
                -6.0,
                6.0,
                -1.0
              ],
              "size": [
                0.0,
                10.0,
                3.0
              ],
              "uv": [
                10,
                51
              ],
              "inflate": 0
            },
            {
              "origin": [
                -6.7,
                13.0,
                0.0
              ],
              "size": [
                1.4,
                3.0,
                0.0
              ],
              "uv": [
                6,
                3
              ],
              "inflate": 0
            }
          ],
          "parent": "RightArm"
        },
        {
          "name": "LeftArm",
          "pivot": [
            5,
            24,
            0
          ],
          "cubes": [
            {
              "origin": [
                5.0,
                16.0,
                -2.0
              ],
              "size": [
                2.0,
                8.0,
                4.0
              ],
              "uv": [
                28,
                36
              ],
              "inflate": 0
            }
          ],
          "parent": "Body",
          "rotation": [
            0,
            0,
            -2.5
          ]
        },
        {
          "name": "bone11",
          "pivot": [
            6,
            16,
            0
          ],
          "cubes": [
            {
              "origin": [
                6.0,
                6.0,
                -1.0
              ],
              "size": [
                0.0,
                10.0,
                3.0
              ],
              "uv": [
                49,
                51
              ],
              "inflate": 0
            },
            {
              "origin": [
                5.3,
                13.0,
                0.0
              ],
              "size": [
                1.4,
                3.0,
                0.0
              ],
              "uv": [
                6,
                0
              ],
              "inflate": 0
            }
          ],
          "parent": "LeftArm"
        },
        {
          "name": "bone6",
          "pivot": [
            4,
            30,
            -4
          ],
          "cubes": [
            {
              "origin": [
                0.0,
                27.0,
                -4.1
              ],
              "size": [
                8.0,
                5.0,
                0.0
              ],
              "uv": [
                18,
                59
              ],
              "inflate": 0
            }
          ],
          "parent": "Body",
          "rotation": [
            0,
            0,
            20
          ]
        }
      ]
    }
  ]
}