{
  "format_version": "1.12.0",
  "minecraft:geometry": [
    {
      "description": {
        "identifier": "geometry.mr_tail_victor",
        "texture_width": 256,
        "texture_height": 256,
        "visible_bounds_width": 4,
        "visible_bounds_height": 5.5,
        "visible_bounds_offset": [
          0,
          2.25,
          0
        ]
      },
      "bones": [
        {
          "name": "Root"
        },
        {
          "name": "LeftArm",
          "pivot": [
            7,
            38,
            0
          ],
          "cubes": [
            {
              "origin": [
                5.7,
                26.0,
                -2.5
              ],
              "size": [
                4.6,
                12.0,
                5.0
              ],
              "uv": [
                0,
                100
              ],
              "inflate": 0
            }
          ],
          "parent": "Root",
          "rotation": [
            0,
            0,
            -10
          ]
        },
        {
          "name": "bone8",
          "pivot": [
            8,
            27,
            0
          ],
          "cubes": [
            {
              "origin": [
                5.2,
                13.0,
                -3.0
              ],
              "size": [
                5.6,
                14.0,
                6.0
              ],
              "uv": [
                24,
                95
              ],
              "inflate": 0
            }
          ],
          "parent": "LeftArm",
          "rotation": [
            0,
            0,
            -25
          ]
        },
        {
          "name": "bone9",
          "pivot": [
            8,
            14,
            0
          ],
          "cubes": [
            {
              "origin": [
                4.7,
                1.0,
                -3.5
              ],
              "size": [
                6.6,
                13.0,
                7.0
              ],
              "uv": [
                0,
                64
              ],
              "inflate": 0
            }
          ],
          "parent": "bone8",
          "rotation": [
            0,
            0,
            30
          ]
        },
        {
          "name": "bone10",
          "pivot": [
            8,
            1,
            0
          ],
          "cubes": [
            {
              "origin": [
                3.7,
                -2.0,
                -4.5
              ],
              "size": [
                8.6,
                3.0,
                9.0
              ],
              "uv": [
                60,
                58
              ],
              "inflate": 0
            },
            {
              "origin": [
                2.7,
                -3.0,
                -4.5
              ],
              "size": [
                10.6,
                1.0,
                9.0
              ],
              "uv": [
                48,
                12
              ],
              "inflate": 0
            },
            {
              "origin": [
                3.7,
                -3.0,
                -5.5
              ],
              "size": [
                8.6,
                1.0,
                11.0
              ],
              "uv": [
                36,
                0
              ],
              "inflate": 0
            }
          ],
          "parent": "bone9",
          "rotation": [
            0,
            0,
            5
          ]
        },
        {
          "name": "RightAtm",
          "pivot": [
            -6,
            38,
            0
          ],
          "cubes": [
            {
              "origin": [
                -10.3,
                26.0,
                -2.5
              ],
              "size": [
                4.6,
                12.0,
                5.0
              ],
              "uv": [
                68,
                101
              ],
              "inflate": 0
            }
          ],
          "parent": "Root",
          "rotation": [
            0,
            0,
            10
          ]
        },
        {
          "name": "bone4",
          "pivot": [
            -8,
            27,
            0
          ],
          "cubes": [
            {
              "origin": [
                -10.8,
                13.0,
                -3.0
              ],
              "size": [
                5.6,
                14.0,
                6.0
              ],
              "uv": [
                46,
                96
              ],
              "inflate": 0
            }
          ],
          "parent": "RightAtm",
          "rotation": [
            0,
            0,
            25
          ]
        },
        {
          "name": "bone5",
          "pivot": [
            -8,
            14,
            0
          ],
          "cubes": [
            {
              "origin": [
                -11.3,
                1.0,
                -3.5
              ],
              "size": [
                6.6,
                13.0,
                7.0
              ],
              "uv": [
                26,
                75
              ],
              "inflate": 0
            }
          ],
          "parent": "bone4",
          "rotation": [
            0,
            0,
            -30
          ]
        },
        {
          "name": "bone6",
          "pivot": [
            -8,
            1,
            0
          ],
          "cubes": [
            {
              "origin": [
                -12.3,
                -2.0,
                -4.5
              ],
              "size": [
                8.6,
                3.0,
                9.0
              ],
              "uv": [
                51,
                70
              ],
              "inflate": 0
            },
            {
              "origin": [
                -13.3,
                -3.0,
                -4.5
              ],
              "size": [
                10.6,
                1.0,
                9.0
              ],
              "uv": [
                0,
                54
              ],
              "inflate": 0
            },
            {
              "origin": [
                -12.3,
                -3.0,
                -5.5
              ],
              "size": [
                8.6,
                1.0,
                11.0
              ],
              "uv": [
                41,
                46
              ],
              "inflate": 0
            }
          ],
          "parent": "bone5",
          "rotation": [
            0,
            0,
            -5
          ]
        },
        {
          "name": "Body",
          "pivot": [
            0,
            16,
            0
          ],
          "cubes": [
            {
              "origin": [
                -6.0,
                16.0,
                -6.0
              ],
              "size": [
                12.0,
                22.0,
                12.0
              ],
              "uv": [
                0,
                0
              ],
              "inflate": 0
            },
            {
              "origin": [
                -4.0,
                10.0,
                5.0
              ],
              "size": [
                9.0,
                6.0,
                0.0
              ],
              "pivot": [
                0.0,
                16.0,
                0.0
              ],
              "rotation": [
                0.0,
                -15.0,
                0.0
              ],
              "uv": [
                63,
                0
              ],
              "inflate": 0
            },
            {
              "origin": [
                -3.0,
                10.0,
                -4.0
              ],
              "size": [
                6.0,
                6.0,
                0.0
              ],
              "pivot": [
                0.0,
                16.0,
                0.0
              ],
              "rotation": [
                0.0,
                -12.0,
                0.0
              ],
              "uv": [
                52,
                58
              ],
              "inflate": 0
            },
            {
              "origin": [
                -5.0,
                8.0,
                -3.0
              ],
              "size": [
                0.0,
                9.0,
                7.0
              ],
              "pivot": [
                0.0,
                16.0,
                0.0
              ],
              "rotation": [
                0.0,
                -30.0,
                0.0
              ],
              "uv": [
                86,
                98
              ],
              "inflate": 0
            },
            {
              "origin": [
                5.0,
                10.0,
                -6.0
              ],
              "size": [
                0.0,
                6.0,
                9.0
              ],
              "uv": [
                73,
                19
              ],
              "inflate": 0
            }
          ],
          "parent": "Root"
        },
        {
          "name": "bone",
          "pivot": [
            0,
            38,
            0
          ],
          "cubes": [
            {
              "origin": [
                -5.5,
                38.0,
                -5.5
              ],
              "size": [
                11.0,
                12.0,
                11.0
              ],
              "uv": [
                40,
                23
              ],
              "inflate": 0
            },
            {
              "origin": [
                3.0,
                50.0,
                1.0
              ],
              "size": [
                2.0,
                10.0,
                2.0
              ],
              "pivot": [
                0.0,
                16.0,
                0.0
              ],
              "rotation": [
                0.0,
                0.0,
                2.5
              ],
              "uv": [
                108,
                105
              ],
              "inflate": 0
            },
            {
              "origin": [
                0.4,
                54.6,
                -2.4
              ],
              "size": [
                7.2,
                6.0,
                8.8
              ],
              "pivot": [
                0.0,
                18.6,
                0.0
              ],
              "rotation": [
                0.0,
                0.0,
                2.5
              ],
              "uv": [
                77,
                0
              ],
              "inflate": 0
            },
            {
              "origin": [
                -1.6,
                54.6,
                -5.4
              ],
              "size": [
                7.2,
                6.0,
                8.8
              ],
              "pivot": [
                0.0,
                18.6,
                0.0
              ],
              "rotation": [
                0.0,
                0.0,
                -12.5
              ],
              "uv": [
                78,
                14
              ],
              "inflate": 0
            },
            {
              "origin": [
                1.4,
                54.6,
                -5.4
              ],
              "size": [
                7.2,
                6.0,
                8.8
              ],
              "pivot": [
                0.0,
                18.6,
                0.0
              ],
              "rotation": [
                -2.75806,
                -24.97457,
                -16.33476
              ],
              "uv": [
                77,
                74
              ],
              "inflate": 0
            },
            {
              "origin": [
                4.0,
                50.0,
                -2.0
              ],
              "size": [
                2.0,
                10.0,
                2.0
              ],
              "pivot": [
                0.0,
                16.0,
                0.0
              ],
              "rotation": [
                -2.75806,
                -24.97457,
                -16.33476
              ],
              "uv": [
                0,
                34
              ],
              "inflate": 0
            },
            {
              "origin": [
                3.0,
                49.0,
                -6.0
              ],
              "size": [
                2.0,
                10.0,
                2.0
              ],
              "pivot": [
                0.0,
                16.0,
                0.0
              ],
              "rotation": [
                -2.75806,
                -24.97457,
                -16.33476
              ],
              "uv": [
                0,
                0
              ],
              "inflate": 0
            },
            {
              "origin": [
                -6.0,
                50.0,
                -1.0
              ],
              "size": [
                2.0,
                9.0,
                2.0
              ],
              "pivot": [
                0.0,
                16.0,
                0.0
              ],
              "rotation": [
                8.40701,
                9.73091,
                5.50886
              ],
              "uv": [
                36,
                0
              ],
              "inflate": 0
            },
            {
              "origin": [
                -5.6,
                54.6,
                -4.4
              ],
              "size": [
                7.2,
                5.0,
                8.8
              ],
              "pivot": [
                0.0,
                18.6,
                0.0
              ],
              "rotation": [
                8.40701,
                9.73091,
                5.50886
              ],
              "uv": [
                85,
                53
              ],
              "inflate": 0
            },
            {
              "origin": [
                -3.0,
                50.0,
                -1.0
              ],
              "size": [
                2.0,
                9.0,
                2.0
              ],
              "pivot": [
                0.0,
                16.0,
                0.0
              ],
              "rotation": [
                8.40701,
                9.73091,
                5.50886
              ],
              "uv": [
                68,
                46
              ],
              "inflate": 0
            },
            {
              "origin": [
                2.4,
                53.6,
                3.6
              ],
              "size": [
                7.2,
                5.0,
                8.8
              ],
              "pivot": [
                0.0,
                18.6,
                0.0
              ],
              "rotation": [
                22.99008,
                -11.53486,
                -4.8493
              ],
              "uv": [
                74,
                88
              ],
              "inflate": 0
            },
            {
              "origin": [
                5.0,
                49.0,
                7.0
              ],
              "size": [
                2.0,
                9.0,
                2.0
              ],
              "pivot": [
                0.0,
                16.0,
                0.0
              ],
              "rotation": [
                22.99008,
                -11.53486,
                -4.8493
              ],
              "uv": [
                0,
                84
              ],
              "inflate": 0
            },
            {
              "origin": [
                -2.0,
                49.0,
                -6.0
              ],
              "size": [
                2.0,
                13.0,
                2.0
              ],
              "pivot": [
                0.0,
                16.0,
                0.0
              ],
              "rotation": [
                -2.72275,
                36.80886,
                12.63851
              ],
              "uv": [
                107,
                0
              ],
              "inflate": 0
            },
            {
              "origin": [
                -4.6,
                53.6,
                -9.4
              ],
              "size": [
                7.2,
                9.0,
                8.8
              ],
              "pivot": [
                0.0,
                18.6,
                0.0
              ],
              "rotation": [
                -2.72275,
                36.80886,
                12.63851
              ],
              "uv": [
                30,
                58
              ],
              "inflate": 0
            },
            {
              "origin": [
                1.4,
                54.6,
                -7.4
              ],
              "size": [
                7.2,
                4.0,
                8.8
              ],
              "pivot": [
                0.0,
                18.6,
                0.0
              ],
              "rotation": [
                -12.51153,
                2.4407,
                -0.54143
              ],
              "uv": [
                96,
                93
              ],
              "inflate": 0
            },
            {
              "origin": [
                4.0,
                50.0,
                -4.0
              ],
              "size": [
                2.0,
                8.0,
                2.0
              ],
              "pivot": [
                0.0,
                16.0,
                0.0
              ],
              "rotation": [
                -12.51153,
                2.4407,
                -0.54143
              ],
              "uv": [
                112,
                51
              ],
              "inflate": 0
            },
            {
              "origin": [
                -8.6,
                54.6,
                -4.4
              ],
              "size": [
                7.2,
                3.0,
                8.8
              ],
              "pivot": [
                0.0,
                18.6,
                0.0
              ],
              "rotation": [
                -5.40961,
                22.40972,
                -2.06754
              ],
              "uv": [
                99,
                81
              ],
              "inflate": 0
            },
            {
              "origin": [
                -6.0,
                50.0,
                -1.0
              ],
              "size": [
                2.0,
                7.0,
                2.0
              ],
              "pivot": [
                0.0,
                16.0,
                0.0
              ],
              "rotation": [
                -5.40961,
                22.40972,
                -2.06754
              ],
              "uv": [
                48,
                12
              ],
              "inflate": 0
            },
            {
              "origin": [
                -1.6,
                54.6,
                -4.4
              ],
              "size": [
                7.2,
                7.0,
                8.8
              ],
              "pivot": [
                0.0,
                18.6,
                0.0
              ],
              "rotation": [
                -7.97532,
                -19.82169,
                2.71994
              ],
              "uv": [
                76,
                38
              ],
              "inflate": 0
            },
            {
              "origin": [
                1.0,
                50.0,
                -1.0
              ],
              "size": [
                2.0,
                11.0,
                2.0
              ],
              "pivot": [
                0.0,
                16.0,
                0.0
              ],
              "rotation": [
                -7.97532,
                -19.82169,
                2.71994
              ],
              "uv": [
                106,
                40
              ],
              "inflate": 0
            },
            {
              "origin": [
                -4.6,
                54.6,
                -4.4
              ],
              "size": [
                7.2,
                6.0,
                8.8
              ],
              "pivot": [
                0.0,
                18.6,
                0.0
              ],
              "rotation": [
                7.5,
                7.5,
                -5.0
              ],
              "uv": [
                52,
                82
              ],
              "inflate": 0
            },
            {
              "origin": [
                -2.0,
                50.0,
                -1.0
              ],
              "size": [
                2.0,
                10.0,
                2.0
              ],
              "pivot": [
                0.0,
                16.0,
                0.0
              ],
              "rotation": [
                7.5,
                7.5,
                -5.0
              ],
              "uv": [
                108,
                15
              ],
              "inflate": 0
            },
            {
              "origin": [
                -4.6,
                54.6,
                -3.4
              ],
              "size": [
                7.2,
                4.0,
                8.8
              ],
              "pivot": [
                0.0,
                18.6,
                0.0
              ],
              "rotation": [
                -11.02705,
                -46.96776,
                8.10692
              ],
              "uv": [
                98,
                28
              ],
              "inflate": 0
            },
            {
              "origin": [
                -2.0,
                50.0,
                0.0
              ],
              "size": [
                2.0,
                8.0,
                2.0
              ],
              "pivot": [
                0.0,
                16.0,
                0.0
              ],
              "rotation": [
                -11.02705,
                -46.96776,
                8.10692
              ],
              "uv": [
                18,
                113
              ],
              "inflate": 0
            }
          ],
          "parent": "Body"
        },
        {
          "name": "bone3",
          "pivot": [
            0,
            45,
            -5
          ],
          "cubes": [
            {
              "origin": [
                -2.0,
                43.0,
                -6.7
              ],
              "size": [
                4.0,
                4.0,
                2.0
              ],
              "uv": [
                91,
                28
              ],
              "inflate": 0
            },
            {
              "origin": [
                -1.6,
                43.4,
                -6.8
              ],
              "size": [
                3.2,
                3.2,
                0.0
              ],
              "uv": [
                0,
                54
              ],
              "inflate": 0
            }
          ],
          "parent": "bone"
        },
        {
          "name": "bone2",
          "pivot": [
            0,
            16,
            0
          ],
          "cubes": [
            {
              "origin": [
                -7.0,
                55.0,
                -6.0
              ],
              "size": [
                14.0,
                8.0,
                12.0
              ],
              "uv": [
                0,
                34
              ],
              "inflate": 0
            },
            {
              "origin": [
                2.0,
                57.0,
                -3.0
              ],
              "size": [
                6.0,
                8.0,
                7.0
              ],
              "pivot": [
                0.0,
                16.0,
                0.0
              ],
              "rotation": [
                0.0,
                0.0,
                -10.0
              ],
              "uv": [
                99,
                66
              ],
              "inflate": 0
            }
          ],
          "parent": "bone"
        }
      ]
    }
  ]
}