{"format_version":"1.10.0","particle_effect":{"description":{"identifier":"yg:fog_particle","basic_render_parameters":{"material":"particles_blend","texture":"textures/particles/yg_fog"}},"components":{"minecraft:emitter_rate_steady":{"spawn_rate":50,"max_particles":200},"minecraft:emitter_lifetime_looping":{"active_time":1},"minecraft:emitter_shape_box":{"half_dimensions":[1,0,1],"direction":"outwards"},"minecraft:particle_lifetime_expression":{"max_lifetime":1},"minecraft:particle_initial_speed":2,"minecraft:particle_motion_dynamic":{"linear_acceleration":[0,1,0]},"minecraft:particle_appearance_billboard":{"size":[0.5,0.5],"facing_camera_mode":"rotate_xyz","uv":{"texture_width":16,"texture_height":192,"flipbook":{"base_UV":[0,0],"size_UV":[16,16],"step_UV":[0,16],"max_frame":32,"stretch_to_lifetime":true,"loop":true}}}}}}