{
	"format_version": "1.16.0",
	"minecraft:entity": {
		"description": {
			"identifier": "tb:blue_cutout",
			"is_spawnable": true,
			"is_summonable": true,
			"is_experimental": false
		},
		"components": {
			"minecraft:is_hidden_when_invisible": {},
			"minecraft:experience_reward": {
				"on_death": "query.last_hit_by_player ? 5 + (query.equipment_count * Math.Random(1,3)) : 0"
			},
			"minecraft:nameable": {},
			"minecraft:health": {
				"value": 20,
				"max": 20
			},
			"minecraft:collision_box": {
				"width": 0.7,
				"height": 2
			},
			"minecraft:loot": {
				"table": "loot_tables/entities/wither_skeleton.json"
			},
			"minecraft:scale": {
				"value": 1.2
			},
			"minecraft:knockback_resistance": {
				"value": 7
			},
			"minecraft:type_family": {
				"family": [
					"monster",
					"tb",
					"blue"
				]
			},
			"minecraft:physics": {},
			"minecraft:pushable": {
				"is_pushable": true,
				"is_pushable_by_piston": true
			}
		},
		"component_groups": {},
		"events": {}
	}
}