{
	"format_version": "1.13.0",
	"minecraft:entity": {
		"description": {
			"identifier": "tb:red",
			"is_spawnable": true,
			"is_summonable": true,
			"is_experimental": false,
			"scripts": {
                "animate": [
                    "dead"
                ]
            },
            "animations": {
                "dead": "controller.animation.dead"
			}
        },
        "component_groups": {
			"minecraft:is_dead": {
                "minecraft:transformation": {
                    "into": "tb:rd"
                }
            }
		},
		"components": {
			"minecraft:is_hidden_when_invisible": {},
			"minecraft:experience_reward": {
				"on_death": "query.last_hit_by_player ? 5 + (query.equipment_count * Math.Random(1,3)) : 0"
			},
			"minecraft:nameable": {},
			"minecraft:breathable": {
				"total_supply": 15,
				"suffocate_time": 0,
				"breathes_water": true
			},
			"minecraft:health": {
				"value": 100,
				"max": 100
			},
        "minecraft:jump.static": {},
        "minecraft:can_climb": {},
			"minecraft:collision_box": {
				"width": 0.7,
				"height": 3
			},
			"minecraft:attack": {
				"damage": 10
			},
			"minecraft:loot": {
				"table": "loot_tables/entities/zombie.json"
			},
			"minecraft:movement": {
				"value": 0.26
			},
			"minecraft:navigation.walk": {
				"is_amphibious": true,
				"avoid_water": true
			},
			"minecraft:movement.basic": {},
			"minecraft:walk_animation_speed": {
				"value": 4.8
			},
			"minecraft:break_blocks": {
				"breakable_blocks": [
					"minecraft:leaves",
					"minecraft:leaves2"
				]
			},
			"minecraft:scale": {
				"value": 0.7
			},
			"minecraft:follow_range": {
				"value": 32
			},
			"minecraft:behavior.hurt_by_target": {
				"priority": 1
			},
			"minecraft:behavior.nearest_attackable_target": {
				"priority": 2,
				"reselect_targets": true,
				"must_see": false,
				"entity_types": [
					{
						"filters": {
							"test": "is_family",
							"subject": "other",
							"value": "player"
						},
						"max_dist": 1000
					},
					{
						"filters": {
							"test": "is_family",
							"subject": "other",
							"value": "irongolem"
						},
						"max_dist": 1000
					},
					{
						"filters": {
							"test": "is_family",
							"subject": "other",
							"value": "villager"
						},
						"max_dist": 1000
					},
					{
						"filters": {
							"test": "is_family",
							"subject": "other",
							"value": "illager"
						},
						"max_dist": 1000
					}
				]
			},
			"minecraft:behavior.melee_attack": {
				"priority": 4,
				"track_target": true,
				"speed_multiplier": 1.25
			},
			"minecraft:behavior.random_stroll": {
				"priority": 6,
				"speed_multiplier": 1
			},
			"minecraft:behavior.look_at_player": {
				"priority": 7,
				"look_distance": 100
			},
			"minecraft:behavior.random_look_around": {
				"priority": 8
			},
			"minecraft:knockback_resistance": {
				"value": 3.9
			},
			"minecraft:type_family": {
				"family": [
					"monster",
					"tb",
					"red"
				]
			},
			"minecraft:physics": {},
			"minecraft:pushable": {
				"is_pushable": true,
				"is_pushable_by_piston": true
			}
        },

        "events": {
			"minecraft:event_spawn_dead": {
                "add": {
                    "component_groups": ["minecraft:is_dead"]
                }
            }
		}
	}
}