{
  "format_version": "1.12.0",
  "minecraft:geometry": [
    {
      "description": {
        "identifier": "geometry.yg_captain_fiddels",
        "texture_width": 64,
        "texture_height": 64,
        "visible_bounds_width": 3,
        "visible_bounds_height": 3.5,
        "visible_bounds_offset": [
          0,
          1.25,
          0
        ]
      },
      "bones": [
        {
          "name": "Root",
          "pivot": [
            0,
            -2,
            0
          ]
        },
        {
          "name": "Body",
          "pivot": [
            0,
            11.16667,
            -0.14745
          ],
          "cubes": [
            {
              "origin": [
                -7.0,
                15.0,
                -4.0
              ],
              "size": [
                14.0,
                10.0,
                8.0
              ],
              "uv": [
                0,
                0
              ],
              "inflate": 0
            },
            {
              "origin": [
                -6.0,
                11.0,
                -4.0
              ],
              "size": [
                12.0,
                4.0,
                8.0
              ],
              "uv": [
                0,
                18
              ],
              "inflate": 0
            },
            {
              "origin": [
                -5.20814,
                20.0,
                -5.35231
              ],
              "size": [
                4.0,
                4.0,
                2.0
              ],
              "pivot": [
                -3.20814,
                22.0,
                -4.35231
              ],
              "rotation": [
                0.0,
                10.0,
                0.0
              ],
              "uv": [
                14,
                40
              ],
              "inflate": 0
            },
            {
              "origin": [
                1.20814,
                20.0,
                -5.35231
              ],
              "size": [
                4.0,
                4.0,
                2.0
              ],
              "pivot": [
                3.20814,
                22.0,
                -4.35231
              ],
              "rotation": [
                0.0,
                -10.0,
                0.0
              ],
              "uv": [
                36,
                0
              ],
              "inflate": 0
            },
            {
              "origin": [
                -4.91996,
                20.41,
                -5.62005
              ],
              "size": [
                3.18,
                3.18,
                1.06
              ],
              "pivot": [
                -3.32996,
                22.0,
                -5.09005
              ],
              "rotation": [
                0.0,
                10.0,
                0.0
              ],
              "uv": [
                0,
                4
              ],
              "inflate": 0
            },
            {
              "origin": [
                1.73996,
                20.41,
                -5.62005
              ],
              "size": [
                3.18,
                3.18,
                1.06
              ],
              "pivot": [
                3.32996,
                22.0,
                -5.09005
              ],
              "rotation": [
                0.0,
                -10.0,
                0.0
              ],
              "uv": [
                0,
                0
              ],
              "inflate": 0
            }
          ],
          "parent": "Root"
        },
        {
          "name": "Rightarm",
          "pivot": [
            -9,
            22.25,
            0
          ],
          "cubes": [
            {
              "origin": [
                -11.0,
                16.0,
                -2.0
              ],
              "size": [
                4.0,
                8.0,
                4.0
              ],
              "uv": [
                0,
                30
              ],
              "inflate": 0
            },
            {
              "origin": [
                -10.77,
                8.73,
                -1.77
              ],
              "size": [
                3.54,
                8.54,
                3.54
              ],
              "uv": [
                32,
                30
              ],
              "inflate": 0
            }
          ],
          "parent": "Body"
        },
        {
          "name": "Leftarm",
          "pivot": [
            9,
            22.25,
            0
          ],
          "cubes": [
            {
              "origin": [
                7.0,
                16.0,
                -2.0
              ],
              "size": [
                4.0,
                8.0,
                4.0
              ],
              "uv": [
                0,
                30
              ],
              "inflate": 0,
              "mirror": true
            },
            {
              "origin": [
                7.23,
                8.73,
                -1.77
              ],
              "size": [
                3.54,
                8.54,
                3.54
              ],
              "uv": [
                32,
                30
              ],
              "inflate": 0,
              "mirror": true
            }
          ],
          "parent": "Body"
        },
        {
          "name": "Rightleg",
          "pivot": [
            -3,
            11,
            0
          ],
          "cubes": [
            {
              "origin": [
                -5.0,
                5.0,
                -2.0
              ],
              "size": [
                4.0,
                6.0,
                4.0
              ],
              "uv": [
                16,
                30
              ],
              "inflate": 0,
              "mirror": true
            },
            {
              "origin": [
                -4.59,
                -0.15,
                -1.59
              ],
              "size": [
                3.18,
                5.3,
                3.18
              ],
              "uv": [
                32,
                18
              ],
              "inflate": 0,
              "mirror": true
            }
          ],
          "parent": "Root"
        },
        {
          "name": "Leftleg",
          "pivot": [
            3,
            11,
            0
          ],
          "cubes": [
            {
              "origin": [
                1.0,
                5.0,
                -2.0
              ],
              "size": [
                4.0,
                6.0,
                4.0
              ],
              "uv": [
                16,
                30
              ],
              "inflate": 0
            },
            {
              "origin": [
                1.41,
                -0.15,
                -1.59
              ],
              "size": [
                3.18,
                5.3,
                3.18
              ],
              "uv": [
                32,
                18
              ],
              "inflate": 0
            }
          ],
          "parent": "Root"
        }
      ]
    }
  ]
}