{
  "format_version": "1.12.0",
  "minecraft:geometry": [
    {
      "description": {
        "identifier": "geometry.yg_nabnab",
        "texture_width": 128,
        "texture_height": 128,
        "visible_bounds_width": 5,
        "visible_bounds_height": 2.5,
        "visible_bounds_offset": [
          0,
          0.75,
          0
        ]
      },
      "bones": [
        {
          "name": "Root"
        },
        {
          "name": "Body",
          "pivot": [
            0,
            9,
            0
          ],
          "cubes": [
            {
              "origin": [
                -7.0,
                5.0,
                -5.0
              ],
              "size": [
                14.0,
                8.0,
                18.0
              ],
              "uv": [
                0,
                0
              ],
              "inflate": 0
            },
            {
              "origin": [
                -5.0,
                4.71017,
                12.63808
              ],
              "size": [
                10.0,
                8.0,
                7.0
              ],
              "pivot": [
                0.0,
                8.71017,
                16.13808
              ],
              "rotation": [
                -5.0,
                0.0,
                0.0
              ],
              "uv": [
                24,
                30
              ],
              "inflate": 0
            },
            {
              "origin": [
                -2.5,
                12.6078,
                12.98288
              ],
              "size": [
                5.0,
                2.0,
                5.0
              ],
              "pivot": [
                0.0,
                13.6078,
                15.48288
              ],
              "rotation": [
                -5.0,
                0.0,
                0.0
              ],
              "uv": [
                20,
                51
              ],
              "inflate": 0
            },
            {
              "origin": [
                1.5,
                12.97164,
                6.64947
              ],
              "size": [
                5.0,
                2.0,
                5.0
              ],
              "uv": [
                0,
                51
              ],
              "inflate": 0
            },
            {
              "origin": [
                -6.5,
                12.97164,
                6.64947
              ],
              "size": [
                5.0,
                2.0,
                5.0
              ],
              "uv": [
                0,
                37
              ],
              "inflate": 0
            },
            {
              "origin": [
                -2.0,
                14.12784,
                13.62284
              ],
              "size": [
                4.0,
                1.0,
                4.0
              ],
              "pivot": [
                0.0,
                14.62784,
                15.62284
              ],
              "rotation": [
                -5.0,
                0.0,
                0.0
              ],
              "uv": [
                0,
                10
              ],
              "inflate": 0
            },
            {
              "origin": [
                2.0,
                14.5,
                7.2
              ],
              "size": [
                4.0,
                1.0,
                4.0
              ],
              "uv": [
                0,
                5
              ],
              "inflate": 0
            },
            {
              "origin": [
                -6.0,
                14.5,
                7.2
              ],
              "size": [
                4.0,
                1.0,
                4.0
              ],
              "uv": [
                0,
                0
              ],
              "inflate": 0
            },
            {
              "origin": [
                -2.0,
                12.73567,
                15.99406
              ],
              "size": [
                10.0,
                0.0,
                5.0
              ],
              "pivot": [
                3.0,
                12.73567,
                18.49406
              ],
              "rotation": [
                -5.92236,
                32.36121,
                -3.17805
              ],
              "uv": [
                41,
                9
              ],
              "inflate": 0
            },
            {
              "origin": [
                -2.36,
                5.9144,
                19.52903
              ],
              "size": [
                4.72,
                4.72,
                1.18
              ],
              "pivot": [
                0.0,
                8.2744,
                20.11903
              ],
              "rotation": [
                -5.0,
                0.0,
                0.0
              ],
              "uv": [
                0,
                31
              ],
              "inflate": 0
            },
            {
              "origin": [
                -1.98,
                6.19191,
                20.4558
              ],
              "size": [
                3.96,
                3.96,
                2.32
              ],
              "pivot": [
                0.0,
                8.17191,
                21.6158
              ],
              "rotation": [
                -5.0,
                0.0,
                0.0
              ],
              "uv": [
                0,
                26
              ],
              "inflate": 0
            },
            {
              "origin": [
                -1.5,
                6.41045,
                22.60438
              ],
              "size": [
                3.0,
                3.0,
                4.0
              ],
              "pivot": [
                0.0,
                7.91045,
                24.60438
              ],
              "rotation": [
                -5.0,
                0.0,
                0.0
              ],
              "uv": [
                40,
                51
              ],
              "inflate": 0
            }
          ],
          "parent": "Root"
        },
        {
          "name": "Dila",
          "pivot": [
            -1,
            13.16372,
            -0.34693
          ],
          "cubes": [
            {
              "origin": [
                -5.0,
                14.16372,
                -8.84693
              ],
              "size": [
                10.0,
                0.0,
                9.0
              ],
              "pivot": [
                0.0,
                14.16372,
                -4.34693
              ],
              "rotation": [
                -15.0,
                0.0,
                0.0
              ],
              "uv": [
                37,
                0
              ],
              "inflate": 0
            },
            {
              "origin": [
                -5.0,
                13.44732,
                -19.3613
              ],
              "size": [
                10.0,
                0.0,
                11.0
              ],
              "pivot": [
                0.0,
                13.44732,
                -13.8613
              ],
              "rotation": [
                20.0,
                0.0,
                0.0
              ],
              "uv": [
                0,
                26
              ],
              "inflate": 0
            }
          ],
          "parent": "Body"
        },
        {
          "name": "Rightarm",
          "pivot": [
            -7,
            9,
            9.6
          ],
          "cubes": [
            {
              "origin": [
                -15.39711,
                9.25,
                8.0
              ],
              "size": [
                11.0,
                3.0,
                3.0
              ],
              "pivot": [
                -9.89711,
                10.75,
                9.5
              ],
              "rotation": [
                0.0,
                0.0,
                30.0
              ],
              "uv": [
                30,
                45
              ],
              "inflate": 0
            },
            {
              "origin": [
                -20.88513,
                9.90995,
                8.5
              ],
              "size": [
                9.0,
                2.0,
                2.0
              ],
              "pivot": [
                -16.38513,
                10.90995,
                9.5
              ],
              "rotation": [
                0.0,
                0.0,
                -45.0
              ],
              "uv": [
                46,
                14
              ],
              "inflate": 0
            },
            {
              "origin": [
                -22.43692,
                3.19836,
                9.5
              ],
              "size": [
                10.0,
                2.0,
                0.0
              ],
              "pivot": [
                -17.43692,
                4.19836,
                9.5
              ],
              "rotation": [
                0.0,
                0.0,
                -112.5
              ],
              "uv": [
                51,
                30
              ],
              "inflate": 0
            }
          ],
          "parent": "Body"
        },
        {
          "name": "Leftarm",
          "pivot": [
            7,
            9,
            9.5
          ],
          "cubes": [
            {
              "origin": [
                4.39711,
                9.25,
                8.0
              ],
              "size": [
                11.0,
                3.0,
                3.0
              ],
              "pivot": [
                9.89711,
                10.75,
                9.5
              ],
              "rotation": [
                0.0,
                0.0,
                -30.0
              ],
              "uv": [
                30,
                45
              ],
              "inflate": 0,
              "mirror": true
            },
            {
              "origin": [
                11.88513,
                9.90995,
                8.5
              ],
              "size": [
                9.0,
                2.0,
                2.0
              ],
              "pivot": [
                16.38513,
                10.90995,
                9.5
              ],
              "rotation": [
                0.0,
                0.0,
                45.0
              ],
              "uv": [
                46,
                14
              ],
              "inflate": 0,
              "mirror": true
            },
            {
              "origin": [
                12.43692,
                3.19836,
                9.5
              ],
              "size": [
                10.0,
                2.0,
                0.0
              ],
              "pivot": [
                17.43692,
                4.19836,
                9.5
              ],
              "rotation": [
                0.0,
                0.0,
                112.5
              ],
              "uv": [
                51,
                30
              ],
              "inflate": 0,
              "mirror": true
            }
          ],
          "parent": "Body"
        },
        {
          "name": "Rightleg",
          "pivot": [
            -4.80139,
            8.5032,
            -4.5
          ],
          "cubes": [
            {
              "origin": [
                -15.33013,
                9.5,
                -6.0
              ],
              "size": [
                12.0,
                3.0,
                3.0
              ],
              "pivot": [
                -9.33013,
                11.0,
                -4.5
              ],
              "rotation": [
                0.0,
                0.0,
                30.0
              ],
              "uv": [
                0,
                45
              ],
              "inflate": 0
            },
            {
              "origin": [
                -21.73868,
                9.5564,
                -5.5
              ],
              "size": [
                10.0,
                2.0,
                2.0
              ],
              "pivot": [
                -16.73868,
                10.5564,
                -4.5
              ],
              "rotation": [
                0.0,
                0.0,
                -45.0
              ],
              "uv": [
                31,
                26
              ],
              "inflate": 0
            },
            {
              "origin": [
                -22.83537,
                2.9532,
                -4.5
              ],
              "size": [
                9.0,
                2.0,
                0.0
              ],
              "pivot": [
                -18.33537,
                3.9532,
                -4.5
              ],
              "rotation": [
                0.0,
                0.0,
                -112.5
              ],
              "uv": [
                0,
                15
              ],
              "inflate": 0
            }
          ],
          "parent": "Root",
          "rotation": [
            0,
            -40,
            0
          ]
        },
        {
          "name": "Leftleg",
          "pivot": [
            4.80139,
            8.5032,
            -4.5
          ],
          "cubes": [
            {
              "origin": [
                3.33013,
                9.5,
                -6.0
              ],
              "size": [
                12.0,
                3.0,
                3.0
              ],
              "pivot": [
                9.33013,
                11.0,
                -4.5
              ],
              "rotation": [
                0.0,
                0.0,
                -30.0
              ],
              "uv": [
                0,
                45
              ],
              "inflate": 0,
              "mirror": true
            },
            {
              "origin": [
                11.73868,
                9.5564,
                -5.5
              ],
              "size": [
                10.0,
                2.0,
                2.0
              ],
              "pivot": [
                16.73868,
                10.5564,
                -4.5
              ],
              "rotation": [
                0.0,
                0.0,
                45.0
              ],
              "uv": [
                31,
                26
              ],
              "inflate": 0,
              "mirror": true
            },
            {
              "origin": [
                13.83537,
                2.9532,
                -4.5
              ],
              "size": [
                9.0,
                2.0,
                0.0
              ],
              "pivot": [
                18.33537,
                3.9532,
                -4.5
              ],
              "rotation": [
                0.0,
                0.0,
                112.5
              ],
              "uv": [
                0,
                15
              ],
              "inflate": 0,
              "mirror": true
            }
          ],
          "parent": "Root",
          "rotation": [
            0,
            40,
            0
          ]
        }
      ]
    }
  ]
}