{
  "format_version": "1.12.0",
  "minecraft:geometry": [
    {
      "description": {
        "identifier": "geometry.yg_opila_bird",
        "texture_width": 128,
        "texture_height": 128,
        "visible_bounds_width": 4,
        "visible_bounds_height": 4.5,
        "visible_bounds_offset": [
          0,
          1.75,
          0
        ]
      },
      "bones": [
        {
          "name": "Root"
        },
        {
          "name": "Body",
          "pivot": [
            0,
            20,
            1
          ],
          "cubes": [
            {
              "origin": [
                -5.0,
                16.0,
                -6.0
              ],
              "size": [
                10.0,
                11.0,
                12.0
              ],
              "uv": [
                0,
                0
              ],
              "inflate": 0
            },
            {
              "origin": [
                -4.5,
                16.5,
                -8.0
              ],
              "size": [
                9.0,
                10.0,
                2.0
              ],
              "uv": [
                44,
                10
              ],
              "inflate": 0
            },
            {
              "origin": [
                -4.5,
                16.5,
                6.0
              ],
              "size": [
                9.0,
                10.0,
                3.0
              ],
              "uv": [
                32,
                37
              ],
              "inflate": 0
            },
            {
              "origin": [
                -3.5,
                17.32899,
                6.96985
              ],
              "size": [
                7.0,
                8.0,
                6.0
              ],
              "pivot": [
                0.0,
                21.32899,
                9.96985
              ],
              "rotation": [
                -20.0,
                0.0,
                0.0
              ],
              "uv": [
                32,
                23
              ],
              "inflate": 0
            },
            {
              "origin": [
                0.0,
                16.96744,
                12.11139
              ],
              "size": [
                0.0,
                6.0,
                7.0
              ],
              "pivot": [
                0.0,
                19.96744,
                15.61139
              ],
              "rotation": [
                -25.0,
                0.0,
                0.0
              ],
              "uv": [
                24,
                16
              ],
              "inflate": 0
            }
          ],
          "parent": "Root"
        },
        {
          "name": "Head",
          "pivot": [
            0,
            20,
            -4
          ],
          "cubes": [
            {
              "origin": [
                -4.0,
                20.0,
                -11.0
              ],
              "size": [
                8.0,
                18.0,
                8.0
              ],
              "uv": [
                0,
                23
              ],
              "inflate": 0
            },
            {
              "origin": [
                -4.0,
                34.0,
                -12.0
              ],
              "size": [
                3.0,
                3.0,
                2.0
              ],
              "pivot": [
                -2.5,
                35.5,
                -11.0
              ],
              "rotation": [
                0.0,
                12.5,
                0.0
              ],
              "uv": [
                10,
                49
              ],
              "inflate": 0
            },
            {
              "origin": [
                1.0,
                34.0,
                -12.0
              ],
              "size": [
                3.0,
                3.0,
                2.0
              ],
              "pivot": [
                2.5,
                35.5,
                -11.0
              ],
              "rotation": [
                0.0,
                -12.5,
                0.0
              ],
              "uv": [
                10,
                49
              ],
              "inflate": 0,
              "mirror": true
            },
            {
              "origin": [
                -3.79151,
                34.36,
                -12.25341
              ],
              "size": [
                2.28,
                2.28,
                1.14
              ],
              "pivot": [
                -2.65151,
                35.5,
                -11.68341
              ],
              "rotation": [
                0.0,
                12.5,
                0.0
              ],
              "uv": [
                0,
                28
              ],
              "inflate": 0
            },
            {
              "origin": [
                1.51151,
                34.36,
                -12.25341
              ],
              "size": [
                2.28,
                2.28,
                1.14
              ],
              "pivot": [
                2.65151,
                35.5,
                -11.68341
              ],
              "rotation": [
                0.0,
                -12.5,
                0.0
              ],
              "uv": [
                0,
                28
              ],
              "inflate": 0,
              "mirror": true
            },
            {
              "origin": [
                -3.0,
                30.0,
                -18.0
              ],
              "size": [
                6.0,
                3.0,
                7.0
              ],
              "uv": [
                32,
                0
              ],
              "inflate": 0
            },
            {
              "origin": [
                -2.34597,
                37.70462,
                -6.01279
              ],
              "size": [
                1.0,
                4.0,
                0.0
              ],
              "pivot": [
                -1.84597,
                39.70462,
                -6.01279
              ],
              "rotation": [
                -29.66569,
                -4.20854,
                -9.07947
              ],
              "uv": [
                8,
                5
              ],
              "inflate": 0
            },
            {
              "origin": [
                -0.5,
                37.76577,
                -5.94345
              ],
              "size": [
                1.0,
                5.0,
                0.0
              ],
              "pivot": [
                0.0,
                40.26577,
                -5.94345
              ],
              "rotation": [
                -25.0,
                0.0,
                0.0
              ],
              "uv": [
                8,
                0
              ],
              "inflate": 0
            },
            {
              "origin": [
                1.17282,
                37.67994,
                -5.92859
              ],
              "size": [
                1.0,
                4.0,
                0.0
              ],
              "pivot": [
                1.67282,
                39.67994,
                -5.92859
              ],
              "rotation": [
                -32.41643,
                2.11089,
                4.53359
              ],
              "uv": [
                8,
                5
              ],
              "inflate": 0
            }
          ],
          "parent": "Body"
        },
        {
          "name": "Jaw",
          "pivot": [
            0,
            29,
            -11.5
          ],
          "cubes": [
            {
              "origin": [
                -2.0,
                28.0,
                -16.0
              ],
              "size": [
                4.0,
                2.0,
                5.0
              ],
              "uv": [
                34,
                50
              ],
              "inflate": 0
            }
          ],
          "parent": "Head"
        },
        {
          "name": "Wing",
          "pivot": [
            -5,
            21.5,
            -3.75
          ],
          "cubes": [
            {
              "origin": [
                -7.0,
                18.0,
                -4.0
              ],
              "size": [
                2.0,
                7.0,
                6.0
              ],
              "uv": [
                0,
                49
              ],
              "inflate": 0
            },
            {
              "origin": [
                -7.0,
                19.0,
                2.0
              ],
              "size": [
                2.0,
                5.0,
                3.0
              ],
              "uv": [
                52,
                51
              ],
              "inflate": 0
            }
          ],
          "parent": "Body"
        },
        {
          "name": "Wing2",
          "pivot": [
            5,
            21.5,
            -3.75
          ],
          "cubes": [
            {
              "origin": [
                5.0,
                18.0,
                -4.0
              ],
              "size": [
                2.0,
                7.0,
                6.0
              ],
              "uv": [
                0,
                49
              ],
              "inflate": 0
            },
            {
              "origin": [
                5.0,
                19.0,
                2.0
              ],
              "size": [
                2.0,
                5.0,
                3.0
              ],
              "uv": [
                52,
                51
              ],
              "inflate": 0
            }
          ],
          "parent": "Body"
        },
        {
          "name": "Rightleg",
          "pivot": [
            -3,
            16.5,
            1
          ],
          "cubes": [
            {
              "origin": [
                -4.0,
                10.0,
                0.0
              ],
              "size": [
                2.0,
                7.0,
                2.0
              ],
              "uv": [
                16,
                57
              ],
              "inflate": 0
            },
            {
              "origin": [
                -4.14,
                13.79,
                -0.14
              ],
              "size": [
                2.28,
                3.42,
                2.28
              ],
              "uv": [
                0,
                23
              ],
              "inflate": 0
            }
          ],
          "parent": "Root"
        },
        {
          "name": "bone",
          "pivot": [
            -3,
            9.6,
            1
          ],
          "cubes": [
            {
              "origin": [
                -4.0,
                1.0,
                0.0
              ],
              "size": [
                2.0,
                9.0,
                2.0
              ],
              "uv": [
                0,
                0
              ],
              "inflate": 0
            },
            {
              "origin": [
                -4.18,
                -0.18,
                -0.18
              ],
              "size": [
                2.36,
                2.36,
                2.36
              ],
              "uv": [
                27,
                50
              ],
              "inflate": 0
            },
            {
              "origin": [
                -4.0,
                0.0,
                -5.0
              ],
              "size": [
                2.0,
                1.0,
                9.0
              ],
              "uv": [
                47,
                41
              ],
              "inflate": 0
            },
            {
              "origin": [
                -4.0,
                0.0,
                -5.0
              ],
              "size": [
                2.0,
                1.0,
                7.0
              ],
              "pivot": [
                -3.0,
                0.5,
                1.5
              ],
              "rotation": [
                0.0,
                22.5,
                0.0
              ],
              "uv": [
                16,
                49
              ],
              "inflate": 0
            },
            {
              "origin": [
                -4.0,
                0.0,
                -5.0
              ],
              "size": [
                2.0,
                1.0,
                7.0
              ],
              "pivot": [
                -3.0,
                0.5,
                1.5
              ],
              "rotation": [
                0.0,
                -22.5,
                0.0
              ],
              "uv": [
                16,
                49
              ],
              "inflate": 0
            }
          ],
          "parent": "Rightleg"
        },
        {
          "name": "Leftleg",
          "pivot": [
            3,
            16.5,
            1
          ],
          "cubes": [
            {
              "origin": [
                2.0,
                10.0,
                0.0
              ],
              "size": [
                2.0,
                7.0,
                2.0
              ],
              "uv": [
                16,
                57
              ],
              "inflate": 0
            },
            {
              "origin": [
                1.86,
                13.79,
                -0.14
              ],
              "size": [
                2.28,
                3.42,
                2.28
              ],
              "uv": [
                0,
                23
              ],
              "inflate": 0
            }
          ],
          "parent": "Root"
        },
        {
          "name": "bone2",
          "pivot": [
            3,
            9.6,
            1
          ],
          "cubes": [
            {
              "origin": [
                2.0,
                1.0,
                0.0
              ],
              "size": [
                2.0,
                9.0,
                2.0
              ],
              "uv": [
                0,
                0
              ],
              "inflate": 0
            },
            {
              "origin": [
                1.82,
                -0.18,
                -0.18
              ],
              "size": [
                2.36,
                2.36,
                2.36
              ],
              "uv": [
                27,
                50
              ],
              "inflate": 0
            },
            {
              "origin": [
                2.0,
                0.0,
                -5.0
              ],
              "size": [
                2.0,
                1.0,
                9.0
              ],
              "uv": [
                47,
                41
              ],
              "inflate": 0
            },
            {
              "origin": [
                2.0,
                0.0,
                -5.0
              ],
              "size": [
                2.0,
                1.0,
                7.0
              ],
              "pivot": [
                3.0,
                0.5,
                1.5
              ],
              "rotation": [
                0.0,
                22.5,
                0.0
              ],
              "uv": [
                16,
                49
              ],
              "inflate": 0
            },
            {
              "origin": [
                2.0,
                0.0,
                -5.0
              ],
              "size": [
                2.0,
                1.0,
                7.0
              ],
              "pivot": [
                3.0,
                0.5,
                1.5
              ],
              "rotation": [
                0.0,
                -22.5,
                0.0
              ],
              "uv": [
                16,
                49
              ],
              "inflate": 0
            }
          ],
          "parent": "Leftleg"
        }
      ]
    }
  ]
}