{
  "format_version": "1.12.0",
  "minecraft:geometry": [
    {
      "description": {
        "identifier": "geometry.yg_queen_bouncelia",
        "texture_width": 128,
        "texture_height": 128,
        "visible_bounds_width": 6,
        "visible_bounds_height": 4.5,
        "visible_bounds_offset": [
          0,
          1.75,
          0
        ]
      },
      "bones": [
        {
          "name": "Root"
        },
        {
          "name": "Body",
          "pivot": [
            0,
            18,
            9
          ],
          "cubes": [
            {
              "origin": [
                -3.0,
                17.53284,
                -10.32122
              ],
              "size": [
                6.0,
                13.0,
                6.0
              ],
              "pivot": [
                0.0,
                24.03284,
                -7.32122
              ],
              "rotation": [
                22.5,
                0.0,
                0.0
              ],
              "uv": [
                48,
                16
              ],
              "inflate": 0
            },
            {
              "origin": [
                -5.0,
                15.0,
                -8.0
              ],
              "size": [
                10.0,
                11.0,
                5.0
              ],
              "uv": [
                46,
                0
              ],
              "inflate": 0
            },
            {
              "origin": [
                -5.0,
                15.0,
                9.0
              ],
              "size": [
                10.0,
                11.0,
                3.0
              ],
              "uv": [
                0,
                58
              ],
              "inflate": 0
            },
            {
              "origin": [
                -3.5,
                15.77899,
                8.50761
              ],
              "size": [
                7.0,
                7.0,
                11.0
              ],
              "pivot": [
                0.0,
                19.27899,
                14.00761
              ],
              "rotation": [
                -25.0,
                0.0,
                0.0
              ],
              "uv": [
                23,
                24
              ],
              "inflate": 0
            },
            {
              "origin": [
                -2.5,
                13.23974,
                18.2316
              ],
              "size": [
                5.0,
                5.0,
                11.0
              ],
              "pivot": [
                0.0,
                15.73974,
                23.7316
              ],
              "rotation": [
                -15.0,
                0.0,
                0.0
              ],
              "uv": [
                32,
                42
              ],
              "inflate": 0
            },
            {
              "origin": [
                -1.5,
                13.13896,
                28.28287
              ],
              "size": [
                3.0,
                3.0,
                11.0
              ],
              "pivot": [
                0.0,
                14.63896,
                33.78287
              ],
              "rotation": [
                2.5,
                0.0,
                0.0
              ],
              "uv": [
                53,
                35
              ],
              "inflate": 0
            },
            {
              "origin": [
                -5.5,
                14.45,
                -3.25
              ],
              "size": [
                11.0,
                12.1,
                12.5
              ],
              "uv": [
                0,
                0
              ],
              "inflate": 0
            }
          ],
          "parent": "Root"
        },
        {
          "name": "Head",
          "pivot": [
            0,
            28,
            -9.5
          ],
          "cubes": [
            {
              "origin": [
                -4.0,
                28.0,
                -14.0
              ],
              "size": [
                8.0,
                8.0,
                8.0
              ],
              "uv": [
                0,
                42
              ],
              "inflate": 0
            },
            {
              "origin": [
                -4.42262,
                32.0,
                -14.90631
              ],
              "size": [
                3.0,
                3.0,
                2.0
              ],
              "pivot": [
                -2.92262,
                33.5,
                -13.90631
              ],
              "rotation": [
                0.0,
                25.0,
                0.0
              ],
              "uv": [
                40,
                58
              ],
              "inflate": 0
            },
            {
              "origin": [
                1.42262,
                32.0,
                -14.90631
              ],
              "size": [
                3.0,
                3.0,
                2.0
              ],
              "pivot": [
                2.92262,
                33.5,
                -13.90631
              ],
              "rotation": [
                0.0,
                -25.0,
                0.0
              ],
              "uv": [
                40,
                58
              ],
              "inflate": 0,
              "mirror": true
            },
            {
              "origin": [
                -4.35438,
                32.36,
                -15.20904
              ],
              "size": [
                2.28,
                2.28,
                1.14
              ],
              "pivot": [
                -3.21438,
                33.5,
                -14.63904
              ],
              "rotation": [
                0.0,
                25.0,
                0.0
              ],
              "uv": [
                0,
                33
              ],
              "inflate": 0
            },
            {
              "origin": [
                2.07438,
                32.36,
                -15.20904
              ],
              "size": [
                2.28,
                2.28,
                1.14
              ],
              "pivot": [
                3.21438,
                33.5,
                -14.63904
              ],
              "rotation": [
                0.0,
                -25.0,
                0.0
              ],
              "uv": [
                0,
                33
              ],
              "inflate": 0,
              "mirror": true
            },
            {
              "origin": [
                -3.0,
                36.0,
                -13.0
              ],
              "size": [
                6.0,
                5.0,
                6.0
              ],
              "uv": [
                46,
                58
              ],
              "inflate": 0
            },
            {
              "origin": [
                -6.0,
                33.0,
                -11.0
              ],
              "size": [
                3.0,
                7.0,
                1.0
              ],
              "pivot": [
                -4.5,
                36.5,
                -10.5
              ],
              "rotation": [
                0.0,
                0.0,
                -30.0
              ],
              "uv": [
                0,
                41
              ],
              "inflate": 0
            },
            {
              "origin": [
                3.0,
                33.0,
                -11.0
              ],
              "size": [
                3.0,
                7.0,
                1.0
              ],
              "pivot": [
                4.5,
                36.5,
                -10.5
              ],
              "rotation": [
                0.0,
                0.0,
                30.0
              ],
              "uv": [
                0,
                41
              ],
              "inflate": 0,
              "mirror": true
            },
            {
              "origin": [
                -2.7,
                29.88,
                -21.24
              ],
              "size": [
                5.4,
                3.24,
                7.48
              ],
              "uv": [
                63,
                62
              ],
              "inflate": 0
            },
            {
              "origin": [
                -0.826,
                32.7684,
                -21.3732
              ],
              "size": [
                1.652,
                1.4632,
                1.7464
              ],
              "uv": [
                16,
                33
              ],
              "inflate": 0
            },
            {
              "origin": [
                -2.5,
                28.0,
                -20.0
              ],
              "size": [
                5.0,
                2.0,
                6.0
              ],
              "uv": [
                0,
                33
              ],
              "inflate": 0
            }
          ],
          "parent": "Body"
        },
        {
          "name": "Rightarm",
          "pivot": [
            -4,
            19,
            -5.5
          ],
          "cubes": [
            {
              "origin": [
                -7.0,
                10.0,
                -7.0
              ],
              "size": [
                3.0,
                10.0,
                3.0
              ],
              "uv": [
                46,
                69
              ],
              "inflate": 0
            },
            {
              "origin": [
                -5.5,
                3.0,
                -19.0
              ],
              "size": [
                0.0,
                9.0,
                17.0
              ],
              "uv": [
                0,
                7
              ],
              "inflate": 0
            },
            {
              "origin": [
                -7.18,
                4.7,
                -7.7
              ],
              "size": [
                3.36,
                5.6,
                4.48
              ],
              "uv": [
                70,
                31
              ],
              "inflate": 0
            }
          ],
          "parent": "Body"
        },
        {
          "name": "Leftarm",
          "pivot": [
            4,
            19,
            -5.5
          ],
          "cubes": [
            {
              "origin": [
                4.0,
                10.0,
                -7.0
              ],
              "size": [
                3.0,
                10.0,
                3.0
              ],
              "uv": [
                46,
                69
              ],
              "inflate": 0,
              "mirror": true
            },
            {
              "origin": [
                3.82,
                4.7,
                -7.7
              ],
              "size": [
                3.36,
                5.6,
                4.48
              ],
              "uv": [
                70,
                31
              ],
              "inflate": 0,
              "mirror": true
            }
          ],
          "parent": "Body"
        },
        {
          "name": "Rightleg",
          "pivot": [
            -6,
            18,
            8
          ],
          "cubes": [
            {
              "origin": [
                -9.0,
                12.0,
                4.0
              ],
              "size": [
                4.0,
                9.0,
                6.0
              ],
              "pivot": [
                -7.0,
                16.5,
                7.0
              ],
              "rotation": [
                -40.0,
                0.0,
                0.0
              ],
              "uv": [
                26,
                58
              ],
              "inflate": 0
            },
            {
              "origin": [
                -8.5,
                7.45932,
                4.47688
              ],
              "size": [
                3.0,
                9.0,
                3.0
              ],
              "pivot": [
                -7.0,
                11.95932,
                5.97688
              ],
              "rotation": [
                25.0,
                0.0,
                0.0
              ],
              "uv": [
                0,
                0
              ],
              "inflate": 0
            },
            {
              "origin": [
                -8.0,
                0.86775,
                4.18908
              ],
              "size": [
                2.0,
                9.0,
                3.0
              ],
              "pivot": [
                -7.0,
                5.36775,
                5.68908
              ],
              "rotation": [
                -30.0,
                0.0,
                0.0
              ],
              "uv": [
                34,
                0
              ],
              "inflate": 0
            },
            {
              "origin": [
                -9.0,
                0.11775,
                -4.47598
              ],
              "size": [
                4.0,
                3.0,
                6.0
              ],
              "uv": [
                64,
                49
              ],
              "inflate": 0
            },
            {
              "origin": [
                -8.5,
                0.11775,
                1.52402
              ],
              "size": [
                3.0,
                3.0,
                4.0
              ],
              "uv": [
                24,
                42
              ],
              "inflate": 0
            }
          ],
          "parent": "Root"
        },
        {
          "name": "Leftleg",
          "pivot": [
            6,
            18,
            8
          ],
          "cubes": [
            {
              "origin": [
                5.0,
                12.0,
                4.0
              ],
              "size": [
                4.0,
                9.0,
                6.0
              ],
              "pivot": [
                7.0,
                16.5,
                7.0
              ],
              "rotation": [
                -40.0,
                0.0,
                0.0
              ],
              "uv": [
                26,
                58
              ],
              "inflate": 0,
              "mirror": true
            },
            {
              "origin": [
                5.5,
                7.45932,
                4.47688
              ],
              "size": [
                3.0,
                9.0,
                3.0
              ],
              "pivot": [
                7.0,
                11.95932,
                5.97688
              ],
              "rotation": [
                25.0,
                0.0,
                0.0
              ],
              "uv": [
                0,
                0
              ],
              "inflate": 0,
              "mirror": true
            },
            {
              "origin": [
                6.0,
                0.86775,
                4.18908
              ],
              "size": [
                2.0,
                9.0,
                3.0
              ],
              "pivot": [
                7.0,
                5.36775,
                5.68908
              ],
              "rotation": [
                -30.0,
                0.0,
                0.0
              ],
              "uv": [
                34,
                0
              ],
              "inflate": 0,
              "mirror": true
            },
            {
              "origin": [
                5.0,
                0.11775,
                -4.47598
              ],
              "size": [
                4.0,
                3.0,
                6.0
              ],
              "uv": [
                64,
                49
              ],
              "inflate": 0,
              "mirror": true
            },
            {
              "origin": [
                5.5,
                0.11775,
                1.52402
              ],
              "size": [
                3.0,
                3.0,
                4.0
              ],
              "uv": [
                24,
                42
              ],
              "inflate": 0,
              "mirror": true
            }
          ],
          "parent": "Root"
        }
      ]
    }
  ]
}