{
  "format_version": "1.12.0",
  "minecraft:geometry": [
    {
      "description": {
        "identifier": "geometry.yg_turtel_ball_bullet",
        "texture_width": 32,
        "texture_height": 32,
        "visible_bounds_width": 2,
        "visible_bounds_height": 1.5,
        "visible_bounds_offset": [
          0,
          0.25,
          0
        ]
      },
      "bones": [
        {
          "name": "Root",
          "pivot": [
            0,
            3,
            0
          ],
          "cubes": [
            {
              "origin": [
                -3.0,
                0.0,
                -3.0
              ],
              "size": [
                6.0,
                6.0,
                6.0
              ],
              "uv": [
                0,
                0
              ],
              "inflate": 0
            }
          ],
          "locators": {}
        }
      ]
    }
  ]
}