{
  "format_version": "1.8.0",
  "animations": {
    "animation.mr_tail_victor.move": {
      "loop": true,
      "animation_length": 1,
      "bones": {
        "LeftArm": {
          "rotation": {
            "0.0": [
              10,
              0,
              0
            ],
            "0.5": [
              -10,
              0,
              0
            ],
            "0.75": [
              0,
              0,
              0
            ],
            "1.0": [
              10,
              0,
              0
            ]
          },
          "position": {
            "0.0": [
              0,
              0,
              1
            ],
            "0.25": [
              0,
              1,
              0
            ],
            "0.5": [
              0,
              0,
              -1
            ],
            "1.0": [
              0,
              0,
              1
            ]
          }
        },
        "bone8": {
          "rotation": {
            "0.0": [
              5,
              0,
              0
            ],
            "0.25": [
              0,
              0,
              -10
            ],
            "0.5": [
              -4.58,
              0,
              0
            ],
            "1.0": [
              5,
              0,
              0
            ]
          }
        },
        "bone9": {
          "rotation": {
            "0.0": [
              0,
              0,
              0
            ],
            "0.25": [
              0,
              0,
              7.5
            ],
            "0.5": [
              0,
              0,
              0
            ],
            "1.0": [
              0,
              0,
              0
            ]
          }
        },
        "bone10": {
          "relative_to": {
            "rotation": "entity"
          },
          "rotation": [
            0,
            0,
            -5
          ]
        },
        "RightAtm": {
          "rotation": {
            "0.0": [
              -10,
              0,
              0
            ],
            "0.5": [
              7.5,
              0,
              0
            ],
            "0.75": [
              -1.25,
              0,
              0
            ],
            "1.0": [
              -10,
              0,
              0
            ]
          },
          "position": {
            "0.0": [
              0,
              0,
              -1
            ],
            "0.5": [
              0,
              0,
              1
            ],
            "0.75": [
              0,
              1,
              0
            ],
            "1.0": [
              0,
              0,
              -1
            ]
          }
        },
        "bone4": {
          "rotation": {
            "0.0": [
              -5,
              0,
              0
            ],
            "0.5": [
              5,
              0,
              0
            ],
            "0.75": [
              0,
              0,
              10
            ],
            "1.0": [
              -5,
              0,
              0
            ]
          }
        },
        "bone5": {
          "rotation": {
            "0.0": [
              0,
              0,
              0
            ],
            "0.5": [
              0,
              0,
              0
            ],
            "0.75": [
              0,
              0,
              -7.5
            ],
            "1.0": [
              0,
              0,
              0
            ]
          }
        },
        "bone6": {
          "relative_to": {
            "rotation": "entity"
          },
          "rotation": [
            0,
            0,
            5
          ]
        },
        "Body": {
          "rotation": {
            "0.0": [
              2.50238,
              2.49762,
              0.10912
            ],
            "0.25": [
              0,
              0,
              -2.5
            ],
            "0.5": [
              2.50238,
              -2.49762,
              -0.10912
            ],
            "0.75": [
              0,
              0,
              2.5
            ],
            "1.0": [
              2.50238,
              2.49762,
              0.10912
            ]
          },
          "position": {
            "0.0": [
              0,
              0,
              0
            ],
            "0.25": [
              0,
              1,
              0
            ],
            "0.5": [
              0,
              0,
              0
            ],
            "0.75": [
              0,
              1,
              0
            ],
            "1.0": [
              0,
              0,
              0
            ]
          }
        },
        "bone": {
          "rotation": {
            "0.0": [
              5,
              0,
              0
            ],
            "0.25": [
              0.65896,
              0.56919,
              -7.44608
            ],
            "0.5": [
              5,
              0,
              0
            ],
            "0.75": [
              0,
              0,
              7.5
            ],
            "1.0": [
              5,
              0,
              0
            ]
          }
        },
        "bone3": {
          "relative_to": {
            "rotation": "entity"
          },
          "rotation": [
            5,
            0,
            0
          ]
        },
        "bone2": {
          "rotation": {
            "0.0": [
              0,
              0,
              0
            ],
            "0.25": [
              0,
              12.5,
              -10
            ],
            "0.5": [
              0,
              0,
              0
            ],
            "0.75": [
              0,
              -5,
              12.5
            ],
            "1.0": [
              0,
              0,
              0
            ]
          }
        }
      }
    },
    "animation.mr_tail_victor.general": {
      "loop": true,
      "animation_length": 2,
      "bones": {
        "Body": {
          "rotation": {
            "0.0": [
              0,
              0,
              0
            ],
            "1.0": [
              2.5,
              0,
              0
            ],
            "2.0": [
              0,
              0,
              0
            ]
          },
          "position": {
            "0.0": [
              0,
              0,
              0
            ],
            "1.0": [
              0,
              -0.5,
              0
            ],
            "2.0": [
              0,
              0,
              0
            ]
          }
        },
        "bone": {
          "rotation": {
            "0.0": [
              0,
              0,
              0
            ],
            "0.5": [
              0.50541,
              0.36144,
              -2.41997
            ],
            "1.0": [
              0,
              0,
              0
            ],
            "1.5": [
              0,
              0,
              2.5
            ],
            "2.0": [
              0,
              0,
              0
            ]
          }
        }
      }
    }
  }
}