{
  "format_version": "1.12.0",
  "minecraft:geometry": [
    {
      "description": {
        "identifier": "geometry.ad_fen3",
        "texture_width": 8,
        "texture_height": 8,
        "visible_bounds_width": 4,
        "visible_bounds_height": 3.5,
        "visible_bounds_offset": [
          0,
          1.25,
          0
        ]
      },
      "bones": [
        {
          "name": "fence",
          "cubes": [
            {
              "origin": [
                -7.0,
                0.0,
                -1.0
              ],
              "size": [
                40.0,
                31.0,
                2.0
              ],
              "uv": {
                "north": {
                  "uv": [
                    8,
                    0
                  ],
                  "uv_size": [
                    0,
                    0
                  ]
                },
                "east": {
                  "uv": [
                    8,
                    0
                  ],
                  "uv_size": [
                    0,
                    0
                  ]
                },
                "south": {
                  "uv": [
                    8,
                    0
                  ],
                  "uv_size": [
                    0,
                    0
                  ]
                },
                "west": {
                  "uv": [
                    8,
                    0
                  ],
                  "uv_size": [
                    0,
                    0
                  ]
                },
                "up": {
                  "uv": [
                    8,
                    0
                  ],
                  "uv_size": [
                    0,
                    0
                  ]
                },
                "down": {
                  "uv": [
                    8,
                    0
                  ],
                  "uv_size": [
                    0,
                    0
                  ]
                }
              },
              "inflate": 0
            },
            {
              "origin": [
                34.0,
                0.0,
                -1.0
              ],
              "size": [
                4.0,
                16.0,
                2.0
              ],
              "uv": {
                "north": {
                  "uv": [
                    8,
                    0
                  ],
                  "uv_size": [
                    0,
                    0
                  ]
                },
                "east": {
                  "uv": [
                    8,
                    0
                  ],
                  "uv_size": [
                    0,
                    0
                  ]
                },
                "south": {
                  "uv": [
                    8,
                    0
                  ],
                  "uv_size": [
                    0,
                    0
                  ]
                },
                "west": {
                  "uv": [
                    8,
                    0
                  ],
                  "uv_size": [
                    0,
                    0
                  ]
                },
                "up": {
                  "uv": [
                    8,
                    0
                  ],
                  "uv_size": [
                    0,
                    0
                  ]
                },
                "down": {
                  "uv": [
                    8,
                    0
                  ],
                  "uv_size": [
                    0,
                    0
                  ]
                }
              },
              "inflate": 0
            },
            {
              "origin": [
                34.0,
                29.0,
                -1.0
              ],
              "size": [
                4.0,
                2.0,
                2.0
              ],
              "uv": {
                "north": {
                  "uv": [
                    8,
                    0
                  ],
                  "uv_size": [
                    0,
                    0
                  ]
                },
                "east": {
                  "uv": [
                    8,
                    0
                  ],
                  "uv_size": [
                    0,
                    0
                  ]
                },
                "south": {
                  "uv": [
                    8,
                    0
                  ],
                  "uv_size": [
                    0,
                    0
                  ]
                },
                "west": {
                  "uv": [
                    8,
                    0
                  ],
                  "uv_size": [
                    0,
                    0
                  ]
                },
                "up": {
                  "uv": [
                    8,
                    0
                  ],
                  "uv_size": [
                    0,
                    0
                  ]
                },
                "down": {
                  "uv": [
                    8,
                    0
                  ],
                  "uv_size": [
                    0,
                    0
                  ]
                }
              },
              "inflate": 0
            },
            {
              "origin": [
                -8.0,
                0.0,
                -2.0
              ],
              "size": [
                2.0,
                32.0,
                4.0
              ],
              "uv": {
                "north": {
                  "uv": [
                    0,
                    4
                  ],
                  "uv_size": [
                    0,
                    0
                  ]
                },
                "east": {
                  "uv": [
                    0,
                    4
                  ],
                  "uv_size": [
                    0,
                    0
                  ]
                },
                "south": {
                  "uv": [
                    0,
                    4
                  ],
                  "uv_size": [
                    0,
                    0
                  ]
                },
                "west": {
                  "uv": [
                    0,
                    4
                  ],
                  "uv_size": [
                    0,
                    0
                  ]
                },
                "up": {
                  "uv": [
                    0,
                    4
                  ],
                  "uv_size": [
                    0,
                    0
                  ]
                },
                "down": {
                  "uv": [
                    0,
                    4
                  ],
                  "uv_size": [
                    0,
                    0
                  ]
                }
              },
              "inflate": 0
            },
            {
              "origin": [
                -7.0,
                32.0,
                -2.0
              ],
              "size": [
                46.0,
                1.0,
                4.0
              ],
              "uv": {
                "north": {
                  "uv": [
                    0,
                    4
                  ],
                  "uv_size": [
                    0,
                    0
                  ]
                },
                "east": {
                  "uv": [
                    0,
                    4
                  ],
                  "uv_size": [
                    0,
                    0
                  ]
                },
                "south": {
                  "uv": [
                    0,
                    4
                  ],
                  "uv_size": [
                    0,
                    0
                  ]
                },
                "west": {
                  "uv": [
                    0,
                    4
                  ],
                  "uv_size": [
                    0,
                    0
                  ]
                },
                "up": {
                  "uv": [
                    0,
                    4
                  ],
                  "uv_size": [
                    0,
                    0
                  ]
                },
                "down": {
                  "uv": [
                    0,
                    4
                  ],
                  "uv_size": [
                    0,
                    0
                  ]
                }
              },
              "inflate": 0
            },
            {
              "origin": [
                -3.0,
                0.0,
                -2.0
              ],
              "size": [
                2.0,
                32.0,
                4.0
              ],
              "uv": {
                "north": {
                  "uv": [
                    5,
                    1
                  ],
                  "uv_size": [
                    0,
                    0
                  ]
                },
                "east": {
                  "uv": [
                    5,
                    1
                  ],
                  "uv_size": [
                    0,
                    0
                  ]
                },
                "south": {
                  "uv": [
                    5,
                    1
                  ],
                  "uv_size": [
                    0,
                    0
                  ]
                },
                "west": {
                  "uv": [
                    5,
                    1
                  ],
                  "uv_size": [
                    0,
                    0
                  ]
                },
                "up": {
                  "uv": [
                    5,
                    1
                  ],
                  "uv_size": [
                    0,
                    0
                  ]
                },
                "down": {
                  "uv": [
                    5,
                    1
                  ],
                  "uv_size": [
                    0,
                    0
                  ]
                }
              },
              "inflate": 0
            },
            {
              "origin": [
                2.0,
                0.0,
                -2.0
              ],
              "size": [
                2.0,
                32.0,
                4.0
              ],
              "uv": {
                "north": {
                  "uv": [
                    5,
                    1
                  ],
                  "uv_size": [
                    0,
                    0
                  ]
                },
                "east": {
                  "uv": [
                    5,
                    1
                  ],
                  "uv_size": [
                    0,
                    0
                  ]
                },
                "south": {
                  "uv": [
                    5,
                    1
                  ],
                  "uv_size": [
                    0,
                    0
                  ]
                },
                "west": {
                  "uv": [
                    5,
                    1
                  ],
                  "uv_size": [
                    0,
                    0
                  ]
                },
                "up": {
                  "uv": [
                    5,
                    1
                  ],
                  "uv_size": [
                    0,
                    0
                  ]
                },
                "down": {
                  "uv": [
                    5,
                    1
                  ],
                  "uv_size": [
                    0,
                    0
                  ]
                }
              },
              "inflate": 0
            },
            {
              "origin": [
                7.0,
                0.0,
                -2.0
              ],
              "size": [
                2.0,
                32.0,
                4.0
              ],
              "uv": {
                "north": {
                  "uv": [
                    5,
                    1
                  ],
                  "uv_size": [
                    0,
                    0
                  ]
                },
                "east": {
                  "uv": [
                    5,
                    1
                  ],
                  "uv_size": [
                    0,
                    0
                  ]
                },
                "south": {
                  "uv": [
                    5,
                    1
                  ],
                  "uv_size": [
                    0,
                    0
                  ]
                },
                "west": {
                  "uv": [
                    5,
                    1
                  ],
                  "uv_size": [
                    0,
                    0
                  ]
                },
                "up": {
                  "uv": [
                    5,
                    1
                  ],
                  "uv_size": [
                    0,
                    0
                  ]
                },
                "down": {
                  "uv": [
                    5,
                    1
                  ],
                  "uv_size": [
                    0,
                    0
                  ]
                }
              },
              "inflate": 0
            },
            {
              "origin": [
                12.0,
                0.0,
                -2.0
              ],
              "size": [
                2.0,
                32.0,
                4.0
              ],
              "uv": {
                "north": {
                  "uv": [
                    5,
                    1
                  ],
                  "uv_size": [
                    0,
                    0
                  ]
                },
                "east": {
                  "uv": [
                    5,
                    1
                  ],
                  "uv_size": [
                    0,
                    0
                  ]
                },
                "south": {
                  "uv": [
                    5,
                    1
                  ],
                  "uv_size": [
                    0,
                    0
                  ]
                },
                "west": {
                  "uv": [
                    5,
                    1
                  ],
                  "uv_size": [
                    0,
                    0
                  ]
                },
                "up": {
                  "uv": [
                    5,
                    1
                  ],
                  "uv_size": [
                    0,
                    0
                  ]
                },
                "down": {
                  "uv": [
                    5,
                    1
                  ],
                  "uv_size": [
                    0,
                    0
                  ]
                }
              },
              "inflate": 0
            },
            {
              "origin": [
                17.0,
                0.0,
                -2.0
              ],
              "size": [
                2.0,
                32.0,
                4.0
              ],
              "uv": {
                "north": {
                  "uv": [
                    5,
                    1
                  ],
                  "uv_size": [
                    0,
                    0
                  ]
                },
                "east": {
                  "uv": [
                    5,
                    1
                  ],
                  "uv_size": [
                    0,
                    0
                  ]
                },
                "south": {
                  "uv": [
                    5,
                    1
                  ],
                  "uv_size": [
                    0,
                    0
                  ]
                },
                "west": {
                  "uv": [
                    5,
                    1
                  ],
                  "uv_size": [
                    0,
                    0
                  ]
                },
                "up": {
                  "uv": [
                    5,
                    1
                  ],
                  "uv_size": [
                    0,
                    0
                  ]
                },
                "down": {
                  "uv": [
                    5,
                    1
                  ],
                  "uv_size": [
                    0,
                    0
                  ]
                }
              },
              "inflate": 0
            },
            {
              "origin": [
                22.0,
                0.0,
                -2.0
              ],
              "size": [
                2.0,
                32.0,
                4.0
              ],
              "uv": {
                "north": {
                  "uv": [
                    5,
                    1
                  ],
                  "uv_size": [
                    0,
                    0
                  ]
                },
                "east": {
                  "uv": [
                    5,
                    1
                  ],
                  "uv_size": [
                    0,
                    0
                  ]
                },
                "south": {
                  "uv": [
                    5,
                    1
                  ],
                  "uv_size": [
                    0,
                    0
                  ]
                },
                "west": {
                  "uv": [
                    5,
                    1
                  ],
                  "uv_size": [
                    0,
                    0
                  ]
                },
                "up": {
                  "uv": [
                    5,
                    1
                  ],
                  "uv_size": [
                    0,
                    0
                  ]
                },
                "down": {
                  "uv": [
                    5,
                    1
                  ],
                  "uv_size": [
                    0,
                    0
                  ]
                }
              },
              "inflate": 0
            },
            {
              "origin": [
                27.0,
                0.0,
                -2.0
              ],
              "size": [
                2.0,
                32.0,
                4.0
              ],
              "uv": {
                "north": {
                  "uv": [
                    5,
                    1
                  ],
                  "uv_size": [
                    0,
                    0
                  ]
                },
                "east": {
                  "uv": [
                    5,
                    1
                  ],
                  "uv_size": [
                    0,
                    0
                  ]
                },
                "south": {
                  "uv": [
                    5,
                    1
                  ],
                  "uv_size": [
                    0,
                    0
                  ]
                },
                "west": {
                  "uv": [
                    5,
                    1
                  ],
                  "uv_size": [
                    0,
                    0
                  ]
                },
                "up": {
                  "uv": [
                    5,
                    1
                  ],
                  "uv_size": [
                    0,
                    0
                  ]
                },
                "down": {
                  "uv": [
                    5,
                    1
                  ],
                  "uv_size": [
                    0,
                    0
                  ]
                }
              },
              "inflate": 0
            },
            {
              "origin": [
                32.0,
                0.0,
                -2.0
              ],
              "size": [
                2.0,
                32.0,
                4.0
              ],
              "uv": {
                "north": {
                  "uv": [
                    5,
                    1
                  ],
                  "uv_size": [
                    0,
                    0
                  ]
                },
                "east": {
                  "uv": [
                    5,
                    1
                  ],
                  "uv_size": [
                    0,
                    0
                  ]
                },
                "south": {
                  "uv": [
                    5,
                    1
                  ],
                  "uv_size": [
                    0,
                    0
                  ]
                },
                "west": {
                  "uv": [
                    5,
                    1
                  ],
                  "uv_size": [
                    0,
                    0
                  ]
                },
                "up": {
                  "uv": [
                    5,
                    1
                  ],
                  "uv_size": [
                    0,
                    0
                  ]
                },
                "down": {
                  "uv": [
                    5,
                    1
                  ],
                  "uv_size": [
                    0,
                    0
                  ]
                }
              },
              "inflate": 0
            },
            {
              "origin": [
                38.0,
                0.0,
                -2.0
              ],
              "size": [
                2.0,
                32.0,
                4.0
              ],
              "uv": {
                "north": {
                  "uv": [
                    0,
                    6
                  ],
                  "uv_size": [
                    0,
                    -1
                  ]
                },
                "east": {
                  "uv": [
                    0,
                    6
                  ],
                  "uv_size": [
                    0,
                    -1
                  ]
                },
                "south": {
                  "uv": [
                    0,
                    6
                  ],
                  "uv_size": [
                    0,
                    -1
                  ]
                },
                "west": {
                  "uv": [
                    0,
                    6
                  ],
                  "uv_size": [
                    0,
                    -1
                  ]
                },
                "up": {
                  "uv": [
                    0,
                    5
                  ],
                  "uv_size": [
                    0,
                    1
                  ]
                },
                "down": {
                  "uv": [
                    0,
                    5
                  ],
                  "uv_size": [
                    0,
                    1
                  ]
                }
              },
              "inflate": 0
            }
          ]
        },
        {
          "name": "0",
          "parent": "fence"
        },
        {
          "name": "octagon3",
          "pivot": [
            35,
            28,
            0
          ],
          "cubes": [
            {
              "origin": [
                34.37868,
                28.5,
                -1.0
              ],
              "size": [
                3.24264,
                1.0,
                2.0
              ],
              "uv": {
                "north": {
                  "uv": [
                    8,
                    0
                  ],
                  "uv_size": [
                    0,
                    0
                  ]
                },
                "east": {
                  "uv": [
                    8,
                    0
                  ],
                  "uv_size": [
                    0,
                    0
                  ]
                },
                "south": {
                  "uv": [
                    8,
                    0
                  ],
                  "uv_size": [
                    0,
                    0
                  ]
                },
                "west": {
                  "uv": [
                    8,
                    0
                  ],
                  "uv_size": [
                    0,
                    0
                  ]
                },
                "up": {
                  "uv": [
                    8,
                    0
                  ],
                  "uv_size": [
                    0,
                    0
                  ]
                },
                "down": {
                  "uv": [
                    8,
                    0
                  ],
                  "uv_size": [
                    0,
                    0
                  ]
                }
              },
              "inflate": 0
            },
            {
              "origin": [
                33.5,
                27.37868,
                -1.0
              ],
              "size": [
                1.0,
                1.24264,
                2.0
              ],
              "pivot": [
                35.0,
                28.0,
                0.0
              ],
              "rotation": [
                0.0,
                0.0,
                45.0
              ],
              "uv": {
                "north": {
                  "uv": [
                    8,
                    0
                  ],
                  "uv_size": [
                    0,
                    0
                  ]
                },
                "east": {
                  "uv": [
                    8,
                    0
                  ],
                  "uv_size": [
                    0,
                    0
                  ]
                },
                "south": {
                  "uv": [
                    8,
                    0
                  ],
                  "uv_size": [
                    0,
                    0
                  ]
                },
                "west": {
                  "uv": [
                    8,
                    0
                  ],
                  "uv_size": [
                    0,
                    0
                  ]
                },
                "up": {
                  "uv": [
                    8,
                    0
                  ],
                  "uv_size": [
                    0,
                    0
                  ]
                },
                "down": {
                  "uv": [
                    8,
                    0
                  ],
                  "uv_size": [
                    0,
                    0
                  ]
                }
              },
              "inflate": 0
            }
          ],
          "parent": "0"
        },
        {
          "name": "octagon4",
          "pivot": [
            35,
            17,
            0
          ],
          "cubes": [
            {
              "origin": [
                34.37868,
                15.5,
                -1.0
              ],
              "size": [
                1.24264,
                1.0,
                2.0
              ],
              "pivot": [
                35.0,
                17.0,
                0.0
              ],
              "rotation": [
                0.0,
                0.0,
                45.0
              ],
              "uv": {
                "north": {
                  "uv": [
                    8,
                    0
                  ],
                  "uv_size": [
                    0,
                    0
                  ]
                },
                "east": {
                  "uv": [
                    8,
                    0
                  ],
                  "uv_size": [
                    0,
                    0
                  ]
                },
                "south": {
                  "uv": [
                    8,
                    0
                  ],
                  "uv_size": [
                    0,
                    0
                  ]
                },
                "west": {
                  "uv": [
                    8,
                    0
                  ],
                  "uv_size": [
                    0,
                    0
                  ]
                },
                "up": {
                  "uv": [
                    8,
                    0
                  ],
                  "uv_size": [
                    0,
                    0
                  ]
                },
                "down": {
                  "uv": [
                    8,
                    0
                  ],
                  "uv_size": [
                    0,
                    0
                  ]
                }
              },
              "inflate": 0
            },
            {
              "origin": [
                33.5,
                16.37868,
                -1.0
              ],
              "size": [
                1.0,
                12.24264,
                2.0
              ],
              "uv": {
                "north": {
                  "uv": [
                    8,
                    0
                  ],
                  "uv_size": [
                    0,
                    0
                  ]
                },
                "east": {
                  "uv": [
                    8,
                    0
                  ],
                  "uv_size": [
                    0,
                    0
                  ]
                },
                "south": {
                  "uv": [
                    8,
                    0
                  ],
                  "uv_size": [
                    0,
                    0
                  ]
                },
                "west": {
                  "uv": [
                    8,
                    0
                  ],
                  "uv_size": [
                    0,
                    0
                  ]
                },
                "up": {
                  "uv": [
                    8,
                    0
                  ],
                  "uv_size": [
                    0,
                    0
                  ]
                },
                "down": {
                  "uv": [
                    8,
                    0
                  ],
                  "uv_size": [
                    0,
                    0
                  ]
                }
              },
              "inflate": 0
            }
          ],
          "parent": "0"
        },
        {
          "name": "octagon2",
          "pivot": [
            37,
            28,
            0
          ],
          "cubes": [
            {
              "origin": [
                36.37868,
                28.5,
                -1.0
              ],
              "size": [
                1.24264,
                1.0,
                2.0
              ],
              "pivot": [
                37.0,
                28.0,
                0.0
              ],
              "rotation": [
                0.0,
                0.0,
                45.0
              ],
              "uv": {
                "north": {
                  "uv": [
                    8,
                    0
                  ],
                  "uv_size": [
                    0,
                    0
                  ]
                },
                "east": {
                  "uv": [
                    8,
                    0
                  ],
                  "uv_size": [
                    0,
                    0
                  ]
                },
                "south": {
                  "uv": [
                    8,
                    0
                  ],
                  "uv_size": [
                    0,
                    0
                  ]
                },
                "west": {
                  "uv": [
                    8,
                    0
                  ],
                  "uv_size": [
                    0,
                    0
                  ]
                },
                "up": {
                  "uv": [
                    8,
                    0
                  ],
                  "uv_size": [
                    0,
                    0
                  ]
                },
                "down": {
                  "uv": [
                    8,
                    0
                  ],
                  "uv_size": [
                    0,
                    0
                  ]
                }
              },
              "inflate": 0
            },
            {
              "origin": [
                37.5,
                16.37868,
                -1.0
              ],
              "size": [
                1.0,
                12.24264,
                2.0
              ],
              "uv": {
                "north": {
                  "uv": [
                    8,
                    0
                  ],
                  "uv_size": [
                    0,
                    0
                  ]
                },
                "east": {
                  "uv": [
                    8,
                    0
                  ],
                  "uv_size": [
                    0,
                    0
                  ]
                },
                "south": {
                  "uv": [
                    8,
                    0
                  ],
                  "uv_size": [
                    0,
                    0
                  ]
                },
                "west": {
                  "uv": [
                    8,
                    0
                  ],
                  "uv_size": [
                    0,
                    0
                  ]
                },
                "up": {
                  "uv": [
                    8,
                    0
                  ],
                  "uv_size": [
                    0,
                    0
                  ]
                },
                "down": {
                  "uv": [
                    8,
                    0
                  ],
                  "uv_size": [
                    0,
                    0
                  ]
                }
              },
              "inflate": 0
            }
          ],
          "parent": "0"
        },
        {
          "name": "octagon",
          "pivot": [
            37,
            17,
            0
          ],
          "cubes": [
            {
              "origin": [
                34.37868,
                15.5,
                -1.0
              ],
              "size": [
                3.24264,
                1.0,
                2.0
              ],
              "uv": {
                "north": {
                  "uv": [
                    8,
                    0
                  ],
                  "uv_size": [
                    0,
                    0
                  ]
                },
                "east": {
                  "uv": [
                    8,
                    0
                  ],
                  "uv_size": [
                    0,
                    0
                  ]
                },
                "south": {
                  "uv": [
                    8,
                    0
                  ],
                  "uv_size": [
                    0,
                    0
                  ]
                },
                "west": {
                  "uv": [
                    8,
                    0
                  ],
                  "uv_size": [
                    0,
                    0
                  ]
                },
                "up": {
                  "uv": [
                    8,
                    0
                  ],
                  "uv_size": [
                    0,
                    0
                  ]
                },
                "down": {
                  "uv": [
                    8,
                    0
                  ],
                  "uv_size": [
                    0,
                    0
                  ]
                }
              },
              "inflate": 0
            },
            {
              "origin": [
                37.5,
                16.37868,
                -1.0
              ],
              "size": [
                1.0,
                1.24264,
                2.0
              ],
              "pivot": [
                37.0,
                17.0,
                0.0
              ],
              "rotation": [
                0.0,
                0.0,
                45.0
              ],
              "uv": {
                "north": {
                  "uv": [
                    8,
                    0
                  ],
                  "uv_size": [
                    0,
                    0
                  ]
                },
                "east": {
                  "uv": [
                    8,
                    0
                  ],
                  "uv_size": [
                    0,
                    0
                  ]
                },
                "south": {
                  "uv": [
                    8,
                    0
                  ],
                  "uv_size": [
                    0,
                    0
                  ]
                },
                "west": {
                  "uv": [
                    8,
                    0
                  ],
                  "uv_size": [
                    0,
                    0
                  ]
                },
                "up": {
                  "uv": [
                    8,
                    0
                  ],
                  "uv_size": [
                    0,
                    0
                  ]
                },
                "down": {
                  "uv": [
                    8,
                    0
                  ],
                  "uv_size": [
                    0,
                    0
                  ]
                }
              },
              "inflate": 0
            }
          ],
          "parent": "0"
        }
      ]
    }
  ]
}