{
  "format_version": "1.12.0",
  "minecraft:geometry": [
    {
      "description": {
        "identifier": "geometry.ad_fen1",
        "texture_width": 8,
        "texture_height": 8,
        "visible_bounds_width": 2,
        "visible_bounds_height": 2.5,
        "visible_bounds_offset": [
          0,
          0.75,
          0
        ]
      },
      "bones": [
        {
          "name": "Fence",
          "pivot": [
            0,
            0,
            1
          ],
          "cubes": [
            {
              "origin": [
                -7.0,
                0.0,
                -3.5
              ],
              "size": [
                30.0,
                4.0,
                7.0
              ],
              "uv": {
                "north": {
                  "uv": [
                    0,
                    0
                  ],
                  "uv_size": [
                    0,
                    0
                  ]
                },
                "east": {
                  "uv": [
                    0,
                    0
                  ],
                  "uv_size": [
                    0,
                    0
                  ]
                },
                "south": {
                  "uv": [
                    0,
                    0
                  ],
                  "uv_size": [
                    0,
                    0
                  ]
                },
                "west": {
                  "uv": [
                    0,
                    0
                  ],
                  "uv_size": [
                    0,
                    0
                  ]
                },
                "up": {
                  "uv": [
                    0,
                    0
                  ],
                  "uv_size": [
                    0,
                    0
                  ]
                },
                "down": {
                  "uv": [
                    0,
                    0
                  ],
                  "uv_size": [
                    0,
                    0
                  ]
                }
              },
              "inflate": 0
            },
            {
              "origin": [
                -7.0,
                4.0,
                -2.5
              ],
              "size": [
                30.0,
                12.0,
                5.0
              ],
              "uv": {
                "north": {
                  "uv": [
                    8,
                    0
                  ],
                  "uv_size": [
                    0,
                    0
                  ]
                },
                "east": {
                  "uv": [
                    8,
                    0
                  ],
                  "uv_size": [
                    0,
                    0
                  ]
                },
                "south": {
                  "uv": [
                    8,
                    0
                  ],
                  "uv_size": [
                    0,
                    0
                  ]
                },
                "west": {
                  "uv": [
                    8,
                    0
                  ],
                  "uv_size": [
                    0,
                    0
                  ]
                },
                "up": {
                  "uv": [
                    8,
                    0
                  ],
                  "uv_size": [
                    0,
                    0
                  ]
                },
                "down": {
                  "uv": [
                    8,
                    0
                  ],
                  "uv_size": [
                    0,
                    0
                  ]
                }
              },
              "inflate": 0
            },
            {
              "origin": [
                -8.0,
                0.0,
                -4.5
              ],
              "size": [
                4.0,
                18.0,
                9.0
              ],
              "uv": {
                "north": {
                  "uv": [
                    3,
                    0
                  ],
                  "uv_size": [
                    0,
                    0
                  ]
                },
                "east": {
                  "uv": [
                    3,
                    0
                  ],
                  "uv_size": [
                    0,
                    0
                  ]
                },
                "south": {
                  "uv": [
                    3,
                    0
                  ],
                  "uv_size": [
                    0,
                    0
                  ]
                },
                "west": {
                  "uv": [
                    3,
                    0
                  ],
                  "uv_size": [
                    0,
                    0
                  ]
                },
                "up": {
                  "uv": [
                    3,
                    0
                  ],
                  "uv_size": [
                    0,
                    0
                  ]
                },
                "down": {
                  "uv": [
                    3,
                    0
                  ],
                  "uv_size": [
                    0,
                    0
                  ]
                }
              },
              "inflate": 0
            },
            {
              "origin": [
                20.0,
                0.0,
                -4.5
              ],
              "size": [
                4.0,
                18.0,
                9.0
              ],
              "uv": {
                "north": {
                  "uv": [
                    3,
                    0
                  ],
                  "uv_size": [
                    0,
                    0
                  ]
                },
                "east": {
                  "uv": [
                    3,
                    0
                  ],
                  "uv_size": [
                    0,
                    0
                  ]
                },
                "south": {
                  "uv": [
                    3,
                    0
                  ],
                  "uv_size": [
                    0,
                    0
                  ]
                },
                "west": {
                  "uv": [
                    3,
                    0
                  ],
                  "uv_size": [
                    0,
                    0
                  ]
                },
                "up": {
                  "uv": [
                    3,
                    0
                  ],
                  "uv_size": [
                    0,
                    0
                  ]
                },
                "down": {
                  "uv": [
                    3,
                    0
                  ],
                  "uv_size": [
                    0,
                    0
                  ]
                }
              },
              "inflate": 0
            }
          ]
        }
      ]
    }
  ]
}