{
  "format_version": "1.12.0",
  "minecraft:geometry": [
    {
      "description": {
        "identifier": "geometry.ad_fen2",
        "texture_width": 8,
        "texture_height": 8,
        "visible_bounds_width": 2,
        "visible_bounds_height": 2.5,
        "visible_bounds_offset": [
          0,
          0.75,
          0
        ]
      },
      "bones": [
        {
          "name": "Fence",
          "pivot": [
            0,
            0,
            1
          ],
          "cubes": [
            {
              "origin": [
                -7.0,
                0.0,
                -3.5
              ],
              "size": [
                30.0,
                4.0,
                7.0
              ],
              "uv": {
                "north": {
                  "uv": [
                    0,
                    0
                  ],
                  "uv_size": [
                    0,
                    0
                  ]
                },
                "east": {
                  "uv": [
                    0,
                    0
                  ],
                  "uv_size": [
                    0,
                    0
                  ]
                },
                "south": {
                  "uv": [
                    0,
                    0
                  ],
                  "uv_size": [
                    0,
                    0
                  ]
                },
                "west": {
                  "uv": [
                    0,
                    0
                  ],
                  "uv_size": [
                    0,
                    0
                  ]
                },
                "up": {
                  "uv": [
                    0,
                    0
                  ],
                  "uv_size": [
                    0,
                    0
                  ]
                },
                "down": {
                  "uv": [
                    0,
                    0
                  ],
                  "uv_size": [
                    0,
                    0
                  ]
                }
              },
              "inflate": 0
            },
            {
              "origin": [
                -7.0,
                4.0,
                -2.5
              ],
              "size": [
                30.0,
                2.0,
                5.0
              ],
              "uv": {
                "north": {
                  "uv": [
                    8,
                    0
                  ],
                  "uv_size": [
                    0,
                    0
                  ]
                },
                "east": {
                  "uv": [
                    8,
                    0
                  ],
                  "uv_size": [
                    0,
                    0
                  ]
                },
                "south": {
                  "uv": [
                    8,
                    0
                  ],
                  "uv_size": [
                    0,
                    0
                  ]
                },
                "west": {
                  "uv": [
                    8,
                    0
                  ],
                  "uv_size": [
                    0,
                    0
                  ]
                },
                "up": {
                  "uv": [
                    8,
                    0
                  ],
                  "uv_size": [
                    0,
                    0
                  ]
                },
                "down": {
                  "uv": [
                    8,
                    0
                  ],
                  "uv_size": [
                    0,
                    0
                  ]
                }
              },
              "inflate": 0
            },
            {
              "origin": [
                -7.0,
                6.0,
                -2.5
              ],
              "size": [
                5.0,
                8.0,
                5.0
              ],
              "uv": {
                "north": {
                  "uv": [
                    8,
                    0
                  ],
                  "uv_size": [
                    0,
                    0
                  ]
                },
                "east": {
                  "uv": [
                    8,
                    0
                  ],
                  "uv_size": [
                    0,
                    0
                  ]
                },
                "south": {
                  "uv": [
                    8,
                    0
                  ],
                  "uv_size": [
                    0,
                    0
                  ]
                },
                "west": {
                  "uv": [
                    8,
                    0
                  ],
                  "uv_size": [
                    0,
                    0
                  ]
                },
                "up": {
                  "uv": [
                    8,
                    0
                  ],
                  "uv_size": [
                    0,
                    0
                  ]
                },
                "down": {
                  "uv": [
                    8,
                    0
                  ],
                  "uv_size": [
                    0,
                    0
                  ]
                }
              },
              "inflate": 0
            },
            {
              "origin": [
                18.0,
                6.0,
                -2.5
              ],
              "size": [
                2.0,
                8.0,
                5.0
              ],
              "uv": {
                "north": {
                  "uv": [
                    8,
                    0
                  ],
                  "uv_size": [
                    0,
                    0
                  ]
                },
                "east": {
                  "uv": [
                    8,
                    0
                  ],
                  "uv_size": [
                    0,
                    0
                  ]
                },
                "south": {
                  "uv": [
                    8,
                    0
                  ],
                  "uv_size": [
                    0,
                    0
                  ]
                },
                "west": {
                  "uv": [
                    8,
                    0
                  ],
                  "uv_size": [
                    0,
                    0
                  ]
                },
                "up": {
                  "uv": [
                    8,
                    0
                  ],
                  "uv_size": [
                    0,
                    0
                  ]
                },
                "down": {
                  "uv": [
                    8,
                    0
                  ],
                  "uv_size": [
                    0,
                    0
                  ]
                }
              },
              "inflate": 0
            },
            {
              "origin": [
                13.0,
                6.0,
                -2.5
              ],
              "size": [
                1.0,
                8.0,
                5.0
              ],
              "uv": {
                "north": {
                  "uv": [
                    8,
                    0
                  ],
                  "uv_size": [
                    0,
                    0
                  ]
                },
                "east": {
                  "uv": [
                    8,
                    0
                  ],
                  "uv_size": [
                    0,
                    0
                  ]
                },
                "south": {
                  "uv": [
                    8,
                    0
                  ],
                  "uv_size": [
                    0,
                    0
                  ]
                },
                "west": {
                  "uv": [
                    8,
                    0
                  ],
                  "uv_size": [
                    0,
                    0
                  ]
                },
                "up": {
                  "uv": [
                    8,
                    0
                  ],
                  "uv_size": [
                    0,
                    0
                  ]
                },
                "down": {
                  "uv": [
                    8,
                    0
                  ],
                  "uv_size": [
                    0,
                    0
                  ]
                }
              },
              "inflate": 0
            },
            {
              "origin": [
                7.0,
                6.0,
                -2.5
              ],
              "size": [
                2.0,
                8.0,
                5.0
              ],
              "uv": {
                "north": {
                  "uv": [
                    8,
                    0
                  ],
                  "uv_size": [
                    0,
                    0
                  ]
                },
                "east": {
                  "uv": [
                    8,
                    0
                  ],
                  "uv_size": [
                    0,
                    0
                  ]
                },
                "south": {
                  "uv": [
                    8,
                    0
                  ],
                  "uv_size": [
                    0,
                    0
                  ]
                },
                "west": {
                  "uv": [
                    8,
                    0
                  ],
                  "uv_size": [
                    0,
                    0
                  ]
                },
                "up": {
                  "uv": [
                    8,
                    0
                  ],
                  "uv_size": [
                    0,
                    0
                  ]
                },
                "down": {
                  "uv": [
                    8,
                    0
                  ],
                  "uv_size": [
                    0,
                    0
                  ]
                }
              },
              "inflate": 0
            },
            {
              "origin": [
                7.0,
                6.0,
                -2.5
              ],
              "size": [
                3.0,
                8.0,
                5.0
              ],
              "uv": {
                "north": {
                  "uv": [
                    8,
                    0
                  ],
                  "uv_size": [
                    0,
                    0
                  ]
                },
                "east": {
                  "uv": [
                    8,
                    0
                  ],
                  "uv_size": [
                    0,
                    0
                  ]
                },
                "south": {
                  "uv": [
                    8,
                    0
                  ],
                  "uv_size": [
                    0,
                    0
                  ]
                },
                "west": {
                  "uv": [
                    8,
                    0
                  ],
                  "uv_size": [
                    0,
                    0
                  ]
                },
                "up": {
                  "uv": [
                    8,
                    0
                  ],
                  "uv_size": [
                    0,
                    0
                  ]
                },
                "down": {
                  "uv": [
                    8,
                    0
                  ],
                  "uv_size": [
                    0,
                    0
                  ]
                }
              },
              "inflate": 0
            },
            {
              "origin": [
                2.0,
                6.0,
                -2.5
              ],
              "size": [
                1.0,
                8.0,
                5.0
              ],
              "uv": {
                "north": {
                  "uv": [
                    8,
                    0
                  ],
                  "uv_size": [
                    0,
                    0
                  ]
                },
                "east": {
                  "uv": [
                    8,
                    0
                  ],
                  "uv_size": [
                    0,
                    0
                  ]
                },
                "south": {
                  "uv": [
                    8,
                    0
                  ],
                  "uv_size": [
                    0,
                    0
                  ]
                },
                "west": {
                  "uv": [
                    8,
                    0
                  ],
                  "uv_size": [
                    0,
                    0
                  ]
                },
                "up": {
                  "uv": [
                    8,
                    0
                  ],
                  "uv_size": [
                    0,
                    0
                  ]
                },
                "down": {
                  "uv": [
                    8,
                    0
                  ],
                  "uv_size": [
                    0,
                    0
                  ]
                }
              },
              "inflate": 0
            },
            {
              "origin": [
                -7.0,
                14.0,
                -2.5
              ],
              "size": [
                30.0,
                2.0,
                5.0
              ],
              "uv": {
                "north": {
                  "uv": [
                    8,
                    0
                  ],
                  "uv_size": [
                    0,
                    0
                  ]
                },
                "east": {
                  "uv": [
                    8,
                    0
                  ],
                  "uv_size": [
                    0,
                    0
                  ]
                },
                "south": {
                  "uv": [
                    8,
                    0
                  ],
                  "uv_size": [
                    0,
                    0
                  ]
                },
                "west": {
                  "uv": [
                    8,
                    0
                  ],
                  "uv_size": [
                    0,
                    0
                  ]
                },
                "up": {
                  "uv": [
                    8,
                    0
                  ],
                  "uv_size": [
                    0,
                    0
                  ]
                },
                "down": {
                  "uv": [
                    8,
                    0
                  ],
                  "uv_size": [
                    0,
                    0
                  ]
                }
              },
              "inflate": 0
            },
            {
              "origin": [
                -7.0,
                16.0,
                -2.5
              ],
              "size": [
                30.0,
                1.0,
                6.0
              ],
              "uv": {
                "north": {
                  "uv": [
                    5,
                    0
                  ],
                  "uv_size": [
                    0,
                    0
                  ]
                },
                "east": {
                  "uv": [
                    5,
                    0
                  ],
                  "uv_size": [
                    0,
                    0
                  ]
                },
                "south": {
                  "uv": [
                    5,
                    0
                  ],
                  "uv_size": [
                    0,
                    0
                  ]
                },
                "west": {
                  "uv": [
                    5,
                    0
                  ],
                  "uv_size": [
                    0,
                    0
                  ]
                },
                "up": {
                  "uv": [
                    5,
                    0
                  ],
                  "uv_size": [
                    0,
                    0
                  ]
                },
                "down": {
                  "uv": [
                    5,
                    0
                  ],
                  "uv_size": [
                    0,
                    0
                  ]
                }
              },
              "inflate": 0
            },
            {
              "origin": [
                -8.0,
                0.0,
                -4.5
              ],
              "size": [
                4.0,
                18.0,
                9.0
              ],
              "uv": {
                "north": {
                  "uv": [
                    3,
                    0
                  ],
                  "uv_size": [
                    0,
                    0
                  ]
                },
                "east": {
                  "uv": [
                    3,
                    0
                  ],
                  "uv_size": [
                    0,
                    0
                  ]
                },
                "south": {
                  "uv": [
                    3,
                    0
                  ],
                  "uv_size": [
                    0,
                    0
                  ]
                },
                "west": {
                  "uv": [
                    3,
                    0
                  ],
                  "uv_size": [
                    0,
                    0
                  ]
                },
                "up": {
                  "uv": [
                    3,
                    0
                  ],
                  "uv_size": [
                    0,
                    0
                  ]
                },
                "down": {
                  "uv": [
                    3,
                    0
                  ],
                  "uv_size": [
                    0,
                    0
                  ]
                }
              },
              "inflate": 0
            },
            {
              "origin": [
                20.0,
                0.0,
                -4.5
              ],
              "size": [
                4.0,
                18.0,
                9.0
              ],
              "uv": {
                "north": {
                  "uv": [
                    3,
                    0
                  ],
                  "uv_size": [
                    0,
                    0
                  ]
                },
                "east": {
                  "uv": [
                    3,
                    0
                  ],
                  "uv_size": [
                    0,
                    0
                  ]
                },
                "south": {
                  "uv": [
                    3,
                    0
                  ],
                  "uv_size": [
                    0,
                    0
                  ]
                },
                "west": {
                  "uv": [
                    3,
                    0
                  ],
                  "uv_size": [
                    0,
                    0
                  ]
                },
                "up": {
                  "uv": [
                    3,
                    0
                  ],
                  "uv_size": [
                    0,
                    0
                  ]
                },
                "down": {
                  "uv": [
                    3,
                    0
                  ],
                  "uv_size": [
                    0,
                    0
                  ]
                }
              },
              "inflate": 0
            }
          ]
        },
        {
          "name": "0",
          "parent": "Fence"
        },
        {
          "name": "bone3",
          "pivot": [
            11,
            0,
            0
          ],
          "parent": "0"
        },
        {
          "name": "octagon9",
          "pivot": [
            12,
            7,
            2
          ],
          "cubes": [
            {
              "origin": [
                12.5,
                6.37868,
                -2.5
              ],
              "size": [
                1.0,
                1.24264,
                5.0
              ],
              "pivot": [
                12.0,
                7.0,
                2.0
              ],
              "rotation": [
                0.0,
                0.0,
                45.0
              ],
              "uv": {
                "north": {
                  "uv": [
                    8,
                    0
                  ],
                  "uv_size": [
                    -1,
                    0
                  ]
                },
                "east": {
                  "uv": [
                    8,
                    0
                  ],
                  "uv_size": [
                    -1,
                    0
                  ]
                },
                "south": {
                  "uv": [
                    8,
                    0
                  ],
                  "uv_size": [
                    -1,
                    0
                  ]
                },
                "west": {
                  "uv": [
                    8,
                    0
                  ],
                  "uv_size": [
                    -1,
                    0
                  ]
                },
                "up": {
                  "uv": [
                    7,
                    0
                  ],
                  "uv_size": [
                    1,
                    0
                  ]
                },
                "down": {
                  "uv": [
                    7,
                    0
                  ],
                  "uv_size": [
                    1,
                    0
                  ]
                }
              },
              "inflate": 0
            }
          ],
          "parent": "bone3"
        },
        {
          "name": "octagon10",
          "pivot": [
            12,
            13,
            2
          ],
          "cubes": [
            {
              "origin": [
                11.37868,
                13.5,
                -2.5
              ],
              "size": [
                1.24264,
                1.0,
                5.0
              ],
              "pivot": [
                12.0,
                13.0,
                2.0
              ],
              "rotation": [
                0.0,
                0.0,
                45.0
              ],
              "uv": {
                "north": {
                  "uv": [
                    8,
                    0
                  ],
                  "uv_size": [
                    -1,
                    0
                  ]
                },
                "east": {
                  "uv": [
                    8,
                    0
                  ],
                  "uv_size": [
                    -1,
                    0
                  ]
                },
                "south": {
                  "uv": [
                    8,
                    0
                  ],
                  "uv_size": [
                    -1,
                    0
                  ]
                },
                "west": {
                  "uv": [
                    8,
                    0
                  ],
                  "uv_size": [
                    -1,
                    0
                  ]
                },
                "up": {
                  "uv": [
                    7,
                    0
                  ],
                  "uv_size": [
                    1,
                    0
                  ]
                },
                "down": {
                  "uv": [
                    7,
                    0
                  ],
                  "uv_size": [
                    1,
                    0
                  ]
                }
              },
              "inflate": 0
            },
            {
              "origin": [
                9.37868,
                13.5,
                -2.5
              ],
              "size": [
                3.24264,
                1.0,
                5.0
              ],
              "uv": {
                "north": {
                  "uv": [
                    8,
                    0
                  ],
                  "uv_size": [
                    -1,
                    0
                  ]
                },
                "east": {
                  "uv": [
                    8,
                    0
                  ],
                  "uv_size": [
                    -1,
                    0
                  ]
                },
                "south": {
                  "uv": [
                    8,
                    0
                  ],
                  "uv_size": [
                    -1,
                    0
                  ]
                },
                "west": {
                  "uv": [
                    8,
                    0
                  ],
                  "uv_size": [
                    -1,
                    0
                  ]
                },
                "up": {
                  "uv": [
                    7,
                    0
                  ],
                  "uv_size": [
                    1,
                    0
                  ]
                },
                "down": {
                  "uv": [
                    7,
                    0
                  ],
                  "uv_size": [
                    1,
                    0
                  ]
                }
              },
              "inflate": 0
            },
            {
              "origin": [
                12.5,
                6.37868,
                -2.5
              ],
              "size": [
                1.0,
                7.24264,
                5.0
              ],
              "uv": {
                "north": {
                  "uv": [
                    8,
                    0
                  ],
                  "uv_size": [
                    -1,
                    0
                  ]
                },
                "east": {
                  "uv": [
                    8,
                    0
                  ],
                  "uv_size": [
                    -1,
                    0
                  ]
                },
                "south": {
                  "uv": [
                    8,
                    0
                  ],
                  "uv_size": [
                    -1,
                    0
                  ]
                },
                "west": {
                  "uv": [
                    8,
                    0
                  ],
                  "uv_size": [
                    -1,
                    0
                  ]
                },
                "up": {
                  "uv": [
                    7,
                    0
                  ],
                  "uv_size": [
                    1,
                    0
                  ]
                },
                "down": {
                  "uv": [
                    7,
                    0
                  ],
                  "uv_size": [
                    1,
                    0
                  ]
                }
              },
              "inflate": 0
            }
          ],
          "parent": "bone3"
        },
        {
          "name": "octagon11",
          "pivot": [
            10,
            13,
            2
          ],
          "cubes": [
            {
              "origin": [
                9.37868,
                13.5,
                -2.5
              ],
              "size": [
                1.24264,
                1.0,
                5.0
              ],
              "uv": {
                "north": {
                  "uv": [
                    8,
                    0
                  ],
                  "uv_size": [
                    -1,
                    0
                  ]
                },
                "east": {
                  "uv": [
                    8,
                    0
                  ],
                  "uv_size": [
                    -1,
                    0
                  ]
                },
                "south": {
                  "uv": [
                    8,
                    0
                  ],
                  "uv_size": [
                    -1,
                    0
                  ]
                },
                "west": {
                  "uv": [
                    8,
                    0
                  ],
                  "uv_size": [
                    -1,
                    0
                  ]
                },
                "up": {
                  "uv": [
                    7,
                    0
                  ],
                  "uv_size": [
                    1,
                    0
                  ]
                },
                "down": {
                  "uv": [
                    7,
                    0
                  ],
                  "uv_size": [
                    1,
                    0
                  ]
                }
              },
              "inflate": 0
            },
            {
              "origin": [
                8.5,
                12.37868,
                -2.5
              ],
              "size": [
                1.0,
                1.24264,
                5.0
              ],
              "pivot": [
                10.0,
                13.0,
                2.0
              ],
              "rotation": [
                0.0,
                0.0,
                45.0
              ],
              "uv": {
                "north": {
                  "uv": [
                    8,
                    0
                  ],
                  "uv_size": [
                    -1,
                    0
                  ]
                },
                "east": {
                  "uv": [
                    8,
                    0
                  ],
                  "uv_size": [
                    -1,
                    0
                  ]
                },
                "south": {
                  "uv": [
                    8,
                    0
                  ],
                  "uv_size": [
                    -1,
                    0
                  ]
                },
                "west": {
                  "uv": [
                    8,
                    0
                  ],
                  "uv_size": [
                    -1,
                    0
                  ]
                },
                "up": {
                  "uv": [
                    7,
                    0
                  ],
                  "uv_size": [
                    1,
                    0
                  ]
                },
                "down": {
                  "uv": [
                    7,
                    0
                  ],
                  "uv_size": [
                    1,
                    0
                  ]
                }
              },
              "inflate": 0
            },
            {
              "origin": [
                8.5,
                6.37868,
                -2.5
              ],
              "size": [
                1.0,
                7.24264,
                5.0
              ],
              "uv": {
                "north": {
                  "uv": [
                    8,
                    0
                  ],
                  "uv_size": [
                    -1,
                    0
                  ]
                },
                "east": {
                  "uv": [
                    8,
                    0
                  ],
                  "uv_size": [
                    -1,
                    0
                  ]
                },
                "south": {
                  "uv": [
                    8,
                    0
                  ],
                  "uv_size": [
                    -1,
                    0
                  ]
                },
                "west": {
                  "uv": [
                    8,
                    0
                  ],
                  "uv_size": [
                    -1,
                    0
                  ]
                },
                "up": {
                  "uv": [
                    7,
                    0
                  ],
                  "uv_size": [
                    1,
                    0
                  ]
                },
                "down": {
                  "uv": [
                    7,
                    0
                  ],
                  "uv_size": [
                    1,
                    0
                  ]
                }
              },
              "inflate": 0
            }
          ],
          "parent": "bone3"
        },
        {
          "name": "octagon12",
          "pivot": [
            10,
            7,
            2
          ],
          "cubes": [
            {
              "origin": [
                9.37868,
                5.5,
                -2.5
              ],
              "size": [
                1.24264,
                1.0,
                5.0
              ],
              "pivot": [
                10.0,
                7.0,
                2.0
              ],
              "rotation": [
                0.0,
                0.0,
                45.0
              ],
              "uv": {
                "north": {
                  "uv": [
                    8,
                    0
                  ],
                  "uv_size": [
                    -1,
                    0
                  ]
                },
                "east": {
                  "uv": [
                    8,
                    0
                  ],
                  "uv_size": [
                    -1,
                    0
                  ]
                },
                "south": {
                  "uv": [
                    8,
                    0
                  ],
                  "uv_size": [
                    -1,
                    0
                  ]
                },
                "west": {
                  "uv": [
                    8,
                    0
                  ],
                  "uv_size": [
                    -1,
                    0
                  ]
                },
                "up": {
                  "uv": [
                    7,
                    0
                  ],
                  "uv_size": [
                    1,
                    0
                  ]
                },
                "down": {
                  "uv": [
                    7,
                    0
                  ],
                  "uv_size": [
                    1,
                    0
                  ]
                }
              },
              "inflate": 0
            },
            {
              "origin": [
                9.37868,
                5.5,
                -2.5
              ],
              "size": [
                3.24264,
                1.0,
                5.0
              ],
              "uv": {
                "north": {
                  "uv": [
                    8,
                    0
                  ],
                  "uv_size": [
                    -1,
                    0
                  ]
                },
                "east": {
                  "uv": [
                    8,
                    0
                  ],
                  "uv_size": [
                    -1,
                    0
                  ]
                },
                "south": {
                  "uv": [
                    8,
                    0
                  ],
                  "uv_size": [
                    -1,
                    0
                  ]
                },
                "west": {
                  "uv": [
                    8,
                    0
                  ],
                  "uv_size": [
                    -1,
                    0
                  ]
                },
                "up": {
                  "uv": [
                    7,
                    0
                  ],
                  "uv_size": [
                    1,
                    0
                  ]
                },
                "down": {
                  "uv": [
                    7,
                    0
                  ],
                  "uv_size": [
                    1,
                    0
                  ]
                }
              },
              "inflate": 0
            }
          ],
          "parent": "bone3"
        },
        {
          "name": "bone4",
          "pivot": [
            16,
            0,
            0
          ],
          "parent": "0"
        },
        {
          "name": "octagon13",
          "pivot": [
            17,
            7,
            2
          ],
          "cubes": [
            {
              "origin": [
                17.5,
                6.37868,
                -2.5
              ],
              "size": [
                1.0,
                1.24264,
                5.0
              ],
              "pivot": [
                17.0,
                7.0,
                2.0
              ],
              "rotation": [
                0.0,
                0.0,
                45.0
              ],
              "uv": {
                "north": {
                  "uv": [
                    8,
                    0
                  ],
                  "uv_size": [
                    -1,
                    0
                  ]
                },
                "east": {
                  "uv": [
                    8,
                    0
                  ],
                  "uv_size": [
                    -1,
                    0
                  ]
                },
                "south": {
                  "uv": [
                    8,
                    0
                  ],
                  "uv_size": [
                    -1,
                    0
                  ]
                },
                "west": {
                  "uv": [
                    8,
                    0
                  ],
                  "uv_size": [
                    -1,
                    0
                  ]
                },
                "up": {
                  "uv": [
                    7,
                    0
                  ],
                  "uv_size": [
                    1,
                    0
                  ]
                },
                "down": {
                  "uv": [
                    7,
                    0
                  ],
                  "uv_size": [
                    1,
                    0
                  ]
                }
              },
              "inflate": 0
            }
          ],
          "parent": "bone4"
        },
        {
          "name": "octagon14",
          "pivot": [
            17,
            13,
            2
          ],
          "cubes": [
            {
              "origin": [
                16.37868,
                13.5,
                -2.5
              ],
              "size": [
                1.24264,
                1.0,
                5.0
              ],
              "pivot": [
                17.0,
                13.0,
                2.0
              ],
              "rotation": [
                0.0,
                0.0,
                45.0
              ],
              "uv": {
                "north": {
                  "uv": [
                    8,
                    0
                  ],
                  "uv_size": [
                    -1,
                    0
                  ]
                },
                "east": {
                  "uv": [
                    8,
                    0
                  ],
                  "uv_size": [
                    -1,
                    0
                  ]
                },
                "south": {
                  "uv": [
                    8,
                    0
                  ],
                  "uv_size": [
                    -1,
                    0
                  ]
                },
                "west": {
                  "uv": [
                    8,
                    0
                  ],
                  "uv_size": [
                    -1,
                    0
                  ]
                },
                "up": {
                  "uv": [
                    7,
                    0
                  ],
                  "uv_size": [
                    1,
                    0
                  ]
                },
                "down": {
                  "uv": [
                    7,
                    0
                  ],
                  "uv_size": [
                    1,
                    0
                  ]
                }
              },
              "inflate": 0
            },
            {
              "origin": [
                14.37868,
                13.5,
                -2.5
              ],
              "size": [
                3.24264,
                1.0,
                5.0
              ],
              "uv": {
                "north": {
                  "uv": [
                    8,
                    0
                  ],
                  "uv_size": [
                    -1,
                    0
                  ]
                },
                "east": {
                  "uv": [
                    8,
                    0
                  ],
                  "uv_size": [
                    -1,
                    0
                  ]
                },
                "south": {
                  "uv": [
                    8,
                    0
                  ],
                  "uv_size": [
                    -1,
                    0
                  ]
                },
                "west": {
                  "uv": [
                    8,
                    0
                  ],
                  "uv_size": [
                    -1,
                    0
                  ]
                },
                "up": {
                  "uv": [
                    7,
                    0
                  ],
                  "uv_size": [
                    1,
                    0
                  ]
                },
                "down": {
                  "uv": [
                    7,
                    0
                  ],
                  "uv_size": [
                    1,
                    0
                  ]
                }
              },
              "inflate": 0
            },
            {
              "origin": [
                17.5,
                6.37868,
                -2.5
              ],
              "size": [
                1.0,
                7.24264,
                5.0
              ],
              "uv": {
                "north": {
                  "uv": [
                    8,
                    0
                  ],
                  "uv_size": [
                    -1,
                    0
                  ]
                },
                "east": {
                  "uv": [
                    8,
                    0
                  ],
                  "uv_size": [
                    -1,
                    0
                  ]
                },
                "south": {
                  "uv": [
                    8,
                    0
                  ],
                  "uv_size": [
                    -1,
                    0
                  ]
                },
                "west": {
                  "uv": [
                    8,
                    0
                  ],
                  "uv_size": [
                    -1,
                    0
                  ]
                },
                "up": {
                  "uv": [
                    7,
                    0
                  ],
                  "uv_size": [
                    1,
                    0
                  ]
                },
                "down": {
                  "uv": [
                    7,
                    0
                  ],
                  "uv_size": [
                    1,
                    0
                  ]
                }
              },
              "inflate": 0
            }
          ],
          "parent": "bone4"
        },
        {
          "name": "octagon15",
          "pivot": [
            15,
            13,
            2
          ],
          "cubes": [
            {
              "origin": [
                14.37868,
                13.5,
                -2.5
              ],
              "size": [
                1.24264,
                1.0,
                5.0
              ],
              "uv": {
                "north": {
                  "uv": [
                    8,
                    0
                  ],
                  "uv_size": [
                    -1,
                    0
                  ]
                },
                "east": {
                  "uv": [
                    8,
                    0
                  ],
                  "uv_size": [
                    -1,
                    0
                  ]
                },
                "south": {
                  "uv": [
                    8,
                    0
                  ],
                  "uv_size": [
                    -1,
                    0
                  ]
                },
                "west": {
                  "uv": [
                    8,
                    0
                  ],
                  "uv_size": [
                    -1,
                    0
                  ]
                },
                "up": {
                  "uv": [
                    7,
                    0
                  ],
                  "uv_size": [
                    1,
                    0
                  ]
                },
                "down": {
                  "uv": [
                    7,
                    0
                  ],
                  "uv_size": [
                    1,
                    0
                  ]
                }
              },
              "inflate": 0
            },
            {
              "origin": [
                13.5,
                12.37868,
                -2.5
              ],
              "size": [
                1.0,
                1.24264,
                5.0
              ],
              "pivot": [
                15.0,
                13.0,
                2.0
              ],
              "rotation": [
                0.0,
                0.0,
                45.0
              ],
              "uv": {
                "north": {
                  "uv": [
                    8,
                    0
                  ],
                  "uv_size": [
                    -1,
                    0
                  ]
                },
                "east": {
                  "uv": [
                    8,
                    0
                  ],
                  "uv_size": [
                    -1,
                    0
                  ]
                },
                "south": {
                  "uv": [
                    8,
                    0
                  ],
                  "uv_size": [
                    -1,
                    0
                  ]
                },
                "west": {
                  "uv": [
                    8,
                    0
                  ],
                  "uv_size": [
                    -1,
                    0
                  ]
                },
                "up": {
                  "uv": [
                    7,
                    0
                  ],
                  "uv_size": [
                    1,
                    0
                  ]
                },
                "down": {
                  "uv": [
                    7,
                    0
                  ],
                  "uv_size": [
                    1,
                    0
                  ]
                }
              },
              "inflate": 0
            },
            {
              "origin": [
                13.5,
                6.37868,
                -2.5
              ],
              "size": [
                1.0,
                7.24264,
                5.0
              ],
              "uv": {
                "north": {
                  "uv": [
                    8,
                    0
                  ],
                  "uv_size": [
                    -1,
                    0
                  ]
                },
                "east": {
                  "uv": [
                    8,
                    0
                  ],
                  "uv_size": [
                    -1,
                    0
                  ]
                },
                "south": {
                  "uv": [
                    8,
                    0
                  ],
                  "uv_size": [
                    -1,
                    0
                  ]
                },
                "west": {
                  "uv": [
                    8,
                    0
                  ],
                  "uv_size": [
                    -1,
                    0
                  ]
                },
                "up": {
                  "uv": [
                    7,
                    0
                  ],
                  "uv_size": [
                    1,
                    0
                  ]
                },
                "down": {
                  "uv": [
                    7,
                    0
                  ],
                  "uv_size": [
                    1,
                    0
                  ]
                }
              },
              "inflate": 0
            }
          ],
          "parent": "bone4"
        },
        {
          "name": "octagon16",
          "pivot": [
            15,
            7,
            2
          ],
          "cubes": [
            {
              "origin": [
                14.37868,
                5.5,
                -2.5
              ],
              "size": [
                1.24264,
                1.0,
                5.0
              ],
              "pivot": [
                15.0,
                7.0,
                2.0
              ],
              "rotation": [
                0.0,
                0.0,
                45.0
              ],
              "uv": {
                "north": {
                  "uv": [
                    8,
                    0
                  ],
                  "uv_size": [
                    -1,
                    0
                  ]
                },
                "east": {
                  "uv": [
                    8,
                    0
                  ],
                  "uv_size": [
                    -1,
                    0
                  ]
                },
                "south": {
                  "uv": [
                    8,
                    0
                  ],
                  "uv_size": [
                    -1,
                    0
                  ]
                },
                "west": {
                  "uv": [
                    8,
                    0
                  ],
                  "uv_size": [
                    -1,
                    0
                  ]
                },
                "up": {
                  "uv": [
                    7,
                    0
                  ],
                  "uv_size": [
                    1,
                    0
                  ]
                },
                "down": {
                  "uv": [
                    7,
                    0
                  ],
                  "uv_size": [
                    1,
                    0
                  ]
                }
              },
              "inflate": 0
            },
            {
              "origin": [
                14.37868,
                5.5,
                -2.5
              ],
              "size": [
                3.24264,
                1.0,
                5.0
              ],
              "uv": {
                "north": {
                  "uv": [
                    8,
                    0
                  ],
                  "uv_size": [
                    -1,
                    0
                  ]
                },
                "east": {
                  "uv": [
                    8,
                    0
                  ],
                  "uv_size": [
                    -1,
                    0
                  ]
                },
                "south": {
                  "uv": [
                    8,
                    0
                  ],
                  "uv_size": [
                    -1,
                    0
                  ]
                },
                "west": {
                  "uv": [
                    8,
                    0
                  ],
                  "uv_size": [
                    -1,
                    0
                  ]
                },
                "up": {
                  "uv": [
                    7,
                    0
                  ],
                  "uv_size": [
                    1,
                    0
                  ]
                },
                "down": {
                  "uv": [
                    7,
                    0
                  ],
                  "uv_size": [
                    1,
                    0
                  ]
                }
              },
              "inflate": 0
            }
          ],
          "parent": "bone4"
        },
        {
          "name": "bone2",
          "pivot": [
            5,
            0,
            0
          ],
          "parent": "0"
        },
        {
          "name": "octagon5",
          "pivot": [
            6,
            7,
            2
          ],
          "cubes": [
            {
              "origin": [
                6.5,
                6.37868,
                -2.5
              ],
              "size": [
                1.0,
                1.24264,
                5.0
              ],
              "pivot": [
                6.0,
                7.0,
                2.0
              ],
              "rotation": [
                0.0,
                0.0,
                45.0
              ],
              "uv": {
                "north": {
                  "uv": [
                    8,
                    0
                  ],
                  "uv_size": [
                    -1,
                    0
                  ]
                },
                "east": {
                  "uv": [
                    8,
                    0
                  ],
                  "uv_size": [
                    -1,
                    0
                  ]
                },
                "south": {
                  "uv": [
                    8,
                    0
                  ],
                  "uv_size": [
                    -1,
                    0
                  ]
                },
                "west": {
                  "uv": [
                    8,
                    0
                  ],
                  "uv_size": [
                    -1,
                    0
                  ]
                },
                "up": {
                  "uv": [
                    7,
                    0
                  ],
                  "uv_size": [
                    1,
                    0
                  ]
                },
                "down": {
                  "uv": [
                    7,
                    0
                  ],
                  "uv_size": [
                    1,
                    0
                  ]
                }
              },
              "inflate": 0
            }
          ],
          "parent": "bone2"
        },
        {
          "name": "octagon6",
          "pivot": [
            6,
            13,
            2
          ],
          "cubes": [
            {
              "origin": [
                5.37868,
                13.5,
                -2.5
              ],
              "size": [
                1.24264,
                1.0,
                5.0
              ],
              "pivot": [
                6.0,
                13.0,
                2.0
              ],
              "rotation": [
                0.0,
                0.0,
                45.0
              ],
              "uv": {
                "north": {
                  "uv": [
                    8,
                    0
                  ],
                  "uv_size": [
                    -1,
                    0
                  ]
                },
                "east": {
                  "uv": [
                    8,
                    0
                  ],
                  "uv_size": [
                    -1,
                    0
                  ]
                },
                "south": {
                  "uv": [
                    8,
                    0
                  ],
                  "uv_size": [
                    -1,
                    0
                  ]
                },
                "west": {
                  "uv": [
                    8,
                    0
                  ],
                  "uv_size": [
                    -1,
                    0
                  ]
                },
                "up": {
                  "uv": [
                    7,
                    0
                  ],
                  "uv_size": [
                    1,
                    0
                  ]
                },
                "down": {
                  "uv": [
                    7,
                    0
                  ],
                  "uv_size": [
                    1,
                    0
                  ]
                }
              },
              "inflate": 0
            },
            {
              "origin": [
                3.37868,
                13.5,
                -2.5
              ],
              "size": [
                3.24264,
                1.0,
                5.0
              ],
              "uv": {
                "north": {
                  "uv": [
                    8,
                    0
                  ],
                  "uv_size": [
                    -1,
                    0
                  ]
                },
                "east": {
                  "uv": [
                    8,
                    0
                  ],
                  "uv_size": [
                    -1,
                    0
                  ]
                },
                "south": {
                  "uv": [
                    8,
                    0
                  ],
                  "uv_size": [
                    -1,
                    0
                  ]
                },
                "west": {
                  "uv": [
                    8,
                    0
                  ],
                  "uv_size": [
                    -1,
                    0
                  ]
                },
                "up": {
                  "uv": [
                    7,
                    0
                  ],
                  "uv_size": [
                    1,
                    0
                  ]
                },
                "down": {
                  "uv": [
                    7,
                    0
                  ],
                  "uv_size": [
                    1,
                    0
                  ]
                }
              },
              "inflate": 0
            },
            {
              "origin": [
                6.5,
                6.37868,
                -2.5
              ],
              "size": [
                1.0,
                7.24264,
                5.0
              ],
              "uv": {
                "north": {
                  "uv": [
                    8,
                    0
                  ],
                  "uv_size": [
                    -1,
                    0
                  ]
                },
                "east": {
                  "uv": [
                    8,
                    0
                  ],
                  "uv_size": [
                    -1,
                    0
                  ]
                },
                "south": {
                  "uv": [
                    8,
                    0
                  ],
                  "uv_size": [
                    -1,
                    0
                  ]
                },
                "west": {
                  "uv": [
                    8,
                    0
                  ],
                  "uv_size": [
                    -1,
                    0
                  ]
                },
                "up": {
                  "uv": [
                    7,
                    0
                  ],
                  "uv_size": [
                    1,
                    0
                  ]
                },
                "down": {
                  "uv": [
                    7,
                    0
                  ],
                  "uv_size": [
                    1,
                    0
                  ]
                }
              },
              "inflate": 0
            }
          ],
          "parent": "bone2"
        },
        {
          "name": "octagon7",
          "pivot": [
            4,
            13,
            2
          ],
          "cubes": [
            {
              "origin": [
                3.37868,
                13.5,
                -2.5
              ],
              "size": [
                1.24264,
                1.0,
                5.0
              ],
              "uv": {
                "north": {
                  "uv": [
                    8,
                    0
                  ],
                  "uv_size": [
                    -1,
                    0
                  ]
                },
                "east": {
                  "uv": [
                    8,
                    0
                  ],
                  "uv_size": [
                    -1,
                    0
                  ]
                },
                "south": {
                  "uv": [
                    8,
                    0
                  ],
                  "uv_size": [
                    -1,
                    0
                  ]
                },
                "west": {
                  "uv": [
                    8,
                    0
                  ],
                  "uv_size": [
                    -1,
                    0
                  ]
                },
                "up": {
                  "uv": [
                    7,
                    0
                  ],
                  "uv_size": [
                    1,
                    0
                  ]
                },
                "down": {
                  "uv": [
                    7,
                    0
                  ],
                  "uv_size": [
                    1,
                    0
                  ]
                }
              },
              "inflate": 0
            },
            {
              "origin": [
                2.5,
                12.37868,
                -2.5
              ],
              "size": [
                1.0,
                1.24264,
                5.0
              ],
              "pivot": [
                4.0,
                13.0,
                2.0
              ],
              "rotation": [
                0.0,
                0.0,
                45.0
              ],
              "uv": {
                "north": {
                  "uv": [
                    8,
                    0
                  ],
                  "uv_size": [
                    -1,
                    0
                  ]
                },
                "east": {
                  "uv": [
                    8,
                    0
                  ],
                  "uv_size": [
                    -1,
                    0
                  ]
                },
                "south": {
                  "uv": [
                    8,
                    0
                  ],
                  "uv_size": [
                    -1,
                    0
                  ]
                },
                "west": {
                  "uv": [
                    8,
                    0
                  ],
                  "uv_size": [
                    -1,
                    0
                  ]
                },
                "up": {
                  "uv": [
                    7,
                    0
                  ],
                  "uv_size": [
                    1,
                    0
                  ]
                },
                "down": {
                  "uv": [
                    7,
                    0
                  ],
                  "uv_size": [
                    1,
                    0
                  ]
                }
              },
              "inflate": 0
            },
            {
              "origin": [
                2.5,
                6.37868,
                -2.5
              ],
              "size": [
                1.0,
                7.24264,
                5.0
              ],
              "uv": {
                "north": {
                  "uv": [
                    8,
                    0
                  ],
                  "uv_size": [
                    -1,
                    0
                  ]
                },
                "east": {
                  "uv": [
                    8,
                    0
                  ],
                  "uv_size": [
                    -1,
                    0
                  ]
                },
                "south": {
                  "uv": [
                    8,
                    0
                  ],
                  "uv_size": [
                    -1,
                    0
                  ]
                },
                "west": {
                  "uv": [
                    8,
                    0
                  ],
                  "uv_size": [
                    -1,
                    0
                  ]
                },
                "up": {
                  "uv": [
                    7,
                    0
                  ],
                  "uv_size": [
                    1,
                    0
                  ]
                },
                "down": {
                  "uv": [
                    7,
                    0
                  ],
                  "uv_size": [
                    1,
                    0
                  ]
                }
              },
              "inflate": 0
            }
          ],
          "parent": "bone2"
        },
        {
          "name": "octagon8",
          "pivot": [
            4,
            7,
            2
          ],
          "cubes": [
            {
              "origin": [
                3.37868,
                5.5,
                -2.5
              ],
              "size": [
                1.24264,
                1.0,
                5.0
              ],
              "pivot": [
                4.0,
                7.0,
                2.0
              ],
              "rotation": [
                0.0,
                0.0,
                45.0
              ],
              "uv": {
                "north": {
                  "uv": [
                    8,
                    0
                  ],
                  "uv_size": [
                    -1,
                    0
                  ]
                },
                "east": {
                  "uv": [
                    8,
                    0
                  ],
                  "uv_size": [
                    -1,
                    0
                  ]
                },
                "south": {
                  "uv": [
                    8,
                    0
                  ],
                  "uv_size": [
                    -1,
                    0
                  ]
                },
                "west": {
                  "uv": [
                    8,
                    0
                  ],
                  "uv_size": [
                    -1,
                    0
                  ]
                },
                "up": {
                  "uv": [
                    7,
                    0
                  ],
                  "uv_size": [
                    1,
                    0
                  ]
                },
                "down": {
                  "uv": [
                    7,
                    0
                  ],
                  "uv_size": [
                    1,
                    0
                  ]
                }
              },
              "inflate": 0
            },
            {
              "origin": [
                3.37868,
                5.5,
                -2.5
              ],
              "size": [
                3.24264,
                1.0,
                5.0
              ],
              "uv": {
                "north": {
                  "uv": [
                    8,
                    0
                  ],
                  "uv_size": [
                    -1,
                    0
                  ]
                },
                "east": {
                  "uv": [
                    8,
                    0
                  ],
                  "uv_size": [
                    -1,
                    0
                  ]
                },
                "south": {
                  "uv": [
                    8,
                    0
                  ],
                  "uv_size": [
                    -1,
                    0
                  ]
                },
                "west": {
                  "uv": [
                    8,
                    0
                  ],
                  "uv_size": [
                    -1,
                    0
                  ]
                },
                "up": {
                  "uv": [
                    7,
                    0
                  ],
                  "uv_size": [
                    1,
                    0
                  ]
                },
                "down": {
                  "uv": [
                    7,
                    0
                  ],
                  "uv_size": [
                    1,
                    0
                  ]
                }
              },
              "inflate": 0
            }
          ],
          "parent": "bone2"
        },
        {
          "name": "bone",
          "parent": "0"
        },
        {
          "name": "octagon",
          "pivot": [
            1,
            7,
            2
          ],
          "cubes": [
            {
              "origin": [
                1.5,
                6.37868,
                -2.5
              ],
              "size": [
                1.0,
                1.24264,
                5.0
              ],
              "pivot": [
                1.0,
                7.0,
                2.0
              ],
              "rotation": [
                0.0,
                0.0,
                45.0
              ],
              "uv": {
                "north": {
                  "uv": [
                    8,
                    0
                  ],
                  "uv_size": [
                    -1,
                    0
                  ]
                },
                "east": {
                  "uv": [
                    8,
                    0
                  ],
                  "uv_size": [
                    -1,
                    0
                  ]
                },
                "south": {
                  "uv": [
                    8,
                    0
                  ],
                  "uv_size": [
                    -1,
                    0
                  ]
                },
                "west": {
                  "uv": [
                    8,
                    0
                  ],
                  "uv_size": [
                    -1,
                    0
                  ]
                },
                "up": {
                  "uv": [
                    7,
                    0
                  ],
                  "uv_size": [
                    1,
                    0
                  ]
                },
                "down": {
                  "uv": [
                    7,
                    0
                  ],
                  "uv_size": [
                    1,
                    0
                  ]
                }
              },
              "inflate": 0
            }
          ],
          "parent": "bone"
        },
        {
          "name": "octagon3",
          "pivot": [
            1,
            13,
            2
          ],
          "cubes": [
            {
              "origin": [
                0.37868,
                13.5,
                -2.5
              ],
              "size": [
                1.24264,
                1.0,
                5.0
              ],
              "pivot": [
                1.0,
                13.0,
                2.0
              ],
              "rotation": [
                0.0,
                0.0,
                45.0
              ],
              "uv": {
                "north": {
                  "uv": [
                    8,
                    0
                  ],
                  "uv_size": [
                    -1,
                    0
                  ]
                },
                "east": {
                  "uv": [
                    8,
                    0
                  ],
                  "uv_size": [
                    -1,
                    0
                  ]
                },
                "south": {
                  "uv": [
                    8,
                    0
                  ],
                  "uv_size": [
                    -1,
                    0
                  ]
                },
                "west": {
                  "uv": [
                    8,
                    0
                  ],
                  "uv_size": [
                    -1,
                    0
                  ]
                },
                "up": {
                  "uv": [
                    7,
                    0
                  ],
                  "uv_size": [
                    1,
                    0
                  ]
                },
                "down": {
                  "uv": [
                    7,
                    0
                  ],
                  "uv_size": [
                    1,
                    0
                  ]
                }
              },
              "inflate": 0
            },
            {
              "origin": [
                -1.62132,
                13.5,
                -2.5
              ],
              "size": [
                3.24264,
                1.0,
                5.0
              ],
              "uv": {
                "north": {
                  "uv": [
                    8,
                    0
                  ],
                  "uv_size": [
                    -1,
                    0
                  ]
                },
                "east": {
                  "uv": [
                    8,
                    0
                  ],
                  "uv_size": [
                    -1,
                    0
                  ]
                },
                "south": {
                  "uv": [
                    8,
                    0
                  ],
                  "uv_size": [
                    -1,
                    0
                  ]
                },
                "west": {
                  "uv": [
                    8,
                    0
                  ],
                  "uv_size": [
                    -1,
                    0
                  ]
                },
                "up": {
                  "uv": [
                    7,
                    0
                  ],
                  "uv_size": [
                    1,
                    0
                  ]
                },
                "down": {
                  "uv": [
                    7,
                    0
                  ],
                  "uv_size": [
                    1,
                    0
                  ]
                }
              },
              "inflate": 0
            },
            {
              "origin": [
                1.5,
                6.37868,
                -2.5
              ],
              "size": [
                1.0,
                7.24264,
                5.0
              ],
              "uv": {
                "north": {
                  "uv": [
                    8,
                    0
                  ],
                  "uv_size": [
                    -1,
                    0
                  ]
                },
                "east": {
                  "uv": [
                    8,
                    0
                  ],
                  "uv_size": [
                    -1,
                    0
                  ]
                },
                "south": {
                  "uv": [
                    8,
                    0
                  ],
                  "uv_size": [
                    -1,
                    0
                  ]
                },
                "west": {
                  "uv": [
                    8,
                    0
                  ],
                  "uv_size": [
                    -1,
                    0
                  ]
                },
                "up": {
                  "uv": [
                    7,
                    0
                  ],
                  "uv_size": [
                    1,
                    0
                  ]
                },
                "down": {
                  "uv": [
                    7,
                    0
                  ],
                  "uv_size": [
                    1,
                    0
                  ]
                }
              },
              "inflate": 0
            }
          ],
          "parent": "bone"
        },
        {
          "name": "octagon4",
          "pivot": [
            -1,
            13,
            2
          ],
          "cubes": [
            {
              "origin": [
                -1.62132,
                13.5,
                -2.5
              ],
              "size": [
                1.24264,
                1.0,
                5.0
              ],
              "uv": {
                "north": {
                  "uv": [
                    8,
                    0
                  ],
                  "uv_size": [
                    -1,
                    0
                  ]
                },
                "east": {
                  "uv": [
                    8,
                    0
                  ],
                  "uv_size": [
                    -1,
                    0
                  ]
                },
                "south": {
                  "uv": [
                    8,
                    0
                  ],
                  "uv_size": [
                    -1,
                    0
                  ]
                },
                "west": {
                  "uv": [
                    8,
                    0
                  ],
                  "uv_size": [
                    -1,
                    0
                  ]
                },
                "up": {
                  "uv": [
                    7,
                    0
                  ],
                  "uv_size": [
                    1,
                    0
                  ]
                },
                "down": {
                  "uv": [
                    7,
                    0
                  ],
                  "uv_size": [
                    1,
                    0
                  ]
                }
              },
              "inflate": 0
            },
            {
              "origin": [
                -2.5,
                12.37868,
                -2.5
              ],
              "size": [
                1.0,
                1.24264,
                5.0
              ],
              "pivot": [
                -1.0,
                13.0,
                2.0
              ],
              "rotation": [
                0.0,
                0.0,
                45.0
              ],
              "uv": {
                "north": {
                  "uv": [
                    8,
                    0
                  ],
                  "uv_size": [
                    -1,
                    0
                  ]
                },
                "east": {
                  "uv": [
                    8,
                    0
                  ],
                  "uv_size": [
                    -1,
                    0
                  ]
                },
                "south": {
                  "uv": [
                    8,
                    0
                  ],
                  "uv_size": [
                    -1,
                    0
                  ]
                },
                "west": {
                  "uv": [
                    8,
                    0
                  ],
                  "uv_size": [
                    -1,
                    0
                  ]
                },
                "up": {
                  "uv": [
                    7,
                    0
                  ],
                  "uv_size": [
                    1,
                    0
                  ]
                },
                "down": {
                  "uv": [
                    7,
                    0
                  ],
                  "uv_size": [
                    1,
                    0
                  ]
                }
              },
              "inflate": 0
            },
            {
              "origin": [
                -2.5,
                6.37868,
                -2.5
              ],
              "size": [
                1.0,
                7.24264,
                5.0
              ],
              "uv": {
                "north": {
                  "uv": [
                    8,
                    0
                  ],
                  "uv_size": [
                    -1,
                    0
                  ]
                },
                "east": {
                  "uv": [
                    8,
                    0
                  ],
                  "uv_size": [
                    -1,
                    0
                  ]
                },
                "south": {
                  "uv": [
                    8,
                    0
                  ],
                  "uv_size": [
                    -1,
                    0
                  ]
                },
                "west": {
                  "uv": [
                    8,
                    0
                  ],
                  "uv_size": [
                    -1,
                    0
                  ]
                },
                "up": {
                  "uv": [
                    7,
                    0
                  ],
                  "uv_size": [
                    1,
                    0
                  ]
                },
                "down": {
                  "uv": [
                    7,
                    0
                  ],
                  "uv_size": [
                    1,
                    0
                  ]
                }
              },
              "inflate": 0
            }
          ],
          "parent": "bone"
        },
        {
          "name": "octagon2",
          "pivot": [
            -1,
            7,
            2
          ],
          "cubes": [
            {
              "origin": [
                -1.62132,
                5.5,
                -2.5
              ],
              "size": [
                1.24264,
                1.0,
                5.0
              ],
              "pivot": [
                -1.0,
                7.0,
                2.0
              ],
              "rotation": [
                0.0,
                0.0,
                45.0
              ],
              "uv": {
                "north": {
                  "uv": [
                    8,
                    0
                  ],
                  "uv_size": [
                    -1,
                    0
                  ]
                },
                "east": {
                  "uv": [
                    8,
                    0
                  ],
                  "uv_size": [
                    -1,
                    0
                  ]
                },
                "south": {
                  "uv": [
                    8,
                    0
                  ],
                  "uv_size": [
                    -1,
                    0
                  ]
                },
                "west": {
                  "uv": [
                    8,
                    0
                  ],
                  "uv_size": [
                    -1,
                    0
                  ]
                },
                "up": {
                  "uv": [
                    7,
                    0
                  ],
                  "uv_size": [
                    1,
                    0
                  ]
                },
                "down": {
                  "uv": [
                    7,
                    0
                  ],
                  "uv_size": [
                    1,
                    0
                  ]
                }
              },
              "inflate": 0
            },
            {
              "origin": [
                -1.62132,
                5.5,
                -2.5
              ],
              "size": [
                3.24264,
                1.0,
                5.0
              ],
              "uv": {
                "north": {
                  "uv": [
                    8,
                    0
                  ],
                  "uv_size": [
                    -1,
                    0
                  ]
                },
                "east": {
                  "uv": [
                    8,
                    0
                  ],
                  "uv_size": [
                    -1,
                    0
                  ]
                },
                "south": {
                  "uv": [
                    8,
                    0
                  ],
                  "uv_size": [
                    -1,
                    0
                  ]
                },
                "west": {
                  "uv": [
                    8,
                    0
                  ],
                  "uv_size": [
                    -1,
                    0
                  ]
                },
                "up": {
                  "uv": [
                    7,
                    0
                  ],
                  "uv_size": [
                    1,
                    0
                  ]
                },
                "down": {
                  "uv": [
                    7,
                    0
                  ],
                  "uv_size": [
                    1,
                    0
                  ]
                }
              },
              "inflate": 0
            }
          ],
          "parent": "bone"
        }
      ]
    }
  ]
}