{
  "format_version": "1.12.0",
  "minecraft:geometry": [
    {
      "description": {
        "identifier": "geometry.ad_light2",
        "texture_width": 8,
        "texture_height": 8,
        "visible_bounds_width": 4,
        "visible_bounds_height": 2.5,
        "visible_bounds_offset": [
          0,
          0.75,
          0
        ]
      },
      "bones": [
        {
          "name": "light",
          "cubes": [
            {
              "origin": [
                -1.0,
                0.0,
                -8.0
              ],
              "size": [
                2.0,
                16.0,
                2.0
              ],
              "uv": {
                "north": {
                  "uv": [
                    5,
                    0
                  ],
                  "uv_size": [
                    0,
                    0
                  ]
                },
                "east": {
                  "uv": [
                    5,
                    0
                  ],
                  "uv_size": [
                    0,
                    0
                  ]
                },
                "south": {
                  "uv": [
                    5,
                    0
                  ],
                  "uv_size": [
                    0,
                    0
                  ]
                },
                "west": {
                  "uv": [
                    5,
                    0
                  ],
                  "uv_size": [
                    0,
                    0
                  ]
                },
                "up": {
                  "uv": [
                    5,
                    0
                  ],
                  "uv_size": [
                    0,
                    0
                  ]
                },
                "down": {
                  "uv": [
                    5,
                    0
                  ],
                  "uv_size": [
                    0,
                    0
                  ]
                }
              },
              "inflate": 0
            },
            {
              "origin": [
                -1.5,
                15.0,
                -8.0
              ],
              "size": [
                3.0,
                1.0,
                1.0
              ],
              "uv": {
                "north": {
                  "uv": [
                    0,
                    0
                  ],
                  "uv_size": [
                    0,
                    0
                  ]
                },
                "east": {
                  "uv": [
                    0,
                    0
                  ],
                  "uv_size": [
                    0,
                    0
                  ]
                },
                "south": {
                  "uv": [
                    0,
                    0
                  ],
                  "uv_size": [
                    0,
                    0
                  ]
                },
                "west": {
                  "uv": [
                    0,
                    0
                  ],
                  "uv_size": [
                    0,
                    0
                  ]
                },
                "up": {
                  "uv": [
                    0,
                    0
                  ],
                  "uv_size": [
                    0,
                    0
                  ]
                },
                "down": {
                  "uv": [
                    0,
                    0
                  ],
                  "uv_size": [
                    0,
                    0
                  ]
                }
              },
              "inflate": 0
            },
            {
              "origin": [
                -1.5,
                8.5,
                -8.0
              ],
              "size": [
                3.0,
                1.0,
                1.0
              ],
              "uv": {
                "north": {
                  "uv": [
                    0,
                    0
                  ],
                  "uv_size": [
                    0,
                    0
                  ]
                },
                "east": {
                  "uv": [
                    0,
                    0
                  ],
                  "uv_size": [
                    0,
                    0
                  ]
                },
                "south": {
                  "uv": [
                    0,
                    0
                  ],
                  "uv_size": [
                    0,
                    0
                  ]
                },
                "west": {
                  "uv": [
                    0,
                    0
                  ],
                  "uv_size": [
                    0,
                    0
                  ]
                },
                "up": {
                  "uv": [
                    0,
                    0
                  ],
                  "uv_size": [
                    0,
                    0
                  ]
                },
                "down": {
                  "uv": [
                    0,
                    0
                  ],
                  "uv_size": [
                    0,
                    0
                  ]
                }
              },
              "inflate": 0
            },
            {
              "origin": [
                -1.5,
                2.0,
                -8.0
              ],
              "size": [
                3.0,
                1.0,
                1.0
              ],
              "uv": {
                "north": {
                  "uv": [
                    0,
                    0
                  ],
                  "uv_size": [
                    0,
                    0
                  ]
                },
                "east": {
                  "uv": [
                    0,
                    0
                  ],
                  "uv_size": [
                    0,
                    0
                  ]
                },
                "south": {
                  "uv": [
                    0,
                    0
                  ],
                  "uv_size": [
                    0,
                    0
                  ]
                },
                "west": {
                  "uv": [
                    0,
                    0
                  ],
                  "uv_size": [
                    0,
                    0
                  ]
                },
                "up": {
                  "uv": [
                    0,
                    0
                  ],
                  "uv_size": [
                    0,
                    0
                  ]
                },
                "down": {
                  "uv": [
                    0,
                    0
                  ],
                  "uv_size": [
                    0,
                    0
                  ]
                }
              },
              "inflate": 0
            }
          ]
        },
        {
          "name": "octagon",
          "pivot": [
            0,
            17,
            -5
          ],
          "cubes": [
            {
              "origin": [
                -1.0,
                15.75736,
                -8.0
              ],
              "size": [
                2.0,
                2.48528,
                2.0
              ],
              "pivot": [
                0.0,
                17.0,
                -5.0
              ],
              "rotation": [
                -45.0,
                0.0,
                0.0
              ],
              "uv": {
                "north": {
                  "uv": [
                    5,
                    0
                  ],
                  "uv_size": [
                    0,
                    0
                  ]
                },
                "east": {
                  "uv": [
                    5,
                    0
                  ],
                  "uv_size": [
                    0,
                    0
                  ]
                },
                "south": {
                  "uv": [
                    5,
                    0
                  ],
                  "uv_size": [
                    0,
                    0
                  ]
                },
                "west": {
                  "uv": [
                    5,
                    0
                  ],
                  "uv_size": [
                    0,
                    0
                  ]
                },
                "up": {
                  "uv": [
                    5,
                    0
                  ],
                  "uv_size": [
                    0,
                    0
                  ]
                },
                "down": {
                  "uv": [
                    5,
                    0
                  ],
                  "uv_size": [
                    0,
                    0
                  ]
                }
              },
              "inflate": 0
            },
            {
              "origin": [
                -1.0,
                15.75736,
                -8.0
              ],
              "size": [
                2.0,
                2.48528,
                2.0
              ],
              "uv": {
                "north": {
                  "uv": [
                    5,
                    0
                  ],
                  "uv_size": [
                    0,
                    0
                  ]
                },
                "east": {
                  "uv": [
                    5,
                    0
                  ],
                  "uv_size": [
                    0,
                    0
                  ]
                },
                "south": {
                  "uv": [
                    5,
                    0
                  ],
                  "uv_size": [
                    0,
                    0
                  ]
                },
                "west": {
                  "uv": [
                    5,
                    0
                  ],
                  "uv_size": [
                    0,
                    0
                  ]
                },
                "up": {
                  "uv": [
                    5,
                    0
                  ],
                  "uv_size": [
                    0,
                    0
                  ]
                },
                "down": {
                  "uv": [
                    5,
                    0
                  ],
                  "uv_size": [
                    0,
                    0
                  ]
                }
              },
              "inflate": 0
            },
            {
              "origin": [
                -1.0,
                18.0,
                -6.24264
              ],
              "size": [
                2.0,
                2.0,
                2.48528
              ],
              "uv": {
                "north": {
                  "uv": [
                    5,
                    0
                  ],
                  "uv_size": [
                    0,
                    0
                  ]
                },
                "east": {
                  "uv": [
                    5,
                    0
                  ],
                  "uv_size": [
                    0,
                    0
                  ]
                },
                "south": {
                  "uv": [
                    5,
                    0
                  ],
                  "uv_size": [
                    0,
                    0
                  ]
                },
                "west": {
                  "uv": [
                    5,
                    0
                  ],
                  "uv_size": [
                    0,
                    0
                  ]
                },
                "up": {
                  "uv": [
                    5,
                    0
                  ],
                  "uv_size": [
                    0,
                    0
                  ]
                },
                "down": {
                  "uv": [
                    5,
                    0
                  ],
                  "uv_size": [
                    0,
                    0
                  ]
                }
              },
              "inflate": 0
            },
            {
              "origin": [
                -1.0,
                19.0,
                -4.24264
              ],
              "size": [
                2.0,
                1.0,
                24.48528
              ],
              "uv": {
                "north": {
                  "uv": [
                    5,
                    0
                  ],
                  "uv_size": [
                    0,
                    0
                  ]
                },
                "east": {
                  "uv": [
                    5,
                    0
                  ],
                  "uv_size": [
                    0,
                    0
                  ]
                },
                "south": {
                  "uv": [
                    5,
                    0
                  ],
                  "uv_size": [
                    0,
                    0
                  ]
                },
                "west": {
                  "uv": [
                    5,
                    0
                  ],
                  "uv_size": [
                    0,
                    0
                  ]
                },
                "up": {
                  "uv": [
                    5,
                    0
                  ],
                  "uv_size": [
                    0,
                    0
                  ]
                },
                "down": {
                  "uv": [
                    5,
                    0
                  ],
                  "uv_size": [
                    0,
                    0
                  ]
                }
              },
              "inflate": 0
            },
            {
              "origin": [
                -1.0,
                17.73,
                -3.6
              ],
              "size": [
                2.0,
                1.0,
                4.48528
              ],
              "pivot": [
                0.0,
                17.0,
                -5.0
              ],
              "rotation": [
                12.5,
                0.0,
                0.0
              ],
              "uv": {
                "north": {
                  "uv": [
                    5,
                    0
                  ],
                  "uv_size": [
                    0,
                    0
                  ]
                },
                "east": {
                  "uv": [
                    5,
                    0
                  ],
                  "uv_size": [
                    0,
                    0
                  ]
                },
                "south": {
                  "uv": [
                    5,
                    0
                  ],
                  "uv_size": [
                    0,
                    0
                  ]
                },
                "west": {
                  "uv": [
                    5,
                    0
                  ],
                  "uv_size": [
                    0,
                    0
                  ]
                },
                "up": {
                  "uv": [
                    5,
                    0
                  ],
                  "uv_size": [
                    0,
                    0
                  ]
                },
                "down": {
                  "uv": [
                    5,
                    0
                  ],
                  "uv_size": [
                    0,
                    0
                  ]
                }
              },
              "inflate": 0
            }
          ],
          "parent": "light"
        },
        {
          "name": "bone2",
          "cubes": [
            {
              "origin": [
                -2.0,
                18.0,
                14.0
              ],
              "size": [
                4.0,
                1.0,
                10.0
              ],
              "uv": {
                "north": {
                  "uv": [
                    4,
                    0
                  ],
                  "uv_size": [
                    -1,
                    0
                  ]
                },
                "east": {
                  "uv": [
                    4,
                    0
                  ],
                  "uv_size": [
                    -1,
                    0
                  ]
                },
                "south": {
                  "uv": [
                    4,
                    0
                  ],
                  "uv_size": [
                    -1,
                    0
                  ]
                },
                "west": {
                  "uv": [
                    4,
                    0
                  ],
                  "uv_size": [
                    -1,
                    0
                  ]
                },
                "up": {
                  "uv": [
                    3,
                    0
                  ],
                  "uv_size": [
                    1,
                    0
                  ]
                },
                "down": {
                  "uv": [
                    3,
                    0
                  ],
                  "uv_size": [
                    1,
                    0
                  ]
                }
              },
              "inflate": 0
            },
            {
              "origin": [
                -1.5,
                17.0,
                14.4
              ],
              "size": [
                3.0,
                1.0,
                3.0
              ],
              "uv": {
                "north": {
                  "uv": [
                    4,
                    0
                  ],
                  "uv_size": [
                    -1,
                    0
                  ]
                },
                "east": {
                  "uv": [
                    4,
                    0
                  ],
                  "uv_size": [
                    -1,
                    0
                  ]
                },
                "south": {
                  "uv": [
                    4,
                    0
                  ],
                  "uv_size": [
                    -1,
                    0
                  ]
                },
                "west": {
                  "uv": [
                    4,
                    0
                  ],
                  "uv_size": [
                    -1,
                    0
                  ]
                },
                "up": {
                  "uv": [
                    3,
                    0
                  ],
                  "uv_size": [
                    1,
                    0
                  ]
                },
                "down": {
                  "uv": [
                    3,
                    0
                  ],
                  "uv_size": [
                    1,
                    0
                  ]
                }
              },
              "inflate": 0
            },
            {
              "origin": [
                -1.4,
                17.5,
                17.4
              ],
              "size": [
                2.8,
                1.0,
                6.0
              ],
              "uv": {
                "north": {
                  "uv": [
                    8,
                    0
                  ],
                  "uv_size": [
                    -1,
                    0
                  ]
                },
                "east": {
                  "uv": [
                    8,
                    0
                  ],
                  "uv_size": [
                    -1,
                    0
                  ]
                },
                "south": {
                  "uv": [
                    8,
                    0
                  ],
                  "uv_size": [
                    -1,
                    0
                  ]
                },
                "west": {
                  "uv": [
                    8,
                    0
                  ],
                  "uv_size": [
                    -1,
                    0
                  ]
                },
                "up": {
                  "uv": [
                    7,
                    0
                  ],
                  "uv_size": [
                    1,
                    0
                  ]
                },
                "down": {
                  "uv": [
                    7,
                    0
                  ],
                  "uv_size": [
                    1,
                    0
                  ]
                }
              },
              "inflate": 0
            }
          ],
          "parent": "light"
        }
      ]
    }
  ]
}