{
  "format_version": "1.8.0",
  "minecraft:client_entity": {
    "description": {
      "identifier": "pa:blue",
      "min_engine_version": "1.8.0",
      "materials": {
        "default": "witch"
      },
      "textures": {
        "default": "textures/entity/pamobile/pa_blue"
      },
      "geometry": {
        "default": "geometry.pa_blue"
      },
      "scripts": {
        "scale": "0.9375"
      },
      "animations": {
        "villager_general": "animation.pa_blue.jumpscare",
        "look_at_target": "animation.pa_blue.looking",
        "move": "animation.pa_blue.move_1",
        "general": "animation.pa_blue.jeneral"
      },
      "animation_controllers": [
        {
          "general": "controller.animation.pa_blue.jeneral"
        },
        {
          "move": "controller.animation.villager.move"
        }
      ],
      "render_controllers": [
        "controller.render.witch"
      ],
      "spawn_egg": {
        "base_color": "#3400FF",
        "overlay_color": "#01006D"
      }
    }
  }
}