{
  "format_version": "1.8.0",
  "minecraft:client_entity": {
    "description": {
      "identifier": "pa:cyan",
      "min_engine_version": "1.8.0",
      "materials": {
        "default": "witch"
      },
      "textures": {
        "default": "textures/entity/pamobile/pa_cyan"
      },
      "geometry": {
        "default": "geometry.pa_cyan"
      },
      "scripts": {
        "scale": "0.9375"
      },
      "animations": {
        "villager_general": "animation.pa_cyan.jumpscare",
        "look_at_target": "animation.pa_cyan.looking",
        "move": "animation.pa_cyan.move_1",
        "general": "animation.pa_cyan.villager_general"
      },
      "animation_controllers": [
        {
          "general": "controller.animation.witch.general"
        },
        {
          "move": "controller.animation.villager.move"
        }
      ],
      "render_controllers": [
        "controller.render.witch"
      ],
      "spawn_egg": {
        "base_color": "#00FFCF",
        "overlay_color": "#006C5B"
      }
    }
  }
}