{
  "format_version": "1.8.0",
  "minecraft:client_entity": {
    "description": {
      "identifier": "pa:purple",
      "min_engine_version": "1.8.0",
      "materials": {
        "default": "witch"
      },
      "textures": {
        "default": "textures/entity/pamobile/pa_purple"
      },
      "geometry": {
        "default": "geometry.pa_purple"
      },
      "scripts": {
        "scale": "0.9375"
      },
      "animations": {
        "villager_general": "animation.pa_purple.jumpscare",
        "look_at_target": "animation.pa_purple.looking",
        "move": "animation.pa_purple.move_1",
        "general": "animation.pa_purple.jeneral"
      },
      "animation_controllers": [
        {
          "general": "controller.animation.pa_purple.jeneral"
        },
        {
          "move": "controller.animation.villager.move"
        }
      ],
      "render_controllers": [
        "controller.render.witch"
      ],
      "spawn_egg": {
        "base_color": "#8200FF",
        "overlay_color": "#29006A"
      }
    }
  }
}