{
  "format_version": "1.8.0",
  "minecraft:client_entity": {
    "description": {
      "identifier": "pa:yelow",
      "min_engine_version": "1.8.0",
      "materials": {
        "default": "witch"
      },
      "textures": {
        "default": "textures/entity/pamobile/pa_yelow"
      },
      "geometry": {
        "default": "geometry.pa_yelow"
      },
      "scripts": {
        "scale": "0.9375"
      },
      "animations": {
        "villager_general": "animation.yelow.attack",
        "look_at_target": "animation.yelow.looking",
        "move": "animation.pa_yelow.move_1",
        "general": "animation.yelow.jeneral"
      },
      "animation_controllers": [
        {
          "general": "controller.animation.yelow.jeneral"
        },
        {
          "move": "controller.animation.villager.move"
        }
      ],
      "render_controllers": [
        "controller.render.witch"
      ],
      "spawn_egg": {
        "base_color": "#FFE800",
        "overlay_color": "#6D6C00"
      }
    }
  }
}