{
  "format_version": "1.12.0",
  "minecraft:geometry": [
    {
      "description": {
        "identifier": "geometry.yg_orange",
        "texture_width": 128,
        "texture_height": 128,
        "visible_bounds_width": 5,
        "visible_bounds_height": 3.5,
        "visible_bounds_offset": [
          0,
          1.25,
          0
        ]
      },
      "bones": [
        {
          "name": "Root",
          "pivot": [
            0,
            4,
            0
          ]
        },
        {
          "name": "Body",
          "pivot": [
            0,
            8.91228,
            4.65014
          ],
          "cubes": [
            {
              "origin": [
                -2.0,
                19.0,
                1.0
              ],
              "size": [
                4.0,
                5.0,
                4.0
              ],
              "pivot": [
                0.0,
                21.5,
                3.0
              ],
              "rotation": [
                17.5,
                0.0,
                0.0
              ],
              "uv": [
                0,
                44
              ],
              "inflate": 0
            },
            {
              "origin": [
                -2.2,
                7.6577,
                2.20033
              ],
              "size": [
                4.4,
                5.5,
                4.4
              ],
              "pivot": [
                0.0,
                10.4077,
                4.40033
              ],
              "rotation": [
                17.5,
                0.0,
                0.0
              ],
              "uv": [
                40,
                25
              ],
              "inflate": 0
            },
            {
              "origin": [
                -2.04,
                5.14242,
                3.78224
              ],
              "size": [
                4.08,
                4.08,
                6.12
              ],
              "pivot": [
                0.0,
                7.18242,
                6.84224
              ],
              "rotation": [
                -37.5,
                0.0,
                0.0
              ],
              "uv": [
                0,
                34
              ],
              "inflate": 0
            },
            {
              "origin": [
                -2.0,
                3.36074,
                8.24017
              ],
              "size": [
                4.0,
                4.0,
                6.0
              ],
              "pivot": [
                0.0,
                5.36074,
                11.24017
              ],
              "rotation": [
                -7.5,
                0.0,
                0.0
              ],
              "uv": [
                26,
                28
              ],
              "inflate": 0
            },
            {
              "origin": [
                -1.5,
                3.3057,
                13.7589
              ],
              "size": [
                3.0,
                3.0,
                6.0
              ],
              "pivot": [
                0.0,
                4.8057,
                16.7589
              ],
              "rotation": [
                -5.0,
                0.0,
                0.0
              ],
              "uv": [
                36,
                38
              ],
              "inflate": 0
            },
            {
              "origin": [
                -2.3712,
                12.06752,
                1.288
              ],
              "size": [
                4.7424,
                8.2992,
                4.7424
              ],
              "uv": [
                20,
                38
              ],
              "inflate": 0
            }
          ],
          "parent": "Root"
        },
        {
          "name": "Head",
          "pivot": [
            0,
            24.8,
            2.6
          ],
          "cubes": [
            {
              "origin": [
                -4.0,
                23.0,
                -4.0
              ],
              "size": [
                8.0,
                5.0,
                8.0
              ],
              "uv": [
                0,
                0
              ],
              "inflate": 0
            },
            {
              "origin": [
                1.0,
                26.0,
                -2.0
              ],
              "size": [
                4.0,
                4.0,
                4.0
              ],
              "uv": [
                32,
                47
              ],
              "inflate": 0
            },
            {
              "origin": [
                -5.0,
                26.0,
                -2.0
              ],
              "size": [
                4.0,
                4.0,
                4.0
              ],
              "uv": [
                46,
                15
              ],
              "inflate": 0
            },
            {
              "origin": [
                -3.5,
                26.0,
                -13.0
              ],
              "size": [
                7.0,
                2.0,
                9.0
              ],
              "uv": [
                23,
                4
              ],
              "inflate": 0
            },
            {
              "origin": [
                -3.5,
                25.0,
                -13.0
              ],
              "size": [
                7.0,
                1.0,
                9.0
              ],
              "uv": [
                23,
                15
              ],
              "inflate": 0
            }
          ],
          "parent": "Body"
        },
        {
          "name": "bone",
          "pivot": [
            0,
            24.75,
            -4.5
          ],
          "cubes": [
            {
              "origin": [
                -3.5,
                23.0,
                -13.0
              ],
              "size": [
                7.0,
                2.0,
                9.0
              ],
              "uv": [
                0,
                13
              ],
              "inflate": 0
            },
            {
              "origin": [
                -3.5,
                25.0,
                -13.0
              ],
              "size": [
                7.0,
                1.0,
                9.0
              ],
              "uv": [
                0,
                24
              ],
              "inflate": 0
            }
          ],
          "parent": "Head"
        },
        {
          "name": "Rightarm",
          "pivot": [
            -2,
            19,
            4
          ],
          "cubes": [
            {
              "origin": [
                -9.0,
                18.0,
                3.0
              ],
              "size": [
                8.0,
                2.0,
                2.0
              ],
              "uv": [
                46,
                8
              ],
              "inflate": 0
            }
          ],
          "parent": "Body"
        },
        {
          "name": "bone2",
          "pivot": [
            -9.5,
            19,
            4
          ],
          "cubes": [
            {
              "origin": [
                -16.0,
                18.0,
                3.0
              ],
              "size": [
                7.0,
                2.0,
                2.0
              ],
              "uv": [
                14,
                51
              ],
              "inflate": 0
            }
          ],
          "parent": "Rightarm"
        },
        {
          "name": "bone3",
          "pivot": [
            -15.5153,
            18.7723,
            4
          ],
          "cubes": [
            {
              "origin": [
                -18.0,
                18.5,
                3.0
              ],
              "size": [
                2.0,
                1.0,
                2.0
              ],
              "uv": [
                23,
                15
              ],
              "inflate": 0
            },
            {
              "origin": [
                -19.9924,
                18.5,
                4.08682
              ],
              "size": [
                3.0,
                1.0,
                1.0
              ],
              "pivot": [
                -18.4924,
                19.0,
                4.58682
              ],
              "rotation": [
                0.0,
                10.0,
                0.0
              ],
              "uv": [
                0,
                24
              ],
              "inflate": 0
            },
            {
              "origin": [
                -21.45116,
                17.99456,
                4.43221
              ],
              "size": [
                2.0,
                1.0,
                1.0
              ],
              "pivot": [
                -20.45116,
                18.49456,
                4.93221
              ],
              "rotation": [
                -6.12673,
                7.9185,
                -37.92445
              ],
              "uv": [
                20,
                34
              ],
              "inflate": 0
            },
            {
              "origin": [
                -18.00544,
                18.5,
                2.01103
              ],
              "size": [
                2.0,
                1.0,
                1.0
              ],
              "pivot": [
                -17.00544,
                19.0,
                2.51103
              ],
              "rotation": [
                0.0,
                -52.5,
                0.0
              ],
              "uv": [
                20,
                36
              ],
              "inflate": 0
            },
            {
              "origin": [
                -18.85739,
                17.95577,
                0.90074
              ],
              "size": [
                2.0,
                1.0,
                1.0
              ],
              "pivot": [
                -17.85739,
                18.45577,
                1.40074
              ],
              "rotation": [
                41.36219,
                -35.79744,
                -56.40206
              ],
              "uv": [
                14,
                36
              ],
              "inflate": 0
            },
            {
              "origin": [
                -19.98296,
                18.5,
                2.87059
              ],
              "size": [
                3.0,
                1.0,
                1.0
              ],
              "pivot": [
                -18.48296,
                19.0,
                3.37059
              ],
              "rotation": [
                0.0,
                -15.0,
                0.0
              ],
              "uv": [
                23,
                20
              ],
              "inflate": 0
            },
            {
              "origin": [
                -21.31772,
                17.95577,
                2.37897
              ],
              "size": [
                2.0,
                1.0,
                1.0
              ],
              "pivot": [
                -20.31772,
                18.45577,
                2.87897
              ],
              "rotation": [
                10.26078,
                -11.00072,
                -43.49069
              ],
              "uv": [
                0,
                36
              ],
              "inflate": 0
            }
          ],
          "parent": "bone2"
        },
        {
          "name": "Leftarm",
          "pivot": [
            2,
            19,
            4
          ],
          "cubes": [
            {
              "origin": [
                1.0,
                18.0,
                3.0
              ],
              "size": [
                8.0,
                2.0,
                2.0
              ],
              "uv": [
                46,
                4
              ],
              "inflate": 0
            }
          ],
          "parent": "Body"
        },
        {
          "name": "bone4",
          "pivot": [
            9.5,
            19,
            4
          ],
          "cubes": [
            {
              "origin": [
                9.0,
                18.0,
                3.0
              ],
              "size": [
                7.0,
                2.0,
                2.0
              ],
              "uv": [
                48,
                38
              ],
              "inflate": 0
            }
          ],
          "parent": "Leftarm"
        },
        {
          "name": "bone5",
          "pivot": [
            14.5153,
            18.7723,
            4
          ],
          "cubes": [
            {
              "origin": [
                16.0,
                18.5,
                3.0
              ],
              "size": [
                2.0,
                1.0,
                2.0
              ],
              "uv": [
                0,
                19
              ],
              "inflate": 0
            },
            {
              "origin": [
                17.0,
                18.5,
                4.0
              ],
              "size": [
                3.0,
                1.0,
                1.0
              ],
              "pivot": [
                18.0,
                19.0,
                4.5
              ],
              "rotation": [
                0.0,
                -10.0,
                0.0
              ],
              "uv": [
                23,
                18
              ],
              "inflate": 0
            },
            {
              "origin": [
                19.45116,
                17.99456,
                4.43221
              ],
              "size": [
                2.0,
                1.0,
                1.0
              ],
              "pivot": [
                20.45116,
                18.49456,
                4.93221
              ],
              "rotation": [
                -6.12673,
                -7.9185,
                37.92445
              ],
              "uv": [
                14,
                34
              ],
              "inflate": 0
            },
            {
              "origin": [
                16.00544,
                18.5,
                2.01103
              ],
              "size": [
                2.0,
                1.0,
                1.0
              ],
              "pivot": [
                17.00544,
                19.0,
                2.51103
              ],
              "rotation": [
                0.0,
                52.5,
                0.0
              ],
              "uv": [
                0,
                34
              ],
              "inflate": 0
            },
            {
              "origin": [
                16.85739,
                17.95577,
                0.90074
              ],
              "size": [
                2.0,
                1.0,
                1.0
              ],
              "pivot": [
                17.85739,
                18.45577,
                1.40074
              ],
              "rotation": [
                41.36219,
                35.79744,
                56.40206
              ],
              "uv": [
                33,
                25
              ],
              "inflate": 0
            },
            {
              "origin": [
                16.98296,
                18.5,
                2.87059
              ],
              "size": [
                3.0,
                1.0,
                1.0
              ],
              "pivot": [
                18.48296,
                19.0,
                3.37059
              ],
              "rotation": [
                0.0,
                15.0,
                0.0
              ],
              "uv": [
                0,
                6
              ],
              "inflate": 0
            },
            {
              "origin": [
                19.31772,
                17.95577,
                2.37897
              ],
              "size": [
                2.0,
                1.0,
                1.0
              ],
              "pivot": [
                20.31772,
                18.45577,
                2.87897
              ],
              "rotation": [
                10.26078,
                11.00072,
                43.49069
              ],
              "uv": [
                23,
                31
              ],
              "inflate": 0
            }
          ],
          "parent": "bone4"
        },
        {
          "name": "Rightleg",
          "pivot": [
            -2,
            9,
            5
          ],
          "cubes": [
            {
              "origin": [
                -9.0,
                8.0,
                4.0
              ],
              "size": [
                8.0,
                2.0,
                2.0
              ],
              "uv": [
                44,
                0
              ],
              "inflate": 0
            }
          ],
          "parent": "Root",
          "rotation": [
            0,
            0,
            -12.5
          ]
        },
        {
          "name": "bone6",
          "pivot": [
            -9.5,
            9,
            5
          ],
          "cubes": [
            {
              "origin": [
                -16.0,
                8.0,
                4.0
              ],
              "size": [
                7.0,
                2.0,
                2.0
              ],
              "uv": [
                44,
                47
              ],
              "inflate": 0
            }
          ],
          "parent": "Rightleg",
          "rotation": [
            0,
            0,
            -77.5
          ]
        },
        {
          "name": "bone7",
          "pivot": [
            -16.5,
            8.98916,
            5
          ],
          "cubes": [
            {
              "origin": [
                -17.0,
                7.5,
                3.0
              ],
              "size": [
                1.0,
                3.0,
                3.0
              ],
              "uv": [
                0,
                13
              ],
              "inflate": 0
            },
            {
              "origin": [
                -17.0,
                9.5,
                1.0
              ],
              "size": [
                1.0,
                1.0,
                2.0
              ],
              "pivot": [
                -16.5,
                10.0,
                3.0
              ],
              "rotation": [
                -5.0,
                0.0,
                0.0
              ],
              "uv": [
                29,
                25
              ],
              "inflate": 0
            },
            {
              "origin": [
                -17.0,
                8.5,
                1.0
              ],
              "size": [
                1.0,
                1.0,
                2.0
              ],
              "uv": [
                0,
                29
              ],
              "inflate": 0
            },
            {
              "origin": [
                -17.0,
                7.5,
                1.0
              ],
              "size": [
                1.0,
                1.0,
                2.0
              ],
              "pivot": [
                -16.5,
                8.0,
                3.0
              ],
              "rotation": [
                7.5,
                0.0,
                0.0
              ],
              "uv": [
                23,
                28
              ],
              "inflate": 0
            }
          ],
          "parent": "bone6"
        },
        {
          "name": "Leftleg",
          "pivot": [
            2,
            9,
            5
          ],
          "cubes": [
            {
              "origin": [
                1.0,
                8.0,
                4.0
              ],
              "size": [
                8.0,
                2.0,
                2.0
              ],
              "uv": [
                24,
                0
              ],
              "inflate": 0
            }
          ],
          "parent": "Root",
          "rotation": [
            0,
            0,
            12.5
          ]
        },
        {
          "name": "bone8",
          "pivot": [
            9.5,
            9,
            5
          ],
          "cubes": [
            {
              "origin": [
                9.0,
                8.0,
                4.0
              ],
              "size": [
                7.0,
                2.0,
                2.0
              ],
              "uv": [
                46,
                34
              ],
              "inflate": 0
            }
          ],
          "parent": "Leftleg",
          "rotation": [
            0,
            0,
            77.5
          ]
        },
        {
          "name": "bone9",
          "pivot": [
            16.5,
            8.98916,
            5
          ],
          "cubes": [
            {
              "origin": [
                16.0,
                7.5,
                3.0
              ],
              "size": [
                1.0,
                3.0,
                3.0
              ],
              "uv": [
                0,
                0
              ],
              "inflate": 0
            },
            {
              "origin": [
                16.0,
                9.5,
                1.0
              ],
              "size": [
                1.0,
                1.0,
                2.0
              ],
              "pivot": [
                16.5,
                10.0,
                3.0
              ],
              "rotation": [
                -5.0,
                0.0,
                0.0
              ],
              "uv": [
                0,
                26
              ],
              "inflate": 0
            },
            {
              "origin": [
                16.0,
                8.5,
                1.0
              ],
              "size": [
                1.0,
                1.0,
                2.0
              ],
              "uv": [
                23,
                25
              ],
              "inflate": 0
            },
            {
              "origin": [
                16.0,
                7.5,
                1.0
              ],
              "size": [
                1.0,
                1.0,
                2.0
              ],
              "pivot": [
                16.5,
                8.0,
                3.0
              ],
              "rotation": [
                7.5,
                0.0,
                0.0
              ],
              "uv": [
                24,
                4
              ],
              "inflate": 0
            }
          ],
          "parent": "bone8"
        }
      ]
    }
  ]
}