{
  "format_version": "1.10.0",
  "minecraft:client_entity": {
    "description": {
      "identifier": "grt:drone",
      "textures": {
        "default": "textures/entity/pamobile/grt_drone"
      },
      "materials": {
        "default": "skeleton"
      },
      "geometry": {
        "default": "geometry.grt_drone"
      },
      "render_controllers": [
        "controller.render.translucence"
      ],
      "spawn_egg": {
        "base_color": "#B4D3D1",
        "overlay_color": "#51FF00"
      },
      "animations": {
        "walk": "animation.speedboat.walk"
      },
      "scripts": {
        "animate": [
          "root",
          {
            "walk": "query.is_moving"
          }
        ]
      }
    }
  }
}