{
  "format_version": "1.12.0",
  "minecraft:geometry": [
    {
      "description": {
        "identifier": "geometry.os_blue",
        "texture_width": 64,
        "texture_height": 64,
        "visible_bounds_width": 3,
        "visible_bounds_height": 4,
        "visible_bounds_offset": [
          0,
          1,
          0
        ]
      },
      "bones": [
        {
          "name": "root"
        },
        {
          "name": "waist",
          "pivot": [
            0,
            12,
            0
          ],
          "parent": "root"
        },
        {
          "name": "body",
          "pivot": [
            0,
            12,
            0
          ],
          "cubes": [
            {
              "origin": [
                -4.0,
                20.0,
                -3.0
              ],
              "size": [
                8.0,
                4.0,
                6.0
              ],
              "uv": [
                22,
                24
              ],
              "inflate": 0
            },
            {
              "origin": [
                -4.0,
                12.0,
                -3.0
              ],
              "size": [
                8.0,
                8.0,
                6.0
              ],
              "uv": [
                0,
                16
              ],
              "inflate": 0.5
            }
          ],
          "parent": "waist"
        },
        {
          "name": "head",
          "pivot": [
            0,
            24,
            0
          ],
          "cubes": [
            {
              "origin": [
                0.0,
                23.0,
                -4.0
              ],
              "size": [
                2.0,
                3.0,
                0.0
              ],
              "pivot": [
                1.0,
                25.5,
                -4.0
              ],
              "rotation": [
                -17.35932,
                -2.24944,
                -7.15656
              ],
              "uv": [
                16,
                0
              ],
              "inflate": 0
            },
            {
              "origin": [
                -4.0,
                24.0,
                -4.0
              ],
              "size": [
                8.0,
                8.0,
                8.0
              ],
              "uv": [
                0,
                0
              ],
              "inflate": 0
            },
            {
              "origin": [
                1.0,
                28.0,
                -4.0
              ],
              "size": [
                2.0,
                2.0,
                0.0
              ],
              "uv": [
                0,
                3
              ],
              "inflate": 0.5
            },
            {
              "origin": [
                -3.0,
                32.0,
                -3.0
              ],
              "size": [
                6.0,
                5.0,
                6.0
              ],
              "uv": [
                26,
                10
              ],
              "inflate": 0.5
            }
          ],
          "parent": "body"
        },
        {
          "name": "eyeball",
          "pivot": [
            -2,
            29,
            -4
          ],
          "cubes": [
            {
              "origin": [
                -3.0,
                28.0,
                -4.0
              ],
              "size": [
                2.0,
                2.0,
                1.0
              ],
              "uv": [
                0,
                0
              ],
              "inflate": 0.5
            }
          ],
          "parent": "head"
        },
        {
          "name": "cape",
          "pivot": [
            0,
            24,
            3
          ],
          "parent": "body"
        },
        {
          "name": "leftArm",
          "pivot": [
            4,
            22,
            0
          ],
          "cubes": [
            {
              "origin": [
                4.0,
                17.0,
                -2.0
              ],
              "size": [
                4.0,
                7.0,
                4.0
              ],
              "uv": [
                16,
                35
              ],
              "inflate": 0
            },
            {
              "origin": [
                4.0,
                12.0,
                -2.0
              ],
              "size": [
                4.0,
                6.0,
                4.0
              ],
              "uv": [
                16,
                39
              ],
              "inflate": 0.5
            }
          ],
          "parent": "body"
        },
        {
          "name": "leftSleeve",
          "pivot": [
            4,
            22,
            0
          ],
          "parent": "leftArm"
        },
        {
          "name": "leftItem",
          "pivot": [
            5,
            15,
            1
          ],
          "parent": "leftArm"
        },
        {
          "name": "rightArm",
          "pivot": [
            -4,
            22,
            0
          ],
          "cubes": [
            {
              "origin": [
                -8.0,
                17.0,
                -2.0
              ],
              "size": [
                4.0,
                7.0,
                4.0
              ],
              "uv": [
                16,
                39
              ],
              "inflate": 0
            },
            {
              "origin": [
                -8.0,
                12.0,
                -2.0
              ],
              "size": [
                4.0,
                6.0,
                4.0
              ],
              "uv": [
                16,
                40
              ],
              "inflate": 0.5
            }
          ],
          "parent": "body"
        },
        {
          "name": "rightSleeve",
          "pivot": [
            -4,
            22,
            0
          ],
          "parent": "rightArm"
        },
        {
          "name": "rightItem",
          "pivot": [
            -5,
            15,
            1
          ],
          "parent": "rightArm",
          "locators": {
            "lead_hold": [
              -5,
              15,
              1
            ]
          }
        },
        {
          "name": "jacket",
          "pivot": [
            0,
            24,
            0
          ],
          "parent": "body"
        },
        {
          "name": "leftLeg",
          "pivot": [
            1.9,
            12,
            0
          ],
          "cubes": [
            {
              "origin": [
                -0.1,
                0.0,
                -2.0
              ],
              "size": [
                4.0,
                12.0,
                4.0
              ],
              "uv": [
                16,
                34
              ],
              "inflate": 0
            }
          ],
          "parent": "root"
        },
        {
          "name": "leftPants",
          "pivot": [
            1.9,
            12,
            0
          ],
          "parent": "leftLeg"
        },
        {
          "name": "rightLeg",
          "pivot": [
            -1.9,
            12,
            0
          ],
          "cubes": [
            {
              "origin": [
                -3.9,
                0.0,
                -2.0
              ],
              "size": [
                4.0,
                12.0,
                4.0
              ],
              "uv": [
                16,
                35
              ],
              "inflate": 0
            }
          ],
          "parent": "root"
        },
        {
          "name": "rightPants",
          "pivot": [
            -1.9,
            12,
            0
          ],
          "parent": "rightLeg"
        }
      ]
    }
  ]
}