{
  "format_version": "1.12.0",
  "minecraft:geometry": [
    {
      "description": {
        "identifier": "geometry.os_cyan",
        "texture_width": 64,
        "texture_height": 64,
        "visible_bounds_width": 4,
        "visible_bounds_height": 2.5,
        "visible_bounds_offset": [
          0,
          0.75,
          0
        ]
      },
      "bones": [
        {
          "name": "root"
        },
        {
          "name": "waist",
          "pivot": [
            0,
            -3,
            0
          ],
          "parent": "root"
        },
        {
          "name": "body",
          "pivot": [
            0,
            8,
            0
          ],
          "cubes": [
            {
              "origin": [
                -5.0,
                8.0,
                -6.0
              ],
              "size": [
                10.0,
                8.0,
                13.0
              ],
              "uv": [
                0,
                0
              ],
              "inflate": 0
            },
            {
              "origin": [
                -3.0,
                9.0,
                -13.0
              ],
              "size": [
                6.0,
                6.0,
                9.0
              ],
              "pivot": [
                0.0,
                12.0,
                -6.5
              ],
              "rotation": [
                -40.0,
                0.0,
                0.0
              ],
              "uv": [
                0,
                34
              ],
              "inflate": 0
            },
            {
              "origin": [
                0.0,
                2.0,
                6.0
              ],
              "size": [
                0.0,
                13.0,
                15.0
              ],
              "pivot": [
                0.0,
                12.0,
                7.0
              ],
              "rotation": [
                -7.5,
                0.0,
                0.0
              ],
              "uv": [
                0,
                6
              ],
              "inflate": 0
            }
          ],
          "parent": "waist"
        },
        {
          "name": "head",
          "pivot": [
            0,
            16,
            -12
          ],
          "cubes": [
            {
              "origin": [
                -5.0,
                15.0,
                -15.0
              ],
              "size": [
                10.0,
                6.0,
                7.0
              ],
              "uv": [
                23,
                27
              ],
              "inflate": 0
            },
            {
              "origin": [
                4.0,
                16.0,
                -14.0
              ],
              "size": [
                6.0,
                4.0,
                5.0
              ],
              "pivot": [
                5.0,
                18.0,
                -12.0
              ],
              "rotation": [
                0.0,
                -20.0,
                0.0
              ],
              "uv": [
                33,
                0
              ],
              "inflate": 0
            },
            {
              "origin": [
                9.89921,
                16.0,
                -11.57161
              ],
              "size": [
                4.0,
                4.0,
                3.0
              ],
              "pivot": [
                9.0,
                18.0,
                -11.0
              ],
              "rotation": [
                0.0,
                -37.5,
                0.0
              ],
              "uv": [
                0,
                57
              ],
              "inflate": 0
            },
            {
              "origin": [
                -10.0,
                16.0,
                -14.0
              ],
              "size": [
                6.0,
                4.0,
                5.0
              ],
              "pivot": [
                -5.0,
                18.0,
                -12.0
              ],
              "rotation": [
                0.0,
                22.5,
                0.0
              ],
              "uv": [
                33,
                0
              ],
              "inflate": 0
            },
            {
              "origin": [
                -12.15643,
                16.0,
                -11.2409
              ],
              "size": [
                4.0,
                4.0,
                3.0
              ],
              "pivot": [
                -9.0,
                18.0,
                -9.0
              ],
              "rotation": [
                0.0,
                45.0,
                0.0
              ],
              "uv": [
                0,
                49
              ],
              "inflate": 0
            }
          ],
          "parent": "body"
        },
        {
          "name": "eyeball",
          "pivot": [
            -4.6453,
            20.67349,
            -14.47643
          ],
          "cubes": [
            {
              "origin": [
                -6.0,
                19.0,
                -16.0
              ],
              "size": [
                3.0,
                3.0,
                3.0
              ],
              "pivot": [
                -4.0,
                21.0,
                -14.0
              ],
              "rotation": [
                -17.5,
                15.0,
                0.0
              ],
              "uv": [
                40,
                49
              ],
              "inflate": 0
            }
          ],
          "parent": "head"
        },
        {
          "name": "eyeball2",
          "pivot": [
            4.85053,
            20.59949,
            -14.75316
          ],
          "cubes": [
            {
              "origin": [
                3.0,
                19.0,
                -16.0
              ],
              "size": [
                3.0,
                3.0,
                3.0
              ],
              "pivot": [
                5.0,
                21.0,
                -14.0
              ],
              "rotation": [
                -11.5754,
                -27.10593,
                -3.87364
              ],
              "uv": [
                28,
                49
              ],
              "inflate": 0
            }
          ],
          "parent": "head"
        },
        {
          "name": "leftArm",
          "pivot": [
            -4,
            9,
            0
          ],
          "cubes": [
            {
              "origin": [
                -6.0,
                0.0,
                -1.0
              ],
              "size": [
                3.0,
                9.0,
                3.0
              ],
              "uv": [
                46,
                9
              ],
              "inflate": 0
            },
            {
              "origin": [
                -6.0,
                0.0,
                -3.0
              ],
              "size": [
                3.0,
                1.0,
                2.0
              ],
              "uv": [
                49,
                24
              ],
              "inflate": 0
            }
          ],
          "parent": "root"
        },
        {
          "name": "leftLeg",
          "pivot": [
            4,
            9,
            0
          ],
          "cubes": [
            {
              "origin": [
                3.0,
                0.0,
                -1.0
              ],
              "size": [
                3.0,
                9.0,
                3.0
              ],
              "uv": [
                0,
                0
              ],
              "inflate": 0
            },
            {
              "origin": [
                3.0,
                0.0,
                -3.0
              ],
              "size": [
                3.0,
                1.0,
                2.0
              ],
              "uv": [
                33,
                24
              ],
              "inflate": 0
            }
          ],
          "parent": "root"
        }
      ]
    }
  ]
}