{
  "format_version": "1.12.0",
  "minecraft:geometry": [
    {
      "description": {
        "identifier": "geometry.os_green",
        "texture_width": 128,
        "texture_height": 128,
        "visible_bounds_width": 8,
        "visible_bounds_height": 4.5,
        "visible_bounds_offset": [
          0,
          1.75,
          0
        ]
      },
      "bones": [
        {
          "name": "root"
        },
        {
          "name": "waist",
          "pivot": [
            0,
            15,
            0
          ],
          "parent": "root"
        },
        {
          "name": "body",
          "pivot": [
            0,
            15,
            0
          ],
          "cubes": [
            {
              "origin": [
                -5.0,
                15.0,
                -5.0
              ],
              "size": [
                10.0,
                11.0,
                10.0
              ],
              "uv": [
                0,
                0
              ],
              "inflate": 0
            }
          ],
          "parent": "waist"
        },
        {
          "name": "body2",
          "pivot": [
            0,
            26,
            0
          ],
          "cubes": [
            {
              "origin": [
                -5.0,
                26.0,
                -5.0
              ],
              "size": [
                10.0,
                10.0,
                10.0
              ],
              "uv": [
                30,
                31
              ],
              "inflate": 0
            }
          ],
          "parent": "body"
        },
        {
          "name": "body4",
          "pivot": [
            0,
            36,
            0
          ],
          "cubes": [
            {
              "origin": [
                -5.0,
                36.0,
                -5.0
              ],
              "size": [
                10.0,
                10.0,
                10.0
              ],
              "uv": [
                0,
                21
              ],
              "inflate": 0
            },
            {
              "origin": [
                -4.0,
                46.0,
                -4.0
              ],
              "size": [
                8.0,
                1.0,
                8.0
              ],
              "uv": [
                54,
                1
              ],
              "inflate": 0.5
            }
          ],
          "parent": "body2"
        },
        {
          "name": "dirt",
          "pivot": [
            0,
            47,
            3
          ],
          "cubes": [
            {
              "origin": [
                -2.0,
                46.0,
                -1.0
              ],
              "size": [
                4.0,
                2.0,
                4.0
              ],
              "uv": [
                56,
                75
              ],
              "inflate": 0
            }
          ],
          "parent": "body4"
        },
        {
          "name": "dirt2",
          "pivot": [
            0,
            47,
            -1
          ],
          "cubes": [
            {
              "origin": [
                -2.0,
                46.0,
                -5.0
              ],
              "size": [
                4.0,
                2.0,
                4.0
              ],
              "uv": [
                56,
                75
              ],
              "inflate": 0
            }
          ],
          "parent": "dirt"
        },
        {
          "name": "dirt3",
          "pivot": [
            0,
            47,
            -5
          ],
          "cubes": [
            {
              "origin": [
                -2.0,
                46.0,
                -9.0
              ],
              "size": [
                4.0,
                2.0,
                4.0
              ],
              "uv": [
                56,
                75
              ],
              "inflate": 0
            }
          ],
          "parent": "dirt2"
        },
        {
          "name": "body3",
          "pivot": [
            0,
            46,
            5
          ],
          "cubes": [
            {
              "origin": [
                -5.0,
                46.0,
                -5.0
              ],
              "size": [
                10.0,
                10.0,
                10.0
              ],
              "uv": [
                30,
                11
              ],
              "inflate": 0
            },
            {
              "origin": [
                -4.0,
                45.0,
                -4.0
              ],
              "size": [
                8.0,
                1.0,
                8.0
              ],
              "uv": [
                54,
                1
              ],
              "inflate": 0.5
            }
          ],
          "parent": "body4"
        },
        {
          "name": "eyeball",
          "pivot": [
            -3,
            51,
            -4.5
          ],
          "cubes": [
            {
              "origin": [
                -4.0,
                50.0,
                -5.0
              ],
              "size": [
                2.0,
                2.0,
                1.0
              ],
              "uv": [
                0,
                3
              ],
              "inflate": 0.5
            }
          ],
          "parent": "body3"
        },
        {
          "name": "eyeball2",
          "pivot": [
            3,
            51,
            -4.5
          ],
          "cubes": [
            {
              "origin": [
                2.0,
                50.0,
                -5.0
              ],
              "size": [
                2.0,
                2.0,
                1.0
              ],
              "uv": [
                0,
                0
              ],
              "inflate": 0.5
            }
          ],
          "parent": "body3"
        },
        {
          "name": "rightArm",
          "pivot": [
            -5,
            42,
            0
          ],
          "cubes": [
            {
              "origin": [
                -15.0,
                40.0,
                -2.0
              ],
              "size": [
                10.0,
                4.0,
                4.0
              ],
              "uv": [
                0,
                63
              ],
              "inflate": 0
            }
          ],
          "parent": "body4"
        },
        {
          "name": "rightArm2",
          "pivot": [
            -15,
            42,
            0
          ],
          "cubes": [
            {
              "origin": [
                -25.0,
                40.0,
                -2.0
              ],
              "size": [
                10.0,
                4.0,
                4.0
              ],
              "uv": [
                0,
                63
              ],
              "inflate": 0
            }
          ],
          "parent": "rightArm"
        },
        {
          "name": "rightArm3",
          "pivot": [
            -25,
            42,
            0
          ],
          "cubes": [
            {
              "origin": [
                -35.0,
                40.0,
                -2.0
              ],
              "size": [
                10.0,
                4.0,
                4.0
              ],
              "uv": [
                0,
                63
              ],
              "inflate": 0
            }
          ],
          "parent": "rightArm2"
        },
        {
          "name": "rightArm4",
          "pivot": [
            -35,
            42,
            0
          ],
          "cubes": [
            {
              "origin": [
                -45.0,
                40.0,
                -2.0
              ],
              "size": [
                10.0,
                4.0,
                4.0
              ],
              "uv": [
                0,
                63
              ],
              "inflate": 0
            }
          ],
          "parent": "rightArm3"
        },
        {
          "name": "rightArm5",
          "pivot": [
            -45,
            42,
            0
          ],
          "cubes": [
            {
              "origin": [
                -55.0,
                40.0,
                -2.0
              ],
              "size": [
                10.0,
                4.0,
                4.0
              ],
              "uv": [
                56,
                67
              ],
              "inflate": 0
            }
          ],
          "parent": "rightArm4"
        },
        {
          "name": "leftArm",
          "pivot": [
            5,
            42,
            0
          ],
          "cubes": [
            {
              "origin": [
                5.0,
                40.0,
                -2.0
              ],
              "size": [
                10.0,
                4.0,
                4.0
              ],
              "uv": [
                0,
                63
              ],
              "inflate": 0
            }
          ],
          "parent": "body4"
        },
        {
          "name": "leftArm2",
          "pivot": [
            15,
            42,
            0
          ],
          "cubes": [
            {
              "origin": [
                15.0,
                40.0,
                -2.0
              ],
              "size": [
                10.0,
                4.0,
                4.0
              ],
              "uv": [
                0,
                63
              ],
              "inflate": 0
            }
          ],
          "parent": "leftArm"
        },
        {
          "name": "leftArm3",
          "pivot": [
            25,
            42,
            0
          ],
          "cubes": [
            {
              "origin": [
                25.0,
                40.0,
                -2.0
              ],
              "size": [
                10.0,
                4.0,
                4.0
              ],
              "uv": [
                0,
                63
              ],
              "inflate": 0
            }
          ],
          "parent": "leftArm2"
        },
        {
          "name": "leftArm4",
          "pivot": [
            35,
            42,
            0
          ],
          "cubes": [
            {
              "origin": [
                35.0,
                40.0,
                -2.0
              ],
              "size": [
                10.0,
                4.0,
                4.0
              ],
              "uv": [
                0,
                63
              ],
              "inflate": 0
            }
          ],
          "parent": "leftArm3"
        },
        {
          "name": "leftArm5",
          "pivot": [
            45,
            42,
            0
          ],
          "cubes": [
            {
              "origin": [
                45.0,
                40.0,
                -2.0
              ],
              "size": [
                10.0,
                4.0,
                4.0
              ],
              "uv": [
                56,
                51
              ],
              "inflate": 0
            }
          ],
          "parent": "leftArm4"
        },
        {
          "name": "rightLeg",
          "pivot": [
            5,
            15,
            0
          ],
          "cubes": [
            {
              "origin": [
                2.0,
                0.0,
                -3.0
              ],
              "size": [
                7.0,
                15.0,
                7.0
              ],
              "uv": [
                28,
                51
              ],
              "inflate": 0
            }
          ],
          "parent": "root"
        },
        {
          "name": "leftLeg",
          "pivot": [
            -4,
            15,
            0
          ],
          "cubes": [
            {
              "origin": [
                -9.0,
                0.0,
                -3.0
              ],
              "size": [
                7.0,
                15.0,
                7.0
              ],
              "uv": [
                28,
                51
              ],
              "inflate": 0
            }
          ],
          "parent": "root"
        }
      ]
    }
  ]
}