{
  "format_version": "1.12.0",
  "minecraft:geometry": [
    {
      "description": {
        "identifier": "geometry.os_purple",
        "texture_width": 128,
        "texture_height": 128,
        "visible_bounds_width": 3,
        "visible_bounds_height": 5,
        "visible_bounds_offset": [
          0,
          0.5,
          0
        ]
      },
      "bones": [
        {
          "name": "root"
        },
        {
          "name": "waist",
          "parent": "root"
        },
        {
          "name": "body",
          "cubes": [
            {
              "origin": [
                -13.0,
                -28.0,
                -13.0
              ],
              "size": [
                26.0,
                27.0,
                24.0
              ],
              "uv": [
                0,
                0
              ],
              "inflate": 0
            }
          ],
          "parent": "waist"
        },
        {
          "name": "rightArm",
          "pivot": [
            -9,
            0,
            -7
          ],
          "cubes": [
            {
              "origin": [
                -10.0,
                0.0,
                -8.0
              ],
              "size": [
                3.0,
                9.0,
                3.0
              ],
              "uv": [
                58,
                51
              ],
              "inflate": 0
            }
          ],
          "parent": "root"
        },
        {
          "name": "rightArm2",
          "pivot": [
            -9,
            9,
            -7
          ],
          "cubes": [
            {
              "origin": [
                -10.0,
                9.0,
                -8.0
              ],
              "size": [
                3.0,
                9.0,
                3.0
              ],
              "uv": [
                46,
                51
              ],
              "inflate": 0
            }
          ],
          "parent": "rightArm"
        },
        {
          "name": "rightArm3",
          "pivot": [
            -9,
            18,
            -7
          ],
          "cubes": [
            {
              "origin": [
                -14.0,
                18.0,
                -7.0
              ],
              "size": [
                11.0,
                13.0,
                0.0
              ],
              "uv": [
                0,
                51
              ],
              "inflate": 0
            }
          ],
          "parent": "rightArm2"
        },
        {
          "name": "rightArm4",
          "pivot": [
            7,
            0,
            -7
          ],
          "cubes": [
            {
              "origin": [
                6.0,
                0.0,
                -8.0
              ],
              "size": [
                3.0,
                9.0,
                3.0
              ],
              "uv": [
                34,
                51
              ],
              "inflate": 0
            }
          ],
          "parent": "root"
        },
        {
          "name": "rightArm5",
          "pivot": [
            7,
            9,
            -7
          ],
          "cubes": [
            {
              "origin": [
                6.0,
                9.0,
                -8.0
              ],
              "size": [
                3.0,
                9.0,
                3.0
              ],
              "uv": [
                22,
                51
              ],
              "inflate": 0
            }
          ],
          "parent": "rightArm4"
        },
        {
          "name": "rightArm6",
          "pivot": [
            7,
            18,
            -7
          ],
          "cubes": [
            {
              "origin": [
                2.0,
                18.0,
                -7.0
              ],
              "size": [
                11.0,
                13.0,
                0.0
              ],
              "uv": [
                0,
                51
              ],
              "inflate": 0
            }
          ],
          "parent": "rightArm5"
        }
      ]
    }
  ]
}