{
  "format_version": "1.12.0",
  "minecraft:geometry": [
    {
      "description": {
        "identifier": "geometry.os_yellow",
        "texture_width": 64,
        "texture_height": 64,
        "visible_bounds_width": 3,
        "visible_bounds_height": 3.5,
        "visible_bounds_offset": [
          0,
          1.25,
          0
        ]
      },
      "bones": [
        {
          "name": "root"
        },
        {
          "name": "waist",
          "parent": "root"
        },
        {
          "name": "body",
          "pivot": [
            0,
            10,
            0
          ],
          "cubes": [
            {
              "origin": [
                -3.0,
                10.0,
                -3.0
              ],
              "size": [
                6.0,
                11.0,
                3.0
              ],
              "pivot": [
                0.0,
                10.0,
                0.0
              ],
              "rotation": [
                15.0,
                0.0,
                0.0
              ],
              "uv": [
                20,
                11
              ],
              "inflate": 0
            },
            {
              "origin": [
                -4.0,
                10.0,
                0.0
              ],
              "size": [
                8.0,
                10.0,
                2.0
              ],
              "pivot": [
                0.0,
                10.0,
                0.0
              ],
              "rotation": [
                15.0,
                0.0,
                0.0
              ],
              "uv": [
                0,
                11
              ],
              "inflate": 0
            },
            {
              "origin": [
                -3.0,
                10.0,
                2.0
              ],
              "size": [
                6.0,
                9.0,
                2.0
              ],
              "pivot": [
                0.0,
                10.0,
                0.0
              ],
              "rotation": [
                15.0,
                0.0,
                0.0
              ],
              "uv": [
                24,
                0
              ],
              "inflate": 0
            },
            {
              "origin": [
                0.0,
                18.84098,
                1.63293
              ],
              "size": [
                0.0,
                1.0,
                9.0
              ],
              "pivot": [
                0.0,
                19.41033,
                2.01041
              ],
              "rotation": [
                44.8669,
                8.4611,
                -2.8139
              ],
              "uv": [
                0,
                14
              ],
              "inflate": 0
            },
            {
              "origin": [
                -1.0,
                17.84098,
                10.63293
              ],
              "size": [
                2.0,
                3.0,
                1.0
              ],
              "pivot": [
                0.0,
                19.41033,
                2.01041
              ],
              "rotation": [
                44.8669,
                8.4611,
                -2.8139
              ],
              "uv": [
                0,
                0
              ],
              "inflate": 0
            },
            {
              "origin": [
                1.61563,
                24.08784,
                8.02929
              ],
              "size": [
                8.0,
                3.0,
                0.0
              ],
              "pivot": [
                2.0,
                25.41033,
                8.01041
              ],
              "rotation": [
                45.35334,
                -3.98525,
                9.52192
              ],
              "uv": [
                38,
                20
              ],
              "inflate": 0
            },
            {
              "origin": [
                -8.4206,
                23.67243,
                8.23787
              ],
              "size": [
                8.0,
                3.0,
                0.0
              ],
              "pivot": [
                -1.0,
                25.41033,
                8.01041
              ],
              "rotation": [
                42.81026,
                17.13825,
                -12.0515
              ],
              "uv": [
                38,
                17
              ],
              "inflate": 0
            },
            {
              "origin": [
                -0.20075,
                17.34995,
                9.10751
              ],
              "size": [
                2.0,
                7.0,
                0.0
              ],
              "pivot": [
                1.0,
                24.41033,
                9.01041
              ],
              "rotation": [
                45.28136,
                4.91986,
                0.74071
              ],
              "uv": [
                14,
                48
              ],
              "inflate": 0
            },
            {
              "origin": [
                -0.60421,
                26.41032,
                7.15964
              ],
              "size": [
                2.0,
                7.0,
                0.0
              ],
              "pivot": [
                0.0,
                26.41033,
                7.01041
              ],
              "rotation": [
                41.54678,
                20.49684,
                -15.96553
              ],
              "uv": [
                10,
                31
              ],
              "inflate": 0
            },
            {
              "origin": [
                -3.0,
                9.0,
                -2.0
              ],
              "size": [
                6.0,
                1.0,
                4.0
              ],
              "pivot": [
                0.0,
                10.0,
                0.0
              ],
              "rotation": [
                15.0,
                0.0,
                0.0
              ],
              "uv": [
                30,
                25
              ],
              "inflate": 0
            },
            {
              "origin": [
                0.0,
                2.2941,
                2.17037
              ],
              "size": [
                0.0,
                10.0,
                5.0
              ],
              "pivot": [
                0.0,
                10.0,
                5.0
              ],
              "rotation": [
                49.93273,
                0.93094,
                0.77675
              ],
              "uv": [
                0,
                26
              ],
              "inflate": 0
            }
          ],
          "parent": "waist"
        },
        {
          "name": "head",
          "pivot": [
            0,
            20,
            -3
          ],
          "cubes": [
            {
              "origin": [
                -2.0,
                18.0,
                -6.0
              ],
              "size": [
                4.0,
                7.0,
                4.0
              ],
              "pivot": [
                0.0,
                20.0,
                -3.0
              ],
              "rotation": [
                27.5,
                0.0,
                0.0
              ],
              "uv": [
                14,
                25
              ],
              "inflate": 0
            },
            {
              "origin": [
                -3.0,
                25.0,
                -7.0
              ],
              "size": [
                6.0,
                5.0,
                6.0
              ],
              "pivot": [
                0.0,
                20.0,
                -3.0
              ],
              "rotation": [
                27.5,
                0.0,
                0.0
              ],
              "uv": [
                0,
                0
              ],
              "inflate": 0
            },
            {
              "origin": [
                0.0,
                25.0,
                -3.0
              ],
              "size": [
                0.0,
                7.0,
                7.0
              ],
              "pivot": [
                0.0,
                20.0,
                -3.0
              ],
              "rotation": [
                34.76494,
                -1.04667,
                0.1378
              ],
              "uv": [
                0,
                17
              ],
              "inflate": 0
            },
            {
              "origin": [
                -2.0,
                23.90033,
                -13.36481
              ],
              "size": [
                4.0,
                2.0,
                3.0
              ],
              "pivot": [
                0.0,
                25.32559,
                -11.01605
              ],
              "rotation": [
                50.0,
                0.0,
                0.0
              ],
              "uv": [
                40,
                0
              ],
              "inflate": 0
            },
            {
              "origin": [
                -1.0,
                23.90033,
                -14.36481
              ],
              "size": [
                2.0,
                1.0,
                1.0
              ],
              "pivot": [
                0.0,
                25.32559,
                -11.01605
              ],
              "rotation": [
                50.0,
                0.0,
                0.0
              ],
              "uv": [
                0,
                4
              ],
              "inflate": 0
            },
            {
              "origin": [
                -1.0,
                22.35719,
                -11.49781
              ],
              "size": [
                2.0,
                2.0,
                2.0
              ],
              "pivot": [
                0.0,
                23.78245,
                -9.64905
              ],
              "rotation": [
                40.0,
                0.0,
                0.0
              ],
              "uv": [
                26,
                25
              ],
              "inflate": 0
            }
          ],
          "parent": "body"
        },
        {
          "name": "rightArm",
          "pivot": [
            -3,
            18,
            -3
          ],
          "cubes": [
            {
              "origin": [
                -4.0,
                11.0,
                -5.0
              ],
              "size": [
                2.0,
                8.0,
                4.0
              ],
              "uv": [
                10,
                36
              ],
              "inflate": 0
            },
            {
              "origin": [
                -4.0,
                6.0,
                -4.0
              ],
              "size": [
                2.0,
                5.0,
                2.0
              ],
              "pivot": [
                -3.0,
                11.0,
                -3.0
              ],
              "rotation": [
                -39.32466,
                -7.9972,
                -9.63846
              ],
              "uv": [
                6,
                48
              ],
              "inflate": 0
            }
          ],
          "parent": "waist"
        },
        {
          "name": "leftArm",
          "pivot": [
            3,
            18,
            -3
          ],
          "cubes": [
            {
              "origin": [
                2.0,
                11.0,
                -5.0
              ],
              "size": [
                2.0,
                8.0,
                4.0
              ],
              "uv": [
                10,
                36
              ],
              "inflate": 0
            },
            {
              "origin": [
                2.0,
                6.0,
                -4.0
              ],
              "size": [
                2.0,
                5.0,
                2.0
              ],
              "pivot": [
                3.0,
                11.0,
                -3.0
              ],
              "rotation": [
                -39.02504,
                9.57658,
                11.59948
              ],
              "uv": [
                6,
                48
              ],
              "inflate": 0
            }
          ],
          "parent": "waist"
        },
        {
          "name": "leftLeg",
          "pivot": [
            3,
            9,
            0
          ],
          "cubes": [
            {
              "origin": [
                1.0,
                4.0,
                -2.0
              ],
              "size": [
                3.0,
                6.0,
                3.0
              ],
              "uv": [
                10,
                39
              ],
              "inflate": 0
            },
            {
              "origin": [
                1.0,
                -2.0,
                -3.0
              ],
              "size": [
                2.0,
                6.0,
                2.0
              ],
              "pivot": [
                3.0,
                2.0,
                0.0
              ],
              "rotation": [
                -39.97314,
                1.60667,
                1.91561
              ],
              "uv": [
                6,
                47
              ],
              "inflate": 0
            },
            {
              "origin": [
                0.82102,
                0.09933,
                -7.2214
              ],
              "size": [
                2.0,
                1.0,
                4.0
              ],
              "pivot": [
                3.0,
                0.0,
                -4.0
              ],
              "rotation": [
                -2.47314,
                1.60667,
                1.91561
              ],
              "uv": [
                10,
                43
              ],
              "inflate": 0
            }
          ],
          "parent": "root"
        },
        {
          "name": "rightLeg",
          "pivot": [
            -2,
            9,
            0
          ],
          "cubes": [
            {
              "origin": [
                -4.0,
                4.0,
                -2.0
              ],
              "size": [
                3.0,
                6.0,
                3.0
              ],
              "uv": [
                10,
                39
              ],
              "inflate": 0
            },
            {
              "origin": [
                -4.0,
                -2.0,
                -3.0
              ],
              "size": [
                2.0,
                6.0,
                2.0
              ],
              "pivot": [
                -2.0,
                2.0,
                0.0
              ],
              "rotation": [
                -40.0,
                0.0,
                0.0
              ],
              "uv": [
                6,
                47
              ],
              "inflate": 0
            },
            {
              "origin": [
                -4.17898,
                0.09933,
                -7.2214
              ],
              "size": [
                2.0,
                1.0,
                4.0
              ],
              "pivot": [
                -2.0,
                0.0,
                -4.0
              ],
              "rotation": [
                -2.4765,
                -3.38867,
                2.13147
              ],
              "uv": [
                14,
                29
              ],
              "inflate": 0
            }
          ],
          "parent": "root"
        }
      ]
    }
  ]
}