{"mob.jumpscare":{"category":"hostile","max_distance":80,"sounds":["sounds/jumpscare"]},"mob.blue.ambient":{"category":" neutral","max_distance":80,"sounds":["sounds/blue/idle"]},"mob.blue.angry":{"category":"hostile","sounds":[{"load_on_low_memory":true,"name":"sounds/blue/angry","volume":0.7}],"subtitle":"subtitles.mob.blue.angry"},"mob.blue.step":{"max_distance":80,"sounds":["sounds/blue/step"]},"mob.green.step":{"max_distance":80,"sounds":["sounds/green/step"]},"mob.orange.angry":{"category":"hostile","sounds":[{"load_on_low_memory":true,"name":"sounds/angry","volume":0.7}],"subtitle":"subtitles.mob.orange.angry"}}