{"format_version":"1.10","minecraft:attachable":{"description":{"identifier":"mr:box","materials":{"default":"entity_alphatest","enchanted":"entity_alphatest_glint"},"textures":{"default":"textures/entity/pamobile/mr_box","enchanted":"textures/misc/enchanted_item_glint"},"geometry":{"default":"geometry.mr_box"},"animations":{"wield_first_person":"animation.mr_box.first_person","wield_third_person":"animation.mr_box.third_person"},"scripts":{"pre_animation":["variable.charge_amount = math.clamp((query.main_hand_item_max_duration - (query.main_hand_item_use_duration - query.frame_alpha + 1.0)) / 10.0, 0.0, 1.0f);"],"animate":[{"wield_first_person":"c.is_first_person"},{"wield_third_person":"!c.is_first_person"}]},"render_controllers":["controller.render.item_default"]}}}