{
  "format_version": "1.8.0",
  "animations": {
    "animation.mr_nab_scene.spawn": {
      "animation_length": 10,
      "bones": {
        "Root": {
          "rotation": {
            "0.0": [
              0,
              0,
              0
            ],
            "3.0": [
              0,
              0,
              0
            ],
            "9.75": [
              0,
              0,
              0
            ],
            "10.0": [
              0,
              0,
              0
            ]
          },
          "position": {
            "0.0": [
              0,
              0,
              0
            ],
            "3.0": [
              0,
              22,
              0
            ],
            "9.75": [
              0,
              21.86,
              0
            ],
            "10.0": [
              0,
              0,
              0
            ]
          }
        },
        "bone14": {
          "rotation": {
            "2.5": [
              0,
              0,
              0
            ],
            "3.0": [
              -70,
              0,
              0
            ]
          }
        },
        "RightArm": {
          "rotation": {
            "0.0": [
              0,
              0,
              0
            ],
            "2.25": [
              -163.73235,
              7.52076,
              -18.58597
            ],
            "3.0": [
              -47.39549,
              20.88127,
              14.06573
            ]
          }
        },
        "LeftArm": {
          "rotation": {
            "0.0": [
              0,
              0,
              0
            ],
            "2.25": [
              -163.73235,
              -7.52076,
              18.58597
            ],
            "3.0": [
              -52.91141,
              -18.82943,
              -12.54707
            ]
          }
        }
      }
    }
  }
}