{
  "format_version": "1.8.0",
  "animations": {
    "animation.mr_nabnaleena_sc.sc": {
      "animation_length": 10,
      "bones": {
        "Root": {
          "rotation": {
            "0.0": [
              0,
              0,
              0
            ],
            "5.0": [
              0,
              0,
              0
            ],
            "10.0": [
              0,
              0,
              0
            ]
          },
          "position": {
            "0.0": [
              33,
              35,
              0
            ],
            "5.0": [
              9,
              35,
              0
            ],
            "9.5": [
              9.3,
              35,
              0
            ],
            "10.0": [
              26,
              35,
              0
            ]
          }
        },
        "Body": {
          "rotation": {
            "4.5": [
              0,
              0,
              0
            ],
            "5.0": [
              0,
              0,
              -15
            ]
          }
        },
        "RightArm": {
          "rotation": {
            "4.5": [
              0,
              0,
              0
            ],
            "5.0": [
              -47.5,
              0,
              0
            ]
          }
        },
        "bone5": {
          "rotation": {
            "4.5": [
              0,
              0,
              0
            ],
            "5.0": [
              0,
              0,
              -42.5
            ]
          }
        }
      }
    }
  }
}