{
  "format_version": "1.8.0",
  "animations": {
    "animation.mr_scene_the_end.new": {
      "animation_length": 20,
      "bones": {
        "Root3": {
          "rotation": {
            "0.0": [
              0,
              0,
              0
            ],
            "7.5": [
              0,
              0,
              0
            ],
            "7.75": [
              0,
              0,
              0
            ],
            "10.25": [
              0,
              -85,
              0
            ],
            "11.5": [
              0,
              -185,
              0
            ]
          },
          "position": {
            "0.0": [
              0,
              49,
              150
            ],
            "5.0": [
              0,
              49,
              22
            ],
            "6.25": [
              0,
              49,
              -2
            ],
            "7.5": [
              0,
              49,
              -2
            ],
            "7.75": [
              0,
              49,
              -2
            ],
            "11.5": [
              0,
              49,
              -6
            ]
          },
          "scale": 2
        },
        "Root2": {
          "rotation": {
            "0.0": [
              0,
              92.5,
              0
            ],
            "10.25": [
              0,
              92.5,
              0
            ],
            "11.0": [
              165,
              0,
              90
            ]
          },
          "position": {
            "0.0": [
              288,
              -25,
              0
            ],
            "7.25": [
              288,
              -25,
              0
            ],
            "8.2917": [
              115,
              -25,
              0
            ],
            "10.25": [
              97,
              -25,
              0
            ],
            "11.0": [
              160,
              77,
              -25
            ]
          },
          "scale": [
            4.6,
            4.5,
            4.4
          ]
        },
        "RightLeg2": {
          "rotation": {
            "0.0": [
              0,
              0,
              50
            ],
            "8.0833": [
              0,
              0,
              39.95
            ],
            "8.4583": [
              0,
              0,
              107.5
            ],
            "8.75": [
              -32.5,
              0,
              107.5
            ]
          }
        },
        "RightLeg4": {
          "rotation": {
            "0.0": [
              37.5,
              0,
              0
            ],
            "11.0": [
              -34.58094,
              16.35621,
              -101.33155
            ]
          },
          "position": {
            "10.625": [
              0,
              0,
              0
            ],
            "11.0": [
              0,
              0,
              0
            ]
          }
        },
        "LeftLeg2": {
          "rotation": {
            "0.0": [
              0,
              0,
              -55
            ],
            "8.5": [
              0,
              0,
              -55
            ],
            "8.75": [
              25,
              0,
              -92.5
            ],
            "9.0": [
              -60,
              0,
              -92.5
            ]
          }
        },
        "LeftLeg4": {
          "rotation": [
            47.5,
            0,
            0
          ]
        },
        "Root": {
          "rotation": {
            "0.0": [
              0,
              180,
              0
            ],
            "5.0": [
              0,
              180,
              0
            ],
            "5.5": [
              0,
              180,
              0
            ],
            "5.5417": [
              -183.91033,
              -3.68943,
              -182.50252
            ],
            "5.625": [
              -180,
              2.5,
              -181.25
            ],
            "5.75": [
              -180,
              0,
              -182.5
            ],
            "5.875": [
              -197.5,
              0,
              -181.25
            ],
            "5.9167": [
              -219.16667,
              0,
              -180.83333
            ],
            "5.9583": [
              -227.08333,
              0,
              -180.41667
            ],
            "6.0": [
              90,
              0,
              -180
            ]
          },
          "position": {
            "0.0": [
              0,
              49,
              -22
            ],
            "5.0": [
              0,
              49,
              -22
            ],
            "5.5": [
              0,
              68,
              -13
            ],
            "5.75": [
              0,
              70.5,
              -18
            ],
            "6.0": [
              0,
              51,
              -22
            ]
          }
        },
        "Body3": {
          "rotation": {
            "11.5": [
              0,
              0,
              0
            ],
            "11.75": [
              0,
              0,
              0
            ]
          },
          "position": {
            "11.5": [
              0,
              0,
              0
            ],
            "11.75": [
              0,
              4,
              0
            ],
            "12.0417": [
              0,
              -2,
              0
            ],
            "12.25": [
              0,
              1,
              0
            ],
            "12.5": [
              0,
              -3,
              0
            ]
          }
        },
        "Head2": {
          "rotation": {
            "7.25": [
              0,
              0,
              0
            ],
            "7.5": [
              0,
              -77.5,
              0
            ],
            "7.9167": [
              0,
              0,
              0
            ],
            "8.3333": [
              0,
              -57.5,
              0
            ],
            "10.25": [
              0,
              5,
              0
            ]
          }
        },
        "RightArm2": {
          "rotation": {
            "0.0": [
              -12.5,
              0,
              0
            ],
            "1.0": [
              7.5,
              0,
              0
            ],
            "2.0": [
              -15,
              0,
              0
            ],
            "3.0": [
              5,
              0,
              0
            ],
            "4.0": [
              -10,
              0,
              0
            ],
            "5.0": [
              7.5,
              0,
              0
            ],
            "5.25": [
              -27.5,
              0,
              0
            ],
            "6.0": [
              0,
              0,
              0
            ],
            "9.4167": [
              0,
              0,
              0
            ],
            "9.875": [
              -60,
              0,
              0
            ],
            "10.8333": [
              -60,
              27.5,
              0
            ],
            "11.25": [
              -60,
              27.5,
              0
            ],
            "11.5": [
              -27.5,
              27.5,
              0
            ]
          },
          "position": [
            0,
            0,
            0
          ]
        },
        "bone33": {
          "rotation": {
            "5.2083": [
              0,
              0,
              2.5
            ],
            "5.5": [
              0,
              0,
              -25
            ],
            "6.0": [
              0,
              0,
              0
            ]
          }
        },
        "bone34": {
          "rotation": {
            "5.2083": [
              -4.10757,
              1.91486,
              -7.52687
            ],
            "5.5": [
              0,
              0,
              -57.5
            ],
            "6.0": [
              0,
              0,
              0
            ],
            "9.5417": [
              0,
              0,
              0
            ],
            "9.875": [
              0,
              0,
              0
            ],
            "10.125": [
              8.90485,
              -77.25635,
              -23.63101
            ],
            "10.4167": [
              28.90485,
              -77.25635,
              -23.63101
            ]
          }
        },
        "LeftArm2": {
          "rotation": {
            "0.0": [
              10,
              0,
              0
            ],
            "1.0": [
              -15,
              0,
              0
            ],
            "2.0": [
              2.5,
              0,
              0
            ],
            "3.0": [
              -12.5,
              0,
              0
            ],
            "4.0": [
              7.5,
              0,
              0
            ],
            "5.0": [
              -10,
              0,
              0
            ],
            "6.0": [
              -10,
              0,
              0
            ],
            "6.125": [
              -66.3919,
              7.12,
              8.80227
            ],
            "6.25": [
              -7.78381,
              14.24,
              17.60455
            ],
            "6.75": [
              -10,
              0,
              0
            ],
            "10.5": [
              -78.54835,
              -19.03771,
              6.24605
            ],
            "10.8333": [
              -77.75313,
              9.53274,
              -3.03513
            ],
            "11.2917": [
              -77.75,
              9.53,
              -3.04
            ],
            "11.5": [
              -5.25,
              9.53,
              -3.04
            ]
          },
          "position": {
            "6.0": [
              0,
              0,
              0
            ],
            "6.25": [
              0,
              0,
              -3
            ],
            "6.5": [
              0,
              1,
              0.5
            ],
            "6.75": [
              0,
              0,
              0
            ],
            "10.25": [
              0,
              0,
              0
            ]
          }
        },
        "LeftLeg5": {
          "rotation": {
            "0.0": [
              -17.5,
              0,
              0
            ],
            "1.0": [
              7.5,
              0,
              0
            ],
            "2.0": [
              -10,
              0,
              0
            ],
            "3.0": [
              7.5,
              0,
              0
            ],
            "4.0": [
              -15,
              0,
              0
            ],
            "5.0": [
              2.5,
              0,
              0
            ]
          }
        },
        "RightLeg5": {
          "rotation": {
            "0.0": [
              15,
              0,
              0
            ],
            "1.0": [
              -12.5,
              0,
              0
            ],
            "2.0": [
              10,
              0,
              0
            ],
            "3.0": [
              -10,
              0,
              0
            ],
            "4.0": [
              7.5,
              0,
              0
            ],
            "5.0": [
              -10,
              0,
              0
            ]
          }
        },
        "bone16": {
          "rotation": {
            "10.6667": [
              0,
              0,
              0
            ],
            "11.0": [
              -32.24983,
              -47.93641,
              -54.52075
            ],
            "11.5": [
              -32.25,
              -47.94,
              -54.52
            ]
          },
          "position": [
            0,
            0,
            0
          ]
        },
        "bone17": {
          "rotation": {
            "8.5": [
              0,
              0,
              0
            ],
            "8.75": [
              -35,
              0,
              0
            ]
          }
        },
        "RightLeg3": {
          "rotation": {
            "10.75": [
              0,
              0,
              0
            ],
            "11.0": [
              0,
              0,
              -105
            ]
          }
        },
        "bone22": {
          "rotation": {
            "8.5": [
              0,
              0,
              0
            ],
            "8.75": [
              -82.22556,
              71.80117,
              182.90539
            ],
            "9.0": [
              -154.72556,
              71.80117,
              182.90539
            ]
          },
          "position": {
            "8.5": [
              0,
              0,
              0
            ],
            "8.75": [
              1,
              0,
              -2
            ]
          }
        },
        "bone23": {
          "rotation": {
            "8.5": [
              0,
              0,
              0
            ],
            "8.75": [
              -65,
              0,
              0
            ],
            "9.0": [
              -12.5,
              0,
              0
            ]
          }
        },
        "Body": {
          "rotation": {
            "6.0": [
              0,
              0,
              0
            ],
            "6.25": [
              20,
              0,
              0
            ],
            "6.5": [
              0,
              0,
              0
            ]
          }
        },
        "RightArm": {
          "rotation": {
            "5.25": [
              0,
              0,
              0
            ],
            "5.5": [
              0,
              80,
              105
            ],
            "6.0": [
              77.5,
              80,
              105
            ]
          }
        },
        "LeftArm": {
          "rotation": {
            "5.25": [
              0,
              0,
              0
            ],
            "5.5": [
              0,
              0,
              -102.5
            ],
            "6.0": [
              0,
              0,
              -7.5
            ]
          }
        },
        "Head": {
          "rotation": {
            "5.5": [
              0,
              0,
              0
            ],
            "5.75": [
              -45,
              0,
              0
            ],
            "6.0": [
              -45,
              0,
              0
            ],
            "6.25": [
              27.5,
              0,
              0
            ],
            "6.4167": [
              -10,
              0,
              0
            ]
          }
        },
        "bone12": {
          "rotation": {
            "6.0833": [
              0,
              0,
              0
            ],
            "6.25": [
              0,
              0,
              0
            ],
            "6.4167": [
              0,
              0,
              0
            ]
          },
          "position": [
            0,
            0,
            0
          ]
        },
        "bone7": {
          "rotation": {
            "6.0": [
              0,
              0,
              0
            ],
            "6.25": [
              0,
              0,
              0
            ],
            "6.4167": [
              0,
              0,
              0
            ]
          }
        }
      }
    }
  }
}