{
  "format_version": "1.8.0",
  "animations": {
    "animation.witch.general": {
      "loop": true,
      "bones": {
        "nose": {
          "rotation": [
            "(variable.isholdingitem ? -25.7831 : (math.sin(query.life_time * 57.296) * 4.5)) - this",
            0,
            "(math.cos(query.life_time * 57.296) * 2.5) - this"
          ]
        }
      }
    },
    "animation.witch.villager_general": {
      "loop": true,
      "bones": {
        "arms": {
          "position": [
            0,
            -1,
            -1
          ],
          "rotation": [
            "-42.97 - this",
            0,
            0
          ]
        }
      }
    },
    "animation.witch.move": {
      "anim_time_update": "query.modified_distance_moved",
      "loop": true,
      "bones": {
        "leg0": {
          "rotation": [
            "(math.cos(query.anim_time * 38.17) * 40.0) - this",
            "-this",
            0
          ]
        },
        "leg1": {
          "rotation": [
            "(math.cos(query.anim_time * 38.17 + 180) * 40.0) - this",
            "-this",
            0
          ]
        }
      }
    },
    "animation.st_spider2.move_1": {
      "loop": true,
      "animation_length": 0.75,
      "bones": {
        "Head": {
          "rotation": {
            "0.0": [
              24.91643,
              -2.11089,
              4.53359
            ],
            "0.25": [
              24.83078,
              -1.40462,
              -1.97353
            ],
            "0.5": [
              24.47061,
              -4.88868,
              8.10765
            ],
            "0.75": [
              24.91643,
              -2.11089,
              4.53359
            ]
          },
          "position": {
            "0.0": [
              0,
              -2,
              -1
            ],
            "0.75": [
              0,
              -2,
              -1
            ]
          }
        },
        "bone4": {
          "rotation": {
            "0.0": [
              -37.5,
              0,
              0
            ],
            "0.25": [
              25,
              0,
              0
            ],
            "0.5833": [
              -13.62001,
              -2.2921,
              24.65128
            ],
            "0.75": [
              -37.5,
              0,
              0
            ]
          }
        },
        "bone5": {
          "rotation": {
            "0.0": [
              -35,
              0,
              0
            ],
            "0.375": [
              32.5,
              0,
              0
            ],
            "0.75": [
              -35,
              0,
              0
            ]
          }
        },
        "bone8": {
          "rotation": {
            "0.0": [
              0,
              0,
              0
            ],
            "0.5": [
              22.5,
              0,
              0
            ],
            "0.75": [
              0,
              0,
              0
            ]
          }
        },
        "bone7": {
          "rotation": {
            "0.0": [
              -17.5,
              0,
              0
            ],
            "0.25": [
              22.5,
              0,
              0
            ],
            "0.625": [
              -17.5,
              0,
              0
            ]
          }
        },
        "bone2": {
          "rotation": {
            "0.0": [
              -35,
              0,
              0
            ],
            "0.25": [
              10,
              0,
              0
            ],
            "0.5833": [
              -19.14314,
              -5.90316,
              -16.50371
            ],
            "0.75": [
              -35,
              0,
              0
            ]
          }
        },
        "bone3": {
          "rotation": {
            "0.0": [
              -22.5,
              0,
              0
            ],
            "0.2917": [
              20,
              0,
              0
            ],
            "0.75": [
              -22.5,
              0,
              0
            ]
          }
        },
        "Body": {
          "rotation": {
            "0.1667": [
              0,
              0,
              0
            ],
            "0.5417": [
              0,
              0,
              2.5
            ],
            "0.75": [
              0,
              0,
              0
            ]
          },
          "position": {
            "0.0": [
              0,
              0,
              0
            ],
            "0.3333": [
              0,
              -1,
              0
            ],
            "0.75": [
              0,
              0,
              0
            ]
          },
          "scale": {
            "0.0": [
              1,
              1,
              1
            ],
            "0.375": [
              1,
              0.9,
              1
            ],
            "0.5417": [
              1,
              1,
              1
            ]
          }
        }
      }
    },
    "animation.st_spider2.general_2": {
      "loop": true,
      "animation_length": 0.58333,
      "bones": {
        "Head": {
          "position": {
            "0.0": [
              0,
              -1,
              0
            ],
            "0.0833": [
              0,
              -3,
              0
            ],
            "0.1667": [
              0,
              -1,
              0
            ],
            "0.2083": [
              0,
              -4,
              0
            ],
            "0.3333": [
              0,
              -6,
              0
            ],
            "0.4583": [
              0,
              -6.5,
              0
            ],
            "0.5833": [
              0,
              -1,
              0
            ]
          }
        },
        "Body": {
          "position": {
            "0.0": [
              0,
              0,
              0
            ],
            "0.0833": [
              0,
              -1,
              0
            ],
            "0.5833": [
              0,
              0,
              0
            ]
          }
        }
      }
    }
  }
}