{
  "format_version": "1.10.0",
  "geometry.kg_cameraman": {
    "texturewidth": 128,
    "textureheight": 128,
    "visible_bounds_width": 2,
    "visible_bounds_height": 4.5,
    "visible_bounds_offset": [
      0,
      1.75,
      0
    ],
    "bones": [
      {
        "name": "bb_main",
        "pivot": [
          0,
          0,
          0
        ],
        "cubes": [
          {
            "origin": [
              -2,
              20,
              -5
            ],
            "size": [
              4,
              5,
              10
            ],
            "uv": [
              70,
              5
            ]
          },
          {
            "origin": [
              -2,
              25,
              -4
            ],
            "size": [
              4,
              13,
              8
            ],
            "uv": [
              0,
              18
            ]
          },
          {
            "origin": [
              -2,
              35,
              -2
            ],
            "size": [
              3,
              8,
              4
            ],
            "uv": [
              31,
              50
            ]
          },
          {
            "origin": [
              -4,
              40,
              -3
            ],
            "size": [
              9,
              6,
              6
            ],
            "uv": [
              6,
              6
            ]
          },
          {
            "origin": [
              -4,
              45,
              -3
            ],
            "size": [
              13,
              1,
              6
            ],
            "uv": [
              6,
              6
            ]
          },
          {
            "origin": [
              -1,
              34,
              -5
            ],
            "size": [
              2,
              4,
              10
            ],
            "uv": [
              24,
              23
            ]
          },
          {
            "origin": [
              -2,
              29,
              -8
            ],
            "size": [
              4,
              9,
              3
            ],
            "uv": [
              0,
              52
            ]
          },
          {
            "origin": [
              -2,
              24,
              5
            ],
            "size": [
              4,
              14,
              3
            ],
            "uv": [
              21,
              37
            ]
          },
          {
            "origin": [
              2,
              29,
              -8
            ],
            "size": [
              7,
              4,
              3
            ],
            "uv": [
              51,
              39
            ]
          },
          {
            "origin": [
              9,
              29,
              -8
            ],
            "size": [
              2,
              4,
              3
            ],
            "uv": [
              24,
              23
            ]
          },
          {
            "origin": [
              10,
              33,
              -8
            ],
            "size": [
              1,
              2,
              1
            ],
            "uv": [
              0,
              0
            ]
          },
          {
            "origin": [
              1,
              41,
              -2
            ],
            "size": [
              7,
              4,
              4
            ],
            "uv": [
              76,
              21
            ]
          }
        ]
      },
      {
        "name": "bone",
        "pivot": [
          0,
          0,
          0
        ],
        "cubes": [
          {
            "origin": [
              -1,
              0,
              3
            ],
            "size": [
              2,
              14,
              2
            ],
            "uv": [
              14,
              52
            ]
          },
          {
            "origin": [
              -1,
              0,
              -5
            ],
            "size": [
              2,
              14,
              2
            ],
            "uv": [
              45,
              52
            ]
          },
          {
            "origin": [
              -2,
              6,
              2
            ],
            "size": [
              4,
              8,
              4
            ],
            "uv": [
              40,
              2
            ]
          },
          {
            "origin": [
              -1,
              13,
              2
            ],
            "size": [
              4,
              9,
              4
            ],
            "uv": [
              0,
              39
            ]
          },
          {
            "origin": [
              -1,
              13,
              -6
            ],
            "size": [
              4,
              9,
              4
            ],
            "uv": [
              35,
              37
            ]
          },
          {
            "origin": [
              -2,
              6,
              -6
            ],
            "size": [
              4,
              8,
              4
            ],
            "uv": [
              46,
              19
            ]
          },
          {
            "origin": [
              -2,
              0,
              -6
            ],
            "size": [
              7,
              2,
              4
            ],
            "uv": [
              20,
              0
            ]
          },
          {
            "origin": [
              -2,
              0,
              2
            ],
            "size": [
              7,
              2,
              4
            ],
            "uv": [
              20,
              0
            ]
          }
        ]
      }
    ]
  }
}