{
  "resource_pack_name": "vanilla",
  "texture_name": "atlas.items",
  "texture_data": {
    "egg_camel": {
      "textures": "textures/items/egg_camel"
    },
    "egg_lion": {
      "textures": "textures/items/egg_lion"
    },
    "egg_penguin": {
      "textures": "textures/items/egg_penguin"
    },
    "egg_tiger": {
      "textures": "textures/items/egg_tiger"
    },
    "egg_elephant": {
      "textures": "textures/items/egg_elephant"
    },
    "egg_deer": {
      "textures": "textures/items/egg_deer"
    },
    "egg_panther": {
      "textures": "textures/items/egg_panther"
    },
    "egg_frog": {
      "textures": "textures/items/egg_frog"
    },
    "egg_crocodile": {
      "textures": "textures/items/egg_crocodile"
    },
    "egg_mouse": {
      "textures": "textures/items/egg_mouse"
    },
    "gallardo": {
      "textures": "textures/items/gallardo"
    },
    "bench": {
      "textures": "textures/items/bench"
    },
    "christmas_tree": {
      "textures": "textures/items/christmas_tree"
    },
    "tivi": {
      "textures": "textures/items/tivi"
    },
    "closet": {
      "textures": "textures/items/closet"
    },
    "laptop": {
      "textures": "textures/items/laptop"
    },
    "piano": {
      "textures": "textures/items/piano"
    },
    "armchairs": {
      "textures": "textures/items/armchairs"
    },
    "chair": {
      "textures": "textures/items/chair"
    },
    "big_table": {
      "textures": "textures/items/big_table"
    },
    "small_table": {
      "textures": "textures/items/small_table"
    },
    "drone": {
      "textures": "textures/items/drone"
    },
    "colorful_gifts": {
      "textures": "textures/items/colorful_gifts"
    },
    "h:camera_man": {
      "textures": "textures/items/pamobile/h_camera_man"
    },
    "sk:skibidi_toilet": {
      "textures": "textures/items/pamobile/sk_skibidi_toilet"
    },
    "h:tv_man": {
      "textures": "textures/items/pamobile/h_tv_man"
    },
    "sk:j_man": {
      "textures": "textures/items/pamobile/sk_j_man"
    },
    "h:speaker_man": {
      "textures": "textures/items/pamobile/h_speaker_man"
    },
    "sk:head_toilet": {
      "textures": "textures/items/pamobile/sk_head_toilet"
    },
    "sk:skibidi_man": {
      "textures": "textures/items/pamobile/sk_skibidi_man"
    },
    "sk:skibidi_parasite": {
      "textures": "textures/items/pamobile/sk_skibidi_parasite"
    },
    "h:para_speaker_man": {
      "textures": "textures/items/pamobile/h_para_speaker_man"
    },
    "h:para_camera_man": {
      "textures": "textures/items/pamobile/h_para_camera_man"
    },
    "sk:skibidi_spidar": {
      "textures": "textures/items/pamobile/sk_skibidi_spidar"
    },
    "h:titan_speaker_man": {
      "textures": "textures/items/pamobile/h_titan_speaker_man"
    },
    "h:titan_camera_man": {
      "textures": "textures/items/pamobile/h_titan_camera_man"
    },
    "h:speaker_man_wnite": {
      "textures": "textures/items/pamobile/h_speaker_man_wnite"
    }
  }
}