{
  "format_version": "1.8.0",
  "minecraft:entity": {
    "description": {
      "identifier": "mr:evil_bannan",
      "is_spawnable": true,
      "is_summonable": true,
      "is_experimental": false
    },
    "component_groups": {
      "minecraft:raid_configuration": {
        "minecraft:dweller": {
          "dwelling_type": "village",
          "dweller_role": "hostile",
          "update_interval_base": 60,
          "update_interval_variant": 40,
          "can_find_poi": false,
          "can_migrate": false,
          "first_founding_reward": 0
        },
        "minecraft:behavior.move_to_village": {
          "priority": 3,
          "speed_multiplier": 1.2
        },
        "minecraft:ambient_sound_interval": {
          "value": 2.0,
          "range": 4.0,
          "event_name": "ambient.in.raid"
        }
      }
    },
    "components": {
      "minecraft:breathable": {
        "totalSupply": 15,
        "suffocateTime": 0
      },
      "minecraft:nameable": {
        "alwaysShow": false,
        "allowNameTagRenaming": false
      },
      "minecraft:loot": {
        "table": "loot_tables/entities/witch.json"
      },
      "minecraft:health": {
        "value": 99999999,
        "max": 99999999
      },
      "minecraft:movement": {
        "value": 0.3
      },
      "minecraft:navigation.walk": {
        "can_path_over_water": true,
        "avoid_water": false
      },
      "minecraft:movement.basic": {},
      "minecraft:jump.static": {},
      "minecraft:can_climb": {},
      "minecraft:behavior.float": {
        "priority": 1
      },
      "minecraft:behavior.random_stroll": {
        "priority": 4,
        "speed_multiplier": 1.0
      },
      "minecraft:behavior.look_at_player": {
        "priority": 5,
        "look_distance": 8.0
      },
      "minecraft:behavior.random_look_around": {
        "priority": 5,
        "look_distance": 8.0
      },
      "minecraft:behavior.hurt_by_target": {
        "priority": 3
      },
      "minecraft:behavior.nearest_attackable_target": {
        "priority": 2,
        "entity_types": [
          {
            "filters": {
              "any_of": [
                {
                  "test": "is_family",
                  "subject": "other",
                  "value": "player"
                },
                {
                  "test": "is_family",
                  "subject": "other",
                  "value": "snowgolem"
                },
                {
                  "test": "is_family",
                  "subject": "other",
                  "value": "irongolem"
                },
                {
                  "test": "is_family",
                  "subject": "other",
                  "value": "villager"
                },
                {
                  "test": "is_family",
                  "subject": "other",
                  "value": "augustolophus"
                },
                {
                  "test": "is_family",
                  "subject": "other",
                  "value": "bracheo"
                },
                {
                  "test": "is_family",
                  "subject": "other",
                  "value": "hadro"
                },
                {
                  "test": "is_family",
                  "subject": "other",
                  "value": "lampeo"
                },
                {
                  "test": "is_family",
                  "subject": "other",
                  "value": "ourano"
                },
                {
                  "test": "is_family",
                  "subject": "other",
                  "value": "stegosaurus"
                },
                {
                  "test": "is_family",
                  "subject": "other",
                  "value": "herbdinosaur"
                },
                {
                  "test": "is_family",
                  "subject": "other",
                  "value": "axolotl"
                },
                {
                  "test": "is_family",
                  "subject": "other",
                  "value": "goat"
                },
                {
                  "test": "is_family",
                  "subject": "other",
                  "value": "hoglin"
                },
                {
                  "test": "is_family",
                  "subject": "other",
                  "value": "hoglin_baby"
                },
                {
                  "test": "is_family",
                  "subject": "other",
                  "value": "adult_piglin"
                },
                {
                  "test": "is_family",
                  "subject": "other",
                  "value": "piglin_brute"
                },
                {
                  "test": "is_family",
                  "subject": "other",
                  "value": "strider"
                },
                {
                  "test": "is_family",
                  "subject": "other",
                  "value": "strider_baby"
                },
                {
                  "test": "is_family",
                  "subject": "other",
                  "value": "furnicraft"
                },
                {
                  "test": "is_family",
                  "subject": "other",
                  "value": "bat"
                },
                {
                  "test": "is_family",
                  "subject": "other",
                  "value": "bee"
                },
                {
                  "test": "is_family",
                  "subject": "other",
                  "value": "mob"
                },
                {
                  "test": "is_family",
                  "subject": "other",
                  "value": "arthropod"
                },
                {
                  "test": "is_family",
                  "subject": "other",
                  "value": "pacified"
                },
                {
                  "test": "is_family",
                  "subject": "other",
                  "value": "cat"
                },
                {
                  "test": "is_family",
                  "subject": "other",
                  "value": "fox"
                },
                {
                  "test": "is_family",
                  "subject": "other",
                  "value": "panda"
                },
                {
                  "test": "is_family",
                  "subject": "other",
                  "value": "panda_aggressive"
                },
                {
                  "test": "is_family",
                  "subject": "other",
                  "value": "pillager"
                },
                {
                  "test": "is_family",
                  "subject": "other",
                  "value": "monster"
                },
                {
                  "test": "is_family",
                  "subject": "other",
                  "value": "illager"
                },
                {
                  "test": "is_family",
                  "subject": "other",
                  "value": "ravager"
                },
                {
                  "test": "is_family",
                  "subject": "other",
                  "value": "wandering_trader"
                },
                {
                  "test": "is_family",
                  "subject": "other",
                  "value": "wandering_trader_despawning"
                },
                {
                  "test": "is_family",
                  "subject": "other",
                  "value": "blaze"
                },
                {
                  "test": "is_family",
                  "subject": "other",
                  "value": "cachalote"
                },
                {
                  "test": "is_family",
                  "subject": "other",
                  "value": "cavespider"
                },
                {
                  "test": "is_family",
                  "subject": "other",
                  "value": "chicken"
                },
                {
                  "test": "is_family",
                  "subject": "other",
                  "value": "cow"
                },
                {
                  "test": "is_family",
                  "subject": "other",
                  "value": "crab"
                },
                {
                  "test": "is_family",
                  "subject": "other",
                  "value": "creeper"
                },
                {
                  "test": "is_family",
                  "subject": "other",
                  "value": "dolphin"
                },
                {
                  "test": "is_family",
                  "subject": "other",
                  "value": "donkey"
                },
                {
                  "test": "is_family",
                  "subject": "other",
                  "value": "drowned"
                },
                {
                  "test": "is_family",
                  "subject": "other",
                  "value": "zombie"
                },
                {
                  "test": "is_family",
                  "subject": "other",
                  "value": "undead"
                },
                {
                  "test": "is_family",
                  "subject": "other",
                  "value": "guardian_elder"
                },
                {
                  "test": "is_family",
                  "subject": "other",
                  "value": "dragon"
                },
                {
                  "test": "is_family",
                  "subject": "other",
                  "value": "enderman"
                },
                {
                  "test": "is_family",
                  "subject": "other",
                  "value": "endermite"
                },
                {
                  "test": "is_family",
                  "subject": "other",
                  "value": "evocation_illager"
                },
                {
                  "test": "is_family",
                  "subject": "other",
                  "value": "cod"
                },
                {
                  "test": "is_family",
                  "subject": "other",
                  "value": "fish"
                },
                {
                  "test": "is_family",
                  "subject": "other",
                  "value": "fishleon"
                },
                {
                  "test": "is_family",
                  "subject": "other",
                  "value": "ghast"
                },
                {
                  "test": "is_family",
                  "subject": "other",
                  "value": "guardian"
                },
                {
                  "test": "is_family",
                  "subject": "other",
                  "value": "hammerhead_shark"
                },
                {
                  "test": "is_family",
                  "subject": "other",
                  "value": "horse"
                },
                {
                  "test": "is_family",
                  "subject": "other",
                  "value": "husk"
                },
                {
                  "test": "is_family",
                  "subject": "other",
                  "value": "car"
                },
                {
                  "test": "is_family",
                  "subject": "other",
                  "value": "llama"
                },
                {
                  "test": "is_family",
                  "subject": "other",
                  "value": "magmacube"
                },
                {
                  "test": "is_family",
                  "subject": "other",
                  "value": "mushroomcow"
                },
                {
                  "test": "is_family",
                  "subject": "other",
                  "value": "mule"
                },
                {
                  "test": "is_family",
                  "subject": "other",
                  "value": "ocelot"
                },
                {
                  "test": "is_family",
                  "subject": "other",
                  "value": "octopus"
                },
                {
                  "test": "is_family",
                  "subject": "other",
                  "value": "parrot_wild"
                },
                {
                  "test": "is_family",
                  "subject": "other",
                  "value": "parrot_tame"
                },
                {
                  "test": "is_family",
                  "subject": "other",
                  "value": "phantom"
                },
                {
                  "test": "is_family",
                  "subject": "other",
                  "value": "pig"
                },
                {
                  "test": "is_family",
                  "subject": "other",
                  "value": "piranha"
                },
                {
                  "test": "is_family",
                  "subject": "other",
                  "value": "polarbear"
                },
                {
                  "test": "is_family",
                  "subject": "other",
                  "value": "pufferfish"
                },
                {
                  "test": "is_family",
                  "subject": "other",
                  "value": "rabbit"
                },
                {
                  "test": "is_family",
                  "subject": "other",
                  "value": "salmon"
                },
                {
                  "test": "is_family",
                  "subject": "other",
                  "value": "shark"
                },
                {
                  "test": "is_family",
                  "subject": "other",
                  "value": "sheep"
                },
                {
                  "test": "is_family",
                  "subject": "other",
                  "value": "shrimp"
                },
                {
                  "test": "is_family",
                  "subject": "other",
                  "value": "shulker"
                },
                {
                  "test": "is_family",
                  "subject": "other",
                  "value": "silverfish"
                },
                {
                  "test": "is_family",
                  "subject": "other",
                  "value": "skeleton"
                },
                {
                  "test": "is_family",
                  "subject": "other",
                  "value": "skeletonhorse"
                },
                {
                  "test": "is_family",
                  "subject": "other",
                  "value": "slime"
                },
                {
                  "test": "is_family",
                  "subject": "other",
                  "value": "spider"
                },
                {
                  "test": "is_family",
                  "subject": "other",
                  "value": "squid"
                },
                {
                  "test": "is_family",
                  "subject": "other",
                  "value": "stingray"
                },
                {
                  "test": "is_family",
                  "subject": "other",
                  "value": "stray"
                },
                {
                  "test": "is_family",
                  "subject": "other",
                  "value": "turtle"
                },
                {
                  "test": "is_family",
                  "subject": "other",
                  "value": "baby_turtle"
                },
                {
                  "test": "is_family",
                  "subject": "other",
                  "value": "vex"
                },
                {
                  "test": "is_family",
                  "subject": "other",
                  "value": "peasant"
                },
                {
                  "test": "is_family",
                  "subject": "other",
                  "value": "farmer"
                },
                {
                  "test": "is_family",
                  "subject": "other",
                  "value": "fisherman"
                },
                {
                  "test": "is_family",
                  "subject": "other",
                  "value": "shepherd"
                },
                {
                  "test": "is_family",
                  "subject": "other",
                  "value": "fletcher"
                },
                {
                  "test": "is_family",
                  "subject": "other",
                  "value": "librarian"
                },
                {
                  "test": "is_family",
                  "subject": "other",
                  "value": "cartographer"
                },
                {
                  "test": "is_family",
                  "subject": "other",
                  "value": "priest"
                },
                {
                  "test": "is_family",
                  "subject": "other",
                  "value": "cleric"
                },
                {
                  "test": "is_family",
                  "subject": "other",
                  "value": "blacksmith"
                },
                {
                  "test": "is_family",
                  "subject": "other",
                  "value": "armorer"
                },
                {
                  "test": "is_family",
                  "subject": "other",
                  "value": "weaponsmith"
                },
                {
                  "test": "is_family",
                  "subject": "other",
                  "value": "toolsmith"
                },
                {
                  "test": "is_family",
                  "subject": "other",
                  "value": "artisan"
                },
                {
                  "test": "is_family",
                  "subject": "other",
                  "value": "butcher"
                },
                {
                  "test": "is_family",
                  "subject": "other",
                  "value": "leatherworker"
                },
                {
                  "test": "is_family",
                  "subject": "other",
                  "value": "vindicator"
                },
                {
                  "test": "is_family",
                  "subject": "other",
                  "value": "whale"
                },
                {
                  "test": "is_family",
                  "subject": "other",
                  "value": "witch"
                },
                {
                  "test": "is_family",
                  "subject": "other",
                  "value": "wither"
                },
                {
                  "test": "is_family",
                  "subject": "other",
                  "value": "wolf"
                },
                {
                  "test": "is_family",
                  "subject": "other",
                  "value": "zombiehorse"
                },
                {
                  "test": "is_family",
                  "subject": "other",
                  "value": "zombie_pigman"
                },
                {
                  "test": "is_family",
                  "subject": "other",
                  "value": "zombie_villager"
                }
              ]
            },
            "max_dist": 100.0,
            "must_see": false
          }
        ],
        "must_reach": true,
        "within_radius": 90.0,
        "must_see": false
      },
      "minecraft:type_family": {
        "family": [
          "witch",
          "monster"
        ]
      },
      "minecraft:physics": {},
      "minecraft:follow_range": {
        "value": 64
      },
      "minecraft:annotation.open_door": {},
      "minecraft:behavior.open_door": {
        "on_death": "query.last_hit_by_player ? 10 : 0",
        "close_door_after": true
      },
      "minecraft:experience_reward": {
        "on_death": "query.last_hit_by_player ? 10 : 0"
      },
      "minecraft:underwater_movement": {
        "value": 0.02
      },
      "minecraft:scale": {
        "value": 1.1
      },
      "minecraft:attack": {
        "damage": 99999999,
        "effect_name": "wither",
        "effect_duration": 30
      },
      "minecraft:behavior.melee_attack": {
        "priority": 2,
        "speed_multiplier": 1.0,
        "target_dist": 0.0,
        "max_dist": 3,
        "random_stop_interval": 100,
        "track_target": true,
        "reach_multiplier": 1.4
      },
      "minecraft:behavior.owner_hurt_by_target": {
        "priority": 1
      },
      "minecraft:behavior.owner_hurt_target": {
        "priority": 2
      },
      "minecraft:knockback_resistance": {
        "value": 100.0,
        "max": 100.0
      },
      "minecraft:annotation.break_door": {
        "break_time": 2.0,
        "min_difficulty": "easy"
      },
      "minecraft:equip_item": {}
    },
    "events": {
      "minecraft:spawn_for_raid": {
        "add": {
          "component_groups": [
            "minecraft:raid_configuration"
          ]
        }
      },
      "on:death": {
        "run_command": {
          "command": []
        }
      },
      "on:hurt": {
        "run_command": {
          "command": []
        }
      },
      "on:hurt_by_player": {
        "run_command": {
          "command": []
        }
      },
      "on:ignite": {
        "run_command": {
          "command": []
        }
      },
      "on:target_acquired": {
        "run_command": {
          "command": []
        }
      },
      "on:target_escape": {
        "run_command": {
          "command": []
        }
      },
      "on:wake_with_owner": {
        "run_command": {
          "command": []
        }
      }
    }
  }
}