{
    "format_version": "1.16.100",
    "minecraft:entity": {
        "description": {
            "identifier": "mdz:death_gazel",
            "is_spawnable": false,
            "is_summonable": false,
            "is_experimental": false
        },
        "component_groups": {},
        "components": {
            "minecraft:type_family": {
                "family": [
                    "car",
                    "death"
                ]
            },
            "minecraft:breathable": {
                "totalSupply": 1,
                "suffocateTime": 0
            },
            "minecraft:scale": {
                "value": 0.6
            },
            "minecraft:collision_box": {
                "width": 3,
                "height": 3
            },
            "minecraft:health": {
                "value": 20,
                "max": 20
            },
            "minecraft:nameable": {},
            "minecraft:knockback_resistance": {
                "value": 1
            },
            "minecraft:input_ground_controlled": {},
            "minecraft:physics": {}
        }
    }
}