{
    "format_version": "1.16.100",
    "minecraft:entity": {
        "description": {
            "identifier": "mdz:gazel",
            "is_spawnable": true,
            "is_summonable": true,
            "is_experimental": false,
            "scripts": {
                "animate": [
                    "caminado"
                ]
            },
            "animations": {
                "caminado": "controller.animation.caminado"
            }
        },


        "component_groups": {
            "mdz:start": {
                "minecraft:movement": {
                    "value": 0.2
                },
                "minecraft:input_ground_controlled": {}
            },
            "mdz:end": {
                "minecraft:movement": {
                    "value": 0
                }
            },

            "mdz:speed1": {
                "minecraft:movement": {
                    "value": 0.2
                }
            },
            "mdz:speed2": {
                "minecraft:movement": {
                    "value": 0.3
                }
            },
            "mdz:speed3": {
                "minecraft:movement": {
                    "value": 0.4
                }
            },
            "mdz:speed4": {
                "minecraft:movement": {
                    "value": 0.5
                }
            },
            "mdz:speed5": {
                "minecraft:movement": {
                    "value": 0.6
                }
            },
            "mdz:speed6": {
                "minecraft:movement": {
                    "value": 0.7
                }
            },

            "mdz:color1": {
                "minecraft:variant": {
                    "value": 0
                }
            },
            "mdz:color2": {
                "minecraft:variant": {
                    "value": 1
                }
            },
            "mdz:color3": {
                "minecraft:variant": {
                    "value": 2
                }
            },
            "mdz:color4": {
                "minecraft:variant": {
                    "value": 3
                }
            },

            "mdz:death_gazel": {
                "minecraft:transformation": {
                    "into": "mdz:death_gazel",
                    "delay": 0.1
                }
            }
        },



        "components": {
            "minecraft:type_family": {
                "family": [
                    "car",
                    "need_key"
                ]
            },
            "minecraft:breathable": {
                "totalSupply": 1,
                "suffocateTime": 0
            },
            "minecraft:scale": {
                "value": 0.5
            },
            "minecraft:collision_box": {
                "width": 3,
                "height": 3
            },
            "minecraft:movement.basic": {},
            "minecraft:jump.static": {},
            "minecraft:health": {
                "value": 40,
                "max": 40
            },
            "minecraft:nameable": {},
            "minecraft:knockback_resistance": {
                "value": 1
            },
            "minecraft:on_death": {
                "event": "death",
                "target": "self"
            },
            "minecraft:physics": {},
            "minecraft:rideable": {
                "rider_can_interact": true,
                "seat_count": 9,
                "interact_text": "Сесть",
                "family_types": [
                    "player",
                    "villager"
                ],
                "seats": [
                    {
                        "position": [1.3, 2.3, 0.5],
                        "min_rider_count": 0,
                        "max_rider_count": 9
                    },
                    {
                        "position": [-1.2, 2.3, -2.5],
                        "min_rider_count": 0,
                        "max_rider_count": 9
                    },
                    {
                        "position": [-1.6, 2.3, -4.3],
                        "min_rider_count": 0,
                        "max_rider_count": 9
                    },
                    {
                        "position": [1.3, 2.3, -3.8],
                        "min_rider_count": 0,
                        "max_rider_count": 9
                    },
                    {
                        "position": [1.3, 2.3, -5.6],
                        "min_rider_count": 0,
                        "max_rider_count": 9
                    },
                    {
                        "position": [1.3, 2.3, -2.1],
                        "min_rider_count": 0,
                        "max_rider_count": 9
                    },
                    {
                        "position": [1.3, 2.3, -7.9],
                        "min_rider_count": 0,
                        "max_rider_count": 9
                    },
                    {
                        "position": [-0.3, 2.3, -7.9],
                        "min_rider_count": 0,
                        "max_rider_count": 9
                    },
                    {
                        "position": [-1.3, 2.3, -7.9],
                        "min_rider_count": 0,
                        "max_rider_count": 9
                    }
                ]
            },
            "minecraft:interact": {
                "interactions": [
                    {
                        "on_interact": {
                            "filters": {
                                "all_of": [
                                    {
                                        "test": "is_riding",
                                        "subject": "other",
                                        "value": true
                                    },
                                    {
                                        "test": "has_tag",
                                        "subject": "self",
                                        "operator": "!=",
                                        "value": "is_start"
                                    },
                                    {
                                        "test": "has_equipment",
                                        "subject": "other",
                                        "value": "mdz:gazel_key"
                                    }
                                ]
                            },
                            "event": "start"
                        },
                        "use_item": false,
                        "interact_text": "Завести"
                    },
                    {
                        "on_interact": {
                            "filters": {
                                "all_of": [
                                    {
                                        "test": "is_riding",
                                        "subject": "other",
                                        "value": true
                                    },
                                    {
                                        "test": "has_tag",
                                        "subject": "self",
                                        "operator": "==",
                                        "value": "is_start"
                                    },
                                    {
                                        "test": "has_equipment",
                                        "subject": "other",
                                        "value": "mdz:gazel_key"
                                    }
                                ]
                            },
                            "event": "end"
                        },
                        "use_item": false,
                        "interact_text": "Заглушить"
                    },
                    {
                        "on_interact": {
                            "filters": {
                                "all_of": [
                                    {
                                        "test": "has_tag",
                                        "subject": "self",
                                        "operator": "!=",
                                        "value": "door_is_open"
                                    },
                                    {
                                        "test": "has_equipment",
                                        "subject": "other",
                                        "operator": "!=",
                                        "value": "mdz:gazel_key"
                                    }
                                ]
                            }
                        },
                        "use_item": false,
                        "interact_text": "Дверь закрыта"
                    },
                    {
                        "on_interact": {
                            "filters": {
                                "all_of": [
                                    {
                                        "test": "has_tag",
                                        "subject": "self",
                                        "operator": "!=",
                                        "value": "door_is_open"
                                    },
                                    {
                                        "test": "has_equipment",
                                        "subject": "other",
                                        "operator": "==",
                                        "value": "mdz:gazel_key"
                                    }
                                ]
                            },
                            "event": "door_open"
                        },
                        "use_item": false,
                        "interact_text": "Открыть дверь"
                    },
                    {
                        "on_interact": {
                            "filters": {
                                "all_of": [
                                    {
                                        "test": "has_tag",
                                        "subject": "self",
                                        "operator": "==",
                                        "value": "door_is_open"
                                    },
                                    {
                                        "test": "is_sneaking",
                                        "subject": "other",
                                        "value": true
                                    },
                                    {
                                        "test": "has_equipment",
                                        "subject": "other",
                                        "operator": "==",
                                        "value": "mdz:gazel_key"
                                    },
                                    {
                                        "test": "has_tag",
                                        "subject": "self",
                                        "operator": "!=",
                                        "value": "has_rider"
                                    }
                                ]
                            },
                            "event": "door_close"
                        },
                        "use_item": false,
                        "interact_text": "Закрыть дверь"
                    },
                    {
                        "on_interact": {
                            "filters": {
                                "all_of": [
                                    {
                                        "test": "has_equipment",
                                        "subject": "other",
                                        "value": "mdz:color1"
                                    }
                                ]
                            },
                            "event": "color1"
                        },
                        "use_item": false,
                        "interact_text": "Перекрасить"
                    },
                    {
                        "on_interact": {
                            "filters": {
                                "all_of": [
                                    {
                                        "test": "has_equipment",
                                        "subject": "other",
                                        "value": "mdz:color2"
                                    }
                                ]
                            },
                            "event": "color2"
                        },
                        "use_item": false,
                        "interact_text": "Перекрасить"
                    },
                    {
                        "on_interact": {
                            "filters": {
                                "all_of": [
                                    {
                                        "test": "has_equipment",
                                        "subject": "other",
                                        "value": "mdz:color3"
                                    }
                                ]
                            },
                            "event": "color3"
                        },
                        "use_item": false,
                        "interact_text": "Перекрасить"
                    },
                    {
                        "on_interact": {
                            "filters": {
                                "all_of": [
                                    {
                                        "test": "has_equipment",
                                        "subject": "other",
                                        "value": "mdz:color4"
                                    }
                                ]
                            },
                            "event": "color4"
                        },
                        "use_item": false,
                        "interact_text": "Перекрасить"
                    }
                ]
            }
        },
        "events": {
            "start": {
                "run_command": {
                    "command": [
                        "tag @s add is_start",
                        "playsound gazel.start @a ~~~"
                    ]
                },
                "remove": {
                    "component_groups": [
                        "mdz:end"
                    ]
                },
                "add": {
                    "component_groups": [
                        "mdz:start"
                    ]
                }
            },
            "end": {
                "run_command": {
                    "command": [
                        "tag @s remove is_start"
                    ]
                },
                "remove": {
                    "component_groups": [
                        "mdz:start"
                    ]
                },
                "add": {
                    "component_groups": [
                        "mdz:end"
                    ]
                }
            },
            "lights_on": {
                "run_command": {
                    "command": [
                        "tag @s add is_lightning",
                        "playsound gazel.light_on @a ~~~"
                    ]
                }
            },
            "lights_off": {
                "run_command": {
                    "command": [
                        "tag @s remove is_lightning",
                        "playsound gazel.light_off @a ~~~",
                        "execute @s ^ ^1 ^5 fill ~-3~-4~-3 ~3~4~3 air 0 replace light_block 15"
                    ]
                }
            },
            "door_open": {
                "run_command": {
                    "command": [
                        "playanimation @s animation.gazel.door_open",
                        "tag @s add door_is_open",
                        "playsound gazel.door_open @a ~~~"
                    ]
                }
            },
            "door_close": {
                "run_command": {
                    "command": [
                        "playanimation @s animation.gazel.door_close",
                        "tag @s remove door_is_open",
                        "playsound gazel.door_close @a ~~~"
                    ]
                }
            },
            "death": {
                "run_command": {
                    "command": [
                        "execute @s ~~~ fill ~23~3~23 ~-23~-3~-23 air 0 replace light_block 14",
                        "tag @s add gazel_death",
                        "particle mdz:death ~~~"
                    ]
                },
                "add": {
                    "component_groups": [
                        "mdz:death_gazel"
                    ]
                }
            },


            "color1": {
                "run_command": {
                    "command": [
                        "playsound gazel.color @a ~~~",
                        "particle mdz:color ~~~"
                    ]
                },
                "add": {
                    "component_groups": [
                        "mdz:color1"
                    ]
                }
            },
            "color2": {
                "run_command": {
                    "command": [
                        "playsound gazel.color @a ~~~",
                        "particle mdz:color ~~~"
                    ]
                },
                "add": {
                    "component_groups": [
                        "mdz:color2"
                    ]
                }
            },
            "color3": {
                "run_command": {
                    "command": [
                        "playsound gazel.color @a ~~~",
                        "particle mdz:color ~~~"
                    ]
                },
                "add": {
                    "component_groups": [
                        "mdz:color3"
                    ]
                }
            },
            "color4": {
                "run_command": {
                    "command": [
                        "playsound gazel.color @a ~~~",
                        "particle mdz:color ~~~"
                    ]
                },
                "add": {
                    "component_groups": [
                        "mdz:color4"
                    ]
                }
            },


            "speed1": {
                "add": {
                    "component_groups": [
                        "mdz:speed1"
                    ]
                }
            },
            "speed2": {
                "add": {
                    "component_groups": [
                        "mdz:speed2"
                    ]
                }
            },
            "speed3": {
                "add": {
                    "component_groups": [
                        "mdz:speed3"
                    ]
                }
            },
            "speed4": {
                "add": {
                    "component_groups": [
                        "mdz:speed4"
                    ]
                }
            },
            "speed5": {
                "add": {
                    "component_groups": [
                        "mdz:speed5"
                    ]
                }
            },
            "speed6": {
                "add": {
                    "component_groups": [
                        "mdz:speed6"
                    ]
                }
            }
        }
    }
}