{
  "format_version": "1.8.0",
  "minecraft:client_entity": {
    "description": {
      "identifier": "os:o",
      "materials": {
        "default": "skeleton"
      },
      "textures": {
        "default": "textures/entity/pamobile/os_o"
      },
      "geometry": {
        "default": "geometry.os_o"
      },
      "scripts": {
        "pre_animation": [
          "variable.tcos0 \u003d (Math.cos(query.modified_distance_moved * 38.17) * query.modified_move_speed / variable.gliding_speed_value) * 57.3;"
        ]
      },
      "animations": {
        "jumpscare": "animation.os_o.jumpscare",
        "jump": "animation.os_o.jump",
        "statue": "animation.os_o.statue",
        "walk": "animation.os_o.walk",
        "look_at": "animation.look_at",
        "riding.legs": "animation.os_o.legs",
        "holding": "animation.os_o.holding",
        "brandish_spear": "animation.os_o.brandish_spear",
        "charging": "animation.os_o.charging",
        "attack.rotations": "animation.os_o.rotations",
        "sneaking": "animation.os_o.sneaking",
        "bob": "animation.os_o.bob",
        "damage_nearby_mobs": "animation.os_o.damage_nearby_mobs",
        "bow_and_arrow": "animation.os_o.bow_and_arrow",
        "swimming": "animation.os_o.swimming",
        "use_item_progress": "animation.os_o.use_item_progress",
        "skeleton_attack": "animation.os_o.attack"
      },
      "animation_controllers": [
        {
          "look_at": "controller.animation.look_at"
        },
        {
          "moving": "controller.animation.moving"
        },
        {
          "jumpscare": "controller.animation.jumpscare"
        },
        {
          "holding": "controller.animation.humanoid.holding"
        },
        {
          "brandish_spear": "controller.animation.humanoid.brandish_spear"
        },
        {
          "charging": "controller.animation.humanoid.charging"
        },
        {
          "attack": "controller.animation.humanoid.attack"
        },
        {
          "sneaking": "controller.animation.humanoid.sneaking"
        },
        {
          "bob": "controller.animation.humanoid.bob"
        },
        {
          "damage_nearby_mobs": "controller.animation.humanoid.damage_nearby_mobs"
        },
        {
          "bow_and_arrow": "controller.animation.humanoid.bow_and_arrow"
        },
        {
          "swimming": "controller.animation.humanoid.swimming"
        },
        {
          "use_item_progress": "controller.animation.humanoid.use_item_progress"
        },
        {
          "skeleton_attack": "controller.animation.skeleton.attack"
        }
      ],
      "spawn_egg": {
        "texture": "os:o",
        "texture_index": 0
      },
      "render_controllers": [
        "controller.render.skeleton"
      ],
      "enable_attachables": true
    }
  }
}