{
    "gazel.drive": {
        "category": "neutral",
        "min_distance": 3.0,
        "sounds": [
            "sounds/gazel/drive"
        ]
    },
    "gazel.motor_work": {
        "category": "neutral",
        "min_distance": 3.0,
        "sounds": [
            "sounds/gazel/motor_work"
        ]
    },
    "gazel.start": {
        "category": "neutral",
        "min_distance": 3.0,
        "sounds": [
            "sounds/gazel/start"
        ]
    },
    "gazel.speed": {
        "category": "neutral",
        "min_distance": 3.0,
        "sounds": [
            "sounds/gazel/speed"
        ]
    },
    "gazel.hit": {
        "category": "neutral",
        "min_distance": 3.0,
        "sounds": [
            "sounds/gazel/hit1",
            "sounds/gazel/hit2",
            "sounds/gazel/hit3"
        ]
    },
    "gazel.death": {
        "category": "neutral",
        "min_distance": 3.0,
        "sounds": [
            "sounds/gazel/hit1",
            "sounds/gazel/hit2",
            "sounds/gazel/hit3"
        ]
    },
    "gazel.door_open": {
        "category": "neutral",
        "min_distance": 3.0,
        "sounds": [
            "sounds/gazel/door_open"
        ]
    },
    "gazel.door_close": {
        "category": "neutral",
        "min_distance": 3.0,
        "sounds": [
            "sounds/gazel/door_close"
        ]
    },
    "gazel.light_on": {
        "category": "neutral",
        "min_distance": 3.0,
        "sounds": [
            "sounds/gazel/light_on"
        ]
    },
    "gazel.light_off": {
        "category": "neutral",
        "min_distance": 3.0,
        "sounds": [
            "sounds/gazel/light_off"
        ]
    },
    "gazel.hood": {
        "category": "neutral",
        "min_distance": 3.0,
        "sounds": [
            "sounds/gazel/hood"
        ]
    },
    "gazel.color": {
        "category": "neutral",
        "min_distance": 3.0,
        "sounds": [
            "sounds/gazel/color"
        ]
    }
}