{
	"format_version": "1.8.0",
	"animations": {
		"animation.yellow.general": {
			"loop": true,
			"animation_length": 3,
			"bones": {
				"Body": {
					"rotation": {
						"0.0": [0, 0, 0],
						"1.5": [2.5, 0, 0],
						"3.0": [0, 0, 0]
					},
					"position": {
						"0.0": [0, 0, 0],
						"1.5": [0, -1, 0],
						"3.0": [0, 0, 0]
					}
				},
				"bone6": {
					"rotation": {
						"0.0": [0, 0, 0],
						"0.75": [0, 5, 0],
						"1.5": [0, 0, 0],
						"2.25": [0, -5, 0],
						"3.0": [0, 0, 0]
					}
				},
				"bone11": {
					"rotation": {
						"0.0": [0, 0, 0],
						"1.5": [0, 0, -90],
						"3.0": [0, 0, 0]
					}
				},
				"Head": {
					"rotation": {
						"0.0": [0, 0, 0],
						"1.5": [2.5, 0, 0],
						"3.0": [0, 0, 0]
					}
				},
				"bone14": {
					"rotation": {
						"0.0": [0, 0, 0],
						"1.5": [7.5, 0, 0],
						"3.0": [0, 0, 0]
					}
				},
				"RightArm": {
					"rotation": {
						"0.0": [0, 0, 0],
						"1.5": [0, 0, 7.5],
						"3.0": [0, 0, 0]
					}
				},
				"bone9": {
					"rotation": {
						"0.0": [0, 0, 0],
						"1.5": [7.5, 0, 0],
						"3.0": [0, 0, 0]
					}
				},
				"LeftArm": {
					"rotation": {
						"0.0": [0, 0, 0],
						"1.5": [0, 0, -7.5],
						"3.0": [0, 0, 0]
					}
				},
				"bone12": {
					"rotation": {
						"0.0": [0, 0, 0],
						"1.5": [7.5, 0, 0],
						"3.0": [0, 0, 0]
					}
				}
			}
		}
	}
}