{
	"format_version": "1.8.0",
	"animations": {
		"animation.yellow.move": {
			"loop": true,
			"animation_length": 1,
			"bones": {
				"Body": {
					"rotation": {
						"0.0": [0, 2.5, 0],
						"0.25": [0, 0, -2.5],
						"0.5": [0, -2.5, 0],
						"0.75": [0, 0, 2.5],
						"1.0": [0, 2.5, 0]
					},
					"position": {
						"0.0": [0, 0, 0],
						"0.25": [0, 1, 0],
						"0.5": [0, 0, 0],
						"0.75": [0, 1, 0],
						"1.0": [0, 0, 0]
					}
				},
				"bone6": {
					"rotation": {
						"0.0": [0, 0, 0],
						"0.25": [0, 12.5, 0],
						"0.5": [0, 0, 0],
						"0.75": [0, -12.5, 0],
						"1.0": [0, 0, 0]
					}
				},
				"bone11": {
					"rotation": {
						"0.0": [0, 0, 0],
						"0.25": [0, 0, 90],
						"0.5": [0, 0, 0],
						"0.75": [0, 0, -90],
						"1.0": [0, 0, 0]
					}
				},
				"Head": {
					"rotation": {
						"0.0": [0, 0, 0],
						"0.25": [7.29837, -0.47525, 1.30347],
						"0.5": [0, 0, 0],
						"0.75": [7.19335, -0.75335, 1.93918],
						"1.0": [0, 0, 0]
					}
				},
				"bone14": {
					"rotation": {
						"0.0": [0, 0, 0],
						"0.25": [7.5, 0, 0],
						"0.5": [0, 0, 0],
						"0.75": [10, 0, 0],
						"1.0": [0, 0, 0]
					}
				},
				"RightArm": {
					"rotation": {
						"0.0": [0, 0, 7.5],
						"0.5": [0, 0, 15],
						"1.0": [0, 0, 7.5]
					}
				},
				"bone9": {
					"rotation": {
						"0.0": [0, 0, 0],
						"0.5": [-22.5, 0, 0],
						"1.0": [0, 0, 0]
					}
				},
				"LeftArm": {
					"rotation": {
						"0.0": [0, 0, -15],
						"0.5": [0, 0, -7.5],
						"1.0": [0, 0, -15]
					}
				},
				"bone12": {
					"rotation": {
						"0.0": [-22.5, 0, 0],
						"0.5": [0, 0, 0],
						"1.0": [-22.5, 0, 0]
					}
				},
				"LeftLeg": {
					"rotation": {
						"0.0": [12.5, 0, 0],
						"0.5": [-10, 0, 0],
						"1.0": [12.5, 0, 0]
					},
					"position": {
						"0.0": [0, 0, 1],
						"0.25": [0, 1, 0],
						"0.5": [0, 0, -1],
						"1.0": [0, 0, 1]
					}
				},
				"bone4": {
					"rotation": {
						"0.0": [0, 0, 0],
						"0.25": [15, 0, 0],
						"0.5": [0, 0, 0],
						"1.0": [0, 0, 0]
					}
				},
				"RightLeg": {
					"rotation": {
						"0.0": [-10, 0, 0],
						"0.5": [12.5, 0, 0],
						"1.0": [-10, 0, 0]
					},
					"position": {
						"0.0": [0, 0, -1],
						"0.5": [0, 0, 1],
						"0.75": [0, 1, 0],
						"1.0": [0, 0, -1]
					}
				},
				"bone": {
					"rotation": {
						"0.0": [0, 0, 0],
						"0.5": [0, 0, 0],
						"0.75": [15, 0, 0],
						"1.0": [0, 0, 0]
					}
				}
			}
		}
	}
}