{
	"format_version": "1.8.0",
	"animations": {
		"animation.yellow.jumspace": {
			"animation_length": 1,
			"bones": {
				"Head": {
					"rotation": {
						"0.0": [0, 0, 0],
						"0.125": [0, 0, -7.5],
						"0.1667": [0, 0, 0],
						"0.2083": [0, 0, 7.5],
						"0.25": [0, 0, 0],
						"0.2917": [0, 0, -12.5],
						"0.3333": [0, 0, 0],
						"0.375": [0, 0, 7.5],
						"0.4167": [0, 0, 0],
						"0.4583": [0, 0, -7.5],
						"0.5": [0, 0, 0],
						"0.875": [-27.5, 0, 0],
						"1.0": [0, 0, 0]
					},
					"position": {
						"0.0": [0, 0, 0],
						"0.125": [0, 0, 0],
						"0.1667": [0, 0, 0],
						"0.2083": [0, 0, 0],
						"0.25": [0, 0, 0],
						"0.2917": [0, 0, 0],
						"0.3333": [0, 0, 0],
						"0.375": [0, 0, 0],
						"0.4167": [0, 0, 0],
						"0.4583": [0, 0, 0],
						"0.5": [0, 0, 0],
						"1.0": [0, 0, 0]
					}
				},
				"bone14": {
					"rotation": {
						"0.0": [0, 0, 0],
						"0.5": [25, 0, 0],
						"0.875": [47.5, 0, 0],
						"1.0": [0, 0, 0]
					},
					"position": {
						"0.0": [0, 0, 0],
						"0.5": [0, 0, -1],
						"0.875": [0, -1, -3],
						"1.0": [0, 0, 0]
					}
				},
				"RightArm": {
					"rotation": [-44.01916, 11.43563, 9.77243]
				},
				"LeftArm": {
					"rotation": [-41.81472, -9.18229, -8.51814]
				}
			}
		}
	}
}