{
  "format_version": "1.10.0",
  "animation_controllers": {
    "controller.animation.gazel": {
      "states": {
        "default": {
          "variables": {
            "moving_speed": {
              "input": "query.modified_move_speed"
            },
            "door": {
              "input": "query.has_rider"
            }
          },
          "animations": [
            "turning",
            {
              "drive": "variable.moving_speed"
            },
            {
                "door_is_close": "variable.door"
            }
          ]
        }
      }
    },
    "controller.animation.gazel.smoke": {
      "initial_state": "default",
      "states": {
        "default": {
          "transitions": [
            {
              "smoking": "query.is_moving"
            }
          ]
        },
        "smoking": {
          "particle_effects": [
            {
              "effect": "smoke"
            }
          ],
          "transitions": [
            {
              "default": "!query.is_moving"
            }
          ]
        }
      }
    },
    "controller.animation.gazel.smoke2": {
      "initial_state": "default",
      "states": {
        "default": {
          "transitions": [
            {
              "smoking": "query.is_moving"
            }
          ]
        },
        "smoking": {
          "particle_effects": [
            {
              "effect": "smoke2"
            }
          ],
          "transitions": [
            {
              "default": "!query.is_moving"
            }
          ]
        }
      }
    }
  }
}