{
    "format_version": "1.10.0",
    "animation_controllers": {
        "controller.animation.pink.general": {
            "initial_state": "default",
            "states": {
                "default": {
                    "variables": {
                        "move_speed": {
                            "input": "query.modified_move_speed",
                            "remap_curve": {
                                "0.0": 0.0,
                                "0.25": 1.0
                            }
                        },
                        "is_idling": {
                            "input": "query.modified_move_speed",
                            "remap_curve": {
                                "0.0": 1.0,
                                "0.1": 0.0
                            }
                        }
                    },
                    "animations": [{
                            "moving": "query.modified_move_speed"
                        }, 
                        {
                            "running": "query.ground_speed >= 3.5"
                        }, 
                        {
                            "pink_general": "variable.is_idling"
                        }
                    ],
                    "transitions": [{
                            "grabbing": "query.is_casting"
                        },
                        {
							"jumpscare": "query.has_rider && !query.is_stunned"
						}
					]
				},
				"jumpscare": {
					"animations": [
						"jumpscare"
					],
					"transitions": [
						{
							"moving": "!query.has_rider && !query.is_stunned"
						}
					],
					"blend_transition": 0.5
                },
                "running": {
                    "animations": [
                        "running"
                    ],
                    "transitions": [{
                            "default": "query.ground_speed <= 3.5"
                        }
                    ],
                    "blend_transition": 0.1
                },
                                "climbing": {
                    "animations": [
                        "climbing"
                    ],
                    "transitions": [{
                            "default": "!query.is_wall_climbing"
                        }
                    ],
                    "blend_transition": 0.2
                } 
            }
        },
	"controller.animation.pink.attack": {
            "states": {
                "default": {
                    "transitions": [{
                            "attack1": "variable.attack_time > 0"
                        }
                    ],
                    "blend_transition": 0.2
                },
                "attack1": {
                    "animations": [
                        "attack1"
                    ],
                    "transitions": [{
                            "default": "query.all_animations_finished"
                        }
                    ],
                    "blend_transition": 0.1
                }
            }
        }
    }
}