{
	"format_version": "1.8.0",
	"animations": {
		"animation.jumbo_josh.walk": {
			"loop": true,
			"animation_length": 1.41667,
			"bones": {
				"part1": {
					"rotation": {
						"0.0": [0, 0, 15],
						"0.7083": [0, 0, -10],
						"1.4167": [0, 0, 15]
					},
					"position": {
						"0.0": [0, -3, 0],
						"0.375": [0, 0, 0],
						"0.7083": [0, -3, 0],
						"1.0833": [0, 0, 0],
						"1.4167": [0, -3, 0]
					}
				},
				"ad": {
					"rotation": {
						"0.0": [0, 0, -17.5],
						"0.7083": [0, 0, 15],
						"1.4167": [0, 0, -17.5]
					}
				},
				"cm2": {
					"rotation": {
						"0.0": [8.01125, -9.23605, -6.3229],
						"0.7083": [-12.045, 2.26573, 15.76561],
						"1.4167": [8.01125, -9.23605, -6.3229]
					}
				},
				"cm9": {
					"rotation": {
						"0.0": [22.5, 0, 10],
						"0.6667": [4.51816, 4.75113, -1.57518],
						"1.4167": [22.5, 0, 10]
					}
				},
				"cm15": {
					"rotation": {
						"0.0": [0, 37.5, 0],
						"0.6667": [0, -37.5, 0],
						"1.4167": [0, 37.5, 0]
					}
				},
				"cm16": {
					"rotation": {
						"0.0": [0, 12.5, 0],
						"0.625": [0, 47.5, 0],
						"0.6667": [0, 58.33, 0],
						"0.875": [0, -7.5, 0],
						"1.2917": [0, 2.88, 0],
						"1.4167": [0, 12.5, 0]
					}
				},
				"cm17": {
					"rotation": {
						"0.0": [0, 17.5, 0],
						"0.6667": [0, 62.5, 0],
						"0.9167": [0, -5, 0],
						"1.25": [0, 0, 0],
						"1.4167": [0, 40, 0]
					}
				},
				"perna2": {
					"rotation": {
						"0.0": [0, 42.5, 0],
						"0.6667": [0, -30, 0],
						"1.4167": [0, 42.5, 0]
					}
				},
				"cm19": {
					"rotation": {
						"0.0": [0, 45, 0],
						"0.2083": [0, -2.5, 0],
						"0.7083": [0, -2.84, 0],
						"0.9583": [0, 49.04, 0],
						"1.4167": [0, 45, 0]
					}
				},
				"cm20": {
					"rotation": {
						"0.0": [0, 40, 0],
						"0.2083": [0, -5, 0],
						"0.7083": [0, -1.38, 0],
						"0.9583": [0, 48.22, 0],
						"1.4167": [0, 40, 0]
					}
				}
			}
		},
		"animation.jumbo_josh.move_to_target": {
			"loop": true,
			"animation_length": 1.41667,
			"bones": {
				"part1": {
					"rotation": {
						"0.0": [0, 0, 15],
						"0.7083": [0, 0, -10],
						"1.4167": [0, 0, 15]
					},
					"position": {
						"0.0": [0, -3, 0],
						"0.375": [0, 0, 0],
						"0.7083": [0, -3, 0],
						"1.0833": [0, 0, 0],
						"1.4167": [0, -3, 0]
					}
				},
				"ad": {
					"rotation": {
						"0.0": [0, 0, -27.5],
						"0.7083": [0, 0, 25],
						"1.4167": [0, 0, -27.5]
					}
				},
				"cm2": {
					"rotation": {
						"0.0": [21.48308, -6.54519, -13.39125],
						"0.7083": [-19.545, 2.26573, 15.76561],
						"1.4167": [21.48308, -6.54519, -13.39125]
					}
				},
				"cm9": {
					"rotation": {
						"0.0": [32.40109, -2.68407, 14.22005],
						"0.6667": [-12.98184, 4.75113, -1.57518],
						"1.4167": [32.40109, -2.68407, 14.22005]
					}
				},
				"cm15": {
					"rotation": {
						"0.0": [0, 50, 0],
						"0.6667": [0, -62.5, 0],
						"1.4167": [0, 50, 0]
					}
				},
				"cm16": {
					"rotation": {
						"0.0": [0, 12.5, 0],
						"0.625": [0, 47.5, 0],
						"0.6667": [0, 58.33, 0],
						"0.875": [0, -7.5, 0],
						"1.2917": [0, 2.88, 0],
						"1.4167": [0, 12.5, 0]
					}
				},
				"cm17": {
					"rotation": {
						"0.0": [0, 17.5, 0],
						"0.6667": [0, 62.5, 0],
						"0.9167": [0, -5, 0],
						"1.25": [0, 0, 0],
						"1.4167": [0, 40, 0]
					}
				},
				"perna2": {
					"rotation": {
						"0.0": [0, 42.5, 0],
						"0.6667": [0, -30, 0],
						"1.4167": [0, 42.5, 0]
					}
				},
				"cm19": {
					"rotation": {
						"0.0": [0, 45, 0],
						"0.2083": [0, -2.5, 0],
						"0.7083": [0, -2.84, 0],
						"0.9583": [0, 49.04, 0],
						"1.4167": [0, 45, 0]
					}
				},
				"cm20": {
					"rotation": {
						"0.0": [0, 40, 0],
						"0.2083": [0, -5, 0],
						"0.7083": [0, -1.38, 0],
						"0.9583": [0, 48.22, 0],
						"1.4167": [0, 40, 0]
					}
				},
				"bone2": {
					"scale": [0.4, 0.4, 1]
				},
				"bone": {
					"scale": [0.4, 0.4, 1]
				},
				"cm18": {
					"rotation": {
						"0.0": [0, -17.5, 0],
						"0.6667": [0, 7.5, 0],
						"1.4167": [0, -17.5, 0]
					}
				}
			}
		},
		"animation.jumbo_josh.move": {
			"loop": true,
			"animation_length": 13.33333,
			"bones": {
				"part1": {
					"rotation": {
						"0.0": [0, 0, 0],
						"0.3333": [0, -17.5, 0],
						"1.2917": [0, 27.5, 0],
						"1.8333": [0, 25, 0],
						"2.1667": [0, 0, 0],
						"3.6667": [17.5, 0, 0],
						"4.9583": [0, 0, 0],
						"6.2917": [12.5, 0, 0],
						"7.7083": [0, 0, 0],
						"9.0": [10, 0, 0],
						"10.4583": [0, 0, 0],
						"11.9167": [7.5, 0, 0],
						"13.3333": [0, 0, 0]
					}
				},
				"ad": {
					"rotation": {
						"6.0833": [-2.5, 0, 0],
						"6.3333": [-4.50206, -19.3546, 11.70092],
						"7.4583": [-4.50206, -19.3546, 11.70092],
						"7.75": [0, 0, 0],
						"8.1667": [-4.99858, 21.46902, -13.12427],
						"9.3333": [-4.99858, 21.46902, -13.12427],
						"9.6667": [0, 0, 0]
					}
				},
				"bone2": {
					"position": {
						"6.0833": [0, 0, 0],
						"6.3333": [2, 0, 0],
						"7.4583": [2, 0, 0],
						"7.75": [0, 0, 0],
						"8.1667": [-2, 0, 0],
						"9.3333": [-2, 0, 0],
						"9.6667": [0, 0, 0]
					}
				},
				"bone": {
					"position": {
						"6.0833": [0, 0, 0],
						"6.3333": [2, 0, 0],
						"7.4583": [2, 0, 0],
						"7.75": [0, 0, 0],
						"8.1667": [-2, 0, 0],
						"9.3333": [-2, 0, 0],
						"9.6667": [0, 0, 0]
					}
				},
				"cm": {
					"rotation": {
						"0.0": [0, 0, 0],
						"0.3333": [-54.89549, 20.88127, -75.93427],
						"0.9167": [30.66583, 60.18174, 36.83864],
						"1.7083": [30.66583, 60.18174, 36.83864],
						"2.0417": [0, 0, 0]
					}
				},
				"cm2": {
					"rotation": {
						"0.2917": [0, 0, 2.5],
						"1.25": [0, 0, 32.5],
						"1.7083": [0, 0, 32.5],
						"2.0417": [0, 0, 2.5]
					}
				},
				"cm3": {
					"rotation": {
						"0.0": [0, -2.5, 0],
						"0.9167": [4.8493, -1.53486, -22.99008],
						"1.25": [-8.11019, 0.45615, 40.67815],
						"1.7083": [-8.11019, 0.45615, 40.67815],
						"2.0417": [0, -2.5, 0]
					}
				},
				"cm4": {
					"rotation": {
						"0.0": [0, 0, 0],
						"0.9167": [0, 15, -20],
						"1.25": [1.68956, 14.34293, 22.52718],
						"1.7083": [1.68956, 14.34293, 22.52718],
						"2.0417": [0, 0, 0],
						"3.625": [0, 22.5, 0],
						"4.9167": [0, 0, 0],
						"6.25": [0, 15, 0],
						"7.7083": [0, 0, 0],
						"8.9167": [0, 17.5, 0],
						"10.4583": [0, 0, 0],
						"12.0833": [0, 15, 0],
						"13.3333": [0, 0, 0]
					}
				},
				"cm5": {
					"rotation": {
						"0.0": [0, 0, 0],
						"0.9167": [1.91757, 17.88146, -22.57734],
						"1.25": [-2.11751, 17.96949, 25.08377],
						"1.7083": [-1.91757, 17.88146, 22.57734],
						"2.0417": [0, 0, 0]
					}
				},
				"cm6": {
					"rotation": {
						"0.0": [0, 0, 0],
						"0.9167": [-1.50701, 34.76804, -17.56274],
						"1.25": [2.69136, 34.21541, 32.59907],
						"1.7083": [2.69136, 34.21541, 32.59907],
						"2.0417": [0, 0, 0]
					}
				},
				"cm11": {
					"rotation": {
						"2.1667": [0, 0, 0],
						"3.625": [0, -20, 0],
						"4.9167": [0, 0, 0],
						"6.4167": [0, -17.5, 0],
						"7.6667": [0, -5, 0],
						"8.9583": [0, -17.5, 0],
						"10.5417": [0, -2.5, 0],
						"11.8333": [0, -17.5, 0],
						"13.3333": [0, 0, 0]
					}
				}
			}
		}
	}
}