{
	"format_version": "1.8.0",
	"animations": {
		"animation.nabnab.move": {
			"loop": true,
			"animation_length": 7.75,
			"bones": {
				"part1": {
					"rotation": {
						"0.0": [0, 0, 0],
						"0.75": [30, 0, 0],
						"1.375": [0, 0, 0],
						"2.2083": [10, 0, 0],
						"3.125": [0, 0, 0],
						"4.125": [5, 0, 0],
						"5.1667": [0, 0, 0],
						"6.5417": [10, 0, 0],
						"7.75": [0, 0, 0]
					}
				},
				"cm": {
					"rotation": {
						"0.0": [0, 0, 0],
						"0.75": [0, 75, 0],
						"1.375": [0, 0, 0],
						"2.1667": [0, 0, -27.5],
						"3.0": [0, 0, 15],
						"3.9583": [0, 0, -17.5],
						"5.125": [0, 0, 12.5],
						"6.4167": [0, 0, -15],
						"7.75": [0, 0, 0]
					}
				},
				"cm2": {
					"rotation": {
						"0.0": [0, 0, 0],
						"0.75": [0, 40, 0],
						"1.375": [0, 0, 0],
						"2.1667": [0, 0, -22.5],
						"3.0": [0, 0, 25],
						"3.9583": [0, 0, -20],
						"5.125": [0, 0, 17.5],
						"6.4167": [0, 0, -22.5],
						"7.75": [0, 0, 0]
					}
				},
				"cm3": {
					"rotation": {
						"0.0": [0, 0, 0],
						"0.75": [0, 40, 0],
						"1.375": [0, 0, 0],
						"2.1667": [0, 0, -27.5],
						"3.0": [0, 0, 30],
						"3.9583": [0, 0, -37.5],
						"5.125": [0, 0, 37.5],
						"6.4167": [0, 0, -42.5],
						"7.75": [0, 0, 0]
					}
				},
				"cm4": {
					"rotation": {
						"0.0": [0, 2.5, 0],
						"0.75": [0, 50, 0],
						"1.375": [0, 2.5, 0],
						"2.1667": [-1.76833, 1.76749, -45.02728],
						"3.0": [1.60757, 1.91486, 40.02687],
						"3.9583": [-1.60757, 1.91486, -40.02687],
						"5.125": [1.68956, 1.84293, 42.52718],
						"6.4167": [-1.34386, 2.10829, -32.52473],
						"7.75": [0, 2.5, 0]
					}
				},
				"cm5": {
					"rotation": {
						"0.0": [0, 0, 0],
						"0.75": [0, 80, 0],
						"1.375": [0, 0, 0],
						"2.1667": [0, 0, -22.5],
						"3.0": [0, 0, 25],
						"3.9583": [0, 0, -15],
						"5.125": [0, 0, 25],
						"6.4167": [0, 0, -12.5],
						"7.75": [0, 0, 0]
					}
				},
				"cm6": {
					"rotation": {
						"0.0": [0, 0, 0],
						"0.75": [0, 32.5, 0],
						"1.375": [0, 0, 0],
						"2.1667": [0, 0, -17.5],
						"3.0": [0, 0, 25],
						"3.9583": [0, 0, -25],
						"5.125": [0, 0, 20],
						"6.4167": [0, 0, -20],
						"7.75": [0, 0, 0]
					}
				},
				"cm7": {
					"rotation": {
						"0.0": [0, 0, 0],
						"0.75": [0, 35, 0],
						"1.375": [0, 0, 0],
						"2.1667": [0, 0, -22.5],
						"3.0": [0, 0, 40],
						"3.9583": [0, 0, -37.5],
						"5.125": [0, 0, 35],
						"6.4167": [0, 0, -37.5],
						"7.75": [0, 0, 0]
					}
				},
				"cm8": {
					"rotation": {
						"0.0": [0, 0, 0],
						"0.75": [0, 47.5, 0],
						"1.375": [0, 0, 0],
						"2.1667": [0, 0, -32.5],
						"3.0": [0, 0, 42.5],
						"3.9583": [0, 0, -32.5],
						"5.125": [0, 0, 45],
						"6.4167": [0, 0, -37.5],
						"7.75": [0, 0, 0]
					}
				}
			}
		},
		"animation.nabnab.walk": {
			"loop": true,
			"animation_length": 1.25,
			"bones": {
				"nabnab": {
					"rotation": {
						"0.0": [0, 0, 7.5],
						"0.625": [0, 0, -5],
						"1.25": [0, 0, 7.5]
					},
					"position": {
						"0.0": [0, -6, 0],
						"0.2917": [0, 0, 0],
						"0.625": [0, -6, 0],
						"0.9583": [0, 0, 0],
						"1.25": [0, -6, 0]
					}
				},
				"lingua2": {
					"rotation": {
						"0.0": [0, -37.5, 0],
						"0.625": [0, 6.25, 0],
						"1.25": [0, -40, 0]
					}
				},
				"cm9": {
					"rotation": {
						"0.0": [0, -30, 0],
						"0.5833": [0, 37.5, 0],
						"1.25": [0, -30, 0]
					}
				},
				"cm11": {
					"rotation": {
						"0.0": [0, -2.5, 0],
						"0.1667": [0, -37.5, 0],
						"0.5417": [0, -90.38, 0],
						"0.75": [0, -2.92, 0],
						"1.0833": [0, -2.64, 0],
						"1.25": [0, -2.5, 0]
					}
				},
				"cm13": {
					"rotation": {
						"0.0": [0, 40, 0],
						"0.5833": [0, -35, 0],
						"1.25": [0, 40, 0]
					}
				},
				"cm15": {
					"rotation": {
						"0.0": [0, -67.5, 0],
						"0.1667": [0, 2.5, 0],
						"0.5": [0, 0.96, 0],
						"0.75": [0, -64.36, 0],
						"1.25": [0, -67.5, 0]
					}
				}
			}
		},
		"animation.nabnab.move_to_target": {
			"loop": true,
			"animation_length": 1.25,
			"bones": {
				"nabnab": {
					"rotation": {
						"0.0": [0, 0, 7.5],
						"0.625": [0, 0, -5],
						"1.25": [0, 0, 7.5]
					},
					"position": {
						"0.0": [0, -6, 0],
						"0.2917": [0, 0, 0],
						"0.625": [0, -6, 0],
						"0.9583": [0, 0, 0],
						"1.25": [0, -6, 0]
					}
				},
				"lingua2": {
					"rotation": {
						"0.0": [0, -37.5, 0],
						"0.625": [0, 6.25, 0],
						"1.25": [0, -40, 0]
					}
				},
				"cm9": {
					"rotation": {
						"0.0": [0, -30, 0],
						"0.5833": [0, 55, 0],
						"1.25": [0, -30, 0]
					}
				},
				"cm11": {
					"rotation": {
						"0.0": [0, -2.5, 0],
						"0.1667": [0, -37.5, 0],
						"0.5417": [0, -92.88, 0],
						"0.75": [0, -2.92, 0],
						"1.0833": [0, -2.64, 0],
						"1.25": [0, -2.5, 0]
					}
				},
				"cm13": {
					"rotation": {
						"0.0": [0, 52.5, 0],
						"0.5833": [0, -35, 0],
						"1.25": [0, 52.5, 0]
					}
				},
				"cm15": {
					"rotation": {
						"0.0": [0, -87.5, 0],
						"0.1667": [0, 2.5, 0],
						"0.5": [0, 0.96, 0],
						"0.75": [0, -64.36, 0],
						"1.25": [0, -87.5, 0]
					}
				}
			}
		}
	}
}