{
	"format_version": "1.8.0",
	"animations": {
		"animation.slow_seline.move": {
			"loop": true,
			"animation_length": 13.04167,
			"bones": {
				"antena": {
					"rotation": {
						"0.0": [0, 0, 0],
						"1.2917": [0, 0, 67.5],
						"1.7917": [0, 0, 80],
						"2.4583": [0, 0, 70],
						"2.9167": [0, 0, 80],
						"5.25": [0, 0, 80],
						"6.2083": [0, 0, 0],
						"7.875": [0, 0, 10],
						"9.6667": [0, 0, 0],
						"11.3333": [0, 0, 10],
						"13.0417": [0, 0, 0]
					},
					"scale": {
						"0.0": [1, 1, 1],
						"1.2917": [1, 3.5, 1],
						"5.25": [1, 3.5, 1],
						"6.2083": [1, 1, 1]
					}
				},
				"antena7": {
					"rotation": [0, 0, 0]
				},
				"antena8": {
					"scale": {
						"0.75": [1, 1, 1],
						"1.2917": [1, 0.4, 1],
						"5.4583": [1, 0.4, 1],
						"6.25": [1, 0.9, 1]
					}
				},
				"eye": {
					"scale": [1, 1, 1]
				},
				"antena9": {
					"rotation": {
						"0.0": [0, 0, 0],
						"1.2917": [0, 0, -67.5],
						"1.7917": [0, 0, -80],
						"2.4583": [0, 0, -62.5],
						"2.9167": [0, 0, -77.5],
						"5.25": [0, 0, -78.75],
						"6.25": [0, 0, 0],
						"7.875": [0, 0, -10],
						"9.6667": [0, 0, 0],
						"11.3333": [0, 0, -10],
						"13.0417": [0, 0, 0]
					},
					"scale": {
						"0.0": [1, 1, 1],
						"1.2917": [1, 3.2, 1],
						"5.25": [1, 3.2, 1],
						"6.25": [1, 1, 1]
					}
				},
				"antena16": {
					"scale": {
						"0.75": [1, 1, 1],
						"1.2917": [1, 0.4, 1],
						"5.3333": [1, 0.4, 1],
						"6.3333": [1, 0.9, 1]
					}
				},
				"pescoso2": {
					"rotation": {
						"6.25": [0, 0, 0],
						"7.8333": [7.5, 0, 0],
						"9.75": [0, 0, 0],
						"11.2083": [5, 0, 0],
						"13.0417": [0, 0, 0]
					}
				}
			}
		},
		"animation.slow_seline.walk": {
			"loop": true,
			"animation_length": 1.75,
			"bones": {
				"pescoso2": {
					"rotation": {
						"0.0": [0, 0, 0],
						"0.8333": [10, 0, 0],
						"1.75": [0, 0, 0]
					}
				},
				"pescoso3": {
					"rotation": {
						"0.0": [0, 0, 0],
						"0.8333": [12.5, 0, 0],
						"1.75": [0, 0, 0]
					}
				},
				"pesciso2": {
					"rotation": {
						"0.0": [0, 0, 0],
						"0.8333": [30, 0, 0],
						"1.75": [0, 0, 0]
					}
				},
				"pescoso4": {
					"rotation": {
						"0.0": [0, 0, 0],
						"0.8333": [-27.5, 0, 0],
						"1.75": [0, 0, 0]
					}
				},
				"pescoso5": {
					"rotation": {
						"0.0": [0, 0, 0],
						"0.8333": [-22.5, 0, 0],
						"1.75": [0, 0, 0]
					}
				}
			}
		},
		"animation.slow_seline.move_to_target": {
			"loop": true,
			"animation_length": 1.75,
			"bones": {
				"pescoso2": {
					"rotation": {
						"0.0": [0, 0, 0],
						"0.8333": [10, 0, 0],
						"1.75": [0, 0, 0]
					}
				},
				"pescoso3": {
					"rotation": {
						"0.0": [0, 0, 0],
						"0.8333": [25, 0, 0],
						"1.75": [0, 0, 0]
					}
				},
				"pesciso2": {
					"rotation": {
						"0.0": [0, 0, 0],
						"0.8333": [45, 0, 0],
						"1.75": [0, 0, 0]
					}
				},
				"pescoso4": {
					"rotation": {
						"0.0": [0, 0, 0],
						"0.8333": [-27.5, 0, 0],
						"1.75": [0, 0, 0]
					}
				},
				"pescoso5": {
					"rotation": {
						"0.0": [0, 0, 0],
						"0.8333": [-45, 0, 0],
						"1.75": [0, 0, 0]
					}
				},
				"casca": {
					"rotation": {
						"0.0": [0, 0, 0],
						"0.8333": [8.69, 0, 0],
						"1.75": [0, 0, 0]
					}
				}
			}
		}
	}
}