{
  "format_version": "1.12.0",
  "minecraft:geometry": [
    {
      "description": {
        "identifier": "geometry.mr_mr_kabob",
        "texture_width": 64,
        "texture_height": 64,
        "visible_bounds_width": 3,
        "visible_bounds_height": 2.5,
        "visible_bounds_offset": [
          0,
          0.75,
          0
        ]
      },
      "bones": [
        {
          "name": "Body",
          "pivot": [
            0,
            2,
            0
          ],
          "cubes": [
            {
              "origin": [
                -5.2,
                2.0,
                0.3
              ],
              "size": [
                10.4,
                2.0,
                2.0
              ],
              "uv": [
                8,
                4
              ],
              "inflate": 0
            },
            {
              "origin": [
                -5.2,
                2.0,
                -2.3
              ],
              "size": [
                10.4,
                2.0,
                2.0
              ],
              "uv": [
                8,
                0
              ],
              "inflate": 0
            },
            {
              "origin": [
                -8.4,
                1.9,
                -1.1
              ],
              "size": [
                3.8,
                2.2,
                2.2
              ],
              "uv": [
                10,
                30
              ],
              "inflate": 0
            },
            {
              "origin": [
                4.6,
                1.9,
                -1.1
              ],
              "size": [
                3.8,
                2.2,
                2.2
              ],
              "uv": [
                30,
                2
              ],
              "inflate": 0
            }
          ]
        },
        {
          "name": "bone",
          "pivot": [
            0,
            3,
            0
          ],
          "cubes": [
            {
              "origin": [
                -1.1,
                3.0,
                -1.1
              ],
              "size": [
                2.2,
                18.0,
                2.2
              ],
              "uv": [
                0,
                0
              ],
              "inflate": 0
            },
            {
              "origin": [
                5.0,
                19.0,
                -1.0
              ],
              "size": [
                8.0,
                2.0,
                2.0
              ],
              "pivot": [
                0.0,
                2.0,
                0.0
              ],
              "rotation": [
                0.0,
                0.0,
                -12.5
              ],
              "uv": [
                8,
                12
              ],
              "inflate": 0
            },
            {
              "origin": [
                -13.0,
                19.0,
                -1.0
              ],
              "size": [
                8.0,
                2.0,
                2.0
              ],
              "pivot": [
                0.0,
                2.0,
                0.0
              ],
              "rotation": [
                0.0,
                0.0,
                12.5
              ],
              "uv": [
                8,
                8
              ],
              "inflate": 0
            },
            {
              "origin": [
                -3.5,
                10.0,
                -1.0
              ],
              "size": [
                7.0,
                2.0,
                2.0
              ],
              "uv": [
                8,
                16
              ],
              "inflate": 0
            },
            {
              "origin": [
                -6.0,
                9.6,
                -1.4
              ],
              "size": [
                3.0,
                2.8,
                2.8
              ],
              "uv": [
                0,
                30
              ],
              "inflate": 0
            },
            {
              "origin": [
                3.0,
                9.6,
                -1.4
              ],
              "size": [
                3.0,
                2.8,
                2.8
              ],
              "uv": [
                26,
                14
              ],
              "inflate": 0
            },
            {
              "origin": [
                -1.4,
                14.0,
                -2.0
              ],
              "size": [
                2.0,
                2.0,
                2.0
              ],
              "pivot": [
                0.0,
                2.0,
                0.0
              ],
              "rotation": [
                0.0,
                35.0,
                0.0
              ],
              "uv": [
                32,
                25
              ],
              "inflate": 0
            },
            {
              "origin": [
                -0.6,
                14.0,
                -2.0
              ],
              "size": [
                2.0,
                2.0,
                2.0
              ],
              "pivot": [
                0.0,
                2.0,
                0.0
              ],
              "rotation": [
                0.0,
                -35.0,
                0.0
              ],
              "uv": [
                20,
                31
              ],
              "inflate": 0
            },
            {
              "origin": [
                9.0,
                18.5,
                -1.5
              ],
              "size": [
                1.0,
                3.0,
                3.0
              ],
              "pivot": [
                0.0,
                3.0,
                0.0
              ],
              "rotation": [
                0.0,
                0.0,
                -12.5
              ],
              "uv": [
                28,
                8
              ],
              "inflate": 0
            },
            {
              "origin": [
                10.0,
                18.7,
                -1.3
              ],
              "size": [
                2.0,
                2.6,
                2.6
              ],
              "pivot": [
                0.0,
                3.0,
                0.0
              ],
              "rotation": [
                0.0,
                0.0,
                -12.5
              ],
              "uv": [
                8,
                20
              ],
              "inflate": 0
            },
            {
              "origin": [
                -10.0,
                18.5,
                -1.5
              ],
              "size": [
                1.0,
                3.0,
                3.0
              ],
              "pivot": [
                0.0,
                3.0,
                0.0
              ],
              "rotation": [
                0.0,
                0.0,
                12.5
              ],
              "uv": [
                24,
                25
              ],
              "inflate": 0
            },
            {
              "origin": [
                -12.0,
                18.7,
                -1.3
              ],
              "size": [
                2.0,
                2.6,
                2.6
              ],
              "pivot": [
                0.0,
                3.0,
                0.0
              ],
              "rotation": [
                0.0,
                0.0,
                12.5
              ],
              "uv": [
                30,
                29
              ],
              "inflate": 0
            }
          ],
          "parent": "Body"
        },
        {
          "name": "bone3",
          "pivot": [
            0,
            12,
            0
          ],
          "cubes": [
            {
              "origin": [
                -2.0,
                9.0,
                0.0
              ],
              "size": [
                4.0,
                5.0,
                2.0
              ],
              "uv": [
                24,
                18
              ],
              "inflate": 0
            }
          ],
          "parent": "bone"
        },
        {
          "name": "bone5",
          "pivot": [
            0,
            13,
            1
          ],
          "cubes": [
            {
              "origin": [
                -1.0,
                12.0,
                1.9
              ],
              "size": [
                2.0,
                1.0,
                0.0
              ],
              "uv": [
                6,
                0
              ],
              "inflate": 0
            }
          ],
          "parent": "bone3"
        },
        {
          "name": "bone2",
          "pivot": [
            -6,
            3,
            0
          ],
          "cubes": [
            {
              "origin": [
                -8.0,
                0.0,
                -2.0
              ],
              "size": [
                2.0,
                6.0,
                4.0
              ],
              "uv": [
                12,
                20
              ],
              "inflate": 0
            },
            {
              "origin": [
                -8.0,
                1.0,
                2.0
              ],
              "size": [
                2.0,
                4.0,
                1.0
              ],
              "uv": [
                6,
                34
              ],
              "inflate": 0
            },
            {
              "origin": [
                -8.0,
                1.0,
                -3.0
              ],
              "size": [
                2.0,
                4.0,
                1.0
              ],
              "uv": [
                0,
                34
              ],
              "inflate": 0
            }
          ],
          "parent": "Body"
        },
        {
          "name": "bone4",
          "pivot": [
            6,
            3,
            0
          ],
          "cubes": [
            {
              "origin": [
                6.0,
                0.0,
                -2.0
              ],
              "size": [
                2.0,
                6.0,
                4.0
              ],
              "uv": [
                0,
                20
              ],
              "inflate": 0
            },
            {
              "origin": [
                6.0,
                1.0,
                2.0
              ],
              "size": [
                2.0,
                4.0,
                1.0
              ],
              "uv": [
                28,
                33
              ],
              "inflate": 0
            },
            {
              "origin": [
                6.0,
                1.0,
                -3.0
              ],
              "size": [
                2.0,
                4.0,
                1.0
              ],
              "uv": [
                33,
                6
              ],
              "inflate": 0
            }
          ],
          "parent": "Body"
        }
      ]
    }
  ]
}