{
  "format_version": "1.12.0",
  "minecraft:geometry": [
    {
      "description": {
        "identifier": "geometry.mr_opila_birds",
        "texture_width": 128,
        "texture_height": 128,
        "visible_bounds_width": 4,
        "visible_bounds_height": 3.5,
        "visible_bounds_offset": [
          0,
          1.25,
          0
        ]
      },
      "bones": [
        {
          "name": "Root",
          "pivot": [
            0,
            0,
            2
          ]
        },
        {
          "name": "Body",
          "pivot": [
            0,
            12,
            2
          ],
          "cubes": [
            {
              "origin": [
                -5.0,
                12.0,
                -5.0
              ],
              "size": [
                10.0,
                10.0,
                13.0
              ],
              "uv": [
                0,
                24
              ],
              "inflate": 0
            },
            {
              "origin": [
                -4.5,
                12.5,
                -6.0
              ],
              "size": [
                9.0,
                9.0,
                15.0
              ],
              "uv": [
                0,
                0
              ],
              "inflate": 0
            },
            {
              "origin": [
                -4.0,
                12.0,
                10.0
              ],
              "size": [
                8.0,
                8.0,
                3.0
              ],
              "pivot": [
                0.0,
                0.0,
                2.0
              ],
              "rotation": [
                7.5,
                0.0,
                0.0
              ],
              "uv": [
                48,
                0
              ],
              "inflate": 0
            },
            {
              "origin": [
                0.0,
                12.0,
                13.0
              ],
              "size": [
                0.0,
                8.0,
                5.0
              ],
              "pivot": [
                0.0,
                0.0,
                2.0
              ],
              "rotation": [
                7.5,
                0.0,
                0.0
              ],
              "uv": [
                0,
                0
              ],
              "inflate": 0
            }
          ],
          "parent": "Root"
        },
        {
          "name": "bone3",
          "pivot": [
            -5,
            17,
            -3
          ],
          "cubes": [
            {
              "origin": [
                -6.1,
                13.5,
                -4.0
              ],
              "size": [
                1.2,
                7.5,
                9.0
              ],
              "uv": [
                48,
                13
              ],
              "inflate": 0
            },
            {
              "origin": [
                -6.0,
                14.5,
                1.0
              ],
              "size": [
                1.0,
                6.0,
                4.0
              ],
              "pivot": [
                0.0,
                0.0,
                2.0
              ],
              "rotation": [
                -10.0,
                0.0,
                0.0
              ],
              "uv": [
                33,
                24
              ],
              "inflate": 0
            }
          ],
          "parent": "Body"
        },
        {
          "name": "bone6",
          "pivot": [
            5,
            17,
            -3
          ],
          "cubes": [
            {
              "origin": [
                4.9,
                13.5,
                -4.0
              ],
              "size": [
                1.2,
                7.5,
                9.0
              ],
              "uv": [
                0,
                47
              ],
              "inflate": 0
            },
            {
              "origin": [
                5.0,
                14.5,
                1.0
              ],
              "size": [
                1.0,
                6.0,
                4.0
              ],
              "pivot": [
                11.0,
                0.0,
                2.0
              ],
              "rotation": [
                -10.0,
                0.0,
                0.0
              ],
              "uv": [
                33,
                0
              ],
              "inflate": 0
            }
          ],
          "parent": "Body"
        },
        {
          "name": "Head",
          "pivot": [
            0,
            17,
            -5
          ],
          "cubes": [
            {
              "origin": [
                -3.6,
                13.0,
                -9.3
              ],
              "size": [
                7.2,
                17.0,
                7.1
              ],
              "uv": [
                39,
                40
              ],
              "inflate": 0
            },
            {
              "origin": [
                -2.3,
                26.9,
                -4.0
              ],
              "size": [
                4.6,
                2.0,
                3.0
              ],
              "pivot": [
                0.0,
                0.0,
                2.0
              ],
              "rotation": [
                25.0,
                0.0,
                0.0
              ],
              "uv": [
                0,
                0
              ],
              "inflate": 0
            },
            {
              "origin": [
                3.3,
                30.0,
                -27.0
              ],
              "size": [
                1.4,
                5.0,
                0.0
              ],
              "pivot": [
                0.0,
                0.0,
                -19.0
              ],
              "rotation": [
                -38.5635,
                -7.41445,
                -6.72898
              ],
              "uv": [
                12,
                5
              ],
              "inflate": 0
            },
            {
              "origin": [
                -4.7,
                30.0,
                -27.0
              ],
              "size": [
                1.4,
                5.0,
                0.0
              ],
              "pivot": [
                0.0,
                0.0,
                -19.0
              ],
              "rotation": [
                -38.5635,
                7.41445,
                6.72898
              ],
              "uv": [
                10,
                5
              ],
              "inflate": 0
            },
            {
              "origin": [
                -0.7,
                31.0,
                -27.0
              ],
              "size": [
                1.4,
                5.0,
                0.0
              ],
              "pivot": [
                0.0,
                0.0,
                -19.0
              ],
              "rotation": [
                -38.0,
                0.0,
                0.0
              ],
              "uv": [
                10,
                10
              ],
              "inflate": 0
            },
            {
              "origin": [
                -2.5,
                23.0,
                -13.0
              ],
              "size": [
                5.0,
                2.0,
                4.0
              ],
              "uv": [
                48,
                29
              ],
              "inflate": 0
            }
          ],
          "parent": "Body"
        },
        {
          "name": "bone9",
          "pivot": [
            0,
            23,
            -9
          ],
          "cubes": [
            {
              "origin": [
                -2.0,
                21.8,
                -13.0
              ],
              "size": [
                4.0,
                1.2,
                4.0
              ],
              "uv": [
                63,
                60
              ],
              "inflate": 0
            }
          ],
          "parent": "Head"
        },
        {
          "name": "bone7",
          "pivot": [
            -2,
            27,
            -9
          ],
          "cubes": [
            {
              "origin": [
                -3.3,
                25.6,
                -10.2
              ],
              "size": [
                2.6,
                2.6,
                2.0
              ],
              "uv": [
                24,
                47
              ],
              "inflate": 0
            },
            {
              "origin": [
                -3.0,
                25.9,
                -10.3
              ],
              "size": [
                2.0,
                2.0,
                0.0
              ],
              "uv": [
                0,
                13
              ],
              "inflate": 0
            }
          ],
          "parent": "Head"
        },
        {
          "name": "bone8",
          "pivot": [
            2,
            27,
            -9
          ],
          "cubes": [
            {
              "origin": [
                0.7,
                25.6,
                -10.2
              ],
              "size": [
                2.6,
                2.6,
                2.0
              ],
              "uv": [
                0,
                47
              ],
              "inflate": 0
            },
            {
              "origin": [
                1.0,
                25.9,
                -10.3
              ],
              "size": [
                2.0,
                2.0,
                0.0
              ],
              "uv": [
                11,
                0
              ],
              "inflate": 0
            }
          ],
          "parent": "Head"
        },
        {
          "name": "LeftLeg",
          "pivot": [
            -2.5,
            12,
            2
          ],
          "cubes": [
            {
              "origin": [
                -4.5,
                8.0,
                0.0
              ],
              "size": [
                3.0,
                7.0,
                3.0
              ],
              "uv": [
                30,
                61
              ],
              "inflate": 0
            }
          ],
          "parent": "Root",
          "rotation": [
            0,
            2.5,
            2.5
          ]
        },
        {
          "name": "bone4",
          "pivot": [
            -3,
            8,
            2
          ],
          "cubes": [
            {
              "origin": [
                -4.5,
                1.0,
                0.0
              ],
              "size": [
                3.0,
                7.0,
                3.0
              ],
              "uv": [
                0,
                24
              ],
              "inflate": 0
            }
          ],
          "parent": "LeftLeg"
        },
        {
          "name": "bone5",
          "pivot": [
            -3,
            2,
            2
          ],
          "cubes": [
            {
              "origin": [
                -5.2,
                0.0,
                -1.0
              ],
              "size": [
                4.4,
                2.7,
                5.0
              ],
              "uv": [
                11,
                47
              ],
              "inflate": 0
            },
            {
              "origin": [
                -4.0,
                0.0,
                -5.0
              ],
              "size": [
                2.0,
                2.0,
                11.0
              ],
              "uv": [
                33,
                0
              ],
              "inflate": 0
            },
            {
              "origin": [
                -2.5,
                0.0,
                -5.0
              ],
              "size": [
                2.0,
                2.0,
                6.0
              ],
              "pivot": [
                -2.5,
                0.0,
                2.0
              ],
              "rotation": [
                0.0,
                -10.0,
                0.0
              ],
              "uv": [
                60,
                29
              ],
              "inflate": 0
            },
            {
              "origin": [
                -5.5,
                0.0,
                -5.0
              ],
              "size": [
                2.0,
                2.0,
                6.0
              ],
              "pivot": [
                -2.5,
                0.0,
                2.0
              ],
              "rotation": [
                0.0,
                10.0,
                0.0
              ],
              "uv": [
                59,
                11
              ],
              "inflate": 0
            }
          ],
          "parent": "bone4",
          "rotation": [
            0,
            0,
            -2.5
          ]
        },
        {
          "name": "RightLeg",
          "pivot": [
            2.5,
            12,
            2
          ],
          "cubes": [
            {
              "origin": [
                1.5,
                8.0,
                0.0
              ],
              "size": [
                3.0,
                7.0,
                3.0
              ],
              "uv": [
                42,
                64
              ],
              "inflate": 0
            }
          ],
          "parent": "Root",
          "rotation": [
            0,
            -2.5,
            -2.5
          ]
        },
        {
          "name": "bone",
          "pivot": [
            3,
            8,
            2
          ],
          "cubes": [
            {
              "origin": [
                1.5,
                1.0,
                0.0
              ],
              "size": [
                3.0,
                7.0,
                3.0
              ],
              "uv": [
                0,
                63
              ],
              "inflate": 0
            }
          ],
          "parent": "RightLeg"
        },
        {
          "name": "bone2",
          "pivot": [
            3,
            2,
            2
          ],
          "cubes": [
            {
              "origin": [
                0.8,
                0.0,
                -1.0
              ],
              "size": [
                4.4,
                2.7,
                5.0
              ],
              "uv": [
                20,
                54
              ],
              "inflate": 0
            },
            {
              "origin": [
                2.0,
                0.0,
                -5.0
              ],
              "size": [
                2.0,
                2.0,
                11.0
              ],
              "uv": [
                33,
                24
              ],
              "inflate": 0
            },
            {
              "origin": [
                3.5,
                0.0,
                -5.0
              ],
              "size": [
                2.0,
                2.0,
                6.0
              ],
              "pivot": [
                3.5,
                0.0,
                2.0
              ],
              "rotation": [
                0.0,
                -10.0,
                0.0
              ],
              "uv": [
                14,
                61
              ],
              "inflate": 0
            },
            {
              "origin": [
                0.5,
                0.0,
                -5.0
              ],
              "size": [
                2.0,
                2.0,
                6.0
              ],
              "pivot": [
                3.5,
                0.0,
                2.0
              ],
              "rotation": [
                0.0,
                10.0,
                0.0
              ],
              "uv": [
                60,
                37
              ],
              "inflate": 0
            }
          ],
          "parent": "bone",
          "rotation": [
            0,
            0,
            2.5
          ]
        }
      ]
    }
  ]
}