{
  "format_version": "1.12.0",
  "minecraft:geometry": [
    {
      "description": {
        "identifier": "geometry.mr_scene_the_end",
        "texture_width": 256,
        "texture_height": 256,
        "visible_bounds_width": 5,
        "visible_bounds_height": 7,
        "visible_bounds_offset": [
          0,
          -0.5,
          0
        ]
      },
      "bones": [
        {
          "name": "Scene",
          "pivot": [
            0,
            -49,
            0
          ]
        },
        {
          "name": "Root3",
          "pivot": [
            0,
            -49,
            4
          ],
          "parent": "Scene"
        },
        {
          "name": "Body3",
          "pivot": [
            0,
            -38,
            4
          ],
          "cubes": [
            {
              "origin": [
                -4.8,
                -42.0,
                0.5
              ],
              "size": [
                9.6,
                11.0,
                7.0
              ],
              "uv": [
                75,
                75
              ],
              "inflate": 0
            }
          ],
          "parent": "Root3",
          "rotation": [
            72.5,
            0,
            0
          ]
        },
        {
          "name": "bone28",
          "pivot": [
            0,
            -32,
            4
          ],
          "cubes": [
            {
              "origin": [
                -5.4,
                -34.0,
                0.0
              ],
              "size": [
                10.8,
                6.0,
                8.0
              ],
              "uv": [
                46,
                68
              ],
              "inflate": 0
            }
          ],
          "parent": "Body3",
          "rotation": [
            -42.5,
            0,
            0
          ]
        },
        {
          "name": "bone29",
          "pivot": [
            0,
            -28,
            4
          ],
          "cubes": [
            {
              "origin": [
                -5.7,
                -30.0,
                -0.4
              ],
              "size": [
                11.4,
                11.0,
                8.8
              ],
              "uv": [
                64,
                21
              ],
              "inflate": 0
            }
          ],
          "parent": "bone28",
          "rotation": [
            -7.5,
            0,
            0
          ]
        },
        {
          "name": "Head2",
          "pivot": [
            0,
            -19,
            4
          ],
          "cubes": [
            {
              "origin": [
                -7.0,
                -19.3,
                -0.7
              ],
              "size": [
                14.0,
                10.6,
                9.4
              ],
              "uv": [
                0,
                59
              ],
              "inflate": 0
            },
            {
              "origin": [
                -7.0,
                -18.7,
                -1.3
              ],
              "size": [
                14.0,
                9.4,
                10.6
              ],
              "uv": [
                54,
                49
              ],
              "inflate": 0
            },
            {
              "origin": [
                -7.9,
                -18.7,
                -0.7
              ],
              "size": [
                15.8,
                9.4,
                9.4
              ],
              "uv": [
                54,
                0
              ],
              "inflate": 0
            }
          ],
          "parent": "bone29",
          "rotation": [
            -20,
            0,
            0
          ]
        },
        {
          "name": "bone30",
          "pivot": [
            0,
            -16,
            -1
          ],
          "cubes": [
            {
              "origin": [
                -6.0,
                -19.0,
                -1.4
              ],
              "size": [
                12.0,
                4.0,
                0.0
              ],
              "uv": [
                22,
                78
              ],
              "inflate": 0
            }
          ],
          "parent": "Head2"
        },
        {
          "name": "bone31",
          "pivot": [
            -3,
            -14,
            -1
          ],
          "cubes": [
            {
              "origin": [
                -5.2,
                -14.5,
                -2.0
              ],
              "size": [
                3.4,
                3.4,
                2.0
              ],
              "uv": [
                102,
                57
              ],
              "inflate": 0
            },
            {
              "origin": [
                -5.0,
                -14.3,
                -2.1
              ],
              "size": [
                3.0,
                3.0,
                1.0
              ],
              "uv": [
                104,
                53
              ],
              "inflate": 0
            }
          ],
          "parent": "Head2",
          "rotation": [
            0,
            2.5,
            0
          ]
        },
        {
          "name": "bone32",
          "pivot": [
            3,
            -14,
            -1
          ],
          "cubes": [
            {
              "origin": [
                1.8,
                -14.5,
                -2.0
              ],
              "size": [
                3.4,
                3.4,
                2.0
              ],
              "uv": [
                16,
                95
              ],
              "inflate": 0
            },
            {
              "origin": [
                2.0,
                -14.3,
                -2.1
              ],
              "size": [
                3.0,
                3.0,
                1.0
              ],
              "uv": [
                102,
                33
              ],
              "inflate": 0
            }
          ],
          "parent": "Head2",
          "rotation": [
            0,
            -2.5,
            0
          ]
        },
        {
          "name": "RightArm2",
          "pivot": [
            -5.5,
            -20,
            5
          ],
          "cubes": [
            {
              "origin": [
                -9.7,
                -27.0,
                2.4
              ],
              "size": [
                4.4,
                7.1,
                5.2
              ],
              "uv": [
                62,
                100
              ],
              "inflate": 0
            }
          ],
          "parent": "bone29",
          "rotation": [
            -30,
            0,
            2.5
          ]
        },
        {
          "name": "bone33",
          "pivot": [
            -7.5,
            -27,
            5
          ],
          "cubes": [
            {
              "origin": [
                -10.2,
                -33.5,
                1.9
              ],
              "size": [
                5.4,
                7.0,
                6.2
              ],
              "uv": [
                0,
                95
              ],
              "inflate": 0
            }
          ],
          "parent": "RightArm2",
          "rotation": [
            5,
            0,
            2.5
          ]
        },
        {
          "name": "bone34",
          "pivot": [
            -7.5,
            -32,
            5
          ],
          "cubes": [
            {
              "origin": [
                -10.5,
                -39.0,
                1.6
              ],
              "size": [
                6.0,
                7.0,
                6.8
              ],
              "uv": [
                92,
                40
              ],
              "inflate": 0
            }
          ],
          "parent": "bone33",
          "rotation": [
            2.5,
            0,
            -2.5
          ]
        },
        {
          "name": "bone35",
          "pivot": [
            -7.5,
            -39,
            5
          ],
          "cubes": [
            {
              "origin": [
                -10.2,
                -44.0,
                1.9
              ],
              "size": [
                5.4,
                5.0,
                6.2
              ],
              "uv": [
                94,
                18
              ],
              "inflate": 0
            },
            {
              "origin": [
                -7.5,
                -45.6,
                0.6
              ],
              "size": [
                2.0,
                4.0,
                2.8
              ],
              "pivot": [
                0.5,
                -44.0,
                15.0
              ],
              "rotation": [
                -10.0,
                0.0,
                0.0
              ],
              "uv": [
                0,
                59
              ],
              "inflate": 0
            }
          ],
          "parent": "bone34",
          "rotation": [
            2.5,
            0,
            -2.5
          ]
        },
        {
          "name": "LeftArm2",
          "pivot": [
            5.5,
            -20,
            5
          ],
          "cubes": [
            {
              "origin": [
                5.3,
                -27.0,
                2.4
              ],
              "size": [
                4.4,
                7.1,
                5.2
              ],
              "uv": [
                0,
                0
              ],
              "inflate": 0
            }
          ],
          "parent": "bone29",
          "rotation": [
            -30,
            0,
            -2.5
          ]
        },
        {
          "name": "bone36",
          "pivot": [
            7.5,
            -27,
            5
          ],
          "cubes": [
            {
              "origin": [
                4.8,
                -33.5,
                1.9
              ],
              "size": [
                5.4,
                7.0,
                6.2
              ],
              "uv": [
                80,
                93
              ],
              "inflate": 0
            }
          ],
          "parent": "LeftArm2",
          "rotation": [
            5,
            0,
            -2.5
          ]
        },
        {
          "name": "bone37",
          "pivot": [
            7.5,
            -32,
            5
          ],
          "cubes": [
            {
              "origin": [
                4.5,
                -39.0,
                1.6
              ],
              "size": [
                6.0,
                7.0,
                6.8
              ],
              "uv": [
                56,
                87
              ],
              "inflate": 0
            }
          ],
          "parent": "bone36",
          "rotation": [
            2.5,
            0,
            2.5
          ]
        },
        {
          "name": "bone38",
          "pivot": [
            7.5,
            -39,
            5
          ],
          "cubes": [
            {
              "origin": [
                4.8,
                -44.0,
                1.9
              ],
              "size": [
                5.4,
                5.0,
                6.2
              ],
              "uv": [
                48,
                34
              ],
              "inflate": 0
            },
            {
              "origin": [
                5.5,
                -45.6,
                0.6
              ],
              "size": [
                2.0,
                4.0,
                2.8
              ],
              "pivot": [
                15.5,
                -44.0,
                15.0
              ],
              "rotation": [
                -10.0,
                0.0,
                0.0
              ],
              "uv": [
                54,
                0
              ],
              "inflate": 0
            }
          ],
          "parent": "bone37",
          "rotation": [
            -2.5,
            0,
            2.5
          ]
        },
        {
          "name": "LeftLeg5",
          "pivot": [
            3,
            -38,
            6
          ],
          "cubes": [
            {
              "origin": [
                1.0,
                -43.0,
                4.0
              ],
              "size": [
                4.0,
                5.0,
                4.0
              ],
              "uv": [
                42,
                123
              ],
              "inflate": 0
            }
          ],
          "parent": "Root3",
          "rotation": [
            5,
            0,
            -2.5
          ]
        },
        {
          "name": "bone39",
          "pivot": [
            3,
            -43,
            6
          ],
          "cubes": [
            {
              "origin": [
                0.5,
                -49.0,
                3.5
              ],
              "size": [
                5.0,
                6.0,
                5.0
              ],
              "uv": [
                97,
                63
              ],
              "inflate": 0
            }
          ],
          "parent": "LeftLeg5",
          "rotation": [
            -5,
            0,
            0
          ]
        },
        {
          "name": "RightLeg5",
          "pivot": [
            -3,
            -38,
            6
          ],
          "cubes": [
            {
              "origin": [
                -5.0,
                -43.0,
                4.0
              ],
              "size": [
                4.0,
                5.0,
                4.0
              ],
              "uv": [
                37,
                59
              ],
              "inflate": 0
            }
          ],
          "parent": "Root3",
          "rotation": [
            5,
            0,
            2.5
          ]
        },
        {
          "name": "bone40",
          "pivot": [
            -3,
            -43,
            6
          ],
          "cubes": [
            {
              "origin": [
                -5.5,
                -49.0,
                3.5
              ],
              "size": [
                5.0,
                6.0,
                5.0
              ],
              "uv": [
                22,
                96
              ],
              "inflate": 0
            }
          ],
          "parent": "RightLeg5",
          "rotation": [
            -5,
            0,
            0
          ]
        },
        {
          "name": "Root2",
          "pivot": [
            0,
            -49,
            0
          ],
          "parent": "Scene"
        },
        {
          "name": "Body2",
          "pivot": [
            0,
            -29,
            0
          ],
          "cubes": [
            {
              "origin": [
                -9.0,
                -29.0,
                -9.0
              ],
              "size": [
                18.0,
                11.0,
                18.0
              ],
              "uv": [
                0,
                0
              ],
              "inflate": 0
            },
            {
              "origin": [
                -8.4,
                -24.0,
                -8.4
              ],
              "size": [
                16.8,
                14.0,
                16.8
              ],
              "uv": [
                0,
                29
              ],
              "inflate": 0
            },
            {
              "origin": [
                -3.5,
                -33.0,
                -11.0
              ],
              "size": [
                7.0,
                4.0,
                2.0
              ],
              "pivot": [
                0.0,
                -29.0,
                0.0
              ],
              "rotation": [
                0.0,
                45.0,
                0.0
              ],
              "uv": [
                74,
                68
              ],
              "inflate": 0
            },
            {
              "origin": [
                9.0,
                -33.0,
                -3.5
              ],
              "size": [
                2.0,
                4.0,
                7.0
              ],
              "pivot": [
                0.0,
                -29.0,
                0.0
              ],
              "rotation": [
                0.0,
                45.0,
                0.0
              ],
              "uv": [
                119,
                35
              ],
              "inflate": 0
            },
            {
              "origin": [
                -11.0,
                -33.0,
                -3.5
              ],
              "size": [
                2.0,
                4.0,
                7.0
              ],
              "pivot": [
                0.0,
                -29.0,
                0.0
              ],
              "rotation": [
                0.0,
                45.0,
                0.0
              ],
              "uv": [
                119,
                15
              ],
              "inflate": 0
            },
            {
              "origin": [
                -3.5,
                -33.0,
                9.0
              ],
              "size": [
                7.0,
                4.0,
                2.0
              ],
              "pivot": [
                0.0,
                -29.0,
                0.0
              ],
              "rotation": [
                0.0,
                45.0,
                0.0
              ],
              "uv": [
                0,
                12
              ],
              "inflate": 0
            },
            {
              "origin": [
                -3.4,
                -18.0,
                -8.0
              ],
              "size": [
                6.8,
                6.0,
                2.0
              ],
              "uv": [
                126,
                26
              ],
              "inflate": 0
            }
          ],
          "parent": "Root2"
        },
        {
          "name": "bone14",
          "pivot": [
            0,
            -15,
            -4
          ],
          "cubes": [
            {
              "origin": [
                -3.0,
                -18.0,
                -8.0
              ],
              "size": [
                6.0,
                6.0,
                4.0
              ],
              "uv": [
                42,
                100
              ],
              "inflate": 0
            },
            {
              "origin": [
                -1.8,
                -16.8,
                -8.1
              ],
              "size": [
                3.6,
                3.6,
                0.0
              ],
              "uv": [
                0,
                42
              ],
              "inflate": 0
            }
          ],
          "parent": "Body2"
        },
        {
          "name": "bone15",
          "pivot": [
            0,
            -14,
            -3
          ],
          "cubes": [
            {
              "origin": [
                -3.9,
                -17.2,
                -3.2
              ],
              "size": [
                7.8,
                6.4,
                0.0
              ],
              "uv": [
                79,
                40
              ],
              "inflate": 0
            }
          ],
          "parent": "Body2"
        },
        {
          "name": "RightLeg2",
          "pivot": [
            -6,
            -29,
            -6
          ],
          "cubes": [
            {
              "origin": [
                -8.51303,
                -36.67547,
                -8.48209
              ],
              "size": [
                4.0,
                9.0,
                4.0
              ],
              "uv": [
                98,
                119
              ],
              "inflate": 0
            }
          ],
          "parent": "Root2",
          "rotation": [
            -20,
            0,
            20
          ]
        },
        {
          "name": "bone16",
          "pivot": [
            -6,
            -38,
            -6
          ],
          "cubes": [
            {
              "origin": [
                -7.96047,
                -46.20436,
                -9.27098
              ],
              "size": [
                4.0,
                9.0,
                4.0
              ],
              "uv": [
                82,
                119
              ],
              "inflate": 0
            }
          ],
          "parent": "RightLeg2",
          "rotation": [
            -30,
            50,
            0
          ]
        },
        {
          "name": "bone17",
          "pivot": [
            -6,
            -47,
            -6
          ],
          "cubes": [
            {
              "origin": [
                -7.96047,
                -54.90252,
                -9.02175
              ],
              "size": [
                4.0,
                9.0,
                4.0
              ],
              "uv": [
                119,
                62
              ],
              "inflate": 0
            }
          ],
          "parent": "bone16",
          "rotation": [
            15,
            0,
            0
          ]
        },
        {
          "name": "RightLeg3",
          "pivot": [
            -6,
            -29,
            0
          ],
          "cubes": [
            {
              "origin": [
                -9.10592,
                -36.98661,
                -2.0
              ],
              "size": [
                4.0,
                9.0,
                4.0
              ],
              "uv": [
                118,
                87
              ],
              "inflate": 0
            }
          ],
          "parent": "Root2",
          "rotation": [
            0,
            0,
            47.5
          ]
        },
        {
          "name": "bone18",
          "pivot": [
            -6,
            -38,
            0
          ],
          "cubes": [
            {
              "origin": [
                -9.43058,
                -47.45106,
                -2.0
              ],
              "size": [
                4.0,
                9.0,
                4.0
              ],
              "uv": [
                66,
                115
              ],
              "inflate": 0
            }
          ],
          "parent": "RightLeg3",
          "rotation": [
            0,
            0,
            60
          ]
        },
        {
          "name": "bone19",
          "pivot": [
            -6,
            -47,
            0
          ],
          "cubes": [
            {
              "origin": [
                -9.49036,
                -55.8302,
                -2.0
              ],
              "size": [
                4.0,
                9.0,
                4.0
              ],
              "uv": [
                112,
                106
              ],
              "inflate": 0
            }
          ],
          "parent": "bone18",
          "rotation": [
            0,
            0,
            -24
          ]
        },
        {
          "name": "RightLeg4",
          "pivot": [
            -6,
            -29,
            6
          ],
          "cubes": [
            {
              "origin": [
                -8.51303,
                -36.67547,
                4.48209
              ],
              "size": [
                4.0,
                9.0,
                4.0
              ],
              "uv": [
                112,
                49
              ],
              "inflate": 0
            }
          ],
          "parent": "Root2",
          "rotation": [
            20,
            0,
            20
          ]
        },
        {
          "name": "bone20",
          "pivot": [
            -6,
            -38,
            6
          ],
          "cubes": [
            {
              "origin": [
                -7.96047,
                -46.20436,
                5.27098
              ],
              "size": [
                4.0,
                9.0,
                4.0
              ],
              "uv": [
                50,
                110
              ],
              "inflate": 0
            }
          ],
          "parent": "RightLeg4",
          "rotation": [
            30,
            -50,
            0
          ]
        },
        {
          "name": "bone21",
          "pivot": [
            -6,
            -47,
            6
          ],
          "cubes": [
            {
              "origin": [
                -7.96047,
                -54.90252,
                5.02175
              ],
              "size": [
                4.0,
                9.0,
                4.0
              ],
              "uv": [
                34,
                110
              ],
              "inflate": 0
            }
          ],
          "parent": "bone20",
          "rotation": [
            -15,
            0,
            0
          ]
        },
        {
          "name": "LeftLeg2",
          "pivot": [
            6,
            -29,
            -6
          ],
          "cubes": [
            {
              "origin": [
                4.51303,
                -36.67547,
                -8.48209
              ],
              "size": [
                4.0,
                9.0,
                4.0
              ],
              "uv": [
                110,
                29
              ],
              "inflate": 0
            }
          ],
          "parent": "Root2",
          "rotation": [
            -20,
            0,
            -20
          ]
        },
        {
          "name": "bone22",
          "pivot": [
            6,
            -38,
            -6
          ],
          "cubes": [
            {
              "origin": [
                3.96047,
                -46.20436,
                -9.27098
              ],
              "size": [
                4.0,
                9.0,
                4.0
              ],
              "uv": [
                110,
                9
              ],
              "inflate": 0
            }
          ],
          "parent": "LeftLeg2",
          "rotation": [
            -30,
            -50,
            0
          ]
        },
        {
          "name": "bone23",
          "pivot": [
            6,
            -47,
            -6
          ],
          "cubes": [
            {
              "origin": [
                3.96047,
                -54.90252,
                -9.02175
              ],
              "size": [
                4.0,
                9.0,
                4.0
              ],
              "uv": [
                0,
                108
              ],
              "inflate": 0
            }
          ],
          "parent": "bone22",
          "rotation": [
            15,
            0,
            0
          ]
        },
        {
          "name": "LeftLeg3",
          "pivot": [
            6,
            -29,
            0
          ],
          "cubes": [
            {
              "origin": [
                5.10592,
                -36.98661,
                -2.0
              ],
              "size": [
                4.0,
                9.0,
                4.0
              ],
              "uv": [
                107,
                74
              ],
              "inflate": 0
            }
          ],
          "parent": "Root2",
          "rotation": [
            0,
            0,
            -47.5
          ]
        },
        {
          "name": "bone24",
          "pivot": [
            6,
            -38,
            0
          ],
          "cubes": [
            {
              "origin": [
                5.43058,
                -47.45106,
                -2.0
              ],
              "size": [
                4.0,
                9.0,
                4.0
              ],
              "uv": [
                18,
                107
              ],
              "inflate": 0
            }
          ],
          "parent": "LeftLeg3",
          "rotation": [
            0,
            0,
            -60
          ]
        },
        {
          "name": "bone25",
          "pivot": [
            6,
            -47,
            0
          ],
          "cubes": [
            {
              "origin": [
                5.48717,
                -55.80421,
                -2.0
              ],
              "size": [
                4.0,
                9.0,
                4.0
              ],
              "uv": [
                96,
                106
              ],
              "inflate": 0
            }
          ],
          "parent": "bone24",
          "rotation": [
            0,
            0,
            25
          ]
        },
        {
          "name": "LeftLeg4",
          "pivot": [
            6,
            -29,
            6
          ],
          "cubes": [
            {
              "origin": [
                4.51303,
                -36.67547,
                4.48209
              ],
              "size": [
                4.0,
                9.0,
                4.0
              ],
              "uv": [
                80,
                106
              ],
              "inflate": 0
            }
          ],
          "parent": "Root2",
          "rotation": [
            20,
            0,
            -20
          ]
        },
        {
          "name": "bone26",
          "pivot": [
            6,
            -38,
            6
          ],
          "cubes": [
            {
              "origin": [
                3.96047,
                -46.20436,
                5.27098
              ],
              "size": [
                4.0,
                9.0,
                4.0
              ],
              "uv": [
                102,
                93
              ],
              "inflate": 0
            }
          ],
          "parent": "LeftLeg4",
          "rotation": [
            30,
            50,
            0
          ]
        },
        {
          "name": "bone27",
          "pivot": [
            6,
            -47,
            6
          ],
          "cubes": [
            {
              "origin": [
                3.96047,
                -54.90252,
                5.02175
              ],
              "size": [
                4.0,
                9.0,
                4.0
              ],
              "uv": [
                0,
                29
              ],
              "inflate": 0
            }
          ],
          "parent": "bone26",
          "rotation": [
            -15,
            0,
            0
          ]
        },
        {
          "name": "Root",
          "pivot": [
            0,
            -49,
            0
          ],
          "parent": "Scene"
        },
        {
          "name": "Body",
          "pivot": [
            0,
            -38,
            0
          ],
          "cubes": [
            {
              "origin": [
                -4.0,
                -38.0,
                -3.0
              ],
              "size": [
                8.0,
                11.0,
                6.0
              ],
              "uv": [
                0,
                78
              ],
              "inflate": 0
            }
          ],
          "parent": "Root"
        },
        {
          "name": "RightArm",
          "pivot": [
            -4,
            -27,
            0
          ],
          "cubes": [
            {
              "origin": [
                -6.0,
                -34.0,
                -2.0
              ],
              "size": [
                3.0,
                7.0,
                4.0
              ],
              "uv": [
                28,
                123
              ],
              "inflate": 0
            }
          ],
          "parent": "Body",
          "rotation": [
            0,
            0,
            5
          ]
        },
        {
          "name": "bone3",
          "pivot": [
            -4.5,
            -34,
            0
          ],
          "cubes": [
            {
              "origin": [
                -6.3,
                -40.0,
                -2.3
              ],
              "size": [
                3.6,
                6.0,
                4.6
              ],
              "uv": [
                124,
                100
              ],
              "inflate": 0
            }
          ],
          "parent": "RightArm"
        },
        {
          "name": "bone6",
          "pivot": [
            -4.5,
            -40,
            0
          ],
          "cubes": [
            {
              "origin": [
                -6.0,
                -43.0,
                -1.7
              ],
              "size": [
                3.0,
                3.0,
                3.4
              ],
              "uv": [
                92,
                53
              ],
              "inflate": 0
            }
          ],
          "parent": "bone3"
        },
        {
          "name": "LeftArm",
          "pivot": [
            4,
            -27,
            0
          ],
          "cubes": [
            {
              "origin": [
                3.0,
                -34.0,
                -2.0
              ],
              "size": [
                3.0,
                7.0,
                4.0
              ],
              "uv": [
                122,
                0
              ],
              "inflate": 0
            }
          ],
          "parent": "Body",
          "rotation": [
            0,
            0,
            -5
          ]
        },
        {
          "name": "bone8",
          "pivot": [
            4.5,
            -34,
            0
          ],
          "cubes": [
            {
              "origin": [
                2.7,
                -40.0,
                -2.3
              ],
              "size": [
                3.6,
                6.0,
                4.6
              ],
              "uv": [
                123,
                75
              ],
              "inflate": 0
            }
          ],
          "parent": "LeftArm"
        },
        {
          "name": "bone9",
          "pivot": [
            4.5,
            -40,
            0
          ],
          "cubes": [
            {
              "origin": [
                3.0,
                -43.0,
                -1.7
              ],
              "size": [
                3.0,
                3.0,
                3.4
              ],
              "uv": [
                49,
                82
              ],
              "inflate": 0
            }
          ],
          "parent": "bone8"
        },
        {
          "name": "Head",
          "pivot": [
            0,
            -27,
            0
          ],
          "cubes": [
            {
              "origin": [
                -3.5,
                -27.0,
                -3.5
              ],
              "size": [
                7.0,
                7.0,
                7.0
              ],
              "uv": [
                28,
                82
              ],
              "inflate": 0
            }
          ],
          "parent": "Body"
        },
        {
          "name": "bone12",
          "pivot": [
            0,
            -49,
            0
          ],
          "cubes": [
            {
              "origin": [
                -3.4,
                -21.0,
                -1.4
              ],
              "size": [
                2.8,
                2.0,
                2.8
              ],
              "uv": [
                102,
                29
              ],
              "inflate": 0
            },
            {
              "origin": [
                0.6,
                -21.0,
                -1.4
              ],
              "size": [
                2.8,
                2.0,
                2.8
              ],
              "uv": [
                102,
                13
              ],
              "inflate": 0
            },
            {
              "origin": [
                -3.5,
                -19.0,
                -1.5
              ],
              "size": [
                3.0,
                1.0,
                3.0
              ],
              "uv": [
                61,
                82
              ],
              "inflate": 0
            },
            {
              "origin": [
                0.5,
                -19.0,
                -1.5
              ],
              "size": [
                3.0,
                1.0,
                3.0
              ],
              "uv": [
                48,
                29
              ],
              "inflate": 0
            },
            {
              "origin": [
                -3.3,
                -18.3,
                -1.3
              ],
              "size": [
                2.6,
                2.0,
                2.6
              ],
              "uv": [
                102,
                9
              ],
              "inflate": 0
            },
            {
              "origin": [
                -3.3,
                -15.1,
                -1.3
              ],
              "size": [
                2.6,
                2.0,
                2.6
              ],
              "uv": [
                100,
                74
              ],
              "inflate": 0
            },
            {
              "origin": [
                0.7,
                -18.3,
                -1.3
              ],
              "size": [
                2.6,
                2.0,
                2.6
              ],
              "uv": [
                58,
                100
              ],
              "inflate": 0
            },
            {
              "origin": [
                0.7,
                -15.1,
                -1.3
              ],
              "size": [
                2.6,
                2.0,
                2.6
              ],
              "uv": [
                96,
                93
              ],
              "inflate": 0
            },
            {
              "origin": [
                1.0,
                -17.3,
                -1.0
              ],
              "size": [
                2.0,
                2.0,
                2.0
              ],
              "uv": [
                45,
                96
              ],
              "inflate": 0
            },
            {
              "origin": [
                -3.0,
                -17.3,
                -1.0
              ],
              "size": [
                2.0,
                2.0,
                2.0
              ],
              "uv": [
                37,
                96
              ],
              "inflate": 0
            },
            {
              "origin": [
                -2.5,
                -16.0,
                0.0
              ],
              "size": [
                1.0,
                3.0,
                0.0
              ],
              "uv": [
                2,
                0
              ],
              "inflate": 0
            },
            {
              "origin": [
                1.5,
                -16.0,
                0.0
              ],
              "size": [
                1.0,
                3.0,
                0.0
              ],
              "uv": [
                0,
                0
              ],
              "inflate": 0
            }
          ],
          "parent": "Head"
        },
        {
          "name": "bone11",
          "pivot": [
            -1.3,
            -27,
            -3
          ],
          "cubes": [
            {
              "origin": [
                -2.6,
                -29.0,
                -3.7
              ],
              "size": [
                2.0,
                3.0,
                1.0
              ],
              "uv": [
                48,
                33
              ],
              "inflate": 0
            }
          ],
          "parent": "Head",
          "rotation": [
            -5.06981,
            0.26535,
            9.60781
          ]
        },
        {
          "name": "bone7",
          "pivot": [
            -2,
            -23,
            -3
          ],
          "cubes": [
            {
              "origin": [
                -3.0,
                -24.1,
                -4.0
              ],
              "size": [
                2.2,
                2.2,
                2.0
              ],
              "uv": [
                46,
                72
              ],
              "inflate": 0
            },
            {
              "origin": [
                -2.8,
                -23.9,
                -4.1
              ],
              "size": [
                1.8,
                1.8,
                0.0
              ],
              "uv": [
                2,
                3
              ],
              "inflate": 0
            }
          ],
          "parent": "Head"
        },
        {
          "name": "bone10",
          "pivot": [
            2,
            -23,
            -3
          ],
          "cubes": [
            {
              "origin": [
                0.8,
                -24.1,
                -4.0
              ],
              "size": [
                2.2,
                2.2,
                2.0
              ],
              "uv": [
                46,
                68
              ],
              "inflate": 0
            },
            {
              "origin": [
                1.0,
                -23.9,
                -4.1
              ],
              "size": [
                1.8,
                1.8,
                0.0
              ],
              "uv": [
                0,
                3
              ],
              "inflate": 0
            }
          ],
          "parent": "Head"
        },
        {
          "name": "LeftLeg",
          "pivot": [
            2,
            -38,
            0
          ],
          "cubes": [
            {
              "origin": [
                0.2,
                -42.0,
                -1.8
              ],
              "size": [
                3.6,
                6.0,
                3.6
              ],
              "uv": [
                127,
                127
              ],
              "inflate": 0
            }
          ],
          "parent": "Root",
          "rotation": [
            0,
            -2.5,
            -2.5
          ]
        },
        {
          "name": "bone4",
          "pivot": [
            2,
            -42,
            0
          ],
          "cubes": [
            {
              "origin": [
                0.0,
                -49.0,
                -2.0
              ],
              "size": [
                4.0,
                7.0,
                4.0
              ],
              "uv": [
                12,
                120
              ],
              "inflate": 0
            }
          ],
          "parent": "LeftLeg"
        },
        {
          "name": "bone5",
          "pivot": [
            2,
            -47,
            0
          ],
          "cubes": [
            {
              "origin": [
                -0.3,
                -49.0,
                -4.4
              ],
              "size": [
                4.6,
                2.5,
                7.0
              ],
              "uv": [
                93,
                0
              ],
              "inflate": 0
            }
          ],
          "parent": "bone4",
          "rotation": [
            0,
            0,
            2.5
          ]
        },
        {
          "name": "RightLeg",
          "pivot": [
            -2,
            -38,
            0
          ],
          "cubes": [
            {
              "origin": [
                -3.8,
                -42.0,
                -1.8
              ],
              "size": [
                3.6,
                6.0,
                3.6
              ],
              "uv": [
                0,
                121
              ],
              "inflate": 0
            }
          ],
          "parent": "Root",
          "rotation": [
            0,
            2.5,
            2.5
          ]
        },
        {
          "name": "bone",
          "pivot": [
            -2,
            -42,
            0
          ],
          "cubes": [
            {
              "origin": [
                -4.0,
                -49.0,
                -2.0
              ],
              "size": [
                4.0,
                7.0,
                4.0
              ],
              "uv": [
                114,
                119
              ],
              "inflate": 0
            }
          ],
          "parent": "RightLeg"
        },
        {
          "name": "bone2",
          "pivot": [
            -2,
            -47,
            0
          ],
          "cubes": [
            {
              "origin": [
                -4.3,
                -49.0,
                -4.4
              ],
              "size": [
                4.6,
                2.5,
                7.0
              ],
              "uv": [
                64,
                40
              ],
              "inflate": 0
            }
          ],
          "parent": "bone",
          "rotation": [
            0,
            0,
            -2.5
          ]
        }
      ]
    }
  ]
}