{
  "format_version": "1.8.0",
  "animations": {
    "animation.nabnablook_at": {
      "loop": true,
      "bones": {
        "eyes": {
          "position": [
            "query.target_y_rotation / -90",
            "query.target_x_rotation / -90",
            0
          ]
        },
        "head": {
          "relative_to": {
            "rotation": "entity"
          },
          "rotation": [
            "20 + query.target_x_rotation * 0.5",
            "query.target_y_rotation",
            0
          ]
        }
      }
    }
  }
}