{
  "format_version": "1.8.0",
  "animations": {
    "animation.os_bb.bob": {
      "loop": true,
      "animation_length": 4,
      "bones": {
        "body": {
          "rotation": {
            "0.0": [
              2.5,
              0,
              0
            ],
            "2.0": [
              -2.5,
              0,
              0
            ],
            "4.0": [
              2.5,
              0,
              0
            ]
          }
        },
        "rightArm": {
          "rotation": {
            "0.0": [
              -8.20987,
              0.08269,
              17.55079
            ],
            "2.0": [
              1.79441,
              0.11357,
              20.05061
            ],
            "4.0": [
              -8.20987,
              0.08269,
              17.55079
            ]
          },
          "position": [
            -1,
            0,
            0
          ]
        },
        "leftArm": {
          "rotation": {
            "0.0": [
              5,
              0,
              -17.5
            ],
            "2.0": [
              -10,
              0,
              -20
            ],
            "4.0": [
              5,
              0,
              -17.5
            ]
          },
          "position": [
            1,
            0,
            0
          ]
        }
      }
    },
    "animation.os_bb.walk": {
      "loop": true,
      "animation_length": 1,
      "bones": {
        "root": {
          "position": {
            "0.0": [
              0,
              -1,
              0
            ],
            "0.25": [
              0,
              -1,
              0
            ],
            "0.375": [
              0,
              0.5,
              0
            ],
            "0.5": [
              0,
              -1,
              0
            ],
            "0.75": [
              0,
              0,
              0
            ],
            "0.875": [
              0,
              0.5,
              0
            ],
            "1.0": [
              0,
              -1,
              0
            ]
          }
        },
        "body": {
          "rotation": {
            "0.0": [
              0,
              0,
              -2.5
            ],
            "0.5": [
              0,
              0,
              2.5
            ],
            "1.0": [
              0,
              0,
              -2.5
            ]
          }
        },
        "head": {
          "rotation": {
            "0.0": [
              -2.5,
              0,
              0
            ],
            "0.25": [
              -5,
              0,
              0
            ],
            "0.5": [
              2.5,
              0,
              0
            ],
            "0.75": [
              -6.25,
              0,
              0
            ],
            "1.0": [
              -2.5,
              0,
              0
            ]
          }
        },
        "hair": {
          "rotation": {
            "0.0": [
              -25,
              0,
              0
            ],
            "0.25": [
              4.69986,
              1.70818,
              -19.9299
            ],
            "0.5": [
              -35,
              0,
              0
            ],
            "0.75": [
              -14.14743,
              7.43547,
              13.06431
            ],
            "1.0": [
              -25,
              0,
              0
            ]
          }
        },
        "rightWing": {
          "rotation": [
            0,
            -22.5,
            0
          ]
        },
        "leftWing": {
          "rotation": [
            0,
            22.5,
            0
          ]
        },
        "rightLeg": {
          "rotation": {
            "0.0": [
              -37.5,
              0,
              0
            ],
            "0.25": [
              27.5,
              0,
              0
            ],
            "0.5": [
              30,
              0,
              0
            ],
            "0.75": [
              -62.5,
              0,
              0
            ],
            "1.0": [
              -37.5,
              0,
              0
            ]
          },
          "position": {
            "0.0": [
              0,
              0,
              0
            ],
            "0.5": [
              0,
              0,
              2
            ],
            "0.75": [
              0,
              2,
              -2
            ],
            "1.0": [
              0,
              0,
              0
            ]
          }
        },
        "rightLeg2": {
          "rotation": {
            "0.0": [
              37.5,
              0,
              0
            ],
            "0.25": [
              -27.5,
              0,
              0
            ],
            "0.5": [
              52.5,
              0,
              0
            ],
            "0.75": [
              92.5,
              0,
              0
            ],
            "1.0": [
              37.5,
              0,
              0
            ]
          }
        },
        "leftLeg": {
          "rotation": {
            "0.0": [
              37.5,
              0,
              0
            ],
            "0.25": [
              -67.5,
              0,
              0
            ],
            "0.5": [
              -35,
              0,
              0
            ],
            "0.75": [
              15,
              0,
              0
            ],
            "1.0": [
              37.5,
              0,
              0
            ]
          },
          "position": {
            "0.0": [
              0,
              0,
              0
            ],
            "0.25": [
              0,
              2,
              -1
            ],
            "0.5": [
              0,
              0,
              -2
            ],
            "0.75": [
              0,
              0,
              1
            ],
            "1.0": [
              0,
              0,
              0
            ]
          }
        },
        "leftLeg2": {
          "rotation": {
            "0.0": [
              47.5,
              0,
              0
            ],
            "0.25": [
              105,
              0,
              0
            ],
            "0.5": [
              35,
              0,
              0
            ],
            "0.75": [
              -15,
              0,
              0
            ],
            "1.0": [
              47.5,
              0,
              0
            ]
          }
        },
        "rightArm": {
          "rotation": [
            19.5623,
            4.2453,
            -11.76782
          ]
        },
        "rightArm2": {
          "rotation": [
            11.57518,
            4.75113,
            -22.01816
          ]
        },
        "leftArm": {
          "rotation": [
            24.55897,
            -4.27747,
            9.37106
          ]
        },
        "leftArm2": {
          "rotation": [
            0,
            0,
            27.5
          ]
        }
      }
    }
  }
}