{
  "format_version": "1.8.0",
  "animations": {
    "animation.os_gray.bob": {
      "loop": true,
      "animation_length": 1,
      "bones": {
        "root": {
          "rotation": [
            -90,
            0,
            0
          ],
          "position": [
            0,
            3,
            -13
          ]
        },
        "rightArm": {
          "rotation": [
            12.5,
            0,
            20
          ]
        },
        "rightArm2": {
          "rotation": [
            -17.5,
            0,
            0
          ]
        },
        "rightArm3": {
          "rotation": [
            0,
            0,
            -15
          ]
        },
        "leftArm": {
          "rotation": [
            7.5,
            0,
            -20
          ]
        },
        "leftArm2": {
          "rotation": [
            -7.5,
            0,
            0
          ]
        },
        "leftArm3": {
          "rotation": [
            0,
            0,
            17.5
          ]
        },
        "leftLeg": {
          "rotation": [
            -12.5,
            0,
            -5
          ]
        },
        "leftLeg2": {
          "rotation": [
            40,
            0,
            0
          ]
        },
        "rightLeg": {
          "rotation": [
            7.5,
            0,
            10
          ]
        },
        "rightLeg2": {
          "rotation": [
            0,
            0,
            2.5
          ]
        }
      }
    },
    "animation.os_gray.bob2": {
      "loop": true,
      "animation_length": 1,
      "bones": {
        "root": {
          "rotation": [
            -7.5,
            0,
            0
          ],
          "position": [
            0,
            -6,
            3
          ]
        },
        "body": {
          "rotation": [
            0,
            0,
            7.5
          ]
        },
        "rightArm": {
          "rotation": [
            0,
            0,
            15
          ]
        },
        "rightArm2": {
          "rotation": [
            0,
            0,
            -15
          ]
        },
        "leftArm": {
          "rotation": [
            0,
            0,
            -27.5
          ]
        },
        "leftArm2": {
          "rotation": [
            0,
            0,
            -22.5
          ]
        },
        "leftLeg": {
          "rotation": [
            -77.5,
            0,
            0
          ]
        },
        "rightLeg": {
          "rotation": [
            -77.31336,
            9.76061,
            2.18558
          ]
        },
        "rightLeg2": {
          "rotation": [
            5,
            0,
            0
          ]
        },
        "rightLeg3": {
          "rotation": [
            -17.5,
            0,
            0
          ]
        }
      }
    },
    "animation.os_gray.bob3": {
      "loop": true,
      "animation_length": 1,
      "bones": {
        "root": {
          "rotation": [
            90,
            0,
            0
          ],
          "position": [
            0,
            3,
            10
          ]
        },
        "rightArm": {
          "rotation": [
            0,
            0,
            0
          ]
        },
        "rightArm2": {
          "rotation": [
            0,
            0,
            25
          ]
        },
        "rightArm3": {
          "rotation": [
            0,
            0,
            22.5
          ]
        },
        "leftArm": {
          "rotation": [
            0,
            0,
            -20
          ]
        },
        "leftArm2": {
          "rotation": [
            0,
            0,
            17.5
          ]
        },
        "leftArm3": {
          "rotation": [
            0,
            0,
            -17.5
          ]
        },
        "leftLeg2": {
          "rotation": [
            -7.5,
            0,
            -10
          ]
        },
        "rightLeg": {
          "rotation": [
            0,
            0,
            7.5
          ]
        },
        "rightLeg2": {
          "rotation": [
            5,
            0,
            0
          ]
        }
      }
    }
  }
}