{
  "format_version": "1.8.0",
  "animations": {
    "animation.os_o.walk": {
      "loop": true,
      "animation_length": 1,
      "bones": {
        "root": {
          "position": {
            "0.0": [
              0,
              -1,
              0
            ],
            "0.25": [
              0,
              -1,
              0
            ],
            "0.375": [
              0,
              0.5,
              0
            ],
            "0.5": [
              0,
              -1,
              0
            ],
            "0.75": [
              0,
              0,
              0
            ],
            "0.875": [
              0,
              0.5,
              0
            ],
            "1.0": [
              0,
              -1,
              0
            ]
          }
        },
        "body": {
          "rotation": {
            "0.0": [
              2.52154,
              7.49282,
              0.32902
            ],
            "0.25": [
              10.51036,
              1.72944,
              0.02765
            ],
            "0.5": [
              0.18544,
              -4.03871,
              -0.06997
            ],
            "0.625": [
              10.02233,
              0.57717,
              -0.09454
            ],
            "1.0": [
              2.52154,
              7.49282,
              0.32902
            ]
          },
          "position": {
            "0.0": [
              0,
              0,
              0
            ],
            "0.25": [
              0,
              0,
              0
            ]
          }
        },
        "head": {
          "rotation": {
            "0.0": [
              -2.5,
              0,
              0
            ],
            "0.25": [
              -5,
              0,
              0
            ],
            "0.5": [
              2.5,
              0,
              0
            ],
            "0.75": [
              -6.25,
              0,
              0
            ],
            "1.0": [
              -2.5,
              0,
              0
            ]
          }
        },
        "hair": {
          "rotation": {
            "0.0": [
              -25,
              0,
              0
            ],
            "0.25": [
              4.69986,
              1.70818,
              -19.9299
            ],
            "0.5": [
              -35,
              0,
              0
            ],
            "0.75": [
              -14.14743,
              7.43547,
              13.06431
            ],
            "1.0": [
              -25,
              0,
              0
            ]
          }
        },
        "rightWing": {
          "rotation": [
            0,
            -22.5,
            0
          ]
        },
        "leftWing": {
          "rotation": [
            0,
            22.5,
            0
          ]
        },
        "rightLeg": {
          "rotation": {
            "0.0": [
              -37.5,
              0,
              0
            ],
            "0.25": [
              27.5,
              0,
              0
            ],
            "0.5": [
              30,
              0,
              0
            ],
            "0.75": [
              -62.5,
              0,
              0
            ],
            "1.0": [
              -37.5,
              0,
              0
            ]
          },
          "position": {
            "0.0": [
              0,
              0,
              0
            ],
            "0.5": [
              0,
              0,
              2
            ],
            "0.75": [
              0,
              2,
              -2
            ],
            "1.0": [
              0,
              0,
              0
            ]
          }
        },
        "rightLeg2": {
          "rotation": {
            "0.0": [
              37.5,
              0,
              0
            ],
            "0.25": [
              -27.5,
              0,
              0
            ],
            "0.5": [
              52.5,
              0,
              0
            ],
            "0.75": [
              92.5,
              0,
              0
            ],
            "1.0": [
              37.5,
              0,
              0
            ]
          }
        },
        "leftLeg": {
          "rotation": {
            "0.0": [
              37.5,
              0,
              0
            ],
            "0.25": [
              -67.5,
              0,
              0
            ],
            "0.5": [
              -35,
              0,
              0
            ],
            "0.75": [
              15,
              0,
              0
            ],
            "1.0": [
              37.5,
              0,
              0
            ]
          },
          "position": {
            "0.0": [
              0,
              0,
              0
            ],
            "0.25": [
              0,
              2,
              -1
            ],
            "0.5": [
              0,
              0,
              -2
            ],
            "0.75": [
              0,
              0,
              1
            ],
            "1.0": [
              0,
              0,
              0
            ]
          }
        },
        "leftLeg2": {
          "rotation": {
            "0.0": [
              47.5,
              0,
              0
            ],
            "0.25": [
              105,
              0,
              0
            ],
            "0.5": [
              35,
              0,
              0
            ],
            "0.75": [
              -15,
              0,
              0
            ],
            "1.0": [
              47.5,
              0,
              0
            ]
          }
        }
      }
    },
    "animation.os_o.bob": {
      "loop": true,
      "animation_length": 4,
      "bones": {
        "body": {
          "rotation": {
            "0.0": [
              7.5,
              0,
              0
            ],
            "2.0": [
              -2.5,
              0,
              0
            ],
            "4.0": [
              7.5,
              0,
              0
            ]
          }
        },
        "head": {
          "rotation": {
            "0.0": [
              -2.5,
              0,
              0
            ],
            "2.0": [
              5,
              0,
              0
            ],
            "4.0": [
              -2.5,
              0,
              0
            ]
          }
        },
        "mout": {
          "rotation": {
            "0.0": [
              -12.5,
              0,
              0
            ],
            "2.0": [
              -2.5,
              0,
              0
            ],
            "4.0": [
              -12.5,
              0,
              0
            ]
          }
        },
        "mout2": {
          "rotation": {
            "0.0": [
              5,
              0,
              0
            ],
            "2.0": [
              0,
              0,
              0
            ],
            "4.0": [
              5,
              0,
              0
            ]
          }
        },
        "hair": {
          "rotation": {
            "0.0": [
              -12.5,
              0,
              0
            ],
            "1.0": [
              19.95566,
              -19.37915,
              -14.18773
            ],
            "2.0": [
              5,
              0,
              0
            ],
            "3.0": [
              16.37743,
              0.96992,
              14.96933
            ],
            "4.0": [
              -12.5,
              0,
              0
            ]
          }
        }
      }
    },
    "animation.os_o.jumpscare": {
      "loop": true,
      "animation_length": 0.25,
      "bones": {
        "head": {
          "rotation": {
            "0.0": [
              0,
              0,
              -7.5
            ],
            "0.0417": [
              0,
              0,
              7.5
            ],
            "0.0833": [
              0,
              0,
              -7.5
            ],
            "0.125": [
              0,
              0,
              7.5
            ],
            "0.1667": [
              0,
              0,
              -10
            ],
            "0.2083": [
              0,
              0,
              7.5
            ],
            "0.25": [
              0,
              0,
              -7.5
            ]
          }
        },
        "mout": {
          "rotation": [
            -12.5,
            0,
            0
          ]
        },
        "mout2": {
          "rotation": [
            25,
            0,
            0
          ]
        },
        "rightWing": {
          "rotation": [
            -72.92119,
            -40.55182,
            95.24694
          ]
        },
        "leftWing": {
          "rotation": [
            -63.0046,
            16.71535,
            -88.90103
          ]
        }
      }
    },
    "animation.os_o.jump": {
      "loop": true,
      "animation_length": 1,
      "bones": {
        "root": {
          "position": {
            "0.0": [
              0,
              1,
              0
            ],
            "0.5": [
              0,
              -1,
              0
            ],
            "1.0": [
              0,
              1,
              0
            ]
          }
        },
        "body": {
          "rotation": {
            "0.0": [
              -22.5,
              0,
              0
            ],
            "0.5": [
              -15,
              0,
              0
            ],
            "1.0": [
              -22.5,
              0,
              0
            ]
          }
        },
        "head": {
          "rotation": [
            50,
            0,
            0
          ]
        },
        "hair": {
          "rotation": {
            "0.0": [
              7.5,
              0,
              0
            ],
            "0.5": [
              -10,
              0,
              0
            ],
            "1.0": [
              7.5,
              0,
              0
            ]
          }
        },
        "rightWing": {
          "rotation": {
            "0.0": [
              -63.59072,
              8.80348,
              135.68718
            ],
            "0.5": [
              -96.76782,
              4.2453,
              19.5623
            ],
            "1.0": [
              -63.59072,
              8.80348,
              135.68718
            ]
          }
        },
        "leftWing": {
          "rotation": {
            "0.0": [
              -64.80737,
              -6.40865,
              -140.43131
            ],
            "0.5": [
              -96.90804,
              -3.40487,
              -19.71975
            ],
            "1.0": [
              -64.80737,
              -6.40865,
              -140.43131
            ]
          }
        },
        "rightLeg": {
          "rotation": {
            "0.0": [
              -42.5,
              20,
              0
            ],
            "0.5": [
              -35,
              20,
              0
            ],
            "1.0": [
              -42.5,
              20,
              0
            ]
          }
        },
        "rightLeg2": {
          "rotation": {
            "0.0": [
              17.52136,
              0.32621,
              7.49294
            ],
            "0.5": [
              37.52136,
              0.32621,
              7.49294
            ],
            "1.0": [
              17.52136,
              0.32621,
              7.49294
            ]
          }
        },
        "leftLeg": {
          "rotation": {
            "0.0": [
              -42.5,
              -15,
              0
            ],
            "0.5": [
              -35,
              -15,
              0
            ],
            "1.0": [
              -42.5,
              -15,
              0
            ]
          }
        },
        "leftLeg2": {
          "rotation": {
            "0.0": [
              22.5,
              0,
              -10
            ],
            "0.5": [
              42.5,
              0,
              -10
            ],
            "1.0": [
              22.5,
              0,
              -10
            ]
          }
        }
      }
    },
    "animation.os_o.statue": {
      "loop": "hold_on_last_frame",
      "animation_length": 1.91667,
      "bones": {
        "root": {
          "rotation": {
            "1.0": [
              0,
              0,
              0
            ],
            "1.25": [
              -20,
              0,
              0
            ]
          },
          "position": {
            "0.0": [
              0,
              0,
              0
            ],
            "0.25": [
              0,
              0.5,
              0
            ],
            "0.5": [
              0,
              -1,
              0
            ],
            "0.75": [
              0,
              0,
              0
            ],
            "1.0": [
              0,
              -3,
              0
            ],
            "1.25": [
              0,
              -6,
              -3
            ]
          }
        },
        "body": {
          "rotation": {
            "0.0": [
              0,
              0,
              0
            ],
            "0.5": [
              -17.5,
              0,
              0
            ]
          }
        },
        "head": {
          "rotation": {
            "0.0": [
              0,
              0,
              0
            ],
            "1.0": [
              5,
              0,
              0
            ]
          }
        },
        "mout": {
          "rotation": {
            "0.0": [
              0,
              0,
              0
            ],
            "0.5": [
              -20,
              0,
              0
            ],
            "1.0": [
              -7.5,
              0,
              0
            ],
            "1.9167": [
              -27.5,
              0,
              0
            ]
          }
        },
        "mout2": {
          "rotation": {
            "0.0": [
              0,
              0,
              0
            ],
            "0.5": [
              2.5,
              0,
              0
            ],
            "1.9167": [
              25,
              0,
              0
            ]
          }
        },
        "rightLeg": {
          "rotation": {
            "0.0": [
              0,
              0,
              0
            ],
            "0.5": [
              -26.67,
              0,
              0
            ],
            "1.0": [
              -51.67,
              0,
              0
            ],
            "1.25": [
              -79.07879,
              7.36567,
              1.41703
            ]
          }
        },
        "rightLeg2": {
          "rotation": {
            "0.0": [
              0,
              0,
              0
            ],
            "0.5": [
              113.96,
              0,
              0
            ],
            "1.0": [
              11.46,
              0,
              0
            ],
            "1.25": [
              86.46,
              0,
              0
            ]
          }
        },
        "leftLeg": {
          "rotation": {
            "0.0": [
              0,
              0,
              0
            ],
            "0.5": [
              -42.5,
              0,
              0
            ],
            "1.0": [
              -70,
              0,
              0
            ],
            "1.25": [
              -79.84892,
              -9.84655,
              -1.75378
            ]
          }
        },
        "leftLeg2": {
          "rotation": {
            "0.0": [
              0,
              0,
              0
            ],
            "0.5": [
              45,
              0,
              0
            ],
            "1.0": [
              25,
              0,
              0
            ],
            "1.25": [
              85,
              0,
              0
            ]
          }
        }
      }
    }
  }
}