{
  "format_version": "1.8.0",
  "animations": {
    "animation.os_sl.walk": {
      "loop": true,
      "animation_length": 1,
      "bones": {
        "root": {
          "position": {
            "0.0": [
              0,
              -1,
              0
            ],
            "0.25": [
              0,
              1,
              0
            ],
            "0.5": [
              0,
              -2,
              0
            ],
            "0.75": [
              0,
              1,
              0
            ],
            "1.0": [
              0,
              -1,
              0
            ]
          }
        },
        "body": {
          "rotation": [
            7.5,
            0,
            0
          ]
        },
        "rightArm": {
          "rotation": {
            "0.0": [
              32.5,
              0,
              0
            ],
            "0.5": [
              -25,
              0,
              0
            ],
            "1.0": [
              32.5,
              0,
              0
            ]
          }
        },
        "rightArm2": {
          "rotation": {
            "0.0": [
              -71.32319,
              74.20678,
              -71.98187
            ],
            "0.25": [
              -82.2492,
              49.74086,
              -84.07006
            ]
          }
        },
        "leftArm": {
          "rotation": {
            "0.0": [
              -32.5,
              0,
              0
            ],
            "0.5": [
              30,
              0,
              0
            ],
            "1.0": [
              -32.5,
              0,
              0
            ]
          }
        },
        "leftArm2": {
          "rotation": {
            "0.0": [
              -94.78974,
              -62.39543,
              95.40158
            ],
            "0.25": [
              -100.12516,
              -77.28593,
              101.0368
            ]
          }
        },
        "rightLeg": {
          "rotation": {
            "0.0": [
              -57.5,
              0,
              0
            ],
            "0.25": [
              2.5,
              0,
              0
            ],
            "0.5": [
              52.5,
              0,
              0
            ],
            "0.75": [
              -92.5,
              0,
              0
            ],
            "1.0": [
              -57.5,
              0,
              0
            ]
          }
        },
        "rightLeg2": {
          "rotation": {
            "0.0": [
              52.5,
              0,
              0
            ],
            "0.25": [
              0,
              0,
              0
            ],
            "0.5": [
              60,
              0,
              0
            ],
            "0.75": [
              95,
              0,
              0
            ],
            "1.0": [
              52.5,
              0,
              0
            ]
          }
        },
        "rightLeg3": {
          "rotation": {
            "0.5": [
              20,
              0,
              0
            ],
            "0.75": [
              -7.49963,
              -0.12083,
              -0.05361
            ],
            "1.0": [
              20,
              0,
              0
            ]
          }
        },
        "leftLeg": {
          "rotation": {
            "0.0": [
              50,
              0,
              0
            ],
            "0.25": [
              -80,
              0,
              0
            ],
            "0.5": [
              -50,
              0,
              0
            ],
            "0.75": [
              2.5,
              0,
              0
            ],
            "1.0": [
              50,
              0,
              0
            ]
          }
        },
        "leftLeg2": {
          "rotation": {
            "0.0": [
              65,
              0,
              0
            ],
            "0.25": [
              77.5,
              0,
              0
            ],
            "0.5": [
              62.5,
              0,
              0
            ],
            "0.75": [
              10,
              0,
              0
            ],
            "1.0": [
              65,
              0,
              0
            ]
          }
        },
        "leftLeg3": {
          "rotation": {
            "0.0": [
              15,
              0,
              0
            ],
            "0.25": [
              -25,
              0,
              0
            ],
            "0.5": [
              -10,
              0,
              0
            ],
            "1.0": [
              15,
              0,
              0
            ]
          }
        }
      }
    },
    "animation.os_sl.bob": {
      "loop": true,
      "animation_length": 4,
      "bones": {
        "body": {
          "rotation": {
            "0.0": [
              -2.5,
              0,
              0
            ],
            "2.0": [
              2.5,
              0,
              0
            ],
            "4.0": [
              -2.5,
              0,
              0
            ]
          }
        },
        "rightArm": {
          "rotation": {
            "0.0": [
              0,
              0,
              5
            ],
            "2.0": [
              -4.98107,
              -0.43523,
              0.01893
            ],
            "4.0": [
              0,
              0,
              5
            ]
          }
        },
        "leftArm": {
          "rotation": {
            "0.0": [
              0,
              0,
              -5
            ],
            "2.0": [
              -4.95744,
              0.65182,
              2.47178
            ],
            "4.0": [
              0,
              0,
              -5
            ]
          }
        }
      }
    },
    "animation.os_sl.jumpscare": {
      "loop": true,
      "animation_length": 0.08333,
      "bones": {
        "body": {
          "rotation": [
            0,
            15,
            0
          ]
        },
        "head": {
          "rotation": [
            0,
            -20,
            0
          ],
          "position": {
            "0.0": [
              1,
              0,
              0
            ],
            "0.0417": [
              -1,
              0,
              0
            ],
            "0.0833": [
              1,
              0,
              0
            ]
          }
        },
        "rightArm": {
          "rotation": [
            -89.12962,
            4.92385,
            -79.96258
          ]
        },
        "rightArm2": {
          "rotation": [
            20,
            0,
            0
          ]
        },
        "leftArm": {
          "rotation": [
            -115,
            -7.5,
            90
          ]
        },
        "leftArm2": {
          "rotation": [
            12.5,
            0,
            0
          ]
        }
      }
    }
  }
}