{
  "format_version": "1.8.0",
  "animations": {
    "animation.os_s.walk": {
      "loop": true,
      "animation_length": 1,
      "bones": {
        "root": {
          "position": {
            "0.0": [
              0,
              -3,
              0
            ],
            "0.25": [
              0,
              -1,
              0
            ],
            "0.5": [
              0,
              -0.67,
              0
            ],
            "0.75": [
              0,
              -0.83,
              0
            ],
            "1.0": [
              0,
              -3,
              0
            ]
          }
        },
        "body": {
          "rotation": [
            0,
            0,
            0
          ]
        },
        "rightArm": {
          "rotation": {
            "0.0": [
              50,
              -35,
              -35
            ],
            "0.5": [
              40.99738,
              -45.76159,
              -21.2039
            ],
            "1.0": [
              50,
              -35,
              -35
            ]
          }
        },
        "rightArm2": {
          "rotation": [
            0,
            0,
            42.5
          ]
        },
        "leftArm": {
          "rotation": {
            "0.0": [
              65.40094,
              39.28962,
              23.09613
            ],
            "0.5": [
              56.17084,
              54.64109,
              10.60417
            ],
            "1.0": [
              65.40094,
              39.28962,
              23.09613
            ]
          }
        },
        "leftArm2": {
          "rotation": [
            0,
            0,
            -32.5
          ]
        },
        "leftArm3": {
          "rotation": {
            "0.0": [
              0,
              -37.5,
              -20
            ],
            "0.25": [
              0.58687,
              49.47364,
              -0.27863
            ],
            "0.5": [
              0.41899,
              24.47454,
              -0.55113
            ],
            "0.75": [
              0.42258,
              -25.52427,
              -0.90681
            ],
            "1.0": [
              0,
              -37.5,
              -20
            ]
          }
        },
        "leftArm4": {
          "rotation": {
            "0.0": [
              0,
              -42.5,
              0
            ],
            "0.25": [
              0,
              -67.5,
              0
            ],
            "0.5": [
              0,
              -25,
              0
            ],
            "0.75": [
              0,
              47.5,
              0
            ],
            "1.0": [
              0,
              -42.5,
              0
            ]
          }
        },
        "leftArm5": {
          "rotation": {
            "0.0": [
              0,
              50,
              0
            ],
            "0.25": [
              0,
              0,
              0
            ],
            "0.5": [
              0,
              -27.5,
              0
            ],
            "0.75": [
              0,
              55,
              0
            ],
            "1.0": [
              0,
              50,
              0
            ]
          }
        },
        "leftArm6": {
          "rotation": {
            "0.0": [
              0,
              -47.5,
              0
            ],
            "0.25": [
              0,
              22.5,
              0
            ],
            "0.5": [
              0,
              -42.5,
              0
            ],
            "0.75": [
              0,
              -80,
              0
            ],
            "1.0": [
              0,
              -47.5,
              0
            ]
          }
        },
        "rightArm3": {
          "rotation": {
            "0.0": [
              0,
              -37.5,
              0
            ],
            "0.25": [
              22.70476,
              48.88398,
              32.07907
            ],
            "0.5": [
              -1.21284,
              25.14102,
              1.6792
            ],
            "0.75": [
              -1.12394,
              -12.35174,
              2.43499
            ],
            "1.0": [
              0,
              -37.5,
              0
            ]
          }
        },
        "rightArm4": {
          "rotation": {
            "0.0": [
              0,
              -47.5,
              0
            ],
            "0.25": [
              0,
              -25,
              0
            ],
            "0.5": [
              0,
              -25,
              0
            ],
            "0.75": [
              0,
              32.5,
              0
            ],
            "1.0": [
              0,
              -47.5,
              0
            ]
          }
        },
        "rightArm5": {
          "rotation": {
            "0.0": [
              0,
              50,
              0
            ],
            "0.25": [
              0,
              -7.5,
              0
            ],
            "0.5": [
              -16.36452,
              -34.22348,
              27.56928
            ],
            "0.75": [
              -14.50293,
              21.52568,
              12.76965
            ],
            "1.0": [
              0,
              50,
              0
            ]
          }
        },
        "rightArm6": {
          "rotation": {
            "0.0": [
              0,
              -50,
              0
            ],
            "0.25": [
              0,
              30,
              0
            ],
            "0.5": [
              0,
              -45,
              0
            ],
            "0.75": [
              49.41788,
              -70.56671,
              -51.06998
            ],
            "1.0": [
              0,
              -50,
              0
            ]
          }
        }
      }
    },
    "animation.os_s.bob": {
      "loop": true,
      "animation_length": 1,
      "bones": {
        "body": {
          "rotation": [
            0,
            0,
            0
          ]
        },
        "rightArm": {
          "rotation": {
            "0.0": [
              0,
              0,
              -25
            ],
            "0.5": [
              0,
              0,
              -30
            ],
            "1.0": [
              0,
              0,
              -25
            ]
          }
        },
        "rightArm2": {
          "rotation": {
            "0.0": [
              0,
              0,
              62.5
            ],
            "0.5": [
              0,
              0,
              52.5
            ],
            "1.0": [
              0,
              0,
              62.5
            ]
          }
        },
        "leftArm": {
          "rotation": {
            "0.0": [
              0,
              0,
              27.5
            ],
            "0.5": [
              0.36572,
              -0.12803,
              34.98959
            ],
            "1.0": [
              0,
              0,
              27.5
            ]
          }
        },
        "leftArm2": {
          "rotation": {
            "0.0": [
              0,
              0,
              -57.5
            ],
            "0.5": [
              0,
              0,
              -47.5
            ],
            "1.0": [
              0,
              0,
              -57.5
            ]
          }
        }
      }
    },
    "animation.os_s.jumpscare": {
      "loop": true,
      "animation_length": 0.16667,
      "bones": {
        "body": {
          "scale": {
            "0.0": [
              1,
              1,
              1
            ],
            "0.0833": [
              1,
              1.2,
              1
            ],
            "0.1667": [
              1,
              1,
              1
            ]
          }
        },
        "eyeball": {
          "rotation": [
            0,
            0,
            0
          ]
        },
        "rightArm": {
          "rotation": [
            0,
            -57.5,
            0
          ]
        },
        "rightArm2": {
          "rotation": [
            0,
            -25,
            0
          ]
        },
        "leftArm": {
          "rotation": [
            0,
            52.5,
            0
          ]
        },
        "leftArm2": {
          "rotation": [
            0,
            35,
            0
          ]
        }
      }
    },
    "animation.os_s.sleep": {
      "loop": "hold_on_last_frame",
      "animation_length": 2.375,
      "bones": {
        "root": {
          "position": {
            "0.0": [
              0,
              0,
              0
            ],
            "0.25": [
              0,
              -1.78,
              0
            ],
            "0.5": [
              0,
              -3.31,
              0
            ],
            "0.75": [
              0,
              -4.55,
              0
            ],
            "1.0": [
              0,
              -6.46,
              0
            ],
            "1.25": [
              0,
              -9.77,
              0
            ],
            "1.5": [
              0,
              -11.83,
              0
            ],
            "1.9167": [
              0,
              -14,
              0
            ]
          }
        },
        "body": {
          "position": [
            0,
            0,
            0
          ]
        },
        "eyeball": {
          "position": {
            "0.0": [
              0,
              0,
              0
            ],
            "2.0": [
              0,
              0,
              0
            ],
            "2.375": [
              0,
              0,
              2
            ]
          },
          "scale": {
            "0.0": [
              1,
              1,
              1
            ],
            "2.0": [
              1,
              1,
              1
            ],
            "2.375": [
              1,
              0,
              1
            ]
          }
        },
        "rightArm": {
          "position": {
            "0.0": [
              0,
              0,
              0
            ],
            "0.25": [
              1,
              0,
              0
            ]
          },
          "scale": {
            "0.0": [
              1,
              1,
              1
            ],
            "0.25": [
              0,
              1,
              1
            ]
          }
        },
        "leftArm": {
          "position": {
            "0.0": [
              0,
              0,
              0
            ],
            "0.5": [
              -1,
              0,
              0
            ]
          },
          "scale": {
            "0.0": [
              1,
              1,
              1
            ],
            "0.25": [
              0.9,
              1,
              1
            ],
            "0.5": [
              -0.7,
              1,
              1
            ]
          }
        },
        "leftArm2": {
          "scale": {
            "0.0": [
              1,
              1,
              1
            ],
            "0.5": [
              0.7,
              1,
              1
            ]
          }
        },
        "leftArm3": {
          "position": [
            0,
            0,
            0
          ],
          "scale": {
            "0.0": [
              1,
              1,
              1
            ],
            "1.1667": [
              0,
              1,
              1
            ]
          }
        },
        "leftArm5": {
          "position": [
            0,
            0,
            0
          ],
          "scale": {
            "0.0": [
              1,
              1,
              1
            ],
            "1.9167": [
              0,
              1,
              1
            ]
          }
        },
        "rightArm3": {
          "position": [
            0,
            0,
            0
          ],
          "scale": {
            "0.0": [
              1,
              1,
              1
            ],
            "1.1667": [
              0.5,
              1,
              1
            ],
            "1.5417": [
              -0.2,
              1,
              1
            ]
          }
        },
        "rightArm5": {
          "position": [
            0,
            0,
            0
          ],
          "scale": {
            "0.0": [
              1,
              1,
              1
            ],
            "0.75": [
              0,
              1,
              1
            ]
          }
        }
      }
    }
  }
}