{"format_version":"1.10.0","minecraft:entity":{"description":{"identifier":"yg:blocks","is_spawnable":true,"is_summonable":true,"is_experimental":false},"component_groups":{"farmer":{"minecraft:type_family":{"family":["villager","peasant","farmer"]},"minecraft:variant":{"value":0}},"fisherman":{"minecraft:type_family":{"family":["villager","peasant","fisherman"]},"minecraft:variant":{"value":0}},"shepherd":{"minecraft:type_family":{"family":["villager","peasant","shepherd"]},"minecraft:variant":{"value":0}},"fletcher":{"minecraft:type_family":{"family":["villager","peasant","fletcher"]},"minecraft:variant":{"value":0}},"librarian":{"minecraft:type_family":{"family":["villager","librarian"]},"minecraft:variant":{"value":1}},"cartographer":{"minecraft:type_family":{"family":["villager","cartographer"]},"minecraft:variant":{"value":1}},"cleric":{"minecraft:type_family":{"family":["villager","priest","cleric"]},"minecraft:variant":{"value":2}},"armorer":{"minecraft:type_family":{"family":["villager","blacksmith","armorer"]},"minecraft:variant":{"value":3}},"weaponsmith":{"minecraft:type_family":{"family":["villager","blacksmith","weaponsmith"]},"minecraft:variant":{"value":3}},"toolsmith":{"minecraft:type_family":{"family":["villager","blacksmith","toolsmith"]},"minecraft:variant":{"value":3}},"butcher":{"minecraft:type_family":{"family":["villager","artisan","butcher"]},"minecraft:variant":{"value":4}},"leatherworker":{"minecraft:type_family":{"family":["villager","artisan","leatherworker"]},"minecraft:variant":{"value":4}}},"components":{"minecraft:type_family":{"family":["inanemate"]},"minecraft:health":{"value":2,"max":2},"minecraft:collision_box":{"height":0.3,"width":0.3},"minecraft:physics":{},"minecraft:scale":{"value":1},"minecraft:fire_immune":true,"minecraft:fall_damage":{"value":0},"minecraft:loot":{"table":"loot_tables/entities/yg_blocks.json"}},"events":{"minecraft:entity_spawned":{"sequence":[{"filters":{"test":"has_component","operator":"!=","value":"minecraft:variant"},"randomize":[{"weight":5,"add":{"component_groups":["farmer","behavior_peasant"]}},{"weight":5,"add":{"component_groups":["fisherman","behavior_peasant"]}},{"weight":5,"add":{"component_groups":["shepherd","behavior_peasant"]}},{"weight":5,"add":{"component_groups":["fletcher","behavior_peasant"]}},{"weight":20,"add":{"component_groups":["librarian","behavior_non_peasant"]}},{"weight":20,"add":{"component_groups":["cartographer","behavior_non_peasant"]}},{"weight":20,"add":{"component_groups":["cleric","behavior_non_peasant"]}},{"weight":6,"add":{"component_groups":["armorer","behavior_non_peasant"]}},{"weight":6,"add":{"component_groups":["weaponsmith","behavior_non_peasant"]}},{"weight":6,"add":{"component_groups":["toolsmith","behavior_non_peasant"]}},{"weight":10,"add":{"component_groups":["butcher","behavior_non_peasant"]}},{"weight":10,"add":{"component_groups":["leatherworker","behavior_non_peasant"]}}]}]},"minecraft:spawn_farmer":{"randomize":[{"weight":5,"add":{"component_groups":["farmer","adult","behavior_peasant"]},"remove":{"component_groups":["baby"]}},{"weight":5,"add":{"component_groups":["fisherman","adult","behavior_peasant"]},"remove":{"component_groups":["baby"]}},{"weight":5,"add":{"component_groups":["shepherd","adult","behavior_peasant"]},"remove":{"component_groups":["baby"]}},{"weight":5,"add":{"component_groups":["fletcher","adult","behavior_peasant"]},"remove":{"component_groups":["baby"]}}]},"minecraft:spawn_librarian":{"randomize":[{"weight":20,"add":{"component_groups":["librarian","adult","behavior_non_peasant"]},"remove":{"component_groups":["baby"]}},{"weight":20,"add":{"component_groups":["cartographer","behavior_non_peasant"]},"remove":{"component_groups":["baby"]}}]},"minecraft:spawn_cleric":{"add":{"component_groups":["cleric","adult","behavior_non_peasant"]},"remove":{"component_groups":["baby"]}},"minecraft:spawn_armorer":{"randomize":[{"weight":6,"add":{"component_groups":["armorer","adult","behavior_non_peasant"]},"remove":{"component_groups":["baby"]}},{"weight":6,"add":{"component_groups":["weaponsmith","adult","behavior_non_peasant"]},"remove":{"component_groups":["baby"]}},{"weight":6,"add":{"component_groups":["toolsmith","adult","behavior_non_peasant"]},"remove":{"component_groups":["baby"]}}]},"minecraft:spawn_butcher":{"randomize":[{"weight":10,"add":{"component_groups":["butcher","adult","behavior_non_peasant"]},"remove":{"component_groups":["baby"]}},{"weight":10,"add":{"component_groups":["leatherworker","adult","behavior_non_peasant"]},"remove":{"component_groups":["baby"]}}]},"minecraft:become_cleric":{"add":{"component_groups":["cleric","adult","behavior_non_peasant"]},"remove":{"component_groups":["baby"]}}}}}