{"format_version":"1.8.0","minecraft:entity":{"description":{"identifier":"yg:food_packs","is_spawnable":true,"is_summonable":true,"is_experimental":false},"component_groups":{},"components":{"minecraft:health":{"value":3,"max":3},"minecraft:type_family":{"family":["inanemate","villager"]},"minecraft:physics":{},"minecraft:scale":{"value":1},"minecraft:collision_box":{"height":0.3,"width":0.3},"minecraft:knockback_resistance":{"value":0,"max":0},"minecraft:fall_damage":{"value":0},"minecraft:loot":{"table":"loot_tables/entities/yg_food_packs.json"}},"events":{}}}