{"format_version":"1.10.0","minecraft:client_entity":{"description":{"identifier":"yg:captain_fiddels","materials":{"default":"witch"},"textures":{"cf":"textures/entity/captain_fiddels/yg_captain_fiddels","cf1":"textures/entity/captain_fiddels/yg_captain_fiddels1","cf2":"textures/entity/captain_fiddels/yg_captain_fiddels2","cf3":"textures/entity/captain_fiddels/yg_captain_fiddels3","cf4":"textures/entity/captain_fiddels/yg_captain_fiddels4","cf5":"textures/entity/captain_fiddels/yg_captain_fiddels5","cf6":"textures/entity/captain_fiddels/yg_captain_fiddels6","cf7":"textures/entity/captain_fiddels/yg_captain_fiddels7"},"geometry":{"default":"geometry.yg_captain_fiddels"},"scripts":{"animate":["move","general","attack"],"pre_animation":["variable.random = math.round(math.random(0,2));"]},"animations":{"moving":"animation.yg_captain_fiddels.move","move":"controller.animation.yg_captain_fiddels.move","gazo_general":"animation.yg_captain_fiddels.general","general":"controller.animation.yg_captain_fiddels.general","attack0":"animation.yg_captain_fiddels.attack","attack":"controller.animation.yg_captain_fiddels.attack"},"render_controllers":["controller.render.yg_captain_fiddels"],"spawn_egg":{"texture":"yg:captain_fiddels","texture_index":0}}}}