{"format_version":"1.10.0","minecraft:client_entity":{"description":{"identifier":"yg:jumbo_josh","materials":{"default":"witch"},"textures":{"default":"textures/entity/yg_jumbo_josh"},"geometry":{"default":"geometry.yg_jumbo_josh"},"scripts":{"animate":["move","general","attack"],"pre_animation":["variable.random = math.round(math.random(0,2));"],"scale":"3"},"animations":{"moving":"animation.yg_jumbo_josh.move","move":"controller.animation.yg_jumbo_josh.move","gazo_general":"animation.yg_jumbo_josh.general","general":"controller.animation.yg_jumbo_josh.general","attack0":"animation.yg_jumbo_josh.attack","attack":"controller.animation.yg_jumbo_josh.attack","look_at_target":"animation.yg_jumbo_josh.looking","jumpscare":"animation.yg_jumbo_josh.jumpscare"},"render_controllers":["controller.render.witch"],"spawn_egg":{"texture":"yg:jumbo_josh","texture_index":0}}}}