{"format_version":"1.10.0","minecraft:client_entity":{"description":{"identifier":"yg:stinger_flynn","materials":{"default":"witch"},"textures":{"default":"textures/entity/yg_stinger_flynn"},"geometry":{"default":"geometry.yg_stinger_flynn"},"scripts":{"animate":["attack_controllers","general"],"pre_animation":["variable.attack = Math.sin(variable.attack_time * 30.0);"],"scale":"3"},"animations":{"attack":"animation.yg_stinger_flynn.attack","attack_controllers":"controller.animation.yg_stinger_flynn.attack","general":"animation.yg_stinger_flynn.general"},"render_controllers":["controller.render.witch"],"spawn_egg":{"texture":"yg:stinger_flynn","texture_index":0}}}}