{
	"format_version": "1.16.0",
	"minecraft:entity": {
		"description": {
			"identifier": "bridge:4_head_skibidi_toilet",
			"is_spawnable": true,
			"is_summonable": true,
			"is_experimental": false
		},
		"component_groups": {},
		"components": {
			"minecraft:hurt_on_condition": {
				"damage_conditions": [
					{
						"filters": {
							"test": "in_lava",
							"subject": "self",
							"operator": "==",
							"value": true
						},
						"cause": "lava",
						"damage_per_tick": 4
					},
					{
						"filters": {
							"test": "in_water",
							"subject": "self",
							"operator": "==",
							"value": true
						},
						"cause": "all",
						"damage_per_tick": 4
					}
				]
			},
			"minecraft:scale": {
				"value": 3
			},
			"minecraft:attack": {
				"damage": 50
			},
			"minecraft:follow_range": {
				"value": 64,
				"max": 64
			},
			"minecraft:behavior.nearest_attackable_target": {
				"must_see": true,
				"within_radius": 16,
				"priority": 8,
				"reselect_targets": false,
				"entity_types": [
					{
						"filters": {
							"test": "is_family",
							"subject": "other",
							"value": "player"
						},
						"max_dist": 16
					},
					{
						"filters": {
							"test": "is_family",
							"subject": "other",
							"value": "iron_golem"
						},
						"max_dist": 16
					},
					{
						"filters": {
							"test": "is_family",
							"subject": "other",
							"value": "villager"
						},
						"max_dist": 16
					},
					{
						"filters": {
							"test": "is_family",
							"subject": "other",
							"value": "humanoid"
						}
					}
				]
			},
			"minecraft:behavior.melee_attack": {
				"priority": 4,
				"track_target": true,
				"speed_multiplier": 1.15
			},
			"minecraft:is_hidden_when_invisible": {},
			"minecraft:behavior.can_open_doors": {
				"priority": 6,
				"close_door_after": true
			},
			"minecraft:attack_damage": {
				"value": 50
			},
			"minecraft:pushable": {
				"is_pushable": true,
				"is_pushable_by_piston": true
			},
			"minecraft:knockback_resistance": {
				"value": 0.7
			},
			"minecraft:nameable": {},
			"minecraft:type_family": {
				"family": [
					"mob",
					"monster"
				]
			},
			"minecraft:loot": {
				"table": "loot_tables/entities/iron_golem.json"
			},
			"minecraft:collision_box": {
				"width": 0.6,
				"height": 3
			},
			"minecraft:health": {
				"value": 150,
				"max": 150
			},
			"minecraft:movement": {
				"value": 0.27
			},
			"minecraft:jump.static": {},
			"minecraft:physics": {
				"has_collision": true,
				"has_gravity": true
			},
			"minecraft:movement.basic": {},
			"minecraft:experience_reward": {
				"on_death": "query.last_hit_by_player?5:0"
			},
			"minecraft:behavior.look_at_player": {
				"priority": 7,
				"look_distance": 21,
				"probability": 0.02
			},
			"minecraft:behavior.random_look_around": {
				"priority": 7
			},
			"minecraft:behavior.hurt_by_traget": {
				"priority": 1
			},
			"minecraft:behavior.random_stroll": {},
			"minecraft:navigation.walk": {
				"can_open_doors": true,
				"can_walk": true,
				"can_jump": true,
				"can_sink": true,
				"can_swim": false,
				"avoid_water": true,
				"can_open_iron_doors": true
			},
			"minecraft:fire_immune": false
		},
		"events": {}
	}
}