{
	"format_version": "1.8.0",
	"animations": {
		"animation.mutan.attack": {
			"animation_length": 1,
			"bones": {
				"Alis": {
					"position": {
						"0.0": [0, 0, 0],
						"0.25": [0, 0, 0],
						"0.4167": [0, 4, 0],
						"0.8333": [0, 4, 0],
						"1.0": [0, 0, 0]
					}
				},
				"Bibir": {
					"scale": {
						"0.0": [1, 1, 1],
						"0.25": [1, 5, 1],
						"0.4167": [1, 10.4, 1]
					}
				},
				"Gigi": {
					"position": {
						"0.0": [0, 0, 0],
						"0.25": [0, -6, 0],
						"0.4167": [0, -11, 0]
					}
				},
				"Pipi": {
					"scale": {
						"0.0": [0, 1, 1],
						"0.25": [1, 1, 1]
					}
				},
				"Pipi2": {
					"scale": {
						"0.0": [0, 1, 1],
						"0.25": [1, 1, 1]
					}
				},
				"bone7": {
					"rotation": {
						"0.0": [0, 0, 0],
						"0.25": [0, 0, 10]
					}
				},
				"bone8": {
					"rotation": {
						"0.0": [0, 0, 0],
						"0.25": [0, 0, -10]
					}
				},
				"Body": {
					"rotation": {
						"0.0": [0, 0, 0],
						"0.25": [0, 0, 0],
						"0.4167": [7.5, 0, 0],
						"0.8333": [7.5, 0, 0],
						"1.0": [0, 0, 0]
					},
					"position": {
						"0.25": [0, 0, 0],
						"0.4167": [0, 0, -6],
						"0.8333": [0, 0, -6],
						"1.0": [0, 0, 0]
					}
				},
				"Tangan2": {
					"rotation": {
						"0.0": [1.07169, -1.79449, -1.3886],
						"0.0833": [82.7345, -60.50449, -174.94455],
						"0.25": [-78.92831, -1.79449, -1.3886],
						"0.8333": [-78.92831, -1.79449, -1.3886],
						"1.0": [1.07169, -1.79449, -1.3886]
					}
				},
				"bone2": {
					"rotation": {
						"0.0": [0, 0, 0],
						"0.0833": [0, 0, 90],
						"0.25": [0, 0, 0]
					}
				},
				"Tangan": {
					"rotation": {
						"0.0": [0, 0, 0],
						"0.0833": [85.64701, 54.92219, 176.43537],
						"0.25": [-82.5, 0, 0],
						"0.8333": [-82.5, 0, 0],
						"1.0": [0, 0, 0]
					}
				},
				"bone": {
					"rotation": {
						"0.0": [0, 0, 0],
						"0.0833": [0, 0, -87.5],
						"0.25": [0, 0, 0]
					}
				},
				"Head": {
					"rotation": {
						"0.25": [2.5, 0, 0],
						"0.3333": [10, 0, 0],
						"1.0": [2.5, 0, 0]
					},
					"position": {
						"0.0": [0, 1, 0],
						"0.25": [0, 5, 0],
						"0.3333": [0, -1, -31],
						"0.4167": [0, 1, -31],
						"0.5": [-2, -1, -31],
						"0.5833": [-1, -3, -31],
						"0.6667": [2, -1, -31],
						"0.75": [-2, 1, -31],
						"0.8333": [2, 0, -31],
						"1.0": [0, 1, 0]
					}
				},
				"Leher": {
					"rotation": {
						"0.25": [5, 0, 0],
						"0.4167": [-65, 0, 0],
						"0.8333": [-65, 0, 0],
						"1.0": [5, 0, 0]
					},
					"position": [0, 1, 0],
					"scale": {
						"0.25": [1, 1.1, 1],
						"0.4167": [1, 2.2, 1],
						"0.8333": [1, 2.2, 1],
						"1.0": [1, 1.1, 1]
					}
				}
			}
		},
		"animation.mutan.bob": {
			"loop": true,
			"animation_length": 4.5,
			"bones": {
				"Alis": {
					"position": {
						"0.0": [0, 0, 0],
						"0.3333": [0, 0, 0],
						"0.5": [0, 2, 0],
						"0.6667": [0, 1.76, 0],
						"0.8333": [0, -0.47, 0],
						"1.9167": [0, 0, 0],
						"2.0": [0, 2, 0],
						"2.0833": [0, 2, 0],
						"2.1667": [0, 0, 0],
						"2.25": [0, 2, 0],
						"2.3333": [0, 2, 0],
						"2.4167": [0, 0, 0],
						"3.75": [0, 0, 0],
						"3.8333": [0, 2, 0],
						"4.0": [0, 2, 0],
						"4.0833": [0, 0, 0],
						"4.1667": [0, 2, 0],
						"4.5": [0, 0, 0]
					}
				},
				"Bibir": {
					"position": {
						"0.0": [0, 0, 0],
						"1.5": [0, -1, 0],
						"4.0": [0, 0, 0]
					},
					"scale": 1
				},
				"Gigi": {
					"position": {
						"0.0": [0, 0, 0],
						"0.3333": [0, 0, 0],
						"0.5": [0, -2.33, 0],
						"0.6667": [0, -2.22, 0],
						"0.8333": [0, -0.11, 0],
						"1.0": [0, 0, 0],
						"1.0833": [0, -1.17, 0],
						"1.1667": [0, -0.14, 0],
						"1.25": [0, -1.14, 0],
						"1.3333": [0, -0.11, 0],
						"1.4167": [0, -0.11, 0],
						"1.5": [0, -2.11, 0],
						"1.5833": [0, -0.04, 0],
						"1.6667": [0, -2.04, 0],
						"1.75": [0, 0.03, 0],
						"1.9167": [0, 0.03, 0],
						"2.0": [0, -1.97, 0],
						"2.0833": [0, -1.89, 0],
						"2.1667": [0, 0.11, 0],
						"2.25": [0, -1.89, 0],
						"2.3333": [0, -1.89, 0],
						"2.4167": [0, 0.11, 0],
						"2.5": [0, 0.11, 0],
						"2.9167": [0, 0.11, 0],
						"3.0": [0, -0.89, 0],
						"3.0833": [0, 0.11, 0],
						"3.1667": [0, -0.89, 0],
						"3.25": [0, 0.11, 0],
						"3.4167": [0, 0.11, 0],
						"3.5": [0, -0.89, 0],
						"3.5833": [0, 0.11, 0],
						"3.6667": [0, -0.89, 0],
						"3.75": [0, 0.11, 0],
						"3.8333": [0, -2.89, 0],
						"4.0": [0, -2.89, 0],
						"4.0833": [0, 0.11, 0],
						"4.1667": [0, -2.89, 0],
						"4.25": [0, -2.89, 0],
						"4.5": [0, 0.11, 0]
					}
				},
				"Pipi": {
					"scale": [0, 1, 1]
				},
				"Pipi2": {
					"scale": [0, 1, 1]
				},
				"bone7": {
					"rotation": [0, 0, 0]
				},
				"bone8": {
					"rotation": [0, 0, 0]
				},
				"Head": {
					"rotation": {
						"3.75": [0, 0, 0],
						"3.8333": [0, 0, -15],
						"3.9167": [0, 0, 0]
					},
					"position": [1, 9, 0],
					"scale": [1.3, 1.3, 1.3]
				},
				"RightLeg": {
					"rotation": [0, 0, 5]
				},
				"LeftLeg": {
					"rotation": [0, 0, -5]
				},
				"bone9": {
					"rotation": [-3.22802, 0.34892, 3.79308]
				}
			}
		},
		"animation.mutan.walk": {
			"loop": true,
			"animation_length": 0.33333,
			"bones": {
				"Body": {
					"rotation": {
						"0.0": [0, 0, 0],
						"0.0417": [0, 0, 2.5],
						"0.0833": [0, 0, -2.5],
						"0.125": [0, 0, 5],
						"0.1667": [0, 0, -5],
						"0.2083": [0, 0, 5],
						"0.25": [0, 0, -5],
						"0.2917": [0, 0, 2.5],
						"0.3333": [0, 0, 0]
					}
				},
				"Tangan2": {
					"rotation": {
						"0.0": [0, 0, 0],
						"0.125": [-12.5, 0, 0],
						"0.25": [15, 0, 0],
						"0.3333": [0, 0, 0]
					}
				},
				"Tangan": {
					"rotation": {
						"0.0": [0, 0, 0],
						"0.125": [15, 0, 0],
						"0.25": [-17.5, 0, 0],
						"0.3333": [0, 0, 0]
					}
				},
				"bone5": {
					"rotation": {
						"0.0": [0, 0, 0],
						"0.125": [5, 0, 0],
						"0.25": [-7.5, 0, 0],
						"0.3333": [0, 0, 0]
					}
				},
				"Head": {
					"rotation": {
						"0.0": [0, 0, 0],
						"0.125": [-5, 0, 0],
						"0.25": [7.5, 0, 0],
						"0.3333": [0, 0, 0]
					}
				},
				"RightLeg": {
					"rotation": {
						"0.0": [0, 0, 0],
						"0.125": [7.5, 0, 0],
						"0.25": [-10, 0, 0],
						"0.3333": [0, 0, 0]
					}
				},
				"LeftLeg": {
					"rotation": {
						"0.0": [0, 0, 0],
						"0.125": [-10, 0, 0],
						"0.25": [10.29697, 9.47866, -1.18755],
						"0.3333": [0, 0, 0]
					}
				}
			}
		}
	}
}