{
	"format_version": "1.8.0",
	"animations": {
		"animation.toilet.bob": {
			"loop": true,
			"animation_length": 4.5,
			"bones": {
				"Head": {
					"rotation": {
						"1.4167": [0, 0, 0],
						"1.5417": [-12.79362, 12.19908, -2.74715],
						"1.5833": [-12.79362, 12.19908, -2.74715],
						"1.6667": [-2.81332, -19.74916, 2.68109],
						"1.7083": [-2.81332, -19.74916, 2.68109],
						"1.7917": [7.00935, 27.69671, 0.33877],
						"1.8333": [7.00935, 27.69671, 0.33877],
						"1.9167": [0, 0, 0],
						"2.9167": [0, 0, 0],
						"3.0": [10.42638, -14.63639, -3.31914],
						"3.0417": [10.42638, -14.63639, -3.31914],
						"3.125": [10.42638, -14.63639, -3.31914],
						"3.2083": [0, 0, 0],
						"3.625": [0, -360, 0]
					},
					"position": {
						"0.4167": [0, 0, 0],
						"0.5": [0, 0, -5],
						"0.6667": [0, 0, -5],
						"0.75": [0, 0, 0],
						"1.9167": [0, 0, 0],
						"2.0": [0, 0, -4],
						"2.0417": [0, 0, -4],
						"2.1667": [0, 0, 0],
						"2.2917": [0, 0, -4],
						"2.3333": [0, 0, -4],
						"2.5": [0, 0, 0],
						"2.9167": [0, 0, 0],
						"3.0": [1, 0, -4],
						"3.125": [1, 0, -4],
						"3.2083": [0, 0, 0],
						"3.625": [0, 0, 0],
						"3.6667": [0, 0, 1],
						"3.75": [0, 0, -5],
						"3.9583": [0, 0, -5],
						"4.0833": [0, 0, 1],
						"4.2083": [0, 0, -5],
						"4.5": [0, 0, 0]
					}
				},
				"Bibir": {
					"position": {
						"1.3333": [0, 0, 0],
						"1.4167": [0, 1, 0],
						"1.5": [0, 0, 0],
						"1.5833": [0, 1, 0],
						"1.6667": [0, 0, 0],
						"1.75": [0, 1, 0],
						"1.8333": [0, 0, 0],
						"1.9167": [0, 0, 0],
						"2.0": [0, 1, 0],
						"2.0833": [0, 1, 0],
						"2.1667": [0, 0, 0],
						"2.2917": [0, 1, 0],
						"2.3333": [0, 1, 0],
						"2.5": [0, 0, 0],
						"2.875": [0, 0, 0],
						"2.9583": [0, 1, 0],
						"3.0417": [0, 0, 0],
						"3.125": [0, 1, 0],
						"3.2083": [0, 0, 0],
						"3.625": [0, 0, 0],
						"3.75": [0, 1, 0],
						"3.9583": [0, 1, 0],
						"4.0833": [0, 0, 0],
						"4.2083": [0, 1, 0],
						"4.25": [0, 0, 0]
					}
				},
				"Bibir2": {
					"position": {
						"0.4167": [0, 0, 0],
						"0.5": [0, -1, 0],
						"0.75": [0, -1, 0],
						"0.8333": [0, 0, 0],
						"0.9583": [0, 0, 0],
						"1.0417": [0, -1, 0],
						"1.125": [0, 0.29, 0],
						"1.2083": [0, -0.83, 0],
						"1.3333": [0, 0, 0],
						"1.4167": [0, -1, 0],
						"1.5": [0, 0, 0],
						"1.5833": [0, -1, 0],
						"1.6667": [0, 0, 0],
						"1.75": [0, -1, 0],
						"1.8333": [0, 0, 0],
						"1.9167": [0, -1, 0],
						"2.0": [0, -1, 0],
						"2.0833": [0, -1, 0],
						"2.1667": [0, 0, 0],
						"2.875": [0, 0, 0],
						"2.9583": [0, -1, 0],
						"3.0417": [0, 0, 0],
						"3.125": [0, -1, 0],
						"3.2083": [0, 0, 0],
						"3.625": [0, 0, 0],
						"3.75": [0, -1, 0],
						"3.9583": [0, -1, 0],
						"4.0833": [0, 0, 0],
						"4.2083": [0, -1, 0],
						"4.25": [0, 0, 0]
					}
				},
				"Leher": {
					"rotation": {
						"0.4167": [0, 0, 0],
						"0.5": [62.5, 0, 0],
						"0.6667": [62.5, 0, 0],
						"0.75": [0, 0, 0],
						"1.9167": [0, 0, 0],
						"2.0": [60, 0, 0],
						"2.1667": [0, 0, 0],
						"2.2917": [60, 0, 0],
						"2.5": [0, 0, 0],
						"3.625": [2.5, 0, 0],
						"3.75": [62.5, 0, 0],
						"3.9583": [65, 0, 0],
						"4.0833": [0, 0, 0],
						"4.25": [65, 0, 0],
						"4.5": [0, 0, 0]
					}
				}
			},
			"sound_effects": {
				"0.0": {
					"effect": "y2mate.com.mp3"
				}
			}
		},
		"animation.toilet.attack": {
			"animation_length": 0.5,
			"bones": {
				"Leher": {
					"rotation": {
						"0.0": [0, 0, 0],
						"0.0833": [-12.5, 0, 0],
						"0.1667": [-12.5, 0, 0],
						"0.375": [-12.5, 0, 0],
						"0.5": [0, 0, 0]
					},
					"position": {
						"0.0": [0, 0, 0],
						"0.0833": [0, 0, 0]
					},
					"scale": {
						"0.0": [1, 1, 1],
						"0.0833": [1, 1.6, 1]
					}
				},
				"Head": {
					"rotation": {
						"0.0": [0, 0, 0],
						"0.0833": [10, 0, 0],
						"0.2083": [10, 0, 0],
						"0.2917": [77.5, 0, 0],
						"0.375": [50, 0, 0],
						"0.5": [0, 0, 0]
					},
					"position": {
						"0.0": [0, 0, 0],
						"0.0833": [0, 14, 1],
						"0.2083": [0, 14, 1],
						"0.2917": [0, 3, -13],
						"0.375": [0, 9, -9],
						"0.5": [0, 0, 0]
					},
					"scale": 1
				},
				"Bibir": {
					"position": {
						"0.0": [0, 0, 0],
						"0.0833": [0, 1, 0]
					}
				},
				"Bibir2": {
					"position": {
						"0.0": [0, 0, 0],
						"0.0833": [0, -1, 0]
					}
				}
			}
		}
	}
}